2026-07-14 02:23:13 [info     ] SLOMonitor initialized         threshold_ms=200.0 violation_window=30
2026-07-14 02:23:13 [info     ] Algorithm1ControllerV3 initialized max_knative=50 r_saturation=33.3 target_cpu_util=0.5 total_budget=1000
2026-07-14 02:23:13 [info     ] Using V3 controller (Capacity-Driven) scenario=s4-hybrid-predictive version=v3
2026-07-14 02:23:13 [info     ] HAProxyWeightAdjuster initialized backend=servers host=localhost port=19999
2026-07-14 02:23:13 [info     ] GRUClient initialized          base_url=http://localhost:8090
2026-07-14 02:23:13 [info     ] K8sScaler initialized          deployment=test-app-warm namespace=default
2026-07-14 02:23:13 [info     ] RoutingDaemon initialized      decision_interval=15 description='Algorithm 1 with GRU predictions (Algorithm 2)' scenario=s4-hybrid-predictive use_algorithm=True use_predictions=True
2026-07-14 02:23:13 [info     ] Starting routing daemon        interval=15 scenario=s4-hybrid-predictive
2026-07-14 02:23:13 [info     ] Weights updated                k3s=80 knative=20
2026-07-14 02:23:13 [info     ] Initial weights applied        k3s=80 knative=20
2026-07-14 02:23:13 [debug    ] HAProxy fallback primed        total_requests=0
2026-07-14 02:23:13 [info     ] Model status validated         prediction_horizon=9 sample_interval_sec=15 sequence_length=30
2026-07-14 02:23:13 [info     ] Model status validated on first eligible cycle prediction_horizon=9 sequence_length=30
2026-07-14 02:23:13 [info     ] algorithm2_scaling_decision    action=MAINTAIN alpha=0.060060060060060066 beta=0.0 buffer=1.0 current_replicas=3 predicted_load=0.0 required_resources=0.0 target_replicas=3
2026-07-14 02:23:13 [info     ] algorithm2_decision            action=MAINTAIN applied_target=3 current_replicas=3 hold_until=0.0 observed_load=0.0 observed_target=3 point_forecasts=None prediction_age_sec=None predictive_target=3 proactive=False scenario=s4-hybrid-predictive target_replicas=3 upper_forecasts=None
2026-07-14 02:23:13 [debug    ] Decision loop completed        action=MAINTAIN latency_ms=113.4 p99=0.0
2026-07-14 02:23:28 [info     ] algorithm2_scaling_decision    action=MAINTAIN alpha=0.060060060060060066 beta=0.0 buffer=1.0 current_replicas=3 predicted_load=0.0 required_resources=0.0 target_replicas=3
2026-07-14 02:23:28 [info     ] algorithm2_decision            action=MAINTAIN applied_target=3 current_replicas=3 hold_until=0.0 observed_load=0.0 observed_target=3 point_forecasts=None prediction_age_sec=None predictive_target=3 proactive=False scenario=s4-hybrid-predictive target_replicas=3 upper_forecasts=None
2026-07-14 02:23:28 [debug    ] Decision loop completed        action=MAINTAIN latency_ms=112.18 p99=0.0
2026-07-14 02:23:43 [info     ] algorithm2_scaling_decision    action=MAINTAIN alpha=0.060060060060060066 beta=0.0 buffer=1.0 current_replicas=3 predicted_load=0.0 required_resources=0.0 target_replicas=3
2026-07-14 02:23:43 [info     ] algorithm2_decision            action=MAINTAIN applied_target=3 current_replicas=3 hold_until=0.0 observed_load=0.0 observed_target=3 point_forecasts=None prediction_age_sec=None predictive_target=3 proactive=False scenario=s4-hybrid-predictive target_replicas=3 upper_forecasts=None
2026-07-14 02:23:43 [debug    ] Decision loop completed        action=MAINTAIN latency_ms=116.52 p99=0.0
2026-07-14 02:23:58 [debug    ] HAProxy fallback latency       delta_requests=641 interval_avg_ms=64.0 max_rtime_ms=85.0 p99_est=85.0
2026-07-14 02:23:58 [info     ] controller_decision_v3         action=RECOVERY available_replicas=3 budget_remaining=1000 burn_adjustment=0 burst_ratio=0 capacity_deficit=False confidence=0 current_load=42.269492783168005 decision_id=9a396815 k8s_capacity=49.9 k8s_weight=100 knative_weight=0 p99=85.0 predicted_load=0 r_effective=16.6 serverless_enabled=False total_load=42.3 weights_after={'k3s': 100, 'knative': 0} weights_before={'k3s': 80, 'knative': 20}
2026-07-14 02:23:58 [info     ] Weights updated                k3s=100 knative=0
2026-07-14 02:23:58 [info     ] Weights updated                action=RECOVERY reason='load=42RPS | k8s_cap=50RPS | (reducing-serverless)' weights={'k3s': 100, 'knative': 0}
2026-07-14 02:23:58 [info     ] algorithm2_scaling_decision    action=MAINTAIN alpha=0.060060060060060066 beta=0.0 buffer=1.0 current_replicas=3 predicted_load=21.134746391584002 required_resources=1.269 target_replicas=3
2026-07-14 02:23:58 [info     ] algorithm2_decision            action=MAINTAIN applied_target=3 current_replicas=3 hold_until=0.0 observed_load=21.13 observed_target=3 point_forecasts=None prediction_age_sec=None predictive_target=3 proactive=False scenario=s4-hybrid-predictive target_replicas=3 upper_forecasts=None
2026-07-14 02:23:58 [debug    ] Decision loop completed        action=RECOVERY latency_ms=148.61 p99=85.0
2026-07-14 02:24:13 [debug    ] HAProxy fallback latency       delta_requests=667 interval_avg_ms=64.0 max_rtime_ms=100.0 p99_est=100.0
2026-07-14 02:24:13 [info     ] algorithm2_scaling_decision    action=MAINTAIN alpha=0.060060060060060066 beta=0.0 buffer=1.0 current_replicas=3 predicted_load=43.150189871544114 required_resources=2.592 target_replicas=3
2026-07-14 02:24:13 [info     ] algorithm2_decision            action=MAINTAIN applied_target=3 current_replicas=3 hold_until=0.0 observed_load=43.15 observed_target=3 point_forecasts=None prediction_age_sec=None predictive_target=3 proactive=False scenario=s4-hybrid-predictive target_replicas=3 upper_forecasts=None
2026-07-14 02:24:13 [debug    ] Decision loop completed        action=MAINTAIN latency_ms=115.48 p99=100.0
2026-07-14 02:24:28 [debug    ] HAProxy fallback latency       delta_requests=716 interval_avg_ms=66.83 max_rtime_ms=116.0 p99_est=116.0
2026-07-14 02:24:28 [info     ] algorithm2_scaling_decision    action=MAINTAIN alpha=0.060060060060060066 beta=0.0 buffer=1.0 current_replicas=3 predicted_load=45.700770715266756 required_resources=2.745 target_replicas=3
2026-07-14 02:24:28 [info     ] algorithm2_decision            action=MAINTAIN applied_target=3 current_replicas=3 hold_until=0.0 observed_load=45.7 observed_target=3 point_forecasts=None prediction_age_sec=None predictive_target=3 proactive=False scenario=s4-hybrid-predictive target_replicas=3 upper_forecasts=None
2026-07-14 02:24:28 [debug    ] Decision loop completed        action=MAINTAIN latency_ms=110.42 p99=116.0
2026-07-14 02:24:43 [debug    ] HAProxy fallback latency       delta_requests=823 interval_avg_ms=65.0 max_rtime_ms=116.0 p99_est=116.0
2026-07-14 02:24:43 [info     ] Knative pre-warm OK            cold_start_ms=2.5
2026-07-14 02:24:43 [info     ] controller_decision_v3         action=REACTIVE available_replicas=3 budget_remaining=1000 burn_adjustment=0 burst_ratio=0.0817 capacity_deficit=False confidence=0 current_load=54.39614889191753 decision_id=a3b068c2 k8s_capacity=49.9 k8s_weight=91 knative_weight=9 p99=116.0 predicted_load=0 r_effective=16.6 serverless_enabled=True total_load=54.4 weights_after={'k3s': 91, 'knative': 9} weights_before={'k3s': 100, 'knative': 0}
2026-07-14 02:24:43 [info     ] Weights updated                k3s=91 knative=9
2026-07-14 02:24:43 [info     ] Weights updated                action=REACTIVE reason='load=54RPS | k8s_cap=50RPS | (burst-routing)' weights={'k3s': 91, 'knative': 9}
2026-07-14 02:24:43 [info     ] algorithm2_scaling_decision    action=SCALE_UP alpha=0.060060060060060066 beta=0.0 buffer=1.0 current_replicas=3 predicted_load=50.88340168126541 required_resources=3.056 target_replicas=4
2026-07-14 02:24:43 [info     ] algorithm2_decision            action=SCALE_UP applied_target=4 current_replicas=3 hold_until=0.0 observed_load=50.88 observed_target=4 point_forecasts=None prediction_age_sec=None predictive_target=3 proactive=False scenario=s4-hybrid-predictive target_replicas=4 upper_forecasts=None
2026-07-14 02:24:43 [info     ] k8s_scale_executed             deployment=test-app-warm replicas=4
2026-07-14 02:24:43 [debug    ] Decision loop completed        action=REACTIVE latency_ms=157.82 p99=116.0
2026-07-14 02:24:58 [debug    ] HAProxy fallback latency       delta_requests=769 interval_avg_ms=65.0 max_rtime_ms=117.0 p99_est=117.0
2026-07-14 02:24:59 [info     ] controller_decision_v3         action=RECOVERY available_replicas=4 budget_remaining=1000 burn_adjustment=0 burst_ratio=0 capacity_deficit=False confidence=0 current_load=50.80020161438738 decision_id=26e29e1c k8s_capacity=66.6 k8s_weight=100 knative_weight=0 p99=117.0 predicted_load=0 r_effective=16.6 serverless_enabled=False total_load=50.8 weights_after={'k3s': 100, 'knative': 0} weights_before={'k3s': 91, 'knative': 9}
2026-07-14 02:24:59 [info     ] Weights updated                k3s=100 knative=0
2026-07-14 02:24:59 [info     ] Weights updated                action=RECOVERY reason='load=51RPS | k8s_cap=67RPS | (reducing-serverless)' weights={'k3s': 100, 'knative': 0}
2026-07-14 02:24:59 [info     ] Scale readiness observed       elapsed_sec=15.2 ewma_delay=46.5 samples=1 target=4
2026-07-14 02:24:59 [info     ] algorithm2_scaling_decision    action=MAINTAIN alpha=0.060060060060060066 beta=0.0 buffer=1.0 current_replicas=4 predicted_load=52.598175253152455 required_resources=3.159 target_replicas=4
2026-07-14 02:24:59 [info     ] algorithm2_decision            action=MAINTAIN applied_target=4 current_replicas=4 hold_until=0.0 observed_load=52.6 observed_target=4 point_forecasts=None prediction_age_sec=None predictive_target=3 proactive=False scenario=s4-hybrid-predictive target_replicas=4 upper_forecasts=None
2026-07-14 02:24:59 [debug    ] Decision loop completed        action=RECOVERY latency_ms=153.69 p99=117.0
2026-07-14 02:25:14 [debug    ] HAProxy fallback latency       delta_requests=547 interval_avg_ms=65.0 max_rtime_ms=117.0 p99_est=117.0
2026-07-14 02:25:14 [info     ] algorithm2_scaling_decision    action=MAINTAIN alpha=0.060060060060060066 beta=0.0 buffer=1.0 current_replicas=4 predicted_load=43.447883336807976 required_resources=2.609 target_replicas=3
2026-07-14 02:25:14 [info     ] algorithm2_decision            action=MAINTAIN applied_target=3 current_replicas=4 hold_until=0.0 observed_load=43.45 observed_target=3 point_forecasts=None prediction_age_sec=None predictive_target=3 proactive=False scenario=s4-hybrid-predictive target_replicas=3 upper_forecasts=None
2026-07-14 02:25:14 [debug    ] Decision loop completed        action=MAINTAIN latency_ms=113.19 p99=117.0
2026-07-14 02:25:29 [debug    ] HAProxy fallback latency       delta_requests=410 interval_avg_ms=53.85 max_rtime_ms=117.0 p99_est=107.69
2026-07-14 02:25:29 [info     ] algorithm2_scaling_decision    action=MAINTAIN alpha=0.060060060060060066 beta=0.0 buffer=1.0 current_replicas=4 predicted_load=31.645431060860524 required_resources=1.901 target_replicas=3
2026-07-14 02:25:29 [info     ] algorithm2_decision            action=MAINTAIN applied_target=3 current_replicas=4 hold_until=0.0 observed_load=31.65 observed_target=3 point_forecasts=None prediction_age_sec=None predictive_target=3 proactive=False scenario=s4-hybrid-predictive target_replicas=3 upper_forecasts=None
2026-07-14 02:25:29 [debug    ] Decision loop completed        action=MAINTAIN latency_ms=111.06 p99=107.69268292682926
2026-07-14 02:25:44 [debug    ] HAProxy fallback latency       delta_requests=358 interval_avg_ms=64.0 max_rtime_ms=117.0 p99_est=117.0
2026-07-14 02:25:44 [info     ] algorithm2_scaling_decision    action=MAINTAIN alpha=0.060060060060060066 beta=0.0 buffer=1.0 current_replicas=4 predicted_load=25.443592772850856 required_resources=1.528 target_replicas=3
2026-07-14 02:25:44 [info     ] algorithm2_decision            action=MAINTAIN applied_target=3 current_replicas=4 hold_until=0.0 observed_load=25.44 observed_target=3 point_forecasts=None prediction_age_sec=None predictive_target=3 proactive=False scenario=s4-hybrid-predictive target_replicas=3 upper_forecasts=None
2026-07-14 02:25:44 [debug    ] Decision loop completed        action=MAINTAIN latency_ms=111.56 p99=117.0
2026-07-14 02:25:59 [debug    ] HAProxy fallback latency       delta_requests=486 interval_avg_ms=64.0 max_rtime_ms=117.0 p99_est=117.0
2026-07-14 02:25:59 [info     ] algorithm2_scaling_decision    action=MAINTAIN alpha=0.060060060060060066 beta=0.0 buffer=1.0 current_replicas=4 predicted_load=27.89259241392014 required_resources=1.675 target_replicas=3
2026-07-14 02:25:59 [info     ] algorithm2_decision            action=MAINTAIN applied_target=3 current_replicas=4 hold_until=0.0 observed_load=27.89 observed_target=3 point_forecasts=None prediction_age_sec=None predictive_target=3 proactive=False scenario=s4-hybrid-predictive target_replicas=3 upper_forecasts=None
2026-07-14 02:25:59 [debug    ] Decision loop completed        action=MAINTAIN latency_ms=113.93 p99=117.0
2026-07-14 02:26:14 [debug    ] HAProxy fallback latency       delta_requests=775 interval_avg_ms=64.0 max_rtime_ms=119.0 p99_est=119.0
2026-07-14 02:26:14 [info     ] algorithm2_scaling_decision    action=MAINTAIN alpha=0.060060060060060066 beta=0.0 buffer=1.0 current_replicas=4 predicted_load=41.685329110681835 required_resources=2.504 target_replicas=3
2026-07-14 02:26:14 [info     ] algorithm2_decision            action=MAINTAIN applied_target=3 current_replicas=4 hold_until=0.0 observed_load=41.69 observed_target=3 point_forecasts=None prediction_age_sec=None predictive_target=3 proactive=False scenario=s4-hybrid-predictive target_replicas=3 upper_forecasts=None
2026-07-14 02:26:14 [debug    ] Decision loop completed        action=MAINTAIN latency_ms=107.31 p99=119.0
2026-07-14 02:26:29 [debug    ] HAProxy fallback latency       delta_requests=811 interval_avg_ms=81.27 max_rtime_ms=123.0 p99_est=123.0
2026-07-14 02:26:29 [info     ] algorithm2_scaling_decision    action=MAINTAIN alpha=0.060060060060060066 beta=0.0 buffer=1.0 current_replicas=4 predicted_load=52.4792111851641 required_resources=3.152 target_replicas=4
2026-07-14 02:26:29 [info     ] algorithm2_decision            action=MAINTAIN applied_target=4 current_replicas=4 hold_until=0.0 observed_load=52.48 observed_target=4 point_forecasts=None prediction_age_sec=None predictive_target=3 proactive=False scenario=s4-hybrid-predictive target_replicas=4 upper_forecasts=None
2026-07-14 02:26:29 [debug    ] Decision loop completed        action=MAINTAIN latency_ms=110.93 p99=123.0
2026-07-14 02:26:44 [debug    ] HAProxy fallback latency       delta_requests=637 interval_avg_ms=54.01 max_rtime_ms=123.0 p99_est=108.01
2026-07-14 02:26:44 [info     ] algorithm2_scaling_decision    action=MAINTAIN alpha=0.060060060060060066 beta=0.0 buffer=1.0 current_replicas=4 predicted_load=47.91814144129126 required_resources=2.878 target_replicas=3
2026-07-14 02:26:44 [info     ] algorithm2_decision            action=MAINTAIN applied_target=3 current_replicas=4 hold_until=0.0 observed_load=47.92 observed_target=3 point_forecasts=None prediction_age_sec=None predictive_target=3 proactive=False scenario=s4-hybrid-predictive target_replicas=3 upper_forecasts=None
2026-07-14 02:26:44 [debug    ] Decision loop completed        action=MAINTAIN latency_ms=115.99 p99=108.01255886970172
2026-07-14 02:26:59 [debug    ] HAProxy fallback latency       delta_requests=657 interval_avg_ms=65.0 max_rtime_ms=123.0 p99_est=123.0
2026-07-14 02:26:59 [info     ] algorithm2_scaling_decision    action=MAINTAIN alpha=0.060060060060060066 beta=0.0 buffer=1.0 current_replicas=4 predicted_load=42.808923359404474 required_resources=2.571 target_replicas=3
2026-07-14 02:26:59 [info     ] algorithm2_decision            action=MAINTAIN applied_target=3 current_replicas=4 hold_until=0.0 observed_load=42.81 observed_target=3 point_forecasts=None prediction_age_sec=None predictive_target=3 proactive=False scenario=s4-hybrid-predictive target_replicas=3 upper_forecasts=None
2026-07-14 02:26:59 [debug    ] Decision loop completed        action=MAINTAIN latency_ms=111.23 p99=123.0
2026-07-14 02:27:15 [debug    ] HAProxy fallback latency       delta_requests=832 interval_avg_ms=65.0 max_rtime_ms=123.0 p99_est=123.0
2026-07-14 02:27:15 [info     ] algorithm2_scaling_decision    action=MAINTAIN alpha=0.060060060060060066 beta=0.0 buffer=1.0 current_replicas=4 predicted_load=49.26000500129173 required_resources=2.959 target_replicas=3
2026-07-14 02:27:15 [info     ] algorithm2_decision            action=MAINTAIN applied_target=3 current_replicas=4 hold_until=0.0 observed_load=49.26 observed_target=3 point_forecasts=None prediction_age_sec=None predictive_target=3 proactive=False scenario=s4-hybrid-predictive target_replicas=3 upper_forecasts=None
2026-07-14 02:27:15 [debug    ] Decision loop completed        action=MAINTAIN latency_ms=119.98 p99=123.0
2026-07-14 02:27:30 [debug    ] HAProxy fallback latency       delta_requests=916 interval_avg_ms=54.03 max_rtime_ms=124.0 p99_est=108.07
2026-07-14 02:27:30 [info     ] algorithm2_scaling_decision    action=MAINTAIN alpha=0.060060060060060066 beta=0.0 buffer=1.0 current_replicas=4 predicted_load=57.81981251338794 required_resources=3.473 target_replicas=4
2026-07-14 02:27:30 [info     ] algorithm2_decision            action=MAINTAIN applied_target=4 current_replicas=4 hold_until=0.0 observed_load=57.82 observed_target=4 point_forecasts=None prediction_age_sec=None predictive_target=3 proactive=False scenario=s4-hybrid-predictive target_replicas=4 upper_forecasts=None
2026-07-14 02:27:30 [debug    ] Decision loop completed        action=MAINTAIN latency_ms=118.71 p99=108.06768558951966
2026-07-14 02:27:45 [debug    ] HAProxy fallback latency       delta_requests=931 interval_avg_ms=64.0 max_rtime_ms=124.0 p99_est=124.0
2026-07-14 02:27:45 [info     ] algorithm2_scaling_decision    action=MAINTAIN alpha=0.060060060060060066 beta=0.0 buffer=1.0 current_replicas=4 predicted_load=61.07820258066347 required_resources=3.668 target_replicas=4
2026-07-14 02:27:45 [info     ] algorithm2_decision            action=MAINTAIN applied_target=4 current_replicas=4 hold_until=0.0 observed_load=61.08 observed_target=4 point_forecasts=None prediction_age_sec=None predictive_target=3 proactive=False scenario=s4-hybrid-predictive target_replicas=4 upper_forecasts=None
2026-07-14 02:27:45 [debug    ] Decision loop completed        action=MAINTAIN latency_ms=109.78 p99=124.0
2026-07-14 02:28:00 [debug    ] HAProxy fallback latency       delta_requests=1005 interval_avg_ms=75.92 max_rtime_ms=125.0 p99_est=125.0
2026-07-14 02:28:00 [info     ] algorithm2_scaling_decision    action=MAINTAIN alpha=0.060060060060060066 beta=0.0 buffer=1.0 current_replicas=4 predicted_load=64.01265376294828 required_resources=3.845 target_replicas=4
2026-07-14 02:28:00 [info     ] algorithm2_decision            action=MAINTAIN applied_target=4 current_replicas=4 hold_until=0.0 observed_load=64.01 observed_target=4 point_forecasts=None prediction_age_sec=None predictive_target=3 proactive=False scenario=s4-hybrid-predictive target_replicas=4 upper_forecasts=None
2026-07-14 02:28:00 [debug    ] Decision loop completed        action=MAINTAIN latency_ms=116.67 p99=125.0
2026-07-14 02:28:15 [debug    ] HAProxy fallback latency       delta_requests=1119 interval_avg_ms=65.0 max_rtime_ms=125.0 p99_est=125.0
2026-07-14 02:28:15 [info     ] Knative pre-warm OK            cold_start_ms=2.9
2026-07-14 02:28:15 [info     ] controller_decision_v3         action=REACTIVE available_replicas=4 budget_remaining=1000 burn_adjustment=0 burst_ratio=0.1003 capacity_deficit=False confidence=0 current_load=74.02340406555516 decision_id=1d1b05a0 k8s_capacity=66.6 k8s_weight=89 knative_weight=11 p99=125.0 predicted_load=0 r_effective=16.6 serverless_enabled=True total_load=74.0 weights_after={'k3s': 89, 'knative': 11} weights_before={'k3s': 100, 'knative': 0}
2026-07-14 02:28:15 [info     ] Weights updated                k3s=89 knative=11
2026-07-14 02:28:15 [info     ] Weights updated                action=REACTIVE reason='load=74RPS | k8s_cap=67RPS | (burst-routing)' weights={'k3s': 89, 'knative': 11}
2026-07-14 02:28:15 [info     ] algorithm2_scaling_decision    action=SCALE_UP alpha=0.060060060060060066 beta=0.0 buffer=1.0 current_replicas=4 predicted_load=70.23727289206958 required_resources=4.218 target_replicas=5
2026-07-14 02:28:15 [info     ] algorithm2_decision            action=SCALE_UP applied_target=5 current_replicas=4 hold_until=0.0 observed_load=70.24 observed_target=5 point_forecasts=None prediction_age_sec=None predictive_target=3 proactive=False scenario=s4-hybrid-predictive target_replicas=5 upper_forecasts=None
2026-07-14 02:28:15 [info     ] k8s_scale_executed             deployment=test-app-warm replicas=5
2026-07-14 02:28:15 [debug    ] Decision loop completed        action=REACTIVE latency_ms=152.41 p99=125.0
2026-07-14 02:28:30 [debug    ] HAProxy fallback latency       delta_requests=1278 interval_avg_ms=76.25 max_rtime_ms=136.0 p99_est=136.0
2026-07-14 02:28:30 [info     ] controller_decision_v3         action=RECOVERY available_replicas=5 budget_remaining=1000 burn_adjustment=0 burst_ratio=0.013 capacity_deficit=False confidence=0 current_load=84.34581219523145 decision_id=608c3858 k8s_capacity=83.2 k8s_weight=98 knative_weight=2 p99=136.0 predicted_load=0 r_effective=16.6 serverless_enabled=True total_load=84.3 weights_after={'k3s': 98, 'knative': 2} weights_before={'k3s': 89, 'knative': 11}
2026-07-14 02:28:30 [info     ] Weights updated                k3s=98 knative=2
2026-07-14 02:28:30 [info     ] Weights updated                action=RECOVERY reason='load=84RPS | k8s_cap=83RPS | (reducing-serverless)' weights={'k3s': 98, 'knative': 2}
2026-07-14 02:28:30 [info     ] Scale readiness observed       elapsed_sec=15.2 ewma_delay=37.1 samples=2 target=5
2026-07-14 02:28:30 [info     ] algorithm2_scaling_decision    action=MAINTAIN alpha=0.060060060060060066 beta=0.0 buffer=1.0 current_replicas=5 predicted_load=79.1846081303933 required_resources=4.756 target_replicas=5
2026-07-14 02:28:30 [info     ] algorithm2_decision            action=MAINTAIN applied_target=5 current_replicas=5 hold_until=0.0 observed_load=79.18 observed_target=5 point_forecasts=None prediction_age_sec=None predictive_target=3 proactive=False scenario=s4-hybrid-predictive target_replicas=5 upper_forecasts=None
2026-07-14 02:28:30 [debug    ] Decision loop completed        action=RECOVERY latency_ms=150.34 p99=136.0
2026-07-14 02:28:45 [debug    ] HAProxy fallback latency       delta_requests=1462 interval_avg_ms=87.67 max_rtime_ms=136.0 p99_est=136.0
2026-07-14 02:28:45 [info     ] controller_decision_v3         action=REACTIVE available_replicas=5 budget_remaining=1000 burn_adjustment=0 burst_ratio=0.1366 capacity_deficit=False confidence=0 current_load=96.4215174370563 decision_id=55f89bcb k8s_capacity=83.2 k8s_weight=86 knative_weight=14 p99=136.0 predicted_load=0 r_effective=16.6 serverless_enabled=True total_load=96.4 weights_after={'k3s': 86, 'knative': 14} weights_before={'k3s': 98, 'knative': 2}
2026-07-14 02:28:45 [info     ] Weights updated                k3s=86 knative=14
2026-07-14 02:28:45 [info     ] Weights updated                action=REACTIVE reason='load=96RPS | k8s_cap=83RPS | (burst-routing)' weights={'k3s': 86, 'knative': 14}
2026-07-14 02:28:45 [info     ] algorithm2_scaling_decision    action=SCALE_UP alpha=0.060060060060060066 beta=0.0 buffer=1.0 current_replicas=5 predicted_load=90.38366481614386 required_resources=5.428 target_replicas=6
2026-07-14 02:28:45 [info     ] algorithm2_decision            action=SCALE_UP applied_target=6 current_replicas=5 hold_until=0.0 observed_load=90.38 observed_target=6 point_forecasts=None prediction_age_sec=None predictive_target=3 proactive=False scenario=s4-hybrid-predictive target_replicas=6 upper_forecasts=None
2026-07-14 02:28:45 [info     ] k8s_scale_executed             deployment=test-app-warm replicas=6
2026-07-14 02:28:45 [debug    ] Decision loop completed        action=REACTIVE latency_ms=163.05 p99=136.0
2026-07-14 02:29:00 [debug    ] HAProxy fallback latency       delta_requests=1676 interval_avg_ms=78.45 max_rtime_ms=136.0 p99_est=136.0
2026-07-14 02:29:01 [info     ] controller_decision_v3         action=RECOVERY available_replicas=6 budget_remaining=1000 burn_adjustment=0 burst_ratio=0.0957 capacity_deficit=False confidence=0 current_load=110.47162798355126 decision_id=26261d47 k8s_capacity=99.9 k8s_weight=90 knative_weight=10 p99=136.0 predicted_load=0 r_effective=16.6 serverless_enabled=True total_load=110.5 weights_after={'k3s': 90, 'knative': 10} weights_before={'k3s': 86, 'knative': 14}
2026-07-14 02:29:01 [info     ] Weights updated                k3s=90 knative=10
2026-07-14 02:29:01 [info     ] Weights updated                action=RECOVERY reason='load=110RPS | k8s_cap=100RPS | (reducing-serverless)' weights={'k3s': 90, 'knative': 10}
2026-07-14 02:29:01 [info     ] Scale readiness observed       elapsed_sec=15.2 ewma_delay=30.5 samples=3 target=6
2026-07-14 02:29:01 [info     ] algorithm2_scaling_decision    action=SCALE_UP alpha=0.060060060060060066 beta=0.0 buffer=1.0 current_replicas=6 predicted_load=103.44657271030377 required_resources=6.213 target_replicas=7
2026-07-14 02:29:01 [info     ] algorithm2_decision            action=SCALE_UP applied_target=7 current_replicas=6 hold_until=0.0 observed_load=103.45 observed_target=7 point_forecasts=None prediction_age_sec=None predictive_target=3 proactive=False scenario=s4-hybrid-predictive target_replicas=7 upper_forecasts=None
2026-07-14 02:29:01 [info     ] k8s_scale_executed             deployment=test-app-warm replicas=7
2026-07-14 02:29:01 [debug    ] Decision loop completed        action=RECOVERY latency_ms=203.13 p99=136.0
2026-07-14 02:29:16 [debug    ] HAProxy fallback latency       delta_requests=1903 interval_avg_ms=79.2 max_rtime_ms=168.0 p99_est=158.41
2026-07-14 02:29:16 [info     ] controller_decision_v3         action=REACTIVE available_replicas=6 budget_remaining=1000 burn_adjustment=0 burst_ratio=0.2019 capacity_deficit=False confidence=0 current_load=125.17348130112877 decision_id=1c1ecba5 k8s_capacity=99.9 k8s_weight=79 knative_weight=21 p99=158.4 predicted_load=0 r_effective=16.6 serverless_enabled=True total_load=125.2 weights_after={'k3s': 79, 'knative': 21} weights_before={'k3s': 90, 'knative': 10}
2026-07-14 02:29:16 [info     ] Weights updated                k3s=79 knative=21
2026-07-14 02:29:16 [info     ] Weights updated                action=REACTIVE reason='load=125RPS | k8s_cap=100RPS | (burst-routing)' weights={'k3s': 79, 'knative': 21}
2026-07-14 02:29:16 [info     ] algorithm2_scaling_decision    action=SCALE_UP alpha=0.060060060060060066 beta=0.0 buffer=1.0 current_replicas=7 predicted_load=117.82255464234001 required_resources=7.076 target_replicas=8
2026-07-14 02:29:16 [info     ] algorithm2_decision            action=SCALE_UP applied_target=8 current_replicas=7 hold_until=0.0 observed_load=117.82 observed_target=8 point_forecasts=None prediction_age_sec=None predictive_target=3 proactive=False scenario=s4-hybrid-predictive target_replicas=8 upper_forecasts=None
2026-07-14 02:29:16 [info     ] k8s_scale_executed             deployment=test-app-warm replicas=8
2026-07-14 02:29:16 [debug    ] Decision loop completed        action=REACTIVE latency_ms=161.1 p99=158.4088281660536
2026-07-14 02:29:31 [debug    ] HAProxy fallback latency       delta_requests=1717 interval_avg_ms=33.07 max_rtime_ms=168.0 p99_est=66.14
2026-07-14 02:29:31 [info     ] controller_decision_v3         action=RECOVERY available_replicas=6 budget_remaining=1000 burn_adjustment=0 burst_ratio=0.1184 capacity_deficit=False confidence=0 current_load=113.31852111272346 decision_id=948be24e k8s_capacity=99.9 k8s_weight=88 knative_weight=12 p99=66.1 predicted_load=0 r_effective=16.6 serverless_enabled=True total_load=113.3 weights_after={'k3s': 88, 'knative': 12} weights_before={'k3s': 79, 'knative': 21}
2026-07-14 02:29:31 [info     ] Weights updated                k3s=88 knative=12
2026-07-14 02:29:31 [info     ] Weights updated                action=RECOVERY reason='load=113RPS | k8s_cap=100RPS | (reducing-serverless)' weights={'k3s': 88, 'knative': 12}
2026-07-14 02:29:31 [info     ] algorithm2_scaling_decision    action=MAINTAIN alpha=0.060060060060060066 beta=0.0 buffer=1.0 current_replicas=8 predicted_load=119.24600120692611 required_resources=7.162 target_replicas=8
2026-07-14 02:29:31 [info     ] algorithm2_decision            action=MAINTAIN applied_target=8 current_replicas=8 hold_until=0.0 observed_load=119.25 observed_target=8 point_forecasts=None prediction_age_sec=None predictive_target=3 proactive=False scenario=s4-hybrid-predictive target_replicas=8 upper_forecasts=None
2026-07-14 02:29:31 [debug    ] Decision loop completed        action=RECOVERY latency_ms=147.42 p99=66.14094350611532
2026-07-14 02:29:46 [debug    ] HAProxy fallback latency       delta_requests=1309 interval_avg_ms=49.85 max_rtime_ms=168.0 p99_est=99.71
2026-07-14 02:29:46 [info     ] controller_decision_v3         action=RECOVERY available_replicas=6 budget_remaining=1000 burn_adjustment=0 burst_ratio=0 capacity_deficit=False confidence=0 current_load=86.41514973902292 decision_id=300807aa k8s_capacity=99.9 k8s_weight=100 knative_weight=0 p99=99.7 predicted_load=0 r_effective=16.6 serverless_enabled=False total_load=86.4 weights_after={'k3s': 100, 'knative': 0} weights_before={'k3s': 88, 'knative': 12}
2026-07-14 02:29:46 [info     ] Weights updated                k3s=100 knative=0
2026-07-14 02:29:46 [info     ] Weights updated                action=RECOVERY reason='load=86RPS | k8s_cap=100RPS | (reducing-serverless)' weights={'k3s': 100, 'knative': 0}
2026-07-14 02:29:46 [info     ] algorithm2_scaling_decision    action=MAINTAIN alpha=0.060060060060060066 beta=0.0 buffer=1.0 current_replicas=8 predicted_load=99.86683542587319 required_resources=5.998 target_replicas=6
2026-07-14 02:29:46 [info     ] algorithm2_decision            action=MAINTAIN applied_target=6 current_replicas=8 hold_until=0.0 observed_load=99.87 observed_target=6 point_forecasts=None prediction_age_sec=None predictive_target=3 proactive=False scenario=s4-hybrid-predictive target_replicas=6 upper_forecasts=None
2026-07-14 02:29:46 [debug    ] Decision loop completed        action=RECOVERY latency_ms=267.82 p99=99.7066462948816
2026-07-14 02:30:01 [debug    ] HAProxy fallback latency       delta_requests=1138 interval_avg_ms=86.72 max_rtime_ms=175.0 p99_est=173.45
2026-07-14 02:30:01 [info     ] algorithm2_scaling_decision    action=SCALE_DOWN alpha=0.060060060060060066 beta=0.0 buffer=1.0 current_replicas=8 predicted_load=80.50766648104351 required_resources=4.835 target_replicas=5
2026-07-14 02:30:01 [info     ] algorithm2_decision            action=SCALE_DOWN applied_target=5 current_replicas=8 hold_until=0.0 observed_load=80.51 observed_target=5 point_forecasts=None prediction_age_sec=None predictive_target=3 proactive=False scenario=s4-hybrid-predictive target_replicas=5 upper_forecasts=None
2026-07-14 02:30:01 [debug    ] Decision loop completed        action=MAINTAIN latency_ms=107.57 p99=173.44639718804922
2026-07-14 02:30:16 [debug    ] HAProxy fallback latency       delta_requests=1071 interval_avg_ms=90.02 max_rtime_ms=175.0 p99_est=175.0
2026-07-14 02:30:16 [info     ] algorithm2_scaling_decision    action=SCALE_DOWN alpha=0.060060060060060066 beta=0.0 buffer=1.0 current_replicas=8 predicted_load=72.77777127360085 required_resources=4.371 target_replicas=5
2026-07-14 02:30:16 [info     ] algorithm2_decision            action=SCALE_DOWN applied_target=5 current_replicas=8 hold_until=0.0 observed_load=72.78 observed_target=5 point_forecasts=None prediction_age_sec=None predictive_target=3 proactive=False scenario=s4-hybrid-predictive target_replicas=5 upper_forecasts=None
2026-07-14 02:30:16 [debug    ] Decision loop completed        action=MAINTAIN latency_ms=116.87 p99=175.0
2026-07-14 02:30:31 [debug    ] HAProxy fallback latency       delta_requests=942 interval_avg_ms=40.83 max_rtime_ms=199.0 p99_est=81.66
2026-07-14 02:30:32 [info     ] algorithm2_scaling_decision    action=SCALE_DOWN alpha=0.060060060060060066 beta=0.0 buffer=1.0 current_replicas=8 predicted_load=66.63540050257959 required_resources=4.002 target_replicas=5
2026-07-14 02:30:32 [info     ] algorithm2_decision            action=SCALE_DOWN applied_target=5 current_replicas=8 hold_until=0.0 observed_load=66.64 observed_target=5 point_forecasts=None prediction_age_sec=None predictive_target=3 proactive=False scenario=s4-hybrid-predictive target_replicas=5 upper_forecasts=None
2026-07-14 02:30:32 [info     ] k8s_scale_executed             deployment=test-app-warm replicas=5
2026-07-14 02:30:32 [debug    ] Decision loop completed        action=MAINTAIN latency_ms=157.44 p99=81.65605095541402
2026-07-14 02:30:47 [debug    ] HAProxy fallback latency       delta_requests=796 interval_avg_ms=67.0 max_rtime_ms=213.0 p99_est=134.0
2026-07-14 02:30:47 [debug    ] GRU prediction received        confidence=0.8 latency_ms=5.82 predicted=86
2026-07-14 02:30:47 [debug    ] Using GRU prediction           confidence=0.8 forecast_capacity_signal=86.0 predicted=86 required_steps=4
2026-07-14 02:30:47 [info     ] algorithm2_scaling_decision    action=SCALE_UP alpha=0.060060060060060066 beta=0.0 buffer=1.0 current_replicas=5 predicted_load=86.0 required_resources=5.165 target_replicas=6
2026-07-14 02:30:47 [info     ] algorithm2_decision            action=SCALE_UP applied_target=6 current_replicas=5 hold_until=1783971137.2 observed_load=57.38 observed_target=4 point_forecasts=[76.07523345947266, 74.04010009765625, 75.83050537109375, 74.25528717041016, 74.87477111816406, 75.17620086669922, 75.5381088256836, 74.58692169189453, 73.70159912109375] prediction_age_sec=0.07 predictive_target=6 proactive=True scenario=s4-hybrid-predictive target_replicas=6 upper_forecasts=[85.71621704101562, 84.32818603515625, 85.573486328125, 84.8315658569336, 85.16899108886719, 85.76786804199219, 86.49555969238281, 85.25591278076172, 84.82034301757812]
2026-07-14 02:30:47 [info     ] k8s_scale_executed             deployment=test-app-warm replicas=6
2026-07-14 02:30:47 [debug    ] Decision loop completed        action=MAINTAIN latency_ms=161.19 p99=134.0
2026-07-14 02:31:02 [debug    ] HAProxy fallback latency       delta_requests=1225 interval_avg_ms=112.09 max_rtime_ms=213.0 p99_est=213.0
2026-07-14 02:31:02 [debug    ] GRU prediction received        confidence=0.8 latency_ms=6.17 predicted=86
2026-07-14 02:31:02 [debug    ] Using GRU prediction           confidence=0.8 forecast_capacity_signal=86.0 predicted=86 required_steps=4
2026-07-14 02:31:02 [info     ] Scale readiness observed       elapsed_sec=15.1 ewma_delay=25.9 samples=4 target=6
2026-07-14 02:31:02 [info     ] algorithm2_scaling_decision    action=MAINTAIN alpha=0.060060060060060066 beta=0.0 buffer=1.0 current_replicas=6 predicted_load=86.0 required_resources=5.165 target_replicas=6
2026-07-14 02:31:02 [info     ] algorithm2_decision            action=MAINTAIN applied_target=6 current_replicas=6 hold_until=1783971152.4 observed_load=66.59 observed_target=4 point_forecasts=[75.4939956665039, 73.98384094238281, 75.23941040039062, 74.07952117919922, 74.59765625, 74.868408203125, 74.96676635742188, 74.39641571044922, 73.82154083251953] prediction_age_sec=0.07 predictive_target=6 proactive=True scenario=s4-hybrid-predictive target_replicas=6 upper_forecasts=[85.13497924804688, 84.27192687988281, 84.98239135742188, 84.65579986572266, 84.89187622070312, 85.46007537841797, 85.9242172241211, 85.0654067993164, 84.9402847290039]
2026-07-14 02:31:02 [debug    ] Decision loop completed        action=MAINTAIN latency_ms=122.8 p99=213.0
2026-07-14 02:31:17 [debug    ] HAProxy fallback latency       delta_requests=1887 interval_avg_ms=100.27 max_rtime_ms=213.0 p99_est=200.54
2026-07-14 02:31:17 [debug    ] GRU prediction received        confidence=0.8 latency_ms=6.51 predicted=97
2026-07-14 02:31:17 [debug    ] Using GRU prediction           confidence=0.8 forecast_capacity_signal=97.0 predicted=97 required_steps=3
2026-07-14 02:31:17 [debug    ] Proactive amplification        amplified=191.9 approach_ratio=1.25 load_trend=13.4 raw_pred=97
2026-07-14 02:31:17 [info     ] Knative pre-warm OK            cold_start_ms=11.5
2026-07-14 02:31:17 [info     ] controller_decision_v3         action=PREDICTIVE available_replicas=6 budget_remaining=998 burn_adjustment=0 burst_ratio=0.199 capacity_deficit=False confidence=0.8 current_load=124.71409007065536 decision_id=cf53a4c3 k8s_capacity=99.9 k8s_weight=80 knative_weight=20 p99=200.5 predicted_load=97 r_effective=16.6 serverless_enabled=True total_load=124.7 weights_after={'k3s': 80, 'knative': 20} weights_before={'k3s': 100, 'knative': 0}
2026-07-14 02:31:17 [info     ] Weights updated                k3s=80 knative=20
2026-07-14 02:31:17 [info     ] Weights updated                action=PREDICTIVE reason='load=125RPS | k8s_cap=100RPS | (prediction-driven)' weights={'k3s': 80, 'knative': 20}
2026-07-14 02:31:17 [info     ] algorithm2_scaling_decision    action=SCALE_UP alpha=0.060060060060060066 beta=0.0 buffer=1.0 current_replicas=6 predicted_load=102.72465654593915 required_resources=6.17 target_replicas=7
2026-07-14 02:31:17 [info     ] algorithm2_decision            action=SCALE_UP applied_target=7 current_replicas=6 hold_until=1783971152.4 observed_load=102.72 observed_target=7 point_forecasts=[85.13212585449219, 85.47804260253906, 85.7767562866211, 86.35952758789062, 85.65348052978516, 85.79606628417969, 84.85738372802734, 85.4888687133789, 85.94959259033203] prediction_age_sec=0.08 predictive_target=6 proactive=False scenario=s4-hybrid-predictive target_replicas=7 upper_forecasts=[94.77310943603516, 95.76612854003906, 95.51973724365234, 96.93580627441406, 95.94770050048828, 96.38773345947266, 95.81483459472656, 96.1578598022461, 97.0683364868164]
2026-07-14 02:31:17 [info     ] k8s_scale_executed             deployment=test-app-warm replicas=7
2026-07-14 02:31:17 [debug    ] Decision loop completed        action=PREDICTIVE latency_ms=174.93 p99=200.54160042395335
2026-07-14 02:31:32 [debug    ] GRU prediction received        confidence=0.8 latency_ms=5.93 predicted=107
2026-07-14 02:31:32 [debug    ] Using GRU prediction           confidence=0.8 forecast_capacity_signal=107.0 predicted=107 required_steps=3
2026-07-14 02:31:32 [debug    ] Proactive amplification        amplified=190.8 approach_ratio=1.02 load_trend=14.3 raw_pred=107
2026-07-14 02:31:32 [info     ] controller_decision_v3         action=RECOVERY available_replicas=7 budget_remaining=997 burn_adjustment=0 burst_ratio=0.0239 capacity_deficit=False confidence=0.8 current_load=119.40717854369531 decision_id=992d2bc0 k8s_capacity=116.5 k8s_weight=97 knative_weight=3 p99=200.5 predicted_load=107 r_effective=16.6 serverless_enabled=True total_load=119.4 weights_after={'k3s': 97, 'knative': 3} weights_before={'k3s': 80, 'knative': 20}
2026-07-14 02:31:32 [info     ] Weights updated                k3s=97 knative=3
2026-07-14 02:31:32 [info     ] Weights updated                action=RECOVERY reason='load=119RPS | k8s_cap=117RPS | (reducing-serverless)' weights={'k3s': 97, 'knative': 3}
2026-07-14 02:31:32 [info     ] Scale readiness observed       elapsed_sec=15.2 ewma_delay=22.7 samples=5 target=7
2026-07-14 02:31:32 [info     ] algorithm2_scaling_decision    action=SCALE_UP alpha=0.060060060060060066 beta=0.0 buffer=1.0 current_replicas=7 predicted_load=122.06063430717533 required_resources=7.331 target_replicas=8
2026-07-14 02:31:32 [info     ] algorithm2_decision            action=SCALE_UP applied_target=8 current_replicas=7 hold_until=1783971152.4 observed_load=122.06 observed_target=8 point_forecasts=[93.94944763183594, 94.54143524169922, 94.86299133300781, 95.49668884277344, 95.04045867919922, 94.66230010986328, 94.36170959472656, 94.5816650390625, 95.60523986816406] prediction_age_sec=0.11 predictive_target=7 proactive=False scenario=s4-hybrid-predictive target_replicas=8 upper_forecasts=[103.5904312133789, 104.82952117919922, 104.60597229003906, 106.07296752929688, 105.33467864990234, 105.25396728515625, 105.31916046142578, 105.25065612792969, 106.72398376464844]
2026-07-14 02:31:32 [info     ] k8s_scale_executed             deployment=test-app-warm replicas=8
2026-07-14 02:31:32 [debug    ] Decision loop completed        action=RECOVERY latency_ms=199.76 p99=200.54160042395335
2026-07-14 02:31:47 [debug    ] HAProxy fallback latency       delta_requests=1417 interval_avg_ms=66.0 max_rtime_ms=241.0 p99_est=132.0
2026-07-14 02:31:47 [debug    ] GRU prediction received        confidence=0.8 latency_ms=5.73 predicted=108
2026-07-14 02:31:47 [debug    ] Using GRU prediction           confidence=0.8 forecast_capacity_signal=108.0 predicted=108 required_steps=3
2026-07-14 02:31:47 [info     ] controller_decision_v3         action=RECOVERY available_replicas=8 budget_remaining=997 burn_adjustment=0 burst_ratio=0 capacity_deficit=False confidence=0.8 current_load=93.28916756583115 decision_id=3394b8c5 k8s_capacity=133.2 k8s_weight=100 knative_weight=0 p99=132.0 predicted_load=108 r_effective=16.6 serverless_enabled=False total_load=93.3 weights_after={'k3s': 100, 'knative': 0} weights_before={'k3s': 97, 'knative': 3}
2026-07-14 02:31:47 [info     ] Weights updated                k3s=100 knative=0
2026-07-14 02:31:47 [info     ] Weights updated                action=RECOVERY reason='load=93RPS | k8s_cap=133RPS | (reducing-serverless)' weights={'k3s': 100, 'knative': 0}
2026-07-14 02:31:47 [info     ] Scale readiness observed       elapsed_sec=15.2 ewma_delay=20.4 samples=6 target=8
2026-07-14 02:31:47 [info     ] algorithm2_scaling_decision    action=MAINTAIN alpha=0.060060060060060066 beta=0.0 buffer=1.0 current_replicas=8 predicted_load=106.34817305476324 required_resources=6.387 target_replicas=7
2026-07-14 02:31:47 [info     ] algorithm2_decision            action=MAINTAIN applied_target=7 current_replicas=8 hold_until=1783971152.4 observed_load=106.35 observed_target=7 point_forecasts=[95.20354461669922, 95.79700469970703, 96.20145416259766, 96.38999938964844, 96.53779602050781, 96.05857849121094, 95.9073257446289, 95.87284088134766, 96.62691497802734] prediction_age_sec=0.11 predictive_target=7 proactive=False scenario=s4-hybrid-predictive target_replicas=7 upper_forecasts=[104.84452819824219, 106.08509063720703, 105.9444351196289, 106.96627807617188, 106.83201599121094, 106.6502456665039, 106.86477661132812, 106.54183197021484, 107.74565887451172]
2026-07-14 02:31:47 [debug    ] Decision loop completed        action=RECOVERY latency_ms=160.0 p99=132.0
2026-07-14 02:32:02 [debug    ] HAProxy fallback latency       delta_requests=1229 interval_avg_ms=38.37 max_rtime_ms=241.0 p99_est=76.73
2026-07-14 02:32:02 [debug    ] GRU prediction received        confidence=0.8 latency_ms=5.75 predicted=105
2026-07-14 02:32:02 [debug    ] Using GRU prediction           confidence=0.8 forecast_capacity_signal=105.0 predicted=105 required_steps=3
2026-07-14 02:32:03 [info     ] algorithm2_scaling_decision    action=MAINTAIN alpha=0.060060060060060066 beta=0.0 buffer=1.0 current_replicas=8 predicted_load=105.0 required_resources=6.306 target_replicas=7
2026-07-14 02:32:03 [info     ] algorithm2_decision            action=MAINTAIN applied_target=7 current_replicas=8 hold_until=1783971213.0 observed_load=87.15 observed_target=6 point_forecasts=[93.30548858642578, 93.50041961669922, 94.09439086914062, 93.89529418945312, 94.21234893798828, 94.00773620605469, 93.76431274414062, 93.73517608642578, 94.07662963867188] prediction_age_sec=0.08 predictive_target=7 proactive=True scenario=s4-hybrid-predictive target_replicas=7 upper_forecasts=[102.94647216796875, 103.78850555419922, 103.83737182617188, 104.47157287597656, 104.5065689086914, 104.59940338134766, 104.72176361083984, 104.40416717529297, 105.19537353515625]
2026-07-14 02:32:03 [debug    ] Decision loop completed        action=MAINTAIN latency_ms=126.05 p99=76.73393002441009
2026-07-14 02:32:18 [debug    ] HAProxy fallback latency       delta_requests=1150 interval_avg_ms=65.0 max_rtime_ms=241.0 p99_est=130.0
2026-07-14 02:32:18 [debug    ] GRU prediction received        confidence=0.8 latency_ms=5.82 predicted=101
2026-07-14 02:32:18 [debug    ] Using GRU prediction           confidence=0.8 forecast_capacity_signal=101.0 predicted=101 required_steps=3
2026-07-14 02:32:18 [info     ] algorithm2_scaling_decision    action=MAINTAIN alpha=0.060060060060060066 beta=0.0 buffer=1.0 current_replicas=8 predicted_load=101.0 required_resources=6.066 target_replicas=7
2026-07-14 02:32:18 [info     ] algorithm2_decision            action=MAINTAIN applied_target=7 current_replicas=8 hold_until=1783971228.1 observed_load=78.55 observed_target=5 point_forecasts=[89.92321014404297, 89.85199737548828, 90.4979476928711, 90.15702056884766, 90.36859130859375, 90.32020568847656, 90.00505065917969, 90.0481185913086, 89.85807037353516] prediction_age_sec=0.07 predictive_target=7 proactive=True scenario=s4-hybrid-predictive target_replicas=7 upper_forecasts=[99.56419372558594, 100.14008331298828, 100.24092864990234, 100.7332992553711, 100.66281127929688, 100.91187286376953, 100.9625015258789, 100.71710968017578, 100.97681427001953]
2026-07-14 02:32:18 [debug    ] Decision loop completed        action=MAINTAIN latency_ms=119.94 p99=130.0
2026-07-14 02:32:33 [debug    ] HAProxy fallback latency       delta_requests=1512 interval_avg_ms=113.44 max_rtime_ms=241.0 p99_est=226.89
2026-07-14 02:32:33 [debug    ] GRU prediction received        confidence=0.8 latency_ms=5.95 predicted=103
2026-07-14 02:32:33 [debug    ] Using GRU prediction           confidence=0.8 forecast_capacity_signal=103.0 predicted=103 required_steps=3
2026-07-14 02:32:33 [info     ] algorithm2_scaling_decision    action=MAINTAIN alpha=0.060060060060060066 beta=0.0 buffer=1.0 current_replicas=8 predicted_load=103.0 required_resources=6.186 target_replicas=7
2026-07-14 02:32:33 [info     ] algorithm2_decision            action=MAINTAIN applied_target=7 current_replicas=8 hold_until=1783971243.3 observed_load=87.98 observed_target=6 point_forecasts=[91.77581024169922, 91.68576049804688, 92.41437530517578, 92.1551284790039, 92.3426513671875, 92.35059356689453, 92.01815795898438, 92.00242614746094, 92.246826171875] prediction_age_sec=0.08 predictive_target=7 proactive=True scenario=s4-hybrid-predictive target_replicas=7 upper_forecasts=[101.41679382324219, 101.97384643554688, 102.15735626220703, 102.73140716552734, 102.63687133789062, 102.9422607421875, 102.9756088256836, 102.67141723632812, 103.36557006835938]
2026-07-14 02:32:33 [debug    ] Decision loop completed        action=MAINTAIN latency_ms=130.31 p99=226.8862433862434
2026-07-14 02:32:48 [debug    ] HAProxy fallback latency       delta_requests=2024 interval_avg_ms=124.28 max_rtime_ms=241.0 p99_est=241.0
2026-07-14 02:32:48 [debug    ] GRU prediction received        confidence=0.8 latency_ms=5.8 predicted=113
2026-07-14 02:32:48 [debug    ] Using GRU prediction           confidence=0.8 forecast_capacity_signal=113.0 predicted=113 required_steps=3
2026-07-14 02:32:48 [debug    ] Proactive amplification        amplified=184.2 approach_ratio=1.0 load_trend=10.1 raw_pred=113
2026-07-14 02:32:48 [info     ] Knative pre-warm OK            cold_start_ms=2.4
2026-07-14 02:32:48 [info     ] controller_decision_v3         action=PREDICTIVE available_replicas=8 budget_remaining=995 burn_adjustment=0 burst_ratio=0.0038 capacity_deficit=False confidence=0.8 current_load=133.70341860072645 decision_id=921663f8 k8s_capacity=133.2 k8s_weight=99 knative_weight=1 p99=241.0 predicted_load=113 r_effective=16.6 serverless_enabled=True total_load=133.7 weights_after={'k3s': 99, 'knative': 1} weights_before={'k3s': 100, 'knative': 0}
2026-07-14 02:32:48 [info     ] Weights updated                k3s=99 knative=1
2026-07-14 02:32:48 [info     ] Weights updated                action=PREDICTIVE reason='load=134RPS | k8s_cap=133RPS | (prediction-driven)' weights={'k3s': 99, 'knative': 1}
2026-07-14 02:32:48 [info     ] algorithm2_scaling_decision    action=MAINTAIN alpha=0.060060060060060066 beta=0.0 buffer=1.0 current_replicas=8 predicted_load=116.78623981793967 required_resources=7.014 target_replicas=8
2026-07-14 02:32:48 [info     ] algorithm2_decision            action=MAINTAIN applied_target=8 current_replicas=8 hold_until=1783971243.3 observed_load=116.79 observed_target=8 point_forecasts=[100.80088806152344, 101.26033020019531, 101.90473175048828, 101.72644805908203, 102.2532958984375, 102.03788757324219, 101.78052520751953, 101.443603515625, 102.0013656616211] prediction_age_sec=0.07 predictive_target=7 proactive=False scenario=s4-hybrid-predictive target_replicas=8 upper_forecasts=[110.4418716430664, 111.54841613769531, 111.64771270751953, 112.30272674560547, 112.54751586914062, 112.62955474853516, 112.73797607421875, 112.11259460449219, 113.12010955810547]
2026-07-14 02:32:48 [debug    ] Decision loop completed        action=PREDICTIVE latency_ms=128.39 p99=241.0
2026-07-14 02:33:03 [debug    ] HAProxy fallback latency       delta_requests=2281 interval_avg_ms=87.94 max_rtime_ms=268.0 p99_est=175.89
2026-07-14 02:33:03 [debug    ] GRU prediction received        confidence=0.8 latency_ms=6.59 predicted=125
2026-07-14 02:33:03 [debug    ] Using GRU prediction           confidence=0.8 forecast_capacity_signal=125.0 predicted=125 required_steps=3
2026-07-14 02:33:03 [debug    ] Proactive amplification        amplified=238.0 approach_ratio=1.13 load_trend=17.4 raw_pred=125
2026-07-14 02:33:03 [info     ] controller_decision_v3         action=PREDICTIVE available_replicas=8 budget_remaining=995 burn_adjustment=0 burst_ratio=0.1166 capacity_deficit=False confidence=0.8 current_load=150.77744637682576 decision_id=bb069b1c k8s_capacity=133.2 k8s_weight=88 knative_weight=12 p99=175.9 predicted_load=125 r_effective=16.6 serverless_enabled=True total_load=150.8 weights_after={'k3s': 88, 'knative': 12} weights_before={'k3s': 99, 'knative': 1}
2026-07-14 02:33:03 [info     ] Weights updated                k3s=88 knative=12
2026-07-14 02:33:03 [info     ] Weights updated                action=PREDICTIVE reason='load=151RPS | k8s_cap=133RPS | (prediction-driven)' weights={'k3s': 88, 'knative': 12}
2026-07-14 02:33:03 [info     ] algorithm2_scaling_decision    action=SCALE_UP alpha=0.060060060060060066 beta=0.0 buffer=1.0 current_replicas=8 predicted_load=142.2404324887761 required_resources=8.543 target_replicas=9
2026-07-14 02:33:03 [info     ] algorithm2_decision            action=SCALE_UP applied_target=9 current_replicas=8 hold_until=1783971243.3 observed_load=142.24 observed_target=9 point_forecasts=[112.78907775878906, 113.25276184082031, 113.59748840332031, 114.06563568115234, 113.72601318359375, 113.73379516601562, 113.20907592773438, 113.30323791503906, 113.8135757446289] prediction_age_sec=0.08 predictive_target=8 proactive=False scenario=s4-hybrid-predictive target_replicas=9 upper_forecasts=[122.43006134033203, 123.54084777832031, 123.34046936035156, 124.64191436767578, 124.02023315429688, 124.3254623413086, 124.1665267944336, 123.97222900390625, 124.93231964111328]
2026-07-14 02:33:03 [info     ] k8s_scale_executed             deployment=test-app-warm replicas=9
2026-07-14 02:33:03 [debug    ] Decision loop completed        action=PREDICTIVE latency_ms=162.88 p99=175.88601490574308
2026-07-14 02:33:18 [debug    ] HAProxy fallback latency       delta_requests=2430 interval_avg_ms=35.31 max_rtime_ms=268.0 p99_est=70.63
2026-07-14 02:33:18 [debug    ] GRU prediction received        confidence=0.8 latency_ms=5.74 predicted=137
2026-07-14 02:33:18 [debug    ] Using GRU prediction           confidence=0.8 forecast_capacity_signal=137.0 predicted=137 required_steps=3
2026-07-14 02:33:18 [debug    ] Proactive amplification        amplified=265.3 approach_ratio=1.07 load_trend=21.0 raw_pred=137
2026-07-14 02:33:18 [info     ] controller_decision_v3         action=RECOVERY available_replicas=9 budget_remaining=995 burn_adjustment=0 burst_ratio=0.0646 capacity_deficit=False confidence=0.8 current_load=160.19080722627848 decision_id=d40df0e5 k8s_capacity=149.8 k8s_weight=93 knative_weight=7 p99=70.6 predicted_load=137 r_effective=16.6 serverless_enabled=True total_load=160.2 weights_after={'k3s': 93, 'knative': 7} weights_before={'k3s': 88, 'knative': 12}
2026-07-14 02:33:18 [info     ] Weights updated                k3s=93 knative=7
2026-07-14 02:33:18 [info     ] Weights updated                action=RECOVERY reason='load=160RPS | k8s_cap=150RPS | (reducing-serverless)' weights={'k3s': 93, 'knative': 7}
2026-07-14 02:33:18 [info     ] Scale readiness observed       elapsed_sec=15.2 ewma_delay=18.9 samples=7 target=9
2026-07-14 02:33:18 [info     ] algorithm2_scaling_decision    action=SCALE_UP alpha=0.060060060060060066 beta=0.0 buffer=1.0 current_replicas=9 predicted_load=155.48412680155212 required_resources=9.338 target_replicas=10
2026-07-14 02:33:18 [info     ] algorithm2_decision            action=SCALE_UP applied_target=10 current_replicas=9 hold_until=1783971243.3 observed_load=155.48 observed_target=10 point_forecasts=[124.68045043945312, 125.20796203613281, 125.12934875488281, 126.27947998046875, 125.16629791259766, 125.1738510131836, 124.32772827148438, 125.15263366699219, 125.64950561523438] prediction_age_sec=0.11 predictive_target=9 proactive=False scenario=s4-hybrid-predictive target_replicas=10 upper_forecasts=[134.32142639160156, 135.4960479736328, 134.87232971191406, 136.8557586669922, 135.46051025390625, 135.76551818847656, 135.28517150878906, 135.82162475585938, 136.76824951171875]
2026-07-14 02:33:18 [info     ] k8s_scale_executed             deployment=test-app-warm replicas=10
2026-07-14 02:33:18 [debug    ] Decision loop completed        action=RECOVERY latency_ms=206.3 p99=70.62880658436214
2026-07-14 02:33:33 [debug    ] HAProxy fallback latency       delta_requests=2193 interval_avg_ms=27.46 max_rtime_ms=268.0 p99_est=54.92
2026-07-14 02:33:33 [debug    ] GRU prediction received        confidence=0.8 latency_ms=6.17 predicted=143
2026-07-14 02:33:33 [debug    ] Using GRU prediction           confidence=0.8 forecast_capacity_signal=143.0 predicted=143 required_steps=3
2026-07-14 02:33:33 [debug    ] Proactive amplification        amplified=199.9 approach_ratio=0.96 load_trend=11.1 raw_pred=143
2026-07-14 02:33:33 [info     ] controller_decision_v3         action=RECOVERY available_replicas=9 budget_remaining=995 burn_adjustment=0 burst_ratio=0 capacity_deficit=False confidence=0.8 current_load=144.3465044625292 decision_id=c4e7aa00 k8s_capacity=149.8 k8s_weight=100 knative_weight=0 p99=54.9 predicted_load=143 r_effective=16.6 serverless_enabled=False total_load=144.3 weights_after={'k3s': 100, 'knative': 0} weights_before={'k3s': 93, 'knative': 7}
2026-07-14 02:33:33 [info     ] Weights updated                k3s=100 knative=0
2026-07-14 02:33:33 [info     ] Weights updated                action=RECOVERY reason='load=144RPS | k8s_cap=150RPS | (reducing-serverless)' weights={'k3s': 100, 'knative': 0}
2026-07-14 02:33:33 [info     ] algorithm2_scaling_decision    action=MAINTAIN alpha=0.060060060060060066 beta=0.0 buffer=1.0 current_replicas=10 predicted_load=152.26865584440384 required_resources=9.145 target_replicas=10
2026-07-14 02:33:33 [info     ] algorithm2_decision            action=MAINTAIN applied_target=10 current_replicas=10 hold_until=1783971243.3 observed_load=152.27 observed_target=10 point_forecasts=[130.87753295898438, 131.34402465820312, 131.09353637695312, 132.40798950195312, 131.1073760986328, 131.0076904296875, 130.04568481445312, 131.33428955078125, 131.55604553222656] prediction_age_sec=0.12 predictive_target=9 proactive=False scenario=s4-hybrid-predictive target_replicas=10 upper_forecasts=[140.5185089111328, 141.63211059570312, 140.83651733398438, 142.98426818847656, 141.40159606933594, 141.599365234375, 141.0031280517578, 142.00328063964844, 142.67478942871094]
2026-07-14 02:33:33 [debug    ] Decision loop completed        action=RECOVERY latency_ms=173.51 p99=54.9156406748746
2026-07-14 02:33:48 [debug    ] HAProxy fallback latency       delta_requests=1844 interval_avg_ms=41.3 max_rtime_ms=268.0 p99_est=82.6
2026-07-14 02:33:49 [debug    ] GRU prediction received        confidence=0.8 latency_ms=5.57 predicted=142
2026-07-14 02:33:49 [debug    ] Using GRU prediction           confidence=0.8 forecast_capacity_signal=142.0 predicted=142 required_steps=3
2026-07-14 02:33:49 [info     ] algorithm2_scaling_decision    action=MAINTAIN alpha=0.060060060060060066 beta=0.0 buffer=1.0 current_replicas=10 predicted_load=142.0 required_resources=8.529 target_replicas=9
2026-07-14 02:33:49 [info     ] algorithm2_decision            action=MAINTAIN applied_target=9 current_replicas=10 hold_until=1783971319.1 observed_load=132.94 observed_target=8 point_forecasts=[130.3928680419922, 130.72378540039062, 130.56822204589844, 131.40023803710938, 130.47804260253906, 130.43801879882812, 129.51873779296875, 130.78240966796875, 130.56163024902344] prediction_age_sec=0.07 predictive_target=9 proactive=True scenario=s4-hybrid-predictive target_replicas=9 upper_forecasts=[140.03384399414062, 141.01187133789062, 140.3112030029297, 141.9765167236328, 140.7722625732422, 141.02969360351562, 140.47618103027344, 141.45140075683594, 141.6803741455078]
2026-07-14 02:33:49 [debug    ] Decision loop completed        action=MAINTAIN latency_ms=123.72 p99=82.59544468546638
2026-07-14 02:34:04 [debug    ] HAProxy fallback latency       delta_requests=1786 interval_avg_ms=93.54 max_rtime_ms=268.0 p99_est=187.07
2026-07-14 02:34:04 [debug    ] GRU prediction received        confidence=0.8 latency_ms=6.17 predicted=140
2026-07-14 02:34:04 [debug    ] Using GRU prediction           confidence=0.8 forecast_capacity_signal=140.0 predicted=140 required_steps=3
2026-07-14 02:34:04 [info     ] algorithm2_scaling_decision    action=MAINTAIN alpha=0.060060060060060066 beta=0.0 buffer=1.0 current_replicas=10 predicted_load=140.0 required_resources=8.408 target_replicas=9
2026-07-14 02:34:04 [info     ] algorithm2_decision            action=MAINTAIN applied_target=9 current_replicas=10 hold_until=1783971334.2 observed_load=119.81 observed_target=8 point_forecasts=[128.36062622070312, 128.52960205078125, 128.5595703125, 128.94317626953125, 128.37623596191406, 128.4306640625, 127.55909729003906, 128.6591796875, 128.22459411621094] prediction_age_sec=0.08 predictive_target=9 proactive=True scenario=s4-hybrid-predictive target_replicas=9 upper_forecasts=[138.00160217285156, 138.81768798828125, 138.30255126953125, 139.5194549560547, 138.6704559326172, 139.0223388671875, 138.51654052734375, 139.3281707763672, 139.3433380126953]
2026-07-14 02:34:04 [debug    ] Decision loop completed        action=MAINTAIN latency_ms=124.87 p99=187.07390817469204
2026-07-14 02:34:19 [debug    ] HAProxy fallback latency       delta_requests=1821 interval_avg_ms=67.0 max_rtime_ms=268.0 p99_est=134.0
2026-07-14 02:34:19 [debug    ] GRU prediction received        confidence=0.8 latency_ms=5.7 predicted=138
2026-07-14 02:34:19 [debug    ] Using GRU prediction           confidence=0.8 forecast_capacity_signal=138.0 predicted=138 required_steps=3
2026-07-14 02:34:19 [info     ] algorithm2_scaling_decision    action=MAINTAIN alpha=0.060060060060060066 beta=0.0 buffer=1.0 current_replicas=10 predicted_load=138.0 required_resources=8.288 target_replicas=9
2026-07-14 02:34:19 [info     ] algorithm2_decision            action=MAINTAIN applied_target=9 current_replicas=10 hold_until=1783971349.3 observed_load=119.25 observed_target=8 point_forecasts=[126.74366760253906, 126.79650115966797, 126.97000122070312, 127.1015625, 126.73779296875, 126.86146545410156, 126.017578125, 126.97798156738281, 126.491943359375] prediction_age_sec=0.07 predictive_target=9 proactive=True scenario=s4-hybrid-predictive target_replicas=9 upper_forecasts=[136.3846435546875, 137.08457946777344, 136.71298217773438, 137.67784118652344, 137.03201293945312, 137.453125, 136.9750213623047, 137.64697265625, 137.61068725585938]
2026-07-14 02:34:19 [debug    ] Decision loop completed        action=MAINTAIN latency_ms=118.78 p99=134.0
2026-07-14 02:34:34 [debug    ] HAProxy fallback latency       delta_requests=1816 interval_avg_ms=67.0 max_rtime_ms=268.0 p99_est=134.0
2026-07-14 02:34:34 [debug    ] GRU prediction received        confidence=0.8 latency_ms=6.52 predicted=136
2026-07-14 02:34:34 [debug    ] Using GRU prediction           confidence=0.8 forecast_capacity_signal=136.0 predicted=136 required_steps=3
2026-07-14 02:34:34 [info     ] algorithm2_scaling_decision    action=MAINTAIN alpha=0.060060060060060066 beta=0.0 buffer=1.0 current_replicas=10 predicted_load=136.0 required_resources=8.168 target_replicas=9
2026-07-14 02:34:34 [info     ] algorithm2_decision            action=MAINTAIN applied_target=9 current_replicas=10 hold_until=1783971364.4 observed_load=120.29 observed_target=8 point_forecasts=[125.2811508178711, 125.26720428466797, 125.53384399414062, 125.49591827392578, 125.28449249267578, 125.45826721191406, 124.64291381835938, 125.47919464111328, 124.97196197509766] prediction_age_sec=0.08 predictive_target=9 proactive=True scenario=s4-hybrid-predictive target_replicas=9 upper_forecasts=[134.92213439941406, 135.55528259277344, 135.27682495117188, 136.07220458984375, 135.57870483398438, 136.0499267578125, 135.60035705566406, 136.148193359375, 136.0906982421875]
2026-07-14 02:34:34 [debug    ] Decision loop completed        action=MAINTAIN latency_ms=126.9 p99=134.0
2026-07-14 02:34:49 [debug    ] HAProxy fallback latency       delta_requests=1783 interval_avg_ms=67.0 max_rtime_ms=268.0 p99_est=134.0
2026-07-14 02:34:49 [debug    ] GRU prediction received        confidence=0.8 latency_ms=5.84 predicted=134
2026-07-14 02:34:49 [debug    ] Using GRU prediction           confidence=0.8 forecast_capacity_signal=134.0 predicted=134 required_steps=3
2026-07-14 02:34:49 [info     ] algorithm2_scaling_decision    action=MAINTAIN alpha=0.060060060060060066 beta=0.0 buffer=1.0 current_replicas=10 predicted_load=134.0 required_resources=8.048 target_replicas=9
2026-07-14 02:34:49 [info     ] algorithm2_decision            action=MAINTAIN applied_target=9 current_replicas=10 hold_until=1783971379.6 observed_load=118.99 observed_target=8 point_forecasts=[123.59400939941406, 123.53956604003906, 123.87861633300781, 123.67086791992188, 123.62521362304688, 123.84513092041016, 123.06893920898438, 123.76754760742188, 123.22782897949219] prediction_age_sec=0.07 predictive_target=9 proactive=True scenario=s4-hybrid-predictive target_replicas=9 upper_forecasts=[133.2349853515625, 133.82765197753906, 133.62159729003906, 134.2471466064453, 133.91943359375, 134.43679809570312, 134.02638244628906, 134.43653869628906, 134.34657287597656]
2026-07-14 02:34:49 [debug    ] Decision loop completed        action=MAINTAIN latency_ms=124.58 p99=134.0
2026-07-14 02:35:04 [debug    ] HAProxy fallback latency       delta_requests=1534 interval_avg_ms=30.41 max_rtime_ms=268.0 p99_est=60.81
2026-07-14 02:35:04 [debug    ] GRU prediction received        confidence=0.8 latency_ms=6.08 predicted=130
2026-07-14 02:35:04 [debug    ] Using GRU prediction           confidence=0.8 forecast_capacity_signal=130.0 predicted=130 required_steps=3
2026-07-14 02:35:04 [info     ] algorithm2_scaling_decision    action=MAINTAIN alpha=0.060060060060060066 beta=0.0 buffer=1.0 current_replicas=10 predicted_load=130.0 required_resources=7.808 target_replicas=8
2026-07-14 02:35:04 [info     ] algorithm2_decision            action=MAINTAIN applied_target=8 current_replicas=10 hold_until=1783971394.7 observed_load=109.68 observed_target=7 point_forecasts=[118.82613372802734, 118.68522644042969, 119.20582580566406, 118.51528930664062, 118.96502685546875, 119.2382583618164, 118.5974349975586, 118.96492767333984, 118.25782775878906] prediction_age_sec=0.07 predictive_target=8 proactive=True scenario=s4-hybrid-predictive target_replicas=8 upper_forecasts=[128.4671173095703, 128.9733123779297, 128.9488067626953, 129.09156799316406, 129.25924682617188, 129.82992553710938, 129.5548858642578, 129.63392639160156, 129.37657165527344]
2026-07-14 02:35:04 [debug    ] Decision loop completed        action=MAINTAIN latency_ms=118.82 p99=60.8122555410691
2026-07-14 02:35:19 [debug    ] HAProxy fallback latency       delta_requests=1245 interval_avg_ms=19.91 max_rtime_ms=268.0 p99_est=39.82
2026-07-14 02:35:19 [debug    ] GRU prediction received        confidence=0.8 latency_ms=5.59 predicted=122
2026-07-14 02:35:19 [debug    ] Using GRU prediction           confidence=0.8 forecast_capacity_signal=122.0 predicted=122 required_steps=3
2026-07-14 02:35:19 [info     ] algorithm2_scaling_decision    action=MAINTAIN alpha=0.060060060060060066 beta=0.0 buffer=1.0 current_replicas=10 predicted_load=122.0 required_resources=7.327 target_replicas=8
2026-07-14 02:35:19 [info     ] algorithm2_decision            action=MAINTAIN applied_target=8 current_replicas=10 hold_until=1783971409.8 observed_load=91.95 observed_target=6 point_forecasts=[110.68171691894531, 110.35196685791016, 111.22377014160156, 109.85315704345703, 111.0968017578125, 111.31657409667969, 110.91653442382812, 110.79263305664062, 109.92402648925781] prediction_age_sec=0.07 predictive_target=8 proactive=True scenario=s4-hybrid-predictive target_replicas=8 upper_forecasts=[120.32270050048828, 120.64005279541016, 120.96675109863281, 120.42943572998047, 121.39102172851562, 121.90824127197266, 121.87398529052734, 121.46162414550781, 121.04277038574219]
2026-07-14 02:35:19 [debug    ] Decision loop completed        action=MAINTAIN latency_ms=124.21 p99=39.82329317269076
2026-07-14 02:35:34 [debug    ] HAProxy fallback latency       delta_requests=1114 interval_avg_ms=65.0 max_rtime_ms=268.0 p99_est=130.0
2026-07-14 02:35:34 [debug    ] GRU prediction received        confidence=0.8 latency_ms=6.25 predicted=114
2026-07-14 02:35:34 [debug    ] Using GRU prediction           confidence=0.8 forecast_capacity_signal=114.0 predicted=114 required_steps=3
2026-07-14 02:35:34 [info     ] Scale readiness observed       elapsed_sec=136.2 ewma_delay=54.0 samples=8 target=10
2026-07-14 02:35:34 [info     ] algorithm2_scaling_decision    action=SCALE_DOWN alpha=0.060060060060060066 beta=0.0 buffer=1.0 current_replicas=10 predicted_load=114.0 required_resources=6.847 target_replicas=7
2026-07-14 02:35:34 [info     ] algorithm2_decision            action=SCALE_DOWN applied_target=7 current_replicas=10 hold_until=1783971424.9 observed_load=78.0 observed_target=5 point_forecasts=[101.92003631591797, 101.43973541259766, 102.65570068359375, 100.75413513183594, 102.687255859375, 102.83305358886719, 102.66352844238281, 102.04444885253906, 101.15565490722656] prediction_age_sec=0.07 predictive_target=7 proactive=True scenario=s4-hybrid-predictive target_replicas=7 upper_forecasts=[111.56101989746094, 111.72782135009766, 112.398681640625, 111.33041381835938, 112.98147583007812, 113.42472076416016, 113.62097930908203, 112.71343994140625, 112.27439880371094]
2026-07-14 02:35:34 [info     ] k8s_scale_executed             deployment=test-app-warm replicas=7
2026-07-14 02:35:34 [debug    ] Decision loop completed        action=MAINTAIN latency_ms=162.74 p99=130.0
2026-07-14 02:35:50 [debug    ] HAProxy fallback latency       delta_requests=1050 interval_avg_ms=65.0 max_rtime_ms=268.0 p99_est=130.0
2026-07-14 02:35:50 [debug    ] GRU prediction received        confidence=0.8 latency_ms=5.78 predicted=104
2026-07-14 02:35:50 [debug    ] Using GRU prediction           confidence=0.8 forecast_capacity_signal=104.0 predicted=104 required_steps=5
2026-07-14 02:35:50 [info     ] algorithm2_scaling_decision    action=MAINTAIN alpha=0.060060060060060066 beta=0.0 buffer=1.0 current_replicas=7 predicted_load=104.0 required_resources=6.246 target_replicas=7
2026-07-14 02:35:50 [info     ] algorithm2_decision            action=MAINTAIN applied_target=7 current_replicas=7 hold_until=1783971440.1 observed_load=71.45 observed_target=5 point_forecasts=[92.96928405761719, 92.25714111328125, 93.45020294189453, 92.01676940917969, 93.52140808105469, 93.29378509521484, 93.538330078125, 92.87159729003906, 92.1281509399414] prediction_age_sec=0.07 predictive_target=7 proactive=True scenario=s4-hybrid-predictive target_replicas=7 upper_forecasts=[102.61026763916016, 102.54522705078125, 103.19318389892578, 102.59304809570312, 103.81562805175781, 103.88545227050781, 104.49578094482422, 103.54058837890625, 103.24689483642578]
2026-07-14 02:35:50 [debug    ] Decision loop completed        action=MAINTAIN latency_ms=121.23 p99=130.0
2026-07-14 02:36:05 [debug    ] HAProxy fallback latency       delta_requests=1185 interval_avg_ms=65.0 max_rtime_ms=268.0 p99_est=130.0
2026-07-14 02:36:05 [debug    ] GRU prediction received        confidence=0.8 latency_ms=6.26 predicted=99
2026-07-14 02:36:05 [debug    ] Using GRU prediction           confidence=0.8 forecast_capacity_signal=99.0 predicted=99 required_steps=5
2026-07-14 02:36:05 [info     ] algorithm2_scaling_decision    action=MAINTAIN alpha=0.060060060060060066 beta=0.0 buffer=1.0 current_replicas=7 predicted_load=99.0 required_resources=5.946 target_replicas=6
2026-07-14 02:36:05 [info     ] algorithm2_decision            action=MAINTAIN applied_target=6 current_replicas=7 hold_until=1783971455.2 observed_load=73.81 observed_target=5 point_forecasts=[88.3154067993164, 87.58563232421875, 88.59161376953125, 87.63301086425781, 88.47200775146484, 88.19775390625, 88.40069580078125, 88.01239013671875, 86.9981689453125] prediction_age_sec=0.07 predictive_target=6 proactive=True scenario=s4-hybrid-predictive target_replicas=6 upper_forecasts=[97.95639038085938, 97.87371826171875, 98.3345947265625, 98.20928955078125, 98.76622772216797, 98.78942108154297, 99.35814666748047, 98.68138122558594, 98.11691284179688]
2026-07-14 02:36:05 [debug    ] Decision loop completed        action=MAINTAIN latency_ms=121.14 p99=130.0
2026-07-14 02:36:20 [debug    ] HAProxy fallback latency       delta_requests=1329 interval_avg_ms=111.7 max_rtime_ms=268.0 p99_est=223.39
2026-07-14 02:36:20 [debug    ] GRU prediction received        confidence=0.8 latency_ms=5.64 predicted=98
2026-07-14 02:36:20 [debug    ] Using GRU prediction           confidence=0.8 forecast_capacity_signal=98.0 predicted=98 required_steps=5
2026-07-14 02:36:20 [info     ] algorithm2_scaling_decision    action=MAINTAIN alpha=0.060060060060060066 beta=0.0 buffer=1.0 current_replicas=7 predicted_load=98.0 required_resources=5.886 target_replicas=6
2026-07-14 02:36:20 [info     ] algorithm2_decision            action=MAINTAIN applied_target=6 current_replicas=7 hold_until=1783971470.3 observed_load=83.13 observed_target=5 point_forecasts=[86.8750991821289, 86.23776245117188, 87.20843505859375, 86.60321807861328, 86.96224975585938, 86.8077621459961, 86.8253402709961, 86.61626434326172, 85.86988067626953] prediction_age_sec=0.07 predictive_target=6 proactive=True scenario=s4-hybrid-predictive target_replicas=6 upper_forecasts=[96.51608276367188, 96.52584838867188, 96.951416015625, 97.17949676513672, 97.2564697265625, 97.39942932128906, 97.78279113769531, 97.2852554321289, 96.9886245727539]
2026-07-14 02:36:20 [debug    ] Decision loop completed        action=MAINTAIN latency_ms=122.23 p99=223.3905191873589
2026-07-14 02:36:35 [debug    ] HAProxy fallback latency       delta_requests=1075 interval_avg_ms=7.27 max_rtime_ms=268.0 p99_est=14.54
2026-07-14 02:36:35 [debug    ] GRU prediction received        confidence=0.8 latency_ms=6.24 predicted=93
2026-07-14 02:36:35 [debug    ] Using GRU prediction           confidence=0.8 forecast_capacity_signal=93.0 predicted=93 required_steps=5
2026-07-14 02:36:35 [info     ] algorithm2_scaling_decision    action=MAINTAIN alpha=0.060060060060060066 beta=0.0 buffer=1.0 current_replicas=7 predicted_load=93.0 required_resources=5.586 target_replicas=6
2026-07-14 02:36:35 [info     ] algorithm2_decision            action=MAINTAIN applied_target=6 current_replicas=7 hold_until=1783971485.5 observed_load=79.52 observed_target=5 point_forecasts=[82.6856918334961, 81.61882781982422, 82.78718566894531, 82.25865173339844, 82.27246856689453, 82.41098022460938, 82.40342712402344, 82.02035522460938, 81.37911224365234] prediction_age_sec=0.07 predictive_target=6 proactive=True scenario=s4-hybrid-predictive target_replicas=6 upper_forecasts=[92.32667541503906, 91.90691375732422, 92.53016662597656, 92.83493041992188, 92.56668853759766, 93.00264739990234, 93.36087799072266, 92.68934631347656, 92.49785614013672]
2026-07-14 02:36:35 [debug    ] Decision loop completed        action=MAINTAIN latency_ms=119.74 p99=14.543255813953488
2026-07-14 02:36:50 [debug    ] GRU prediction received        confidence=0.8 latency_ms=5.72 predicted=86
2026-07-14 02:36:50 [debug    ] Using GRU prediction           confidence=0.8 forecast_capacity_signal=86.0 predicted=86 required_steps=5
2026-07-14 02:36:50 [info     ] algorithm2_scaling_decision    action=MAINTAIN alpha=0.060060060060060066 beta=0.0 buffer=1.0 current_replicas=7 predicted_load=86.0 required_resources=5.165 target_replicas=6
2026-07-14 02:36:50 [info     ] algorithm2_decision            action=MAINTAIN applied_target=6 current_replicas=7 hold_until=1783971500.6 observed_load=60.88 observed_target=4 point_forecasts=[75.4654541015625, 73.46070098876953, 75.24822998046875, 73.70724487304688, 74.34852600097656, 74.65013885498047, 74.98793029785156, 74.02983093261719, 73.12832641601562] prediction_age_sec=0.07 predictive_target=6 proactive=True scenario=s4-hybrid-predictive target_replicas=6 upper_forecasts=[85.10643768310547, 83.74878692626953, 84.9912109375, 84.28352355957031, 84.64274597167969, 85.24180603027344, 85.94538116455078, 84.69882202148438, 84.2470703125]
2026-07-14 02:36:50 [debug    ] Decision loop completed        action=MAINTAIN latency_ms=125.6 p99=14.543255813953488
2026-07-14 02:37:05 [debug    ] HAProxy fallback latency       delta_requests=703 interval_avg_ms=64.0 max_rtime_ms=268.0 p99_est=128.0
2026-07-14 02:37:05 [debug    ] GRU prediction received        confidence=0.8 latency_ms=6.25 predicted=80
2026-07-14 02:37:05 [debug    ] Using GRU prediction           confidence=0.8 forecast_capacity_signal=80.0 predicted=80 required_steps=5
2026-07-14 02:37:05 [info     ] algorithm2_scaling_decision    action=SCALE_DOWN alpha=0.060060060060060066 beta=0.0 buffer=1.0 current_replicas=7 predicted_load=80.0 required_resources=4.805 target_replicas=5
2026-07-14 02:37:05 [info     ] algorithm2_decision            action=SCALE_DOWN applied_target=5 current_replicas=7 hold_until=1783971515.7 observed_load=48.57 observed_target=3 point_forecasts=[68.96636962890625, 66.86589050292969, 68.88795471191406, 67.30079650878906, 67.8783950805664, 68.36751556396484, 68.75114440917969, 67.47301483154297, 66.65570831298828] prediction_age_sec=0.07 predictive_target=5 proactive=True scenario=s4-hybrid-predictive target_replicas=5 upper_forecasts=[78.60735321044922, 77.15397644042969, 78.63093566894531, 77.8770751953125, 78.17261505126953, 78.95918273925781, 79.7085952758789, 78.14200592041016, 77.77445220947266]
2026-07-14 02:37:05 [debug    ] Decision loop completed        action=MAINTAIN latency_ms=119.84 p99=128.0
2026-07-14 02:37:20 [debug    ] HAProxy fallback latency       delta_requests=692 interval_avg_ms=64.0 max_rtime_ms=268.0 p99_est=128.0
2026-07-14 02:37:20 [debug    ] GRU prediction received        confidence=0.8 latency_ms=5.6 predicted=74
2026-07-14 02:37:20 [debug    ] Using GRU prediction           confidence=0.8 forecast_capacity_signal=74.0 predicted=74 required_steps=5
2026-07-14 02:37:20 [info     ] algorithm2_scaling_decision    action=SCALE_DOWN alpha=0.060060060060060066 beta=0.0 buffer=1.0 current_replicas=7 predicted_load=74.0 required_resources=4.444 target_replicas=5
2026-07-14 02:37:20 [info     ] algorithm2_decision            action=SCALE_DOWN applied_target=5 current_replicas=7 hold_until=1783971530.8 observed_load=46.15 observed_target=3 point_forecasts=[63.5177001953125, 61.69689178466797, 63.507957458496094, 62.20604705810547, 62.55120086669922, 63.12866973876953, 63.45294952392578, 62.102867126464844, 61.473777770996094] prediction_age_sec=0.07 predictive_target=5 proactive=True scenario=s4-hybrid-predictive target_replicas=5 upper_forecasts=[73.15868377685547, 71.98497772216797, 73.25093841552734, 72.7823257446289, 72.84542083740234, 73.7203369140625, 74.410400390625, 72.77185821533203, 72.59252166748047]
2026-07-14 02:37:20 [debug    ] Decision loop completed        action=MAINTAIN latency_ms=121.51 p99=128.0
2026-07-14 02:37:35 [debug    ] HAProxy fallback latency       delta_requests=652 interval_avg_ms=64.0 max_rtime_ms=268.0 p99_est=128.0
2026-07-14 02:37:35 [debug    ] GRU prediction received        confidence=0.8 latency_ms=6.24 predicted=70
2026-07-14 02:37:35 [debug    ] Using GRU prediction           confidence=0.8 forecast_capacity_signal=70.0 predicted=70 required_steps=5
2026-07-14 02:37:35 [info     ] algorithm2_scaling_decision    action=SCALE_DOWN alpha=0.060060060060060066 beta=0.0 buffer=1.0 current_replicas=7 predicted_load=70.0 required_resources=4.204 target_replicas=5
2026-07-14 02:37:35 [info     ] algorithm2_decision            action=SCALE_DOWN applied_target=5 current_replicas=7 hold_until=1783971546.0 observed_load=44.44 observed_target=3 point_forecasts=[58.7193603515625, 57.17411804199219, 58.76642608642578, 57.72962951660156, 57.88137435913086, 58.5089111328125, 58.76021194458008, 57.40143585205078, 56.970191955566406] prediction_age_sec=0.08 predictive_target=5 proactive=True scenario=s4-hybrid-predictive target_replicas=5 upper_forecasts=[68.36034393310547, 67.46220397949219, 68.50940704345703, 68.305908203125, 68.17559814453125, 69.10057830810547, 69.71765899658203, 68.07042694091797, 68.08893585205078]
2026-07-14 02:37:35 [info     ] k8s_scale_executed             deployment=test-app-warm replicas=5
2026-07-14 02:37:35 [debug    ] Decision loop completed        action=MAINTAIN latency_ms=168.11 p99=128.0
2026-07-14 02:37:51 [debug    ] HAProxy fallback latency       delta_requests=643 interval_avg_ms=64.0 max_rtime_ms=268.0 p99_est=128.0
2026-07-14 02:37:51 [debug    ] GRU prediction received        confidence=0.8 latency_ms=6.19 predicted=66
2026-07-14 02:37:51 [debug    ] Using GRU prediction           confidence=0.8 forecast_capacity_signal=66.0 predicted=66 required_steps=5
2026-07-14 02:37:51 [info     ] algorithm2_scaling_decision    action=MAINTAIN alpha=0.060060060060060066 beta=0.0 buffer=1.0 current_replicas=5 predicted_load=66.0 required_resources=3.964 target_replicas=4
2026-07-14 02:37:51 [info     ] algorithm2_decision            action=MAINTAIN applied_target=4 current_replicas=5 hold_until=1783971561.1 observed_load=42.72 observed_target=3 point_forecasts=[54.815528869628906, 53.51789855957031, 54.906761169433594, 54.08889389038086, 54.111114501953125, 54.74030303955078, 54.90625, 53.61455154418945, 53.34888458251953] prediction_age_sec=0.07 predictive_target=4 proactive=True scenario=s4-hybrid-predictive target_replicas=4 upper_forecasts=[64.45651245117188, 63.80598068237305, 64.64974212646484, 64.66517639160156, 64.40533447265625, 65.33197021484375, 65.86370086669922, 64.2835464477539, 64.4676284790039]
2026-07-14 02:37:51 [debug    ] Decision loop completed        action=MAINTAIN latency_ms=124.24 p99=128.0
2026-07-14 02:38:06 [debug    ] HAProxy fallback latency       delta_requests=849 interval_avg_ms=64.0 max_rtime_ms=268.0 p99_est=128.0
2026-07-14 02:38:06 [debug    ] GRU prediction received        confidence=0.8 latency_ms=6.02 predicted=65
2026-07-14 02:38:06 [debug    ] Using GRU prediction           confidence=0.8 forecast_capacity_signal=65.0 predicted=65 required_steps=5
2026-07-14 02:38:06 [info     ] algorithm2_scaling_decision    action=MAINTAIN alpha=0.060060060060060066 beta=0.0 buffer=1.0 current_replicas=5 predicted_load=65.0 required_resources=3.904 target_replicas=4
2026-07-14 02:38:06 [info     ] algorithm2_decision            action=MAINTAIN applied_target=4 current_replicas=5 hold_until=1783971576.2 observed_load=49.23 observed_target=3 point_forecasts=[54.06930923461914, 53.0319938659668, 54.21002960205078, 53.4409294128418, 53.596134185791016, 54.123077392578125, 54.04414367675781, 53.1151123046875, 53.013633728027344] prediction_age_sec=0.07 predictive_target=4 proactive=True scenario=s4-hybrid-predictive target_replicas=4 upper_forecasts=[63.710289001464844, 63.32007598876953, 63.95301055908203, 64.0172119140625, 63.89035415649414, 64.7147445678711, 65.00159454345703, 63.78410339355469, 64.13237762451172]
2026-07-14 02:38:06 [debug    ] Decision loop completed        action=MAINTAIN latency_ms=114.35 p99=128.0
2026-07-14 02:38:21 [debug    ] HAProxy fallback latency       delta_requests=1067 interval_avg_ms=128.2 max_rtime_ms=268.0 p99_est=256.4
2026-07-14 02:38:21 [debug    ] GRU prediction received        confidence=0.8 latency_ms=6.3 predicted=67
2026-07-14 02:38:21 [debug    ] Using GRU prediction           confidence=0.8 forecast_capacity_signal=67.0 predicted=67 required_steps=5
2026-07-14 02:38:21 [debug    ] Proactive amplification        amplified=101.5 approach_ratio=0.85 load_trend=6.2 raw_pred=67
2026-07-14 02:38:21 [info     ] algorithm2_scaling_decision    action=MAINTAIN alpha=0.060060060060060066 beta=0.0 buffer=1.0 current_replicas=5 predicted_load=67.0 required_resources=4.024 target_replicas=5
2026-07-14 02:38:21 [info     ] algorithm2_decision            action=MAINTAIN applied_target=5 current_replicas=5 hold_until=1783971591.4 observed_load=63.33 observed_target=4 point_forecasts=[56.34972381591797, 55.499176025390625, 56.51683044433594, 55.65869140625, 56.10343933105469, 56.48579788208008, 56.108970642089844, 55.6639518737793, 55.7242546081543] prediction_age_sec=0.08 predictive_target=5 proactive=True scenario=s4-hybrid-predictive target_replicas=5 upper_forecasts=[65.99070739746094, 65.78726196289062, 66.25981140136719, 66.23497009277344, 66.39765930175781, 67.07746887207031, 67.06642150878906, 66.33294677734375, 66.8429946899414]
2026-07-14 02:38:21 [debug    ] Decision loop completed        action=MAINTAIN latency_ms=127.82 p99=256.40487347703845
2026-07-14 02:38:36 [debug    ] HAProxy fallback latency       delta_requests=1075 interval_avg_ms=129.72 max_rtime_ms=268.0 p99_est=259.45
2026-07-14 02:38:36 [debug    ] GRU prediction received        confidence=0.8 latency_ms=6.01 predicted=70
2026-07-14 02:38:36 [debug    ] Using GRU prediction           confidence=0.8 forecast_capacity_signal=70.0 predicted=70 required_steps=5
2026-07-14 02:38:36 [debug    ] Proactive amplification        amplified=106.0 approach_ratio=0.85 load_trend=7.0 raw_pred=70
2026-07-14 02:38:36 [info     ] algorithm2_scaling_decision    action=MAINTAIN alpha=0.060060060060060066 beta=0.0 buffer=1.0 current_replicas=5 predicted_load=70.79554926500137 required_resources=4.252 target_replicas=5
2026-07-14 02:38:36 [info     ] algorithm2_decision            action=MAINTAIN applied_target=5 current_replicas=5 hold_until=1783971591.4 observed_load=70.8 observed_target=5 point_forecasts=[59.209442138671875, 58.63582229614258, 59.21923828125, 58.71070098876953, 58.957862854003906, 59.22321319580078, 58.80908966064453, 58.665626525878906, 58.87643051147461] prediction_age_sec=0.08 predictive_target=5 proactive=False scenario=s4-hybrid-predictive target_replicas=5 upper_forecasts=[68.85042572021484, 68.92390441894531, 68.96221923828125, 69.28697967529297, 69.25208282470703, 69.81488037109375, 69.76654052734375, 69.3346176147461, 69.99517059326172]
2026-07-14 02:38:36 [debug    ] Decision loop completed        action=MAINTAIN latency_ms=127.6 p99=259.4493023255814
2026-07-14 02:38:51 [debug    ] HAProxy fallback latency       delta_requests=1051 interval_avg_ms=133.2 max_rtime_ms=268.0 p99_est=266.41
2026-07-14 02:38:51 [debug    ] GRU prediction received        confidence=0.8 latency_ms=5.77 predicted=73
2026-07-14 02:38:51 [debug    ] Using GRU prediction           confidence=0.8 forecast_capacity_signal=73.0 predicted=73 required_steps=5
2026-07-14 02:38:51 [debug    ] Proactive amplification        amplified=103.4 approach_ratio=0.83 load_trend=6.8 raw_pred=73
2026-07-14 02:38:51 [info     ] algorithm2_scaling_decision    action=MAINTAIN alpha=0.060060060060060066 beta=0.0 buffer=1.0 current_replicas=5 predicted_load=70.26751341221795 required_resources=4.22 target_replicas=5
2026-07-14 02:38:51 [info     ] algorithm2_decision            action=MAINTAIN applied_target=5 current_replicas=5 hold_until=1783971591.4 observed_load=70.27 observed_target=5 point_forecasts=[61.61845779418945, 61.15087890625, 61.50082015991211, 61.20761489868164, 61.28466796875, 61.49635314941406, 61.13083267211914, 61.113426208496094, 61.400054931640625] prediction_age_sec=0.07 predictive_target=5 proactive=False scenario=s4-hybrid-predictive target_replicas=5 upper_forecasts=[71.25943756103516, 71.43896484375, 71.24380493164062, 71.78388977050781, 71.57888793945312, 72.08802032470703, 72.0882797241211, 71.78241729736328, 72.518798828125]
2026-07-14 02:38:51 [debug    ] Decision loop completed        action=MAINTAIN latency_ms=120.72 p99=266.40532825880115
2026-07-14 02:39:06 [debug    ] HAProxy fallback latency       delta_requests=1074 interval_avg_ms=67.0 max_rtime_ms=268.0 p99_est=134.0
2026-07-14 02:39:06 [debug    ] GRU prediction received        confidence=0.8 latency_ms=5.77 predicted=75
2026-07-14 02:39:06 [debug    ] Using GRU prediction           confidence=0.8 forecast_capacity_signal=75.0 predicted=75 required_steps=5
2026-07-14 02:39:06 [debug    ] Proactive amplification        amplified=89.7 approach_ratio=0.85 load_trend=3.7 raw_pred=75
2026-07-14 02:39:06 [info     ] algorithm2_scaling_decision    action=MAINTAIN alpha=0.060060060060060066 beta=0.0 buffer=1.0 current_replicas=5 predicted_load=70.25173820335127 required_resources=4.219 target_replicas=5
2026-07-14 02:39:06 [info     ] algorithm2_decision            action=MAINTAIN applied_target=5 current_replicas=5 hold_until=1783971591.4 observed_load=70.25 observed_target=5 point_forecasts=[64.00489807128906, 63.59379577636719, 63.7860107421875, 63.62369155883789, 63.5892333984375, 63.773406982421875, 63.443538665771484, 63.51318359375, 63.84111785888672] prediction_age_sec=0.08 predictive_target=5 proactive=False scenario=s4-hybrid-predictive target_replicas=5 upper_forecasts=[73.64588165283203, 73.88188171386719, 73.52899169921875, 74.19996643066406, 73.88345336914062, 74.36507415771484, 74.40098571777344, 74.18217468261719, 74.9598617553711]
2026-07-14 02:39:06 [debug    ] Decision loop completed        action=MAINTAIN latency_ms=124.8 p99=134.0
2026-07-14 02:39:21 [debug    ] HAProxy fallback latency       delta_requests=1142 interval_avg_ms=3.21 max_rtime_ms=268.0 p99_est=6.42
2026-07-14 02:39:21 [debug    ] GRU prediction received        confidence=0.8 latency_ms=5.69 predicted=78
2026-07-14 02:39:21 [debug    ] Using GRU prediction           confidence=0.8 forecast_capacity_signal=78.0 predicted=78 required_steps=5
2026-07-14 02:39:21 [info     ] algorithm2_scaling_decision    action=MAINTAIN alpha=0.060060060060060066 beta=0.0 buffer=1.0 current_replicas=5 predicted_load=73.26780731798587 required_resources=4.4 target_replicas=5
2026-07-14 02:39:21 [info     ] algorithm2_decision            action=MAINTAIN applied_target=5 current_replicas=5 hold_until=1783971591.4 observed_load=73.27 observed_target=5 point_forecasts=[66.91618347167969, 66.66056823730469, 66.60733795166016, 66.63058471679688, 66.45829010009766, 66.61170959472656, 66.27747344970703, 66.50165557861328, 66.8814697265625] prediction_age_sec=0.08 predictive_target=5 proactive=False scenario=s4-hybrid-predictive target_replicas=5 upper_forecasts=[76.55716705322266, 76.94865417480469, 76.3503189086914, 77.20686340332031, 76.75251007080078, 77.20337677001953, 77.23492431640625, 77.17064666748047, 78.00021362304688]
2026-07-14 02:39:21 [debug    ] Decision loop completed        action=MAINTAIN latency_ms=127.72 p99=6.423817863397548
2026-07-14 02:39:36 [debug    ] HAProxy fallback latency       delta_requests=1416 interval_avg_ms=170.89 max_rtime_ms=268.0 p99_est=268.0
2026-07-14 02:39:36 [debug    ] GRU prediction received        confidence=0.8 latency_ms=6.98 predicted=86
2026-07-14 02:39:36 [debug    ] Using GRU prediction           confidence=0.8 forecast_capacity_signal=86.0 predicted=86 required_steps=5
2026-07-14 02:39:36 [debug    ] Proactive amplification        amplified=121.6 approach_ratio=1.12 load_trend=5.6 raw_pred=86
2026-07-14 02:39:36 [info     ] Knative pre-warm OK            cold_start_ms=2.7
2026-07-14 02:39:36 [info     ] controller_decision_v3         action=PREDICTIVE available_replicas=5 budget_remaining=990 burn_adjustment=0 burst_ratio=0.11 capacity_deficit=False confidence=0.8 current_load=93.53564111858155 decision_id=5d913c7a k8s_capacity=83.2 k8s_weight=89 knative_weight=11 p99=268.0 predicted_load=86 r_effective=16.6 serverless_enabled=True total_load=93.5 weights_after={'k3s': 89, 'knative': 11} weights_before={'k3s': 100, 'knative': 0}
2026-07-14 02:39:36 [info     ] Weights updated                k3s=89 knative=11
2026-07-14 02:39:36 [info     ] Weights updated                action=PREDICTIVE reason='load=94RPS | k8s_cap=83RPS | (prediction-driven)' weights={'k3s': 89, 'knative': 11}
2026-07-14 02:39:36 [info     ] algorithm2_scaling_decision    action=SCALE_UP alpha=0.060060060060060066 beta=0.0 buffer=1.0 current_replicas=5 predicted_load=84.51905118176686 required_resources=5.076 target_replicas=6
2026-07-14 02:39:36 [info     ] algorithm2_decision            action=SCALE_UP applied_target=6 current_replicas=5 hold_until=1783971591.4 observed_load=84.52 observed_target=6 point_forecasts=[73.81270599365234, 74.48550415039062, 73.78563690185547, 74.7113037109375, 73.79672241210938, 73.9168930053711, 73.01261138916016, 74.0389175415039, 74.9325942993164] prediction_age_sec=0.08 predictive_target=6 proactive=False scenario=s4-hybrid-predictive target_replicas=6 upper_forecasts=[83.45368957519531, 84.77359008789062, 83.52861785888672, 85.28758239746094, 84.0909423828125, 84.50856018066406, 83.97006225585938, 84.7079086303711, 86.05133819580078]
2026-07-14 02:39:37 [info     ] k8s_scale_executed             deployment=test-app-warm replicas=6
2026-07-14 02:39:37 [debug    ] Decision loop completed        action=PREDICTIVE latency_ms=169.61 p99=268.0
2026-07-14 02:39:52 [debug    ] HAProxy fallback latency       delta_requests=1643 interval_avg_ms=206.6 max_rtime_ms=268.0 p99_est=268.0
2026-07-14 02:39:52 [debug    ] GRU prediction received        confidence=0.8 latency_ms=5.79 predicted=96
2026-07-14 02:39:52 [debug    ] Using GRU prediction           confidence=0.8 forecast_capacity_signal=96.0 predicted=96 required_steps=5
2026-07-14 02:39:52 [debug    ] Proactive amplification        amplified=156.7 approach_ratio=1.08 load_trend=9.7 raw_pred=96
2026-07-14 02:39:52 [info     ] controller_decision_v3         action=RECOVERY available_replicas=6 budget_remaining=989 burn_adjustment=0 burst_ratio=0.0771 capacity_deficit=False confidence=0.8 current_load=108.24117156034325 decision_id=b4f71222 k8s_capacity=99.9 k8s_weight=92 knative_weight=8 p99=268.0 predicted_load=96 r_effective=16.6 serverless_enabled=True total_load=108.2 weights_after={'k3s': 92, 'knative': 8} weights_before={'k3s': 89, 'knative': 11}
2026-07-14 02:39:52 [info     ] Weights updated                k3s=92 knative=8
2026-07-14 02:39:52 [info     ] Weights updated                action=RECOVERY reason='load=108RPS | k8s_cap=100RPS | (reducing-serverless)' weights={'k3s': 92, 'knative': 8}
2026-07-14 02:39:52 [info     ] Scale readiness observed       elapsed_sec=15.2 ewma_delay=42.4 samples=9 target=6
2026-07-14 02:39:52 [info     ] algorithm2_scaling_decision    action=SCALE_UP alpha=0.060060060060060066 beta=0.0 buffer=1.0 current_replicas=6 predicted_load=100.88840633946239 required_resources=6.059 target_replicas=7
2026-07-14 02:39:52 [info     ] algorithm2_decision            action=SCALE_UP applied_target=7 current_replicas=6 hold_until=1783971591.4 observed_load=100.89 observed_target=7 point_forecasts=[82.56703186035156, 84.1185073852539, 83.24787139892578, 85.15547180175781, 83.42092895507812, 83.50960540771484, 82.01697540283203, 83.63816833496094, 84.96859741210938] prediction_age_sec=0.11 predictive_target=6 proactive=False scenario=s4-hybrid-predictive target_replicas=7 upper_forecasts=[92.20801544189453, 94.4065933227539, 92.99085235595703, 95.73175048828125, 93.71514892578125, 94.10127258300781, 92.97442626953125, 94.30715942382812, 96.08734130859375]
2026-07-14 02:39:52 [info     ] k8s_scale_executed             deployment=test-app-warm replicas=7
2026-07-14 02:39:52 [debug    ] Decision loop completed        action=RECOVERY latency_ms=203.04 p99=268.0
2026-07-14 02:40:07 [debug    ] HAProxy fallback latency       delta_requests=1437 interval_avg_ms=17.18 max_rtime_ms=268.0 p99_est=34.36
2026-07-14 02:40:07 [debug    ] GRU prediction received        confidence=0.8 latency_ms=6.75 predicted=100
2026-07-14 02:40:07 [debug    ] Using GRU prediction           confidence=0.8 forecast_capacity_signal=100.1 predicted=100 required_steps=4
2026-07-14 02:40:07 [debug    ] Proactive amplification        amplified=124.2 approach_ratio=0.81 load_trend=5.9 raw_pred=100
2026-07-14 02:40:07 [info     ] controller_decision_v3         action=RECOVERY available_replicas=7 budget_remaining=989 burn_adjustment=0 burst_ratio=0 capacity_deficit=False confidence=0.8 current_load=94.65184831951194 decision_id=69247231 k8s_capacity=116.5 k8s_weight=100 knative_weight=0 p99=34.4 predicted_load=100 r_effective=16.6 serverless_enabled=False total_load=94.7 weights_after={'k3s': 100, 'knative': 0} weights_before={'k3s': 92, 'knative': 8}
2026-07-14 02:40:07 [info     ] Weights updated                k3s=100 knative=0
2026-07-14 02:40:07 [info     ] Weights updated                action=RECOVERY reason='load=95RPS | k8s_cap=117RPS | (reducing-serverless)' weights={'k3s': 100, 'knative': 0}
2026-07-14 02:40:07 [info     ] Scale readiness observed       elapsed_sec=15.2 ewma_delay=34.2 samples=10 target=7
2026-07-14 02:40:07 [info     ] algorithm2_scaling_decision    action=MAINTAIN alpha=0.060060060060060066 beta=0.0 buffer=1.0 current_replicas=7 predicted_load=101.4465099399276 required_resources=6.093 target_replicas=7
2026-07-14 02:40:07 [info     ] algorithm2_decision            action=MAINTAIN applied_target=7 current_replicas=7 hold_until=1783971591.4 observed_load=101.45 observed_target=7 point_forecasts=[86.9803695678711, 88.4096450805664, 87.90960693359375, 89.4959487915039, 87.83275604248047, 87.98003387451172, 86.67665100097656, 88.02037048339844, 89.04102325439453] prediction_age_sec=0.11 predictive_target=7 proactive=False scenario=s4-hybrid-predictive target_replicas=7 upper_forecasts=[96.62135314941406, 98.6977310180664, 97.652587890625, 100.07222747802734, 98.1269760131836, 98.57170104980469, 97.63410186767578, 98.68936157226562, 100.1597671508789]
2026-07-14 02:40:07 [debug    ] Decision loop completed        action=RECOVERY latency_ms=159.84 p99=34.356297842727905
2026-07-14 02:40:22 [debug    ] GRU prediction received        confidence=0.8 latency_ms=5.69 predicted=99
2026-07-14 02:40:22 [debug    ] Using GRU prediction           confidence=0.8 forecast_capacity_signal=99.0 predicted=99 required_steps=4
2026-07-14 02:40:22 [info     ] algorithm2_scaling_decision    action=MAINTAIN alpha=0.060060060060060066 beta=0.0 buffer=1.0 current_replicas=7 predicted_load=85.81516646684614 required_resources=5.154 target_replicas=6
2026-07-14 02:40:22 [info     ] algorithm2_decision            action=MAINTAIN applied_target=6 current_replicas=7 hold_until=1783971591.4 observed_load=85.82 observed_target=6 point_forecasts=[86.17852783203125, 87.10491943359375, 87.04067993164062, 87.99502563476562, 86.79234313964844, 86.98410034179688, 86.00651550292969, 86.95177459716797, 87.38488006591797] prediction_age_sec=0.07 predictive_target=6 proactive=False scenario=s4-hybrid-predictive target_replicas=6 upper_forecasts=[95.81951141357422, 97.39300537109375, 96.78366088867188, 98.57130432128906, 97.08656311035156, 97.57576751708984, 96.9639663696289, 97.62076568603516, 98.50362396240234]
2026-07-14 02:40:22 [debug    ] Decision loop completed        action=MAINTAIN latency_ms=117.2 p99=34.356297842727905
2026-07-14 02:40:37 [debug    ] GRU prediction received        confidence=0.8 latency_ms=5.77 predicted=92
2026-07-14 02:40:37 [debug    ] Using GRU prediction           confidence=0.8 forecast_capacity_signal=92.4 predicted=92 required_steps=4
2026-07-14 02:40:37 [info     ] algorithm2_scaling_decision    action=MAINTAIN alpha=0.060060060060060066 beta=0.0 buffer=1.0 current_replicas=7 predicted_load=92.38624572753906 required_resources=5.549 target_replicas=6
2026-07-14 02:40:37 [info     ] algorithm2_decision            action=MAINTAIN applied_target=6 current_replicas=7 hold_until=1783971727.6 observed_load=68.39 observed_target=5 point_forecasts=[81.43211364746094, 81.13861083984375, 81.603759765625, 81.80996704101562, 81.13548278808594, 81.38232421875, 80.92704010009766, 81.1874008178711, 81.18206787109375] prediction_age_sec=0.07 predictive_target=6 proactive=True scenario=s4-hybrid-predictive target_replicas=6 upper_forecasts=[91.0730972290039, 91.42669677734375, 91.34674072265625, 92.38624572753906, 91.42970275878906, 91.97399139404297, 91.88449096679688, 91.85639190673828, 92.30081176757812]
2026-07-14 02:40:37 [debug    ] Decision loop completed        action=MAINTAIN latency_ms=117.63 p99=34.356297842727905
2026-07-14 02:40:52 [debug    ] GRU prediction received        confidence=0.8 latency_ms=5.92 predicted=84
2026-07-14 02:40:52 [debug    ] Using GRU prediction           confidence=0.8 forecast_capacity_signal=84.0 predicted=84 required_steps=4
2026-07-14 02:40:52 [info     ] algorithm2_scaling_decision    action=MAINTAIN alpha=0.060060060060060066 beta=0.0 buffer=1.0 current_replicas=7 predicted_load=84.0 required_resources=5.045 target_replicas=6
2026-07-14 02:40:52 [info     ] algorithm2_decision            action=MAINTAIN applied_target=6 current_replicas=7 hold_until=1783971742.8 observed_load=52.62 observed_target=4 point_forecasts=[73.62769317626953, 71.93093872070312, 73.39002990722656, 72.0952377319336, 72.50108337402344, 72.8531494140625, 73.06781768798828, 72.30329132080078, 71.70013427734375] prediction_age_sec=0.08 predictive_target=6 proactive=True scenario=s4-hybrid-predictive target_replicas=6 upper_forecasts=[83.2686767578125, 82.21902465820312, 83.13301086425781, 82.67151641845703, 82.79530334472656, 83.44481658935547, 84.0252685546875, 82.97228240966797, 82.81887817382812]
2026-07-14 02:40:52 [debug    ] Decision loop completed        action=MAINTAIN latency_ms=130.19 p99=34.356297842727905
2026-07-14 02:41:07 [debug    ] GRU prediction received        confidence=0.8 latency_ms=5.98 predicted=78
2026-07-14 02:41:07 [debug    ] Using GRU prediction           confidence=0.8 forecast_capacity_signal=78.0 predicted=78 required_steps=4
2026-07-14 02:41:07 [info     ] algorithm2_scaling_decision    action=SCALE_DOWN alpha=0.060060060060060066 beta=0.0 buffer=1.0 current_replicas=7 predicted_load=78.0 required_resources=4.685 target_replicas=5
2026-07-14 02:41:07 [info     ] algorithm2_decision            action=SCALE_DOWN applied_target=5 current_replicas=7 hold_until=1783971757.9 observed_load=44.47 observed_target=3 point_forecasts=[67.13581085205078, 65.16603088378906, 67.08401489257812, 65.56367492675781, 66.08763122558594, 66.62612915039062, 66.89195251464844, 65.73174285888672, 65.10692596435547] prediction_age_sec=0.07 predictive_target=5 proactive=True scenario=s4-hybrid-predictive target_replicas=5 upper_forecasts=[76.77679443359375, 75.45411682128906, 76.82699584960938, 76.13995361328125, 76.38185119628906, 77.2177963256836, 77.84940338134766, 76.4007339477539, 76.22566986083984]
2026-07-14 02:41:07 [info     ] k8s_scale_executed             deployment=test-app-warm replicas=5
2026-07-14 02:41:07 [debug    ] Decision loop completed        action=MAINTAIN latency_ms=162.47 p99=34.356297842727905
2026-07-14 02:41:22 [debug    ] HAProxy fallback latency       delta_requests=675 interval_avg_ms=64.0 max_rtime_ms=268.0 p99_est=128.0
2026-07-14 02:41:22 [debug    ] GRU prediction received        confidence=0.8 latency_ms=5.61 predicted=73
2026-07-14 02:41:22 [debug    ] Using GRU prediction           confidence=0.8 forecast_capacity_signal=73.0 predicted=73 required_steps=4
2026-07-14 02:41:23 [info     ] algorithm2_scaling_decision    action=MAINTAIN alpha=0.060060060060060066 beta=0.0 buffer=1.0 current_replicas=5 predicted_load=73.0 required_resources=4.384 target_replicas=5
2026-07-14 02:41:23 [info     ] algorithm2_decision            action=MAINTAIN applied_target=5 current_replicas=5 hold_until=1783971773.1 observed_load=43.97 observed_target=3 point_forecasts=[61.98258972167969, 60.270233154296875, 61.991024017333984, 60.749755859375, 61.05467224121094, 61.667198181152344, 61.900543212890625, 60.62776184082031, 60.16228485107422] prediction_age_sec=0.08 predictive_target=5 proactive=True scenario=s4-hybrid-predictive target_replicas=5 upper_forecasts=[71.62357330322266, 70.55831909179688, 71.7340087890625, 71.32603454589844, 71.34889221191406, 72.25886535644531, 72.85799407958984, 71.2967529296875, 71.2810287475586]
2026-07-14 02:41:23 [debug    ] Decision loop completed        action=MAINTAIN latency_ms=127.93 p99=128.0
2026-07-14 02:41:38 [debug    ] HAProxy fallback latency       delta_requests=785 interval_avg_ms=64.0 max_rtime_ms=268.0 p99_est=128.0
2026-07-14 02:41:38 [debug    ] GRU prediction received        confidence=0.8 latency_ms=5.97 predicted=70
2026-07-14 02:41:38 [debug    ] Using GRU prediction           confidence=0.8 forecast_capacity_signal=70.0 predicted=70 required_steps=4
2026-07-14 02:41:38 [info     ] algorithm2_scaling_decision    action=MAINTAIN alpha=0.060060060060060066 beta=0.0 buffer=1.0 current_replicas=5 predicted_load=70.0 required_resources=4.204 target_replicas=5
2026-07-14 02:41:38 [info     ] algorithm2_decision            action=MAINTAIN applied_target=5 current_replicas=5 hold_until=1783971788.2 observed_load=48.14 observed_target=3 point_forecasts=[59.01422882080078, 57.60741424560547, 59.0995979309082, 58.031097412109375, 58.30593490600586, 58.889373779296875, 58.96455764770508, 57.850074768066406, 57.554039001464844] prediction_age_sec=0.08 predictive_target=5 proactive=True scenario=s4-hybrid-predictive target_replicas=5 upper_forecasts=[68.65521240234375, 67.89550018310547, 68.84257507324219, 68.60737609863281, 68.60015869140625, 69.48104095458984, 69.92200469970703, 68.5190658569336, 68.67278289794922]
2026-07-14 02:41:38 [debug    ] Decision loop completed        action=MAINTAIN latency_ms=125.51 p99=128.0
2026-07-14 02:41:53 [debug    ] HAProxy fallback latency       delta_requests=851 interval_avg_ms=64.0 max_rtime_ms=268.0 p99_est=128.0
2026-07-14 02:41:53 [debug    ] GRU prediction received        confidence=0.8 latency_ms=5.67 predicted=69
2026-07-14 02:41:53 [debug    ] Using GRU prediction           confidence=0.8 forecast_capacity_signal=69.0 predicted=69 required_steps=4
2026-07-14 02:41:53 [info     ] algorithm2_scaling_decision    action=MAINTAIN alpha=0.060060060060060066 beta=0.0 buffer=1.0 current_replicas=5 predicted_load=69.0 required_resources=4.144 target_replicas=5
2026-07-14 02:41:53 [info     ] algorithm2_decision            action=MAINTAIN applied_target=5 current_replicas=5 hold_until=1783971803.3 observed_load=54.08 observed_target=4 point_forecasts=[57.65485382080078, 56.47429656982422, 57.78234100341797, 56.812583923339844, 57.122344970703125, 57.64912414550781, 57.564266204833984, 56.666114807128906, 56.51697540283203] prediction_age_sec=0.07 predictive_target=5 proactive=True scenario=s4-hybrid-predictive target_replicas=5 upper_forecasts=[67.29583740234375, 66.76238250732422, 67.52532196044922, 67.38886260986328, 67.41656494140625, 68.24079132080078, 68.52171325683594, 67.3351058959961, 67.6357192993164]
2026-07-14 02:41:53 [debug    ] Decision loop completed        action=MAINTAIN latency_ms=118.56 p99=128.0
2026-07-14 02:42:08 [debug    ] HAProxy fallback latency       delta_requests=705 interval_avg_ms=64.0 max_rtime_ms=268.0 p99_est=128.0
2026-07-14 02:42:08 [debug    ] GRU prediction received        confidence=0.8 latency_ms=6.16 predicted=66
2026-07-14 02:42:08 [debug    ] Using GRU prediction           confidence=0.8 forecast_capacity_signal=66.0 predicted=66 required_steps=4
2026-07-14 02:42:08 [info     ] algorithm2_scaling_decision    action=MAINTAIN alpha=0.060060060060060066 beta=0.0 buffer=1.0 current_replicas=5 predicted_load=69.0 required_resources=4.144 target_replicas=5
2026-07-14 02:42:08 [info     ] algorithm2_decision            action=MAINTAIN applied_target=5 current_replicas=5 hold_until=1783971803.3 observed_load=51.48 observed_target=4 point_forecasts=[55.27665328979492, 54.187503814697266, 55.406105041503906, 54.5921630859375, 54.77390670776367, 55.290916442871094, 55.22401428222656, 54.319915771484375, 54.22187805175781] prediction_age_sec=0.07 predictive_target=4 proactive=True scenario=s4-hybrid-predictive target_replicas=5 upper_forecasts=[64.91763305664062, 64.4755859375, 65.14908599853516, 65.16844177246094, 65.06813049316406, 65.88258361816406, 66.18146514892578, 64.98890686035156, 65.34062194824219]
2026-07-14 02:42:08 [debug    ] Decision loop completed        action=MAINTAIN latency_ms=120.98 p99=128.0
2026-07-14 02:42:23 [debug    ] HAProxy fallback latency       delta_requests=575 interval_avg_ms=64.0 max_rtime_ms=268.0 p99_est=128.0
2026-07-14 02:42:23 [debug    ] GRU prediction received        confidence=0.8 latency_ms=5.63 predicted=63
2026-07-14 02:42:23 [debug    ] Using GRU prediction           confidence=0.8 forecast_capacity_signal=63.0 predicted=63 required_steps=4
2026-07-14 02:42:23 [info     ] algorithm2_scaling_decision    action=MAINTAIN alpha=0.060060060060060066 beta=0.0 buffer=1.0 current_replicas=5 predicted_load=63.0 required_resources=3.784 target_replicas=4
2026-07-14 02:42:23 [info     ] algorithm2_decision            action=MAINTAIN applied_target=4 current_replicas=5 hold_until=1783971833.5 observed_load=42.36 observed_target=3 point_forecasts=[51.963523864746094, 50.92958068847656, 52.081478118896484, 51.45698547363281, 51.442562103271484, 51.97938537597656, 51.989097595214844, 50.976619720458984, 50.913822174072266] prediction_age_sec=0.08 predictive_target=4 proactive=True scenario=s4-hybrid-predictive target_replicas=4 upper_forecasts=[61.60450744628906, 61.2176628112793, 61.824459075927734, 62.03326416015625, 61.73678207397461, 62.57105255126953, 62.94654846191406, 61.64561462402344, 62.032562255859375]
2026-07-14 02:42:23 [debug    ] Decision loop completed        action=MAINTAIN latency_ms=121.23 p99=128.0
2026-07-14 02:42:38 [debug    ] GRU prediction received        confidence=0.8 latency_ms=6.0 predicted=60
2026-07-14 02:42:38 [debug    ] Using GRU prediction           confidence=0.8 forecast_capacity_signal=60.0 predicted=60 required_steps=4
2026-07-14 02:42:38 [info     ] algorithm2_scaling_decision    action=MAINTAIN alpha=0.060060060060060066 beta=0.0 buffer=1.0 current_replicas=5 predicted_load=60.0 required_resources=3.604 target_replicas=4
2026-07-14 02:42:38 [info     ] algorithm2_decision            action=MAINTAIN applied_target=4 current_replicas=5 hold_until=1783971848.7 observed_load=38.39 observed_target=3 point_forecasts=[49.26363754272461, 48.32942581176758, 49.38486099243164, 48.901573181152344, 48.790313720703125, 49.306026458740234, 49.31332015991211, 48.31437683105469, 48.2984619140625] prediction_age_sec=0.07 predictive_target=4 proactive=True scenario=s4-hybrid-predictive target_replicas=4 upper_forecasts=[58.90461730957031, 58.61750793457031, 59.12784194946289, 59.47785186767578, 59.08453369140625, 59.8976936340332, 60.27076721191406, 58.983367919921875, 59.41720199584961]
2026-07-14 02:42:38 [debug    ] Decision loop completed        action=MAINTAIN latency_ms=120.56 p99=128.0
2026-07-14 02:42:53 [debug    ] HAProxy fallback latency       delta_requests=609 interval_avg_ms=203.46 max_rtime_ms=268.0 p99_est=268.0
2026-07-14 02:42:53 [debug    ] GRU prediction received        confidence=0.8 latency_ms=5.96 predicted=58
2026-07-14 02:42:53 [debug    ] Using GRU prediction           confidence=0.8 forecast_capacity_signal=58.0 predicted=58 required_steps=4
2026-07-14 02:42:53 [info     ] algorithm2_scaling_decision    action=MAINTAIN alpha=0.060060060060060066 beta=0.0 buffer=1.0 current_replicas=5 predicted_load=58.0 required_resources=3.483 target_replicas=4
2026-07-14 02:42:53 [info     ] algorithm2_decision            action=MAINTAIN applied_target=4 current_replicas=5 hold_until=1783971863.8 observed_load=39.48 observed_target=3 point_forecasts=[47.33180618286133, 46.50398254394531, 47.45756912231445, 47.080936431884766, 46.93475341796875, 47.396514892578125, 47.366886138916016, 46.45611572265625, 46.4819221496582] prediction_age_sec=0.07 predictive_target=4 proactive=True scenario=s4-hybrid-predictive target_replicas=4 upper_forecasts=[56.97278594970703, 56.79206466674805, 57.2005500793457, 57.6572151184082, 57.228973388671875, 57.988182067871094, 58.32433319091797, 57.12510681152344, 57.60066223144531]
2026-07-14 02:42:53 [debug    ] Decision loop completed        action=MAINTAIN latency_ms=126.31 p99=268.0
2026-07-14 02:43:08 [debug    ] HAProxy fallback latency       delta_requests=631 interval_avg_ms=64.0 max_rtime_ms=268.0 p99_est=128.0
2026-07-14 02:43:08 [debug    ] GRU prediction received        confidence=0.8 latency_ms=5.84 predicted=57
2026-07-14 02:43:08 [debug    ] Using GRU prediction           confidence=0.8 forecast_capacity_signal=57.0 predicted=57 required_steps=4
2026-07-14 02:43:08 [info     ] algorithm2_scaling_decision    action=MAINTAIN alpha=0.060060060060060066 beta=0.0 buffer=1.0 current_replicas=5 predicted_load=57.0 required_resources=3.423 target_replicas=4
2026-07-14 02:43:08 [info     ] algorithm2_decision            action=MAINTAIN applied_target=4 current_replicas=5 hold_until=1783971878.9 observed_load=41.03 observed_target=3 point_forecasts=[46.075927734375, 45.332916259765625, 46.195247650146484, 45.899593353271484, 45.74665451049805, 46.14850997924805, 46.074798583984375, 45.26968765258789, 45.343605041503906] prediction_age_sec=0.08 predictive_target=4 proactive=True scenario=s4-hybrid-predictive target_replicas=4 upper_forecasts=[55.71691131591797, 55.62099838256836, 55.938228607177734, 56.47587203979492, 56.04087448120117, 56.740177154541016, 57.032249450683594, 55.938682556152344, 56.462345123291016]
2026-07-14 02:43:08 [debug    ] Decision loop completed        action=MAINTAIN latency_ms=128.67 p99=128.0
2026-07-14 02:43:23 [debug    ] HAProxy fallback latency       delta_requests=668 interval_avg_ms=64.0 max_rtime_ms=268.0 p99_est=128.0
2026-07-14 02:43:23 [debug    ] GRU prediction received        confidence=0.8 latency_ms=5.51 predicted=56
2026-07-14 02:43:23 [debug    ] Using GRU prediction           confidence=0.8 forecast_capacity_signal=56.0 predicted=56 required_steps=4
2026-07-14 02:43:24 [info     ] algorithm2_scaling_decision    action=MAINTAIN alpha=0.060060060060060066 beta=0.0 buffer=1.0 current_replicas=5 predicted_load=56.0 required_resources=3.363 target_replicas=4
2026-07-14 02:43:24 [info     ] algorithm2_decision            action=MAINTAIN applied_target=4 current_replicas=5 hold_until=1783971894.0 observed_load=42.93 observed_target=3 point_forecasts=[45.517967224121094, 44.842620849609375, 45.628807067871094, 45.381099700927734, 45.25413131713867, 45.59078598022461, 45.463233947753906, 44.78466796875, 44.90370559692383] prediction_age_sec=0.07 predictive_target=4 proactive=True scenario=s4-hybrid-predictive target_replicas=4 upper_forecasts=[55.15895080566406, 55.13070297241211, 55.371788024902344, 55.95737838745117, 55.5483512878418, 56.18245315551758, 56.420684814453125, 55.45365905761719, 56.02244567871094]
2026-07-14 02:43:24 [debug    ] Decision loop completed        action=MAINTAIN latency_ms=118.15 p99=128.0
2026-07-14 02:43:39 [debug    ] HAProxy fallback latency       delta_requests=748 interval_avg_ms=181.1 max_rtime_ms=268.0 p99_est=268.0
2026-07-14 02:43:39 [debug    ] GRU prediction received        confidence=0.8 latency_ms=6.11 predicted=57
2026-07-14 02:43:39 [debug    ] Using GRU prediction           confidence=0.8 forecast_capacity_signal=57.0 predicted=57 required_steps=4
2026-07-14 02:43:39 [info     ] algorithm2_scaling_decision    action=MAINTAIN alpha=0.060060060060060066 beta=0.0 buffer=1.0 current_replicas=5 predicted_load=57.0 required_resources=3.423 target_replicas=4
2026-07-14 02:43:39 [info     ] algorithm2_decision            action=MAINTAIN applied_target=4 current_replicas=5 hold_until=1783971909.2 observed_load=46.78 observed_target=3 point_forecasts=[46.06483459472656, 45.44875717163086, 46.16962432861328, 45.9117546081543, 45.877113342285156, 46.14088439941406, 45.92032241821289, 45.42381286621094, 45.59617614746094] prediction_age_sec=0.07 predictive_target=4 proactive=True scenario=s4-hybrid-predictive target_replicas=4 upper_forecasts=[55.70581817626953, 55.736839294433594, 55.91260528564453, 56.488033294677734, 56.17133331298828, 56.73255157470703, 56.877769470214844, 56.092803955078125, 56.71491622924805]
2026-07-14 02:43:39 [debug    ] Decision loop completed        action=MAINTAIN latency_ms=123.63 p99=268.0
2026-07-14 02:43:54 [debug    ] HAProxy fallback latency       delta_requests=255 interval_avg_ms=65.0 max_rtime_ms=268.0 p99_est=130.0
2026-07-14 02:43:54 [debug    ] GRU prediction received        confidence=0.8 latency_ms=5.82 predicted=52
2026-07-14 02:43:54 [debug    ] Using GRU prediction           confidence=0.8 forecast_capacity_signal=52.0 predicted=52 required_steps=4
2026-07-14 02:43:54 [info     ] algorithm2_scaling_decision    action=MAINTAIN alpha=0.060060060060060066 beta=0.0 buffer=1.0 current_replicas=5 predicted_load=52.04924774169922 required_resources=3.126 target_replicas=4
2026-07-14 02:43:54 [info     ] algorithm2_decision            action=MAINTAIN applied_target=4 current_replicas=5 hold_until=1783971924.3 observed_load=33.24 observed_target=3 point_forecasts=[41.37995147705078, 40.65786361694336, 41.43402099609375, 41.47296905517578, 41.014583587646484, 41.3702507019043, 41.492218017578125, 40.514381408691406, 40.639015197753906] prediction_age_sec=0.07 predictive_target=4 proactive=True scenario=s4-hybrid-predictive target_replicas=4 upper_forecasts=[51.02093505859375, 50.945945739746094, 51.177001953125, 52.04924774169922, 51.30880355834961, 51.961917877197266, 52.449668884277344, 51.183372497558594, 51.757755279541016]
2026-07-14 02:43:54 [debug    ] Decision loop completed        action=MAINTAIN latency_ms=121.6 p99=130.0
2026-07-14 02:44:09 [debug    ] GRU prediction received        confidence=0.8 latency_ms=6.56 predicted=46
2026-07-14 02:44:09 [debug    ] Using GRU prediction           confidence=0.8 forecast_capacity_signal=46.0 predicted=46 required_steps=4
2026-07-14 02:44:09 [info     ] algorithm2_scaling_decision    action=MAINTAIN alpha=0.060060060060060066 beta=0.0 buffer=1.0 current_replicas=5 predicted_load=52.04924774169922 required_resources=3.126 target_replicas=4
2026-07-14 02:44:09 [info     ] algorithm2_decision            action=MAINTAIN applied_target=4 current_replicas=5 hold_until=1783971924.3 observed_load=8.5 observed_target=3 point_forecasts=[34.644588470458984, 33.87834167480469, 34.647216796875, 35.03419494628906, 34.11135482788086, 34.60110092163086, 35.04463195800781, 33.553218841552734, 33.672607421875] prediction_age_sec=0.07 predictive_target=3 proactive=True scenario=s4-hybrid-predictive target_replicas=4 upper_forecasts=[44.28556823730469, 44.16642379760742, 44.39019775390625, 45.6104736328125, 44.405574798583984, 45.19276809692383, 46.00208282470703, 44.22221374511719, 44.79134750366211]
2026-07-14 02:44:09 [debug    ] Decision loop completed        action=MAINTAIN latency_ms=117.7 p99=130.0
2026-07-14 02:44:24 [debug    ] GRU prediction received        confidence=0.8 latency_ms=6.05 predicted=40
2026-07-14 02:44:24 [debug    ] Using GRU prediction           confidence=0.8 forecast_capacity_signal=40.1 predicted=40 required_steps=4
2026-07-14 02:44:24 [info     ] algorithm2_scaling_decision    action=MAINTAIN alpha=0.060060060060060066 beta=0.0 buffer=1.0 current_replicas=5 predicted_load=52.04924774169922 required_resources=3.126 target_replicas=4
2026-07-14 02:44:24 [info     ] algorithm2_decision            action=MAINTAIN applied_target=4 current_replicas=5 hold_until=1783971924.3 observed_load=0.0 observed_target=3 point_forecasts=[28.913726806640625, 28.245506286621094, 28.910213470458984, 29.559158325195312, 28.394458770751953, 28.870712280273438, 29.442668914794922, 27.81798553466797, 27.884990692138672] prediction_age_sec=0.08 predictive_target=3 proactive=True scenario=s4-hybrid-predictive target_replicas=4 upper_forecasts=[38.554710388183594, 38.53358840942383, 38.653194427490234, 40.13543701171875, 38.68867874145508, 39.462379455566406, 40.400115966796875, 38.486976623535156, 39.00373077392578]
2026-07-14 02:44:24 [debug    ] Decision loop completed        action=MAINTAIN latency_ms=129.74 p99=130.0
2026-07-14 02:44:39 [debug    ] GRU prediction received        confidence=0.8 latency_ms=5.76 predicted=36
2026-07-14 02:44:39 [debug    ] Using GRU prediction           confidence=0.8 forecast_capacity_signal=36.0 predicted=36 required_steps=4
2026-07-14 02:44:39 [info     ] algorithm2_scaling_decision    action=MAINTAIN alpha=0.060060060060060066 beta=0.0 buffer=1.0 current_replicas=5 predicted_load=52.04924774169922 required_resources=3.126 target_replicas=4
2026-07-14 02:44:39 [info     ] algorithm2_decision            action=MAINTAIN applied_target=4 current_replicas=5 hold_until=1783971924.3 observed_load=0.0 observed_target=3 point_forecasts=[24.172996520996094, 23.625633239746094, 24.152610778808594, 25.045177459716797, 23.728229522705078, 24.10055160522461, 24.732994079589844, 23.140872955322266, 23.154743194580078] prediction_age_sec=0.07 predictive_target=3 proactive=True scenario=s4-hybrid-predictive target_replicas=4 upper_forecasts=[33.81398010253906, 33.91371536254883, 33.895591735839844, 35.621456146240234, 34.0224494934082, 34.69221878051758, 35.69044494628906, 33.80986785888672, 34.27348327636719]
2026-07-14 02:44:39 [debug    ] Decision loop completed        action=MAINTAIN latency_ms=115.36 p99=130.0
2026-07-14 02:44:44 [info     ] Received shutdown signal
2026-07-14 02:44:44 [info     ] Stopping routing daemon...
2026-07-14 02:44:44 [info     ] Routing daemon stopped
