2026-08-07 09:25:58 [info     ] SLOMonitor initialized         threshold_ms=200.0 violation_window=30
2026-08-07 09:25:58 [info     ] Algorithm1ControllerV3 initialized max_knative=50 r_saturation=33.3 target_cpu_util=0.5 total_budget=1000
2026-08-07 09:25:58 [info     ] Using V3 controller (Capacity-Driven) scenario=s4-hybrid-predictive version=v3
2026-08-07 09:25:58 [info     ] HAProxyWeightAdjuster initialized backend=servers host=localhost port=19999
2026-08-07 09:25:58 [info     ] GRUClient initialized          base_url=http://localhost:8090
2026-08-07 09:25:58 [info     ] K8sScaler initialized          deployment=test-app-warm namespace=default
2026-08-07 09:25:58 [info     ] RoutingDaemon initialized      decision_interval=15 description='Algorithm 1 with GRU predictions (Algorithm 2)' scenario=s4-hybrid-predictive use_algorithm=True use_predictions=True
2026-08-07 09:25:58 [info     ] Starting routing daemon        interval=15 scenario=s4-hybrid-predictive
2026-08-07 09:25:58 [info     ] Weights updated                k3s=80 knative=20
2026-08-07 09:25:58 [info     ] Initial weights applied        k3s=80 knative=20
2026-08-07 09:25:58 [debug    ] HAProxy fallback primed        total_requests=0
2026-08-07 09:25:58 [info     ] Model status validated         prediction_horizon=9 sample_interval_sec=15 sequence_length=30
2026-08-07 09:25:58 [info     ] Model status validated on first eligible cycle prediction_horizon=9 sequence_length=30
2026-08-07 09:25:58 [info     ] algorithm2_scaling_decision    action=MAINTAIN alpha=0.060060060060060066 beta=0.0 buffer=1.0 current_replicas=3 predicted_load=0.0 required_resources=0.0 target_replicas=3
2026-08-07 09:25:58 [info     ] algorithm2_decision            action=MAINTAIN applied_target=3 current_replicas=3 hold_until=0.0 observed_load=0.0 observed_target=3 point_forecasts=None prediction_age_sec=None predictive_target=3 proactive=False scenario=s4-hybrid-predictive target_replicas=3 upper_forecasts=None
2026-08-07 09:25:58 [debug    ] Decision loop completed        action=MAINTAIN latency_ms=110.91 p99=0.0
2026-08-07 09:26:13 [info     ] algorithm2_scaling_decision    action=MAINTAIN alpha=0.060060060060060066 beta=0.0 buffer=1.0 current_replicas=3 predicted_load=0.0 required_resources=0.0 target_replicas=3
2026-08-07 09:26:13 [info     ] algorithm2_decision            action=MAINTAIN applied_target=3 current_replicas=3 hold_until=0.0 observed_load=0.0 observed_target=3 point_forecasts=None prediction_age_sec=None predictive_target=3 proactive=False scenario=s4-hybrid-predictive target_replicas=3 upper_forecasts=None
2026-08-07 09:26:13 [debug    ] Decision loop completed        action=MAINTAIN latency_ms=112.85 p99=0.0
2026-08-07 09:26:28 [info     ] algorithm2_scaling_decision    action=MAINTAIN alpha=0.060060060060060066 beta=0.0 buffer=1.0 current_replicas=3 predicted_load=0.0 required_resources=0.0 target_replicas=3
2026-08-07 09:26:28 [info     ] algorithm2_decision            action=MAINTAIN applied_target=3 current_replicas=3 hold_until=0.0 observed_load=0.0 observed_target=3 point_forecasts=None prediction_age_sec=None predictive_target=3 proactive=False scenario=s4-hybrid-predictive target_replicas=3 upper_forecasts=None
2026-08-07 09:26:28 [debug    ] Decision loop completed        action=MAINTAIN latency_ms=109.12 p99=0.0
2026-08-07 09:26:43 [debug    ] HAProxy fallback latency       delta_requests=639 interval_avg_ms=64.0 max_rtime_ms=101.0 p99_est=101.0
2026-08-07 09:26:43 [info     ] controller_decision_v3         action=RECOVERY available_replicas=3 budget_remaining=1000 burn_adjustment=0 burst_ratio=0 capacity_deficit=False confidence=0 current_load=42.2257440034854 decision_id=6e59747c k8s_capacity=49.9 k8s_weight=100 knative_weight=0 p99=101.0 predicted_load=0 r_effective=16.6 serverless_enabled=False total_load=42.2 weights_after={'k3s': 100, 'knative': 0} weights_before={'k3s': 80, 'knative': 20}
2026-08-07 09:26:43 [info     ] Weights updated                k3s=100 knative=0
2026-08-07 09:26:43 [info     ] Weights updated                action=RECOVERY reason='load=42RPS | k8s_cap=50RPS | (reducing-serverless)' weights={'k3s': 100, 'knative': 0}
2026-08-07 09:26:43 [info     ] algorithm2_scaling_decision    action=MAINTAIN alpha=0.060060060060060066 beta=0.0 buffer=1.0 current_replicas=3 predicted_load=21.1128720017427 required_resources=1.268 target_replicas=3
2026-08-07 09:26:43 [info     ] algorithm2_decision            action=MAINTAIN applied_target=3 current_replicas=3 hold_until=0.0 observed_load=21.11 observed_target=3 point_forecasts=None prediction_age_sec=None predictive_target=3 proactive=False scenario=s4-hybrid-predictive target_replicas=3 upper_forecasts=None
2026-08-07 09:26:43 [debug    ] Decision loop completed        action=RECOVERY latency_ms=142.81 p99=101.0
2026-08-07 09:26:58 [debug    ] HAProxy fallback latency       delta_requests=667 interval_avg_ms=64.0 max_rtime_ms=101.0 p99_est=101.0
2026-08-07 09:26:58 [info     ] algorithm2_scaling_decision    action=MAINTAIN alpha=0.060060060060060066 beta=0.0 buffer=1.0 current_replicas=3 predicted_load=43.10392772301586 required_resources=2.589 target_replicas=3
2026-08-07 09:26:58 [info     ] algorithm2_decision            action=MAINTAIN applied_target=3 current_replicas=3 hold_until=0.0 observed_load=43.1 observed_target=3 point_forecasts=None prediction_age_sec=None predictive_target=3 proactive=False scenario=s4-hybrid-predictive target_replicas=3 upper_forecasts=None
2026-08-07 09:26:58 [debug    ] Decision loop completed        action=MAINTAIN latency_ms=111.96 p99=101.0
2026-08-07 09:27:13 [debug    ] HAProxy fallback latency       delta_requests=716 interval_avg_ms=66.82 max_rtime_ms=105.0 p99_est=105.0
2026-08-07 09:27:14 [info     ] algorithm2_scaling_decision    action=MAINTAIN alpha=0.060060060060060066 beta=0.0 buffer=1.0 current_replicas=3 predicted_load=45.67988941050042 required_resources=2.744 target_replicas=3
2026-08-07 09:27:14 [info     ] algorithm2_decision            action=MAINTAIN applied_target=3 current_replicas=3 hold_until=0.0 observed_load=45.68 observed_target=3 point_forecasts=None prediction_age_sec=None predictive_target=3 proactive=False scenario=s4-hybrid-predictive target_replicas=3 upper_forecasts=None
2026-08-07 09:27:14 [debug    ] Decision loop completed        action=MAINTAIN latency_ms=112.28 p99=105.0
2026-08-07 09:27:29 [debug    ] HAProxy fallback latency       delta_requests=822 interval_avg_ms=65.0 max_rtime_ms=116.0 p99_est=116.0
2026-08-07 09:27:29 [info     ] Knative pre-warm OK            cold_start_ms=2.8
2026-08-07 09:27:29 [info     ] controller_decision_v3         action=REACTIVE available_replicas=3 budget_remaining=1000 burn_adjustment=0 burst_ratio=0.0817 capacity_deficit=False confidence=0 current_load=54.39304913542526 decision_id=db6bdce7 k8s_capacity=49.9 k8s_weight=91 knative_weight=9 p99=116.0 predicted_load=0 r_effective=16.6 serverless_enabled=True total_load=54.4 weights_after={'k3s': 91, 'knative': 9} weights_before={'k3s': 100, 'knative': 0}
2026-08-07 09:27:29 [info     ] Weights updated                k3s=91 knative=9
2026-08-07 09:27:29 [info     ] Weights updated                action=REACTIVE reason='load=54RPS | k8s_cap=50RPS | (burst-routing)' weights={'k3s': 91, 'knative': 9}
2026-08-07 09:27:29 [info     ] algorithm2_scaling_decision    action=SCALE_UP alpha=0.060060060060060066 beta=0.0 buffer=1.0 current_replicas=3 predicted_load=50.8853582569399 required_resources=3.056 target_replicas=4
2026-08-07 09:27:29 [info     ] algorithm2_decision            action=SCALE_UP applied_target=4 current_replicas=3 hold_until=0.0 observed_load=50.89 observed_target=4 point_forecasts=None prediction_age_sec=None predictive_target=3 proactive=False scenario=s4-hybrid-predictive target_replicas=4 upper_forecasts=None
2026-08-07 09:27:29 [info     ] k8s_scale_executed             deployment=test-app-warm replicas=4
2026-08-07 09:27:29 [debug    ] Decision loop completed        action=REACTIVE latency_ms=146.62 p99=116.0
2026-08-07 09:27:44 [debug    ] HAProxy fallback latency       delta_requests=769 interval_avg_ms=65.0 max_rtime_ms=116.0 p99_est=116.0
2026-08-07 09:27:44 [info     ] controller_decision_v3         action=RECOVERY available_replicas=4 budget_remaining=1000 burn_adjustment=0 burst_ratio=0 capacity_deficit=False confidence=0 current_load=50.83490777729144 decision_id=7777d975 k8s_capacity=66.6 k8s_weight=100 knative_weight=0 p99=116.0 predicted_load=0 r_effective=16.6 serverless_enabled=False total_load=50.8 weights_after={'k3s': 100, 'knative': 0} weights_before={'k3s': 91, 'knative': 9}
2026-08-07 09:27:44 [info     ] Weights updated                k3s=100 knative=0
2026-08-07 09:27:44 [info     ] Weights updated                action=RECOVERY reason='load=51RPS | k8s_cap=67RPS | (reducing-serverless)' weights={'k3s': 100, 'knative': 0}
2026-08-07 09:27:44 [info     ] Scale readiness observed       elapsed_sec=15.1 ewma_delay=46.5 samples=1 target=4
2026-08-07 09:27:44 [info     ] algorithm2_scaling_decision    action=MAINTAIN alpha=0.060060060060060066 beta=0.0 buffer=1.0 current_replicas=4 predicted_load=52.61397845635835 required_resources=3.16 target_replicas=4
2026-08-07 09:27:44 [info     ] algorithm2_decision            action=MAINTAIN applied_target=4 current_replicas=4 hold_until=0.0 observed_load=52.61 observed_target=4 point_forecasts=None prediction_age_sec=None predictive_target=3 proactive=False scenario=s4-hybrid-predictive target_replicas=4 upper_forecasts=None
2026-08-07 09:27:44 [debug    ] Decision loop completed        action=RECOVERY latency_ms=143.51 p99=116.0
2026-08-07 09:27:59 [debug    ] HAProxy fallback latency       delta_requests=548 interval_avg_ms=57.41 max_rtime_ms=116.0 p99_est=114.81
2026-08-07 09:27:59 [info     ] algorithm2_scaling_decision    action=MAINTAIN alpha=0.060060060060060066 beta=0.0 buffer=1.0 current_replicas=4 predicted_load=43.511440907519884 required_resources=2.613 target_replicas=3
2026-08-07 09:27:59 [info     ] algorithm2_decision            action=MAINTAIN applied_target=3 current_replicas=4 hold_until=0.0 observed_load=43.51 observed_target=3 point_forecasts=None prediction_age_sec=None predictive_target=3 proactive=False scenario=s4-hybrid-predictive target_replicas=3 upper_forecasts=None
2026-08-07 09:27:59 [debug    ] Decision loop completed        action=MAINTAIN latency_ms=104.12 p99=114.81386861313868
2026-08-07 09:28:14 [debug    ] HAProxy fallback latency       delta_requests=411 interval_avg_ms=64.0 max_rtime_ms=116.0 p99_est=116.0
2026-08-07 09:28:14 [info     ] algorithm2_scaling_decision    action=MAINTAIN alpha=0.060060060060060066 beta=0.0 buffer=1.0 current_replicas=4 predicted_load=31.69914704806293 required_resources=1.904 target_replicas=3
2026-08-07 09:28:14 [info     ] algorithm2_decision            action=MAINTAIN applied_target=3 current_replicas=4 hold_until=0.0 observed_load=31.7 observed_target=3 point_forecasts=None prediction_age_sec=None predictive_target=3 proactive=False scenario=s4-hybrid-predictive target_replicas=3 upper_forecasts=None
2026-08-07 09:28:14 [debug    ] Decision loop completed        action=MAINTAIN latency_ms=108.42 p99=116.0
2026-08-07 09:28:29 [debug    ] HAProxy fallback latency       delta_requests=357 interval_avg_ms=64.0 max_rtime_ms=116.0 p99_est=116.0
2026-08-07 09:28:29 [info     ] algorithm2_scaling_decision    action=MAINTAIN alpha=0.060060060060060066 beta=0.0 buffer=1.0 current_replicas=4 predicted_load=25.419331067777662 required_resources=1.527 target_replicas=3
2026-08-07 09:28:29 [info     ] algorithm2_decision            action=MAINTAIN applied_target=3 current_replicas=4 hold_until=0.0 observed_load=25.42 observed_target=3 point_forecasts=None prediction_age_sec=None predictive_target=3 proactive=False scenario=s4-hybrid-predictive target_replicas=3 upper_forecasts=None
2026-08-07 09:28:29 [debug    ] Decision loop completed        action=MAINTAIN latency_ms=110.02 p99=116.0
2026-08-07 09:28:44 [debug    ] HAProxy fallback latency       delta_requests=485 interval_avg_ms=64.0 max_rtime_ms=116.0 p99_est=116.0
2026-08-07 09:28:44 [info     ] algorithm2_scaling_decision    action=MAINTAIN alpha=0.060060060060060066 beta=0.0 buffer=1.0 current_replicas=4 predicted_load=27.830100411703075 required_resources=1.671 target_replicas=3
2026-08-07 09:28:44 [info     ] algorithm2_decision            action=MAINTAIN applied_target=3 current_replicas=4 hold_until=0.0 observed_load=27.83 observed_target=3 point_forecasts=None prediction_age_sec=None predictive_target=3 proactive=False scenario=s4-hybrid-predictive target_replicas=3 upper_forecasts=None
2026-08-07 09:28:44 [debug    ] Decision loop completed        action=MAINTAIN latency_ms=104.59 p99=116.0
2026-08-07 09:28:59 [debug    ] HAProxy fallback latency       delta_requests=773 interval_avg_ms=64.0 max_rtime_ms=116.0 p99_est=116.0
2026-08-07 09:28:59 [info     ] algorithm2_scaling_decision    action=MAINTAIN alpha=0.060060060060060066 beta=0.0 buffer=1.0 current_replicas=4 predicted_load=41.60465927214665 required_resources=2.499 target_replicas=3
2026-08-07 09:28:59 [info     ] algorithm2_decision            action=MAINTAIN applied_target=3 current_replicas=4 hold_until=0.0 observed_load=41.6 observed_target=3 point_forecasts=None prediction_age_sec=None predictive_target=3 proactive=False scenario=s4-hybrid-predictive target_replicas=3 upper_forecasts=None
2026-08-07 09:28:59 [debug    ] Decision loop completed        action=MAINTAIN latency_ms=110.84 p99=116.0
2026-08-07 09:29:14 [debug    ] HAProxy fallback latency       delta_requests=812 interval_avg_ms=64.0 max_rtime_ms=116.0 p99_est=116.0
2026-08-07 09:29:14 [info     ] algorithm2_scaling_decision    action=MAINTAIN alpha=0.060060060060060066 beta=0.0 buffer=1.0 current_replicas=4 predicted_load=52.45611149881865 required_resources=3.151 target_replicas=4
2026-08-07 09:29:14 [info     ] algorithm2_decision            action=MAINTAIN applied_target=4 current_replicas=4 hold_until=0.0 observed_load=52.46 observed_target=4 point_forecasts=None prediction_age_sec=None predictive_target=3 proactive=False scenario=s4-hybrid-predictive target_replicas=4 upper_forecasts=None
2026-08-07 09:29:14 [debug    ] Decision loop completed        action=MAINTAIN latency_ms=109.47 p99=116.0
2026-08-07 09:29:30 [debug    ] HAProxy fallback latency       delta_requests=637 interval_avg_ms=64.0 max_rtime_ms=116.0 p99_est=116.0
2026-08-07 09:29:30 [info     ] algorithm2_scaling_decision    action=MAINTAIN alpha=0.060060060060060066 beta=0.0 buffer=1.0 current_replicas=4 predicted_load=47.980656724646835 required_resources=2.882 target_replicas=3
2026-08-07 09:29:30 [info     ] algorithm2_decision            action=MAINTAIN applied_target=3 current_replicas=4 hold_until=0.0 observed_load=47.98 observed_target=3 point_forecasts=None prediction_age_sec=None predictive_target=3 proactive=False scenario=s4-hybrid-predictive target_replicas=3 upper_forecasts=None
2026-08-07 09:29:30 [debug    ] Decision loop completed        action=MAINTAIN latency_ms=109.71 p99=116.0
2026-08-07 09:29:45 [debug    ] HAProxy fallback latency       delta_requests=656 interval_avg_ms=51.36 max_rtime_ms=116.0 p99_est=102.72
2026-08-07 09:29:45 [info     ] algorithm2_scaling_decision    action=MAINTAIN alpha=0.060060060060060066 beta=0.0 buffer=1.0 current_replicas=4 predicted_load=42.82091440936357 required_resources=2.572 target_replicas=3
2026-08-07 09:29:45 [info     ] algorithm2_decision            action=MAINTAIN applied_target=3 current_replicas=4 hold_until=0.0 observed_load=42.82 observed_target=3 point_forecasts=None prediction_age_sec=None predictive_target=3 proactive=False scenario=s4-hybrid-predictive target_replicas=3 upper_forecasts=None
2026-08-07 09:29:45 [debug    ] Decision loop completed        action=MAINTAIN latency_ms=101.01 p99=102.71951219512195
2026-08-07 09:30:00 [debug    ] HAProxy fallback latency       delta_requests=831 interval_avg_ms=73.98 max_rtime_ms=122.0 p99_est=122.0
2026-08-07 09:30:00 [info     ] algorithm2_scaling_decision    action=MAINTAIN alpha=0.060060060060060066 beta=0.0 buffer=1.0 current_replicas=4 predicted_load=49.18569723393284 required_resources=2.954 target_replicas=3
2026-08-07 09:30:00 [info     ] algorithm2_decision            action=MAINTAIN applied_target=3 current_replicas=4 hold_until=0.0 observed_load=49.19 observed_target=3 point_forecasts=None prediction_age_sec=None predictive_target=3 proactive=False scenario=s4-hybrid-predictive target_replicas=3 upper_forecasts=None
2026-08-07 09:30:00 [debug    ] Decision loop completed        action=MAINTAIN latency_ms=111.55 p99=122.0
2026-08-07 09:30:15 [debug    ] HAProxy fallback latency       delta_requests=915 interval_avg_ms=64.0 max_rtime_ms=122.0 p99_est=122.0
2026-08-07 09:30:15 [info     ] algorithm2_scaling_decision    action=MAINTAIN alpha=0.060060060060060066 beta=0.0 buffer=1.0 current_replicas=4 predicted_load=57.75545556018261 required_resources=3.469 target_replicas=4
2026-08-07 09:30:15 [info     ] algorithm2_decision            action=MAINTAIN applied_target=4 current_replicas=4 hold_until=0.0 observed_load=57.76 observed_target=4 point_forecasts=None prediction_age_sec=None predictive_target=3 proactive=False scenario=s4-hybrid-predictive target_replicas=4 upper_forecasts=None
2026-08-07 09:30:15 [debug    ] Decision loop completed        action=MAINTAIN latency_ms=105.44 p99=122.0
2026-08-07 09:30:30 [debug    ] HAProxy fallback latency       delta_requests=931 interval_avg_ms=64.0 max_rtime_ms=122.0 p99_est=122.0
2026-08-07 09:30:30 [info     ] algorithm2_scaling_decision    action=MAINTAIN alpha=0.060060060060060066 beta=0.0 buffer=1.0 current_replicas=4 predicted_load=61.0933139864768 required_resources=3.669 target_replicas=4
2026-08-07 09:30:30 [info     ] algorithm2_decision            action=MAINTAIN applied_target=4 current_replicas=4 hold_until=0.0 observed_load=61.09 observed_target=4 point_forecasts=None prediction_age_sec=None predictive_target=3 proactive=False scenario=s4-hybrid-predictive target_replicas=4 upper_forecasts=None
2026-08-07 09:30:30 [debug    ] Decision loop completed        action=MAINTAIN latency_ms=107.83 p99=122.0
2026-08-07 09:30:45 [debug    ] HAProxy fallback latency       delta_requests=1003 interval_avg_ms=75.94 max_rtime_ms=122.0 p99_est=122.0
2026-08-07 09:30:45 [info     ] algorithm2_scaling_decision    action=MAINTAIN alpha=0.060060060060060066 beta=0.0 buffer=1.0 current_replicas=4 predicted_load=64.01113048666541 required_resources=3.845 target_replicas=4
2026-08-07 09:30:45 [info     ] algorithm2_decision            action=MAINTAIN applied_target=4 current_replicas=4 hold_until=0.0 observed_load=64.01 observed_target=4 point_forecasts=None prediction_age_sec=None predictive_target=3 proactive=False scenario=s4-hybrid-predictive target_replicas=4 upper_forecasts=None
2026-08-07 09:30:45 [debug    ] Decision loop completed        action=MAINTAIN latency_ms=106.74 p99=122.0
2026-08-07 09:31:00 [debug    ] HAProxy fallback latency       delta_requests=1118 interval_avg_ms=88.42 max_rtime_ms=131.0 p99_est=131.0
2026-08-07 09:31:00 [info     ] Knative pre-warm OK            cold_start_ms=3.0
2026-08-07 09:31:00 [info     ] controller_decision_v3         action=REACTIVE available_replicas=4 budget_remaining=1000 burn_adjustment=0 burst_ratio=0.0992 capacity_deficit=False confidence=0 current_load=73.93619091184576 decision_id=ea81c1cf k8s_capacity=66.6 k8s_weight=90 knative_weight=10 p99=131.0 predicted_load=0 r_effective=16.6 serverless_enabled=True total_load=73.9 weights_after={'k3s': 90, 'knative': 10} weights_before={'k3s': 100, 'knative': 0}
2026-08-07 09:31:00 [info     ] Weights updated                k3s=90 knative=10
2026-08-07 09:31:00 [info     ] Weights updated                action=REACTIVE reason='load=74RPS | k8s_cap=67RPS | (burst-routing)' weights={'k3s': 90, 'knative': 10}
2026-08-07 09:31:00 [info     ] algorithm2_scaling_decision    action=SCALE_UP alpha=0.060060060060060066 beta=0.0 buffer=1.0 current_replicas=4 predicted_load=70.16330956686416 required_resources=4.214 target_replicas=5
2026-08-07 09:31:00 [info     ] algorithm2_decision            action=SCALE_UP applied_target=5 current_replicas=4 hold_until=0.0 observed_load=70.16 observed_target=5 point_forecasts=None prediction_age_sec=None predictive_target=3 proactive=False scenario=s4-hybrid-predictive target_replicas=5 upper_forecasts=None
2026-08-07 09:31:00 [info     ] k8s_scale_executed             deployment=test-app-warm replicas=5
2026-08-07 09:31:00 [debug    ] Decision loop completed        action=REACTIVE latency_ms=155.47 p99=131.0
2026-08-07 09:31:15 [debug    ] HAProxy fallback latency       delta_requests=1277 interval_avg_ms=78.25 max_rtime_ms=169.0 p99_est=156.5
2026-08-07 09:31:15 [info     ] controller_decision_v3         action=RECOVERY available_replicas=5 budget_remaining=1000 burn_adjustment=0 burst_ratio=0.0113 capacity_deficit=False confidence=0 current_load=84.19992532353312 decision_id=06a43cdf k8s_capacity=83.2 k8s_weight=98 knative_weight=2 p99=156.5 predicted_load=0 r_effective=16.6 serverless_enabled=True total_load=84.2 weights_after={'k3s': 98, 'knative': 2} weights_before={'k3s': 90, 'knative': 10}
2026-08-07 09:31:15 [info     ] Weights updated                k3s=98 knative=2
2026-08-07 09:31:15 [info     ] Weights updated                action=RECOVERY reason='load=84RPS | k8s_cap=83RPS | (reducing-serverless)' weights={'k3s': 98, 'knative': 2}
2026-08-07 09:31:15 [info     ] Scale readiness observed       elapsed_sec=15.2 ewma_delay=37.1 samples=2 target=5
2026-08-07 09:31:15 [info     ] algorithm2_scaling_decision    action=MAINTAIN alpha=0.060060060060060066 beta=0.0 buffer=1.0 current_replicas=5 predicted_load=79.06805811768945 required_resources=4.749 target_replicas=5
2026-08-07 09:31:15 [info     ] algorithm2_decision            action=MAINTAIN applied_target=5 current_replicas=5 hold_until=0.0 observed_load=79.07 observed_target=5 point_forecasts=None prediction_age_sec=None predictive_target=3 proactive=False scenario=s4-hybrid-predictive target_replicas=5 upper_forecasts=None
2026-08-07 09:31:15 [debug    ] Decision loop completed        action=RECOVERY latency_ms=160.0 p99=156.50117462803445
2026-08-07 09:31:30 [debug    ] HAProxy fallback latency       delta_requests=1461 interval_avg_ms=78.83 max_rtime_ms=169.0 p99_est=157.67
2026-08-07 09:31:31 [info     ] controller_decision_v3         action=REACTIVE available_replicas=5 budget_remaining=1000 burn_adjustment=0 burst_ratio=0.1361 capacity_deficit=False confidence=0 current_load=96.36869230934235 decision_id=af073e8a k8s_capacity=83.2 k8s_weight=86 knative_weight=14 p99=157.7 predicted_load=0 r_effective=16.6 serverless_enabled=True total_load=96.4 weights_after={'k3s': 86, 'knative': 14} weights_before={'k3s': 98, 'knative': 2}
2026-08-07 09:31:31 [info     ] Weights updated                k3s=86 knative=14
2026-08-07 09:31:31 [info     ] Weights updated                action=REACTIVE reason='load=96RPS | k8s_cap=83RPS | (burst-routing)' weights={'k3s': 86, 'knative': 14}
2026-08-07 09:31:31 [info     ] algorithm2_scaling_decision    action=SCALE_UP alpha=0.060060060060060066 beta=0.0 buffer=1.0 current_replicas=5 predicted_load=90.28430881643774 required_resources=5.422 target_replicas=6
2026-08-07 09:31:31 [info     ] algorithm2_decision            action=SCALE_UP applied_target=6 current_replicas=5 hold_until=0.0 observed_load=90.28 observed_target=6 point_forecasts=None prediction_age_sec=None predictive_target=3 proactive=False scenario=s4-hybrid-predictive target_replicas=6 upper_forecasts=None
2026-08-07 09:31:31 [info     ] k8s_scale_executed             deployment=test-app-warm replicas=6
2026-08-07 09:31:31 [debug    ] Decision loop completed        action=REACTIVE latency_ms=157.92 p99=157.66735112936345
2026-08-07 09:31:46 [debug    ] HAProxy fallback latency       delta_requests=1673 interval_avg_ms=69.0 max_rtime_ms=169.0 p99_est=138.0
2026-08-07 09:31:46 [info     ] controller_decision_v3         action=REACTIVE available_replicas=5 budget_remaining=1000 burn_adjustment=0 burst_ratio=0.2453 capacity_deficit=False confidence=0 current_load=110.30356472869862 decision_id=6fbf3575 k8s_capacity=83.2 k8s_weight=75 knative_weight=25 p99=138.0 predicted_load=0 r_effective=16.6 serverless_enabled=True total_load=110.3 weights_after={'k3s': 75, 'knative': 25} weights_before={'k3s': 86, 'knative': 14}
2026-08-07 09:31:46 [info     ] Weights updated                k3s=75 knative=25
2026-08-07 09:31:46 [info     ] Weights updated                action=REACTIVE reason='load=110RPS | k8s_cap=83RPS | (burst-routing)' weights={'k3s': 75, 'knative': 25}
2026-08-07 09:31:46 [info     ] algorithm2_scaling_decision    action=SCALE_UP alpha=0.060060060060060066 beta=0.0 buffer=1.0 current_replicas=6 predicted_load=103.33612851902049 required_resources=6.206 target_replicas=7
2026-08-07 09:31:46 [info     ] algorithm2_decision            action=SCALE_UP applied_target=7 current_replicas=6 hold_until=0.0 observed_load=103.34 observed_target=7 point_forecasts=None prediction_age_sec=None predictive_target=3 proactive=False scenario=s4-hybrid-predictive target_replicas=7 upper_forecasts=None
2026-08-07 09:31:46 [info     ] k8s_scale_executed             deployment=test-app-warm replicas=7
2026-08-07 09:31:46 [debug    ] Decision loop completed        action=REACTIVE latency_ms=149.85 p99=138.0
2026-08-07 09:32:01 [debug    ] HAProxy fallback latency       delta_requests=1895 interval_avg_ms=79.24 max_rtime_ms=169.0 p99_est=158.47
2026-08-07 09:32:01 [info     ] controller_decision_v3         action=REACTIVE available_replicas=5 budget_remaining=1000 burn_adjustment=0 burst_ratio=0.3348 capacity_deficit=False confidence=0 current_load=125.1481890991501 decision_id=2c55606f k8s_capacity=83.2 k8s_weight=66 knative_weight=34 p99=158.5 predicted_load=0 r_effective=16.6 serverless_enabled=True total_load=125.1 weights_after={'k3s': 66, 'knative': 34} weights_before={'k3s': 75, 'knative': 25}
2026-08-07 09:32:01 [info     ] Weights updated                k3s=66 knative=34
2026-08-07 09:32:01 [info     ] Weights updated                action=REACTIVE reason='load=125RPS | k8s_cap=83RPS | (burst-routing)' weights={'k3s': 66, 'knative': 34}
2026-08-07 09:32:01 [info     ] algorithm2_scaling_decision    action=SCALE_UP alpha=0.060060060060060066 beta=0.0 buffer=1.0 current_replicas=7 predicted_load=117.72587691392437 required_resources=7.071 target_replicas=8
2026-08-07 09:32:01 [info     ] algorithm2_decision            action=SCALE_UP applied_target=8 current_replicas=7 hold_until=0.0 observed_load=117.73 observed_target=8 point_forecasts=None prediction_age_sec=None predictive_target=3 proactive=False scenario=s4-hybrid-predictive target_replicas=8 upper_forecasts=None
2026-08-07 09:32:01 [info     ] k8s_scale_executed             deployment=test-app-warm replicas=8
2026-08-07 09:32:01 [debug    ] Decision loop completed        action=REACTIVE latency_ms=148.82 p99=158.4707124010554
2026-08-07 09:32:16 [debug    ] HAProxy fallback latency       delta_requests=1721 interval_avg_ms=33.19 max_rtime_ms=169.0 p99_est=66.38
2026-08-07 09:32:16 [info     ] controller_decision_v3         action=RECOVERY available_replicas=5 budget_remaining=1000 burn_adjustment=0 burst_ratio=0.2672 capacity_deficit=False confidence=0 current_load=113.60733886319967 decision_id=044a1777 k8s_capacity=83.2 k8s_weight=73 knative_weight=27 p99=66.4 predicted_load=0 r_effective=16.6 serverless_enabled=True total_load=113.6 weights_after={'k3s': 73, 'knative': 27} weights_before={'k3s': 66, 'knative': 34}
2026-08-07 09:32:16 [info     ] Weights updated                k3s=73 knative=27
2026-08-07 09:32:16 [info     ] Weights updated                action=RECOVERY reason='load=114RPS | k8s_cap=83RPS | (reducing-serverless)' weights={'k3s': 73, 'knative': 27}
2026-08-07 09:32:16 [info     ] algorithm2_scaling_decision    action=MAINTAIN alpha=0.060060060060060066 beta=0.0 buffer=1.0 current_replicas=8 predicted_load=119.3777639811749 required_resources=7.17 target_replicas=8
2026-08-07 09:32:16 [info     ] algorithm2_decision            action=MAINTAIN applied_target=8 current_replicas=8 hold_until=0.0 observed_load=119.38 observed_target=8 point_forecasts=None prediction_age_sec=None predictive_target=3 proactive=False scenario=s4-hybrid-predictive target_replicas=8 upper_forecasts=None
2026-08-07 09:32:16 [debug    ] Decision loop completed        action=RECOVERY latency_ms=142.46 p99=66.3788495061011
2026-08-07 09:32:31 [debug    ] HAProxy fallback latency       delta_requests=1312 interval_avg_ms=49.9 max_rtime_ms=169.0 p99_est=99.81
2026-08-07 09:32:31 [info     ] controller_decision_v3         action=RECOVERY available_replicas=5 budget_remaining=1000 burn_adjustment=0 burst_ratio=0.0399 capacity_deficit=False confidence=0 current_load=86.70662334443313 decision_id=8f29a677 k8s_capacity=83.2 k8s_weight=96 knative_weight=4 p99=99.8 predicted_load=0 r_effective=16.6 serverless_enabled=True total_load=86.7 weights_after={'k3s': 96, 'knative': 4} weights_before={'k3s': 73, 'knative': 27}
2026-08-07 09:32:31 [info     ] Weights updated                k3s=96 knative=4
2026-08-07 09:32:31 [info     ] Weights updated                action=RECOVERY reason='load=87RPS | k8s_cap=83RPS | (reducing-serverless)' weights={'k3s': 96, 'knative': 4}
2026-08-07 09:32:31 [info     ] algorithm2_scaling_decision    action=MAINTAIN alpha=0.060060060060060066 beta=0.0 buffer=1.0 current_replicas=8 predicted_load=100.1569811038164 required_resources=6.015 target_replicas=7
2026-08-07 09:32:31 [info     ] algorithm2_decision            action=MAINTAIN applied_target=7 current_replicas=8 hold_until=0.0 observed_load=100.16 observed_target=7 point_forecasts=None prediction_age_sec=None predictive_target=3 proactive=False scenario=s4-hybrid-predictive target_replicas=7 upper_forecasts=None
2026-08-07 09:32:31 [debug    ] Decision loop completed        action=RECOVERY latency_ms=148.05 p99=99.8094512195122
2026-08-07 09:32:46 [debug    ] HAProxy fallback latency       delta_requests=1131 interval_avg_ms=45.17 max_rtime_ms=169.0 p99_est=90.34
2026-08-07 09:32:46 [info     ] controller_decision_v3         action=RECOVERY available_replicas=8 budget_remaining=1000 burn_adjustment=0 burst_ratio=0 capacity_deficit=False confidence=0 current_load=74.66169198830333 decision_id=6b707cf2 k8s_capacity=133.2 k8s_weight=100 knative_weight=0 p99=90.3 predicted_load=0 r_effective=16.6 serverless_enabled=False total_load=74.7 weights_after={'k3s': 100, 'knative': 0} weights_before={'k3s': 96, 'knative': 4}
2026-08-07 09:32:46 [info     ] Weights updated                k3s=100 knative=0
2026-08-07 09:32:46 [info     ] Weights updated                action=RECOVERY reason='load=75RPS | k8s_cap=133RPS | (reducing-serverless)' weights={'k3s': 100, 'knative': 0}
2026-08-07 09:32:46 [info     ] Scale readiness observed       elapsed_sec=45.4 ewma_delay=39.6 samples=3 target=8
2026-08-07 09:32:46 [info     ] algorithm2_scaling_decision    action=SCALE_DOWN alpha=0.060060060060060066 beta=0.0 buffer=1.0 current_replicas=8 predicted_load=80.68415766636824 required_resources=4.846 target_replicas=5
2026-08-07 09:32:46 [info     ] algorithm2_decision            action=SCALE_DOWN applied_target=5 current_replicas=8 hold_until=0.0 observed_load=80.68 observed_target=5 point_forecasts=None prediction_age_sec=None predictive_target=3 proactive=False scenario=s4-hybrid-predictive target_replicas=5 upper_forecasts=None
2026-08-07 09:32:46 [info     ] k8s_scale_executed             deployment=test-app-warm replicas=5
2026-08-07 09:32:46 [debug    ] Decision loop completed        action=RECOVERY latency_ms=183.22 p99=90.33775419982317
2026-08-07 09:33:01 [debug    ] HAProxy fallback latency       delta_requests=1078 interval_avg_ms=65.0 max_rtime_ms=169.0 p99_est=130.0
2026-08-07 09:33:01 [info     ] algorithm2_scaling_decision    action=MAINTAIN alpha=0.060060060060060066 beta=0.0 buffer=1.0 current_replicas=5 predicted_load=72.86259290448268 required_resources=4.376 target_replicas=5
2026-08-07 09:33:01 [info     ] algorithm2_decision            action=MAINTAIN applied_target=5 current_replicas=5 hold_until=0.0 observed_load=72.86 observed_target=5 point_forecasts=None prediction_age_sec=None predictive_target=3 proactive=False scenario=s4-hybrid-predictive target_replicas=5 upper_forecasts=None
2026-08-07 09:33:01 [debug    ] Decision loop completed        action=MAINTAIN latency_ms=113.43 p99=130.0
2026-08-07 09:33:17 [debug    ] HAProxy fallback latency       delta_requests=944 interval_avg_ms=65.0 max_rtime_ms=169.0 p99_est=130.0
2026-08-07 09:33:17 [info     ] algorithm2_scaling_decision    action=MAINTAIN alpha=0.060060060060060066 beta=0.0 buffer=1.0 current_replicas=5 predicted_load=66.76170507044363 required_resources=4.01 target_replicas=5
2026-08-07 09:33:17 [info     ] algorithm2_decision            action=MAINTAIN applied_target=5 current_replicas=5 hold_until=0.0 observed_load=66.76 observed_target=5 point_forecasts=None prediction_age_sec=None predictive_target=3 proactive=False scenario=s4-hybrid-predictive target_replicas=5 upper_forecasts=None
2026-08-07 09:33:17 [debug    ] Decision loop completed        action=MAINTAIN latency_ms=114.31 p99=130.0
2026-08-07 09:33:32 [debug    ] HAProxy fallback latency       delta_requests=794 interval_avg_ms=65.0 max_rtime_ms=169.0 p99_est=130.0
2026-08-07 09:33:32 [debug    ] GRU prediction received        confidence=0.8 latency_ms=8.94 predicted=87
2026-08-07 09:33:32 [debug    ] Using GRU prediction           confidence=0.8 forecast_capacity_signal=87.0 predicted=87 required_steps=4
2026-08-07 09:33:32 [info     ] algorithm2_scaling_decision    action=SCALE_UP alpha=0.060060060060060066 beta=0.0 buffer=1.0 current_replicas=5 predicted_load=87.0 required_resources=5.225 target_replicas=6
2026-08-07 09:33:32 [info     ] algorithm2_decision            action=SCALE_UP applied_target=6 current_replicas=5 hold_until=1786070102.3 observed_load=57.46 observed_target=4 point_forecasts=[76.16433715820312, 74.13201141357422, 75.9156494140625, 74.34701538085938, 74.96186065673828, 75.26140594482422, 75.62480163574219, 74.67779541015625, 73.79194641113281] prediction_age_sec=0.11 predictive_target=6 proactive=True scenario=s4-hybrid-predictive target_replicas=6 upper_forecasts=[85.8053207397461, 84.42009735107422, 85.65863037109375, 84.92329406738281, 85.2560806274414, 85.85307312011719, 86.5822525024414, 85.34678649902344, 84.91069030761719]
2026-08-07 09:33:32 [info     ] k8s_scale_executed             deployment=test-app-warm replicas=6
2026-08-07 09:33:32 [debug    ] Decision loop completed        action=MAINTAIN latency_ms=227.17 p99=130.0
2026-08-07 09:33:47 [debug    ] HAProxy fallback latency       delta_requests=1220 interval_avg_ms=766.21 max_rtime_ms=551.0 p99_est=551.0
2026-08-07 09:33:47 [debug    ] GRU prediction received        confidence=0.8 latency_ms=7.2 predicted=86
2026-08-07 09:33:47 [debug    ] Using GRU prediction           confidence=0.8 forecast_capacity_signal=86.0 predicted=86 required_steps=4
2026-08-07 09:33:47 [info     ] Scale readiness observed       elapsed_sec=15.2 ewma_delay=32.3 samples=4 target=6
2026-08-07 09:33:47 [info     ] algorithm2_scaling_decision    action=MAINTAIN alpha=0.060060060060060066 beta=0.0 buffer=1.0 current_replicas=6 predicted_load=86.0 required_resources=5.165 target_replicas=6
2026-08-07 09:33:47 [info     ] algorithm2_decision            action=MAINTAIN applied_target=6 current_replicas=6 hold_until=1786070117.5 observed_load=66.19 observed_target=4 point_forecasts=[75.40679168701172, 73.86804962158203, 75.15388488769531, 73.97025299072266, 74.49996185302734, 74.77407836914062, 74.8821029663086, 74.28980255126953, 73.70349884033203] prediction_age_sec=0.11 predictive_target=6 proactive=True scenario=s4-hybrid-predictive target_replicas=6 upper_forecasts=[85.04777526855469, 84.15613555908203, 84.89686584472656, 84.5465316772461, 84.79418182373047, 85.3657455444336, 85.83955383300781, 84.95879364013672, 84.8222427368164]
2026-08-07 09:33:47 [debug    ] Decision loop completed        action=MAINTAIN latency_ms=183.12 p99=551.0
2026-08-07 09:34:02 [debug    ] HAProxy fallback latency       delta_requests=1887 interval_avg_ms=736.6 max_rtime_ms=599.0 p99_est=599.0
2026-08-07 09:34:02 [debug    ] GRU prediction received        confidence=0.8 latency_ms=6.04 predicted=97
2026-08-07 09:34:02 [debug    ] Using GRU prediction           confidence=0.8 forecast_capacity_signal=97.0 predicted=97 required_steps=4
2026-08-07 09:34:02 [debug    ] Proactive amplification        amplified=244.2 approach_ratio=1.24 load_trend=13.3 raw_pred=97
2026-08-07 09:34:02 [info     ] Knative pre-warm OK            cold_start_ms=2.7
2026-08-07 09:34:02 [info     ] controller_decision_v3         action=PREDICTIVE available_replicas=6 budget_remaining=998 burn_adjustment=0 burst_ratio=0.1966 capacity_deficit=False confidence=0.8 current_load=124.35159450849284 decision_id=8730e435 k8s_capacity=99.9 k8s_weight=80 knative_weight=20 p99=599.0 predicted_load=97 r_effective=16.6 serverless_enabled=True total_load=124.4 weights_after={'k3s': 80, 'knative': 20} weights_before={'k3s': 100, 'knative': 0}
2026-08-07 09:34:02 [info     ] Weights updated                k3s=80 knative=20
2026-08-07 09:34:02 [info     ] Weights updated                action=PREDICTIVE reason='load=124RPS | k8s_cap=100RPS | (prediction-driven)' weights={'k3s': 80, 'knative': 20}
2026-08-07 09:34:02 [info     ] algorithm2_scaling_decision    action=SCALE_UP alpha=0.060060060060060066 beta=0.0 buffer=1.0 current_replicas=6 predicted_load=102.13649569006472 required_resources=6.134 target_replicas=7
2026-08-07 09:34:02 [info     ] algorithm2_decision            action=SCALE_UP applied_target=7 current_replicas=6 hold_until=1786070117.5 observed_load=102.14 observed_target=7 point_forecasts=[84.94803619384766, 85.27458190917969, 85.58384704589844, 86.16253662109375, 85.46044158935547, 85.60969543457031, 84.67694854736328, 85.29926300048828, 85.75360870361328] prediction_age_sec=0.07 predictive_target=6 proactive=False scenario=s4-hybrid-predictive target_replicas=7 upper_forecasts=[94.58901977539062, 95.56266784667969, 95.32682800292969, 96.73881530761719, 95.7546615600586, 96.20136260986328, 95.6343994140625, 95.96825408935547, 96.87235260009766]
2026-08-07 09:34:02 [info     ] k8s_scale_executed             deployment=test-app-warm replicas=7
2026-08-07 09:34:02 [debug    ] Decision loop completed        action=PREDICTIVE latency_ms=162.62 p99=599.0
2026-08-07 09:34:17 [debug    ] GRU prediction received        confidence=0.8 latency_ms=5.89 predicted=107
2026-08-07 09:34:17 [debug    ] Using GRU prediction           confidence=0.8 forecast_capacity_signal=107.0 predicted=107 required_steps=4
2026-08-07 09:34:17 [debug    ] Proactive amplification        amplified=248.5 approach_ratio=1.03 load_trend=14.3 raw_pred=107
2026-08-07 09:34:17 [info     ] controller_decision_v3         action=RECOVERY available_replicas=7 budget_remaining=997 burn_adjustment=0 burst_ratio=0.0263 capacity_deficit=False confidence=0.8 current_load=119.70251949698367 decision_id=6cc52b43 k8s_capacity=116.5 k8s_weight=97 knative_weight=3 p99=599.0 predicted_load=107 r_effective=16.6 serverless_enabled=True total_load=119.7 weights_after={'k3s': 97, 'knative': 3} weights_before={'k3s': 80, 'knative': 20}
2026-08-07 09:34:17 [info     ] Weights updated                k3s=97 knative=3
2026-08-07 09:34:17 [info     ] Weights updated                action=RECOVERY reason='load=120RPS | k8s_cap=117RPS | (reducing-serverless)' weights={'k3s': 97, 'knative': 3}
2026-08-07 09:34:17 [info     ] Scale readiness observed       elapsed_sec=15.2 ewma_delay=27.1 samples=5 target=7
2026-08-07 09:34:17 [info     ] algorithm2_scaling_decision    action=SCALE_UP alpha=0.060060060060060066 beta=0.0 buffer=1.0 current_replicas=7 predicted_load=122.02705700273825 required_resources=7.329 target_replicas=8
2026-08-07 09:34:17 [info     ] algorithm2_decision            action=SCALE_UP applied_target=8 current_replicas=7 hold_until=1786070117.5 observed_load=122.03 observed_target=8 point_forecasts=[93.85786437988281, 94.4421615600586, 94.76423645019531, 95.40364837646484, 94.93378448486328, 94.56387329101562, 94.25473022460938, 94.48265838623047, 95.50885009765625] prediction_age_sec=0.11 predictive_target=7 proactive=False scenario=s4-hybrid-predictive target_replicas=8 upper_forecasts=[103.49884796142578, 104.7302474975586, 104.50721740722656, 105.97992706298828, 105.2280044555664, 105.1555404663086, 105.2121810913086, 105.15164947509766, 106.62759399414062]
2026-08-07 09:34:17 [info     ] k8s_scale_executed             deployment=test-app-warm replicas=8
2026-08-07 09:34:17 [debug    ] Decision loop completed        action=RECOVERY latency_ms=191.31 p99=599.0
2026-08-07 09:34:32 [debug    ] GRU prediction received        confidence=0.8 latency_ms=5.49 predicted=108
2026-08-07 09:34:32 [debug    ] Using GRU prediction           confidence=0.8 forecast_capacity_signal=108.0 predicted=108 required_steps=3
2026-08-07 09:34:32 [info     ] controller_decision_v3         action=RECOVERY available_replicas=8 budget_remaining=996 burn_adjustment=0 burst_ratio=0 capacity_deficit=False confidence=0.8 current_load=93.5405466104726 decision_id=088939db k8s_capacity=133.2 k8s_weight=100 knative_weight=0 p99=599.0 predicted_load=108 r_effective=16.6 serverless_enabled=False total_load=93.5 weights_after={'k3s': 100, 'knative': 0} weights_before={'k3s': 97, 'knative': 3}
2026-08-07 09:34:32 [info     ] Weights updated                k3s=100 knative=0
2026-08-07 09:34:32 [info     ] Weights updated                action=RECOVERY reason='load=94RPS | k8s_cap=133RPS | (reducing-serverless)' weights={'k3s': 100, 'knative': 0}
2026-08-07 09:34:33 [info     ] Scale readiness observed       elapsed_sec=15.2 ewma_delay=23.5 samples=6 target=8
2026-08-07 09:34:33 [info     ] algorithm2_scaling_decision    action=MAINTAIN alpha=0.060060060060060066 beta=0.0 buffer=1.0 current_replicas=8 predicted_load=106.62153305372814 required_resources=6.404 target_replicas=7
2026-08-07 09:34:33 [info     ] algorithm2_decision            action=MAINTAIN applied_target=7 current_replicas=8 hold_until=1786070117.5 observed_load=106.62 observed_target=7 point_forecasts=[95.18402862548828, 95.77908325195312, 96.17945861816406, 96.37569427490234, 96.51454162597656, 96.03556060791016, 95.88360595703125, 95.85250854492188, 96.61300659179688] prediction_age_sec=0.11 predictive_target=7 proactive=False scenario=s4-hybrid-predictive target_replicas=7 upper_forecasts=[104.82501220703125, 106.06716918945312, 105.92243957519531, 106.95197296142578, 106.80876159667969, 106.62722778320312, 106.84105682373047, 106.52149963378906, 107.73175048828125]
2026-08-07 09:34:33 [debug    ] Decision loop completed        action=RECOVERY latency_ms=153.38 p99=599.0
2026-08-07 09:34:48 [debug    ] GRU prediction received        confidence=0.8 latency_ms=6.1 predicted=105
2026-08-07 09:34:48 [debug    ] Using GRU prediction           confidence=0.8 forecast_capacity_signal=105.0 predicted=105 required_steps=3
2026-08-07 09:34:48 [info     ] algorithm2_scaling_decision    action=MAINTAIN alpha=0.060060060060060066 beta=0.0 buffer=1.0 current_replicas=8 predicted_load=105.0 required_resources=6.306 target_replicas=7
2026-08-07 09:34:48 [info     ] algorithm2_decision            action=MAINTAIN applied_target=7 current_replicas=8 hold_until=1786070178.1 observed_load=87.32 observed_target=6 point_forecasts=[93.31938171386719, 93.51860046386719, 94.11004638671875, 93.91638946533203, 94.23003387451172, 94.0228500366211, 93.77922058105469, 93.75220489501953, 94.09842681884766] prediction_age_sec=0.07 predictive_target=7 proactive=True scenario=s4-hybrid-predictive target_replicas=7 upper_forecasts=[102.96036529541016, 103.80668640136719, 103.85302734375, 104.49266815185547, 104.52425384521484, 104.61451721191406, 104.7366714477539, 104.42119598388672, 105.21717071533203]
2026-08-07 09:34:48 [debug    ] Decision loop completed        action=MAINTAIN latency_ms=117.05 p99=599.0
2026-08-07 09:35:03 [debug    ] HAProxy fallback latency       delta_requests=1149 interval_avg_ms=5.91 max_rtime_ms=599.0 p99_est=11.82
2026-08-07 09:35:03 [debug    ] GRU prediction received        confidence=0.8 latency_ms=6.32 predicted=101
2026-08-07 09:35:03 [debug    ] Using GRU prediction           confidence=0.8 forecast_capacity_signal=101.0 predicted=101 required_steps=3
2026-08-07 09:35:03 [info     ] algorithm2_scaling_decision    action=MAINTAIN alpha=0.060060060060060066 beta=0.0 buffer=1.0 current_replicas=8 predicted_load=101.0 required_resources=6.066 target_replicas=7
2026-08-07 09:35:03 [info     ] algorithm2_decision            action=MAINTAIN applied_target=7 current_replicas=8 hold_until=1786070193.2 observed_load=78.55 observed_target=5 point_forecasts=[89.9256362915039, 89.85659790039062, 90.50103759765625, 90.16253662109375, 90.37149047851562, 90.3232421875, 90.0071029663086, 90.05158996582031, 89.8635025024414] prediction_age_sec=0.08 predictive_target=7 proactive=True scenario=s4-hybrid-predictive target_replicas=7 upper_forecasts=[99.56661987304688, 100.14468383789062, 100.2440185546875, 100.73881530761719, 100.66571044921875, 100.91490936279297, 100.96455383300781, 100.7205810546875, 100.98224639892578]
2026-08-07 09:35:03 [debug    ] Decision loop completed        action=MAINTAIN latency_ms=125.49 p99=11.82419495213229
2026-08-07 09:35:18 [debug    ] HAProxy fallback latency       delta_requests=1506 interval_avg_ms=210.82 max_rtime_ms=599.0 p99_est=421.64
2026-08-07 09:35:18 [debug    ] GRU prediction received        confidence=0.8 latency_ms=6.39 predicted=103
2026-08-07 09:35:18 [debug    ] Using GRU prediction           confidence=0.8 forecast_capacity_signal=103.0 predicted=103 required_steps=3
2026-08-07 09:35:18 [info     ] algorithm2_scaling_decision    action=MAINTAIN alpha=0.060060060060060066 beta=0.0 buffer=1.0 current_replicas=8 predicted_load=103.0 required_resources=6.186 target_replicas=7
2026-08-07 09:35:18 [info     ] algorithm2_decision            action=MAINTAIN applied_target=7 current_replicas=8 hold_until=1786070208.4 observed_load=87.72 observed_target=6 point_forecasts=[91.69051361083984, 91.60003662109375, 92.3259048461914, 92.06546020507812, 92.24779510498047, 92.26154327392578, 91.92312622070312, 91.9133071899414, 92.14981842041016] prediction_age_sec=0.07 predictive_target=7 proactive=True scenario=s4-hybrid-predictive target_replicas=7 upper_forecasts=[101.33149719238281, 101.88812255859375, 102.06888580322266, 102.64173889160156, 102.5420150756836, 102.85321044921875, 102.88057708740234, 102.5822982788086, 103.26856231689453]
2026-08-07 09:35:18 [debug    ] Decision loop completed        action=MAINTAIN latency_ms=118.79 p99=421.6414342629482
2026-08-07 09:35:33 [debug    ] HAProxy fallback latency       delta_requests=2017 interval_avg_ms=109.29 max_rtime_ms=599.0 p99_est=218.59
2026-08-07 09:35:33 [debug    ] GRU prediction received        confidence=0.8 latency_ms=5.85 predicted=113
2026-08-07 09:35:33 [debug    ] Using GRU prediction           confidence=0.8 forecast_capacity_signal=113.0 predicted=113 required_steps=3
2026-08-07 09:35:33 [debug    ] Proactive amplification        amplified=222.9 approach_ratio=1.0 load_trend=10.0 raw_pred=113
2026-08-07 09:35:33 [info     ] Knative pre-warm OK            cold_start_ms=2.5
2026-08-07 09:35:33 [info     ] controller_decision_v3         action=PREDICTIVE available_replicas=8 budget_remaining=993 burn_adjustment=0 burst_ratio=0.0011 capacity_deficit=False confidence=0.8 current_load=133.34368133451596 decision_id=3bbbcebc k8s_capacity=133.2 k8s_weight=99 knative_weight=1 p99=218.6 predicted_load=113 r_effective=16.6 serverless_enabled=True total_load=133.3 weights_after={'k3s': 99, 'knative': 1} weights_before={'k3s': 100, 'knative': 0}
2026-08-07 09:35:33 [info     ] Weights updated                k3s=99 knative=1
2026-08-07 09:35:33 [info     ] Weights updated                action=PREDICTIVE reason='load=133RPS | k8s_cap=133RPS | (prediction-driven)' weights={'k3s': 99, 'knative': 1}
2026-08-07 09:35:33 [info     ] algorithm2_scaling_decision    action=MAINTAIN alpha=0.060060060060060066 beta=0.0 buffer=1.0 current_replicas=8 predicted_load=116.38965768874814 required_resources=6.99 target_replicas=7
2026-08-07 09:35:33 [info     ] algorithm2_decision            action=MAINTAIN applied_target=7 current_replicas=8 hold_until=1786070208.4 observed_load=116.39 observed_target=7 point_forecasts=[100.63563537597656, 101.09442901611328, 101.73700714111328, 101.55667114257812, 102.08760070800781, 101.86518096923828, 101.61145782470703, 101.27676391601562, 101.83839416503906] prediction_age_sec=0.08 predictive_target=7 proactive=False scenario=s4-hybrid-predictive target_replicas=7 upper_forecasts=[110.27661895751953, 111.38251495361328, 111.47998809814453, 112.13294982910156, 112.38182067871094, 112.45684814453125, 112.56890869140625, 111.94575500488281, 112.95713806152344]
2026-08-07 09:35:33 [debug    ] Decision loop completed        action=PREDICTIVE latency_ms=128.08 p99=218.58502726822013
2026-08-07 09:35:48 [debug    ] HAProxy fallback latency       delta_requests=2278 interval_avg_ms=37.09 max_rtime_ms=599.0 p99_est=74.19
2026-08-07 09:35:48 [debug    ] GRU prediction received        confidence=0.8 latency_ms=6.34 predicted=125
2026-08-07 09:35:48 [debug    ] Using GRU prediction           confidence=0.8 forecast_capacity_signal=125.0 predicted=125 required_steps=3
2026-08-07 09:35:48 [debug    ] Proactive amplification        amplified=307.1 approach_ratio=1.13 load_trend=17.4 raw_pred=125
2026-08-07 09:35:48 [info     ] controller_decision_v3         action=PREDICTIVE available_replicas=8 budget_remaining=993 burn_adjustment=0 burst_ratio=0.1158 capacity_deficit=False confidence=0.8 current_load=150.65093447508912 decision_id=2deb6bcc k8s_capacity=133.2 k8s_weight=88 knative_weight=12 p99=74.2 predicted_load=125 r_effective=16.6 serverless_enabled=True total_load=150.7 weights_after={'k3s': 88, 'knative': 12} weights_before={'k3s': 99, 'knative': 1}
2026-08-07 09:35:48 [info     ] Weights updated                k3s=88 knative=12
2026-08-07 09:35:48 [info     ] Weights updated                action=PREDICTIVE reason='load=151RPS | k8s_cap=133RPS | (prediction-driven)' weights={'k3s': 88, 'knative': 12}
2026-08-07 09:35:48 [info     ] algorithm2_scaling_decision    action=SCALE_UP alpha=0.060060060060060066 beta=0.0 buffer=1.0 current_replicas=8 predicted_load=141.99730790480254 required_resources=8.528 target_replicas=9
2026-08-07 09:35:48 [info     ] algorithm2_decision            action=SCALE_UP applied_target=9 current_replicas=8 hold_until=1786070208.4 observed_load=142.0 observed_target=9 point_forecasts=[112.62884521484375, 113.0914535522461, 113.4422836303711, 113.90312957763672, 113.57327270507812, 113.57866668701172, 113.05863189697266, 113.14453887939453, 113.65574645996094] prediction_age_sec=0.08 predictive_target=8 proactive=False scenario=s4-hybrid-predictive target_replicas=9 upper_forecasts=[122.26982879638672, 123.3795394897461, 123.18526458740234, 124.47940826416016, 123.86749267578125, 124.17033386230469, 124.01608276367188, 123.81352996826172, 124.77449035644531]
2026-08-07 09:35:48 [info     ] k8s_scale_executed             deployment=test-app-warm replicas=9
2026-08-07 09:35:48 [debug    ] Decision loop completed        action=PREDICTIVE latency_ms=168.24 p99=74.18964003511853
2026-08-07 09:36:03 [debug    ] GRU prediction received        confidence=0.8 latency_ms=6.16 predicted=137
2026-08-07 09:36:03 [debug    ] Using GRU prediction           confidence=0.8 forecast_capacity_signal=137.0 predicted=137 required_steps=3
2026-08-07 09:36:03 [debug    ] Proactive amplification        amplified=349.6 approach_ratio=1.2 load_trend=21.0 raw_pred=137
2026-08-07 09:36:03 [info     ] controller_decision_v3         action=PREDICTIVE available_replicas=8 budget_remaining=993 burn_adjustment=0 burst_ratio=0.1685 capacity_deficit=False confidence=0.8 current_load=160.19266829127457 decision_id=816b007c k8s_capacity=133.2 k8s_weight=83 knative_weight=17 p99=74.2 predicted_load=137 r_effective=16.6 serverless_enabled=True total_load=160.2 weights_after={'k3s': 83, 'knative': 17} weights_before={'k3s': 88, 'knative': 12}
2026-08-07 09:36:03 [info     ] Weights updated                k3s=83 knative=17
2026-08-07 09:36:03 [info     ] Weights updated                action=PREDICTIVE reason='load=160RPS | k8s_cap=133RPS | (prediction-driven)' weights={'k3s': 83, 'knative': 17}
2026-08-07 09:36:03 [info     ] algorithm2_scaling_decision    action=SCALE_UP alpha=0.060060060060060066 beta=0.0 buffer=1.0 current_replicas=9 predicted_load=155.42180138318184 required_resources=9.335 target_replicas=10
2026-08-07 09:36:03 [info     ] algorithm2_decision            action=SCALE_UP applied_target=10 current_replicas=9 hold_until=1786070208.4 observed_load=155.42 observed_target=10 point_forecasts=[124.55250549316406, 125.08119201660156, 125.00607299804688, 126.14944458007812, 125.04253387451172, 125.05258178710938, 124.20932006835938, 125.02503967285156, 125.52324676513672] prediction_age_sec=0.08 predictive_target=9 proactive=False scenario=s4-hybrid-predictive target_replicas=10 upper_forecasts=[134.1934814453125, 135.36927795410156, 134.74905395507812, 136.72572326660156, 135.33676147460938, 135.64425659179688, 135.16676330566406, 135.69403076171875, 136.64198303222656]
2026-08-07 09:36:03 [info     ] k8s_scale_executed             deployment=test-app-warm replicas=10
2026-08-07 09:36:03 [debug    ] Decision loop completed        action=PREDICTIVE latency_ms=169.42 p99=74.18964003511853
2026-08-07 09:36:18 [debug    ] HAProxy fallback latency       delta_requests=2194 interval_avg_ms=46.25 max_rtime_ms=599.0 p99_est=92.51
2026-08-07 09:36:18 [debug    ] GRU prediction received        confidence=0.8 latency_ms=6.31 predicted=143
2026-08-07 09:36:18 [debug    ] Using GRU prediction           confidence=0.8 forecast_capacity_signal=143.0 predicted=143 required_steps=3
2026-08-07 09:36:18 [debug    ] Proactive amplification        amplified=246.3 approach_ratio=1.09 load_trend=11.3 raw_pred=143
2026-08-07 09:36:18 [info     ] controller_decision_v3         action=RECOVERY available_replicas=8 budget_remaining=993 burn_adjustment=0 burst_ratio=0.0791 capacity_deficit=False confidence=0.8 current_load=144.635461967069 decision_id=1c4a5cf7 k8s_capacity=133.2 k8s_weight=92 knative_weight=8 p99=92.5 predicted_load=143 r_effective=16.6 serverless_enabled=True total_load=144.6 weights_after={'k3s': 92, 'knative': 8} weights_before={'k3s': 83, 'knative': 17}
2026-08-07 09:36:18 [info     ] Weights updated                k3s=92 knative=8
2026-08-07 09:36:18 [info     ] Weights updated                action=RECOVERY reason='load=145RPS | k8s_cap=133RPS | (reducing-serverless)' weights={'k3s': 92, 'knative': 8}
2026-08-07 09:36:18 [info     ] algorithm2_scaling_decision    action=MAINTAIN alpha=0.060060060060060066 beta=0.0 buffer=1.0 current_replicas=10 predicted_load=152.41406512917177 required_resources=9.154 target_replicas=10
2026-08-07 09:36:18 [info     ] algorithm2_decision            action=MAINTAIN applied_target=10 current_replicas=10 hold_until=1786070208.4 observed_load=152.41 observed_target=10 point_forecasts=[130.84034729003906, 131.30833435058594, 131.058349609375, 132.37547302246094, 131.07298278808594, 130.9735565185547, 130.011962890625, 131.29774475097656, 131.52488708496094] prediction_age_sec=0.11 predictive_target=9 proactive=False scenario=s4-hybrid-predictive target_replicas=10 upper_forecasts=[140.4813232421875, 141.59642028808594, 140.80133056640625, 142.95175170898438, 141.36720275878906, 141.56521606445312, 140.9694061279297, 141.96673583984375, 142.6436309814453]
2026-08-07 09:36:18 [debug    ] Decision loop completed        action=RECOVERY latency_ms=162.2 p99=92.50501367365543
2026-08-07 09:36:34 [debug    ] HAProxy fallback latency       delta_requests=1846 interval_avg_ms=66.0 max_rtime_ms=599.0 p99_est=132.0
2026-08-07 09:36:34 [debug    ] GRU prediction received        confidence=0.8 latency_ms=5.6 predicted=142
2026-08-07 09:36:34 [debug    ] Using GRU prediction           confidence=0.8 forecast_capacity_signal=142.0 predicted=142 required_steps=3
2026-08-07 09:36:34 [info     ] controller_decision_v3         action=RECOVERY available_replicas=8 budget_remaining=993 burn_adjustment=0 burst_ratio=0 capacity_deficit=False confidence=0.8 current_load=121.81593842706839 decision_id=e95398f5 k8s_capacity=133.2 k8s_weight=100 knative_weight=0 p99=132.0 predicted_load=142 r_effective=16.6 serverless_enabled=False total_load=121.8 weights_after={'k3s': 100, 'knative': 0} weights_before={'k3s': 92, 'knative': 8}
2026-08-07 09:36:34 [info     ] Weights updated                k3s=100 knative=0
2026-08-07 09:36:34 [info     ] Weights updated                action=RECOVERY reason='load=122RPS | k8s_cap=133RPS | (reducing-serverless)' weights={'k3s': 100, 'knative': 0}
2026-08-07 09:36:34 [info     ] algorithm2_scaling_decision    action=MAINTAIN alpha=0.060060060060060066 beta=0.0 buffer=1.0 current_replicas=10 predicted_load=133.2257001970687 required_resources=8.002 target_replicas=9
2026-08-07 09:36:34 [info     ] algorithm2_decision            action=MAINTAIN applied_target=9 current_replicas=10 hold_until=1786070208.4 observed_load=133.23 observed_target=9 point_forecasts=[130.43576049804688, 130.76914978027344, 130.61077880859375, 131.4523468017578, 130.52215576171875, 130.48040771484375, 129.55979919433594, 130.82669067382812, 130.61192321777344] prediction_age_sec=0.11 predictive_target=9 proactive=False scenario=s4-hybrid-predictive target_replicas=9 upper_forecasts=[140.0767364501953, 141.05723571777344, 140.353759765625, 142.02862548828125, 140.81637573242188, 141.07208251953125, 140.51724243164062, 141.4956817626953, 141.7306671142578]
2026-08-07 09:36:34 [debug    ] Decision loop completed        action=RECOVERY latency_ms=156.47 p99=132.0
2026-08-07 09:36:49 [debug    ] HAProxy fallback latency       delta_requests=1790 interval_avg_ms=175.85 max_rtime_ms=599.0 p99_est=351.69
2026-08-07 09:36:49 [debug    ] GRU prediction received        confidence=0.8 latency_ms=5.96 predicted=140
2026-08-07 09:36:49 [debug    ] Using GRU prediction           confidence=0.8 forecast_capacity_signal=140.0 predicted=140 required_steps=3
2026-08-07 09:36:49 [info     ] algorithm2_scaling_decision    action=MAINTAIN alpha=0.060060060060060066 beta=0.0 buffer=1.0 current_replicas=10 predicted_load=140.0 required_resources=8.408 target_replicas=9
2026-08-07 09:36:49 [info     ] algorithm2_decision            action=MAINTAIN applied_target=9 current_replicas=10 hold_until=1786070299.3 observed_load=119.92 observed_target=8 point_forecasts=[128.39370727539062, 128.56492614746094, 128.59214782714844, 128.98109436035156, 128.40975952148438, 128.46286010742188, 127.59066772460938, 128.69357299804688, 128.2603759765625] prediction_age_sec=0.07 predictive_target=9 proactive=True scenario=s4-hybrid-predictive target_replicas=9 upper_forecasts=[138.03468322753906, 138.85301208496094, 138.3351287841797, 139.557373046875, 138.7039794921875, 139.05453491210938, 138.54811096191406, 139.36256408691406, 139.37911987304688]
2026-08-07 09:36:49 [debug    ] Decision loop completed        action=MAINTAIN latency_ms=125.05 p99=351.6916201117318
2026-08-07 09:37:04 [debug    ] HAProxy fallback latency       delta_requests=1820 interval_avg_ms=210.04 max_rtime_ms=599.0 p99_est=420.09
2026-08-07 09:37:04 [debug    ] GRU prediction received        confidence=0.8 latency_ms=5.95 predicted=138
2026-08-07 09:37:04 [debug    ] Using GRU prediction           confidence=0.8 forecast_capacity_signal=138.0 predicted=138 required_steps=3
2026-08-07 09:37:04 [info     ] Scale readiness observed       elapsed_sec=60.6 ewma_delay=34.7 samples=7 target=10
2026-08-07 09:37:04 [info     ] algorithm2_scaling_decision    action=MAINTAIN alpha=0.060060060060060066 beta=0.0 buffer=1.0 current_replicas=10 predicted_load=138.0 required_resources=8.288 target_replicas=9
2026-08-07 09:37:04 [info     ] algorithm2_decision            action=MAINTAIN applied_target=9 current_replicas=10 hold_until=1786070314.4 observed_load=119.21 observed_target=8 point_forecasts=[126.7734146118164, 126.82762145996094, 126.99922943115234, 127.13433837890625, 126.76739501953125, 126.89005279541016, 126.04557800292969, 127.00852966308594, 126.5229721069336] prediction_age_sec=0.07 predictive_target=9 proactive=True scenario=s4-hybrid-predictive target_replicas=9 upper_forecasts=[136.41439819335938, 137.11570739746094, 136.74221801757812, 137.7106170654297, 137.06161499023438, 137.48171997070312, 137.00302124023438, 137.67752075195312, 137.64170837402344]
2026-08-07 09:37:04 [debug    ] Decision loop completed        action=MAINTAIN latency_ms=121.65 p99=420.0879120879121
2026-08-07 09:37:19 [debug    ] GRU prediction received        confidence=0.8 latency_ms=6.07 predicted=136
2026-08-07 09:37:19 [debug    ] Using GRU prediction           confidence=0.8 forecast_capacity_signal=136.1 predicted=136 required_steps=4
2026-08-07 09:37:19 [info     ] algorithm2_scaling_decision    action=MAINTAIN alpha=0.060060060060060066 beta=0.0 buffer=1.0 current_replicas=10 predicted_load=136.0948486328125 required_resources=8.174 target_replicas=9
2026-08-07 09:37:19 [info     ] algorithm2_decision            action=MAINTAIN applied_target=9 current_replicas=10 hold_until=1786070329.5 observed_load=120.28 observed_target=8 point_forecasts=[125.30224609375, 125.28900146484375, 125.55460357666016, 125.51856994628906, 125.30520629882812, 125.47837829589844, 124.66259765625, 125.50071716308594, 124.993408203125] prediction_age_sec=0.07 predictive_target=9 proactive=True scenario=s4-hybrid-predictive target_replicas=9 upper_forecasts=[134.94322204589844, 135.57708740234375, 135.29757690429688, 136.0948486328125, 135.59942626953125, 136.07003784179688, 135.6200408935547, 136.16970825195312, 136.11215209960938]
2026-08-07 09:37:19 [debug    ] Decision loop completed        action=MAINTAIN latency_ms=112.75 p99=420.0879120879121
2026-08-07 09:37:34 [debug    ] GRU prediction received        confidence=0.8 latency_ms=5.81 predicted=134
2026-08-07 09:37:34 [debug    ] Using GRU prediction           confidence=0.8 forecast_capacity_signal=134.3 predicted=134 required_steps=4
2026-08-07 09:37:34 [info     ] algorithm2_scaling_decision    action=MAINTAIN alpha=0.060060060060060066 beta=0.0 buffer=1.0 current_replicas=10 predicted_load=134.30252075195312 required_resources=8.066 target_replicas=9
2026-08-07 09:37:34 [info     ] algorithm2_decision            action=MAINTAIN applied_target=9 current_replicas=10 hold_until=1786070344.6 observed_load=119.07 observed_target=8 point_forecasts=[123.64495849609375, 123.59120178222656, 123.92855834960938, 123.72623443603516, 123.67532348632812, 123.89398193359375, 123.116455078125, 123.81903839111328, 123.28118896484375] prediction_age_sec=0.08 predictive_target=9 proactive=True scenario=s4-hybrid-predictive target_replicas=9 upper_forecasts=[133.2859344482422, 133.87928771972656, 133.67153930664062, 134.30252075195312, 133.96954345703125, 134.48565673828125, 134.0738983154297, 134.488037109375, 134.39993286132812]
2026-08-07 09:37:34 [debug    ] Decision loop completed        action=MAINTAIN latency_ms=129.28 p99=420.0879120879121
2026-08-07 09:37:49 [debug    ] HAProxy fallback latency       delta_requests=1539 interval_avg_ms=30.54 max_rtime_ms=599.0 p99_est=61.08
2026-08-07 09:37:49 [debug    ] GRU prediction received        confidence=0.8 latency_ms=6.08 predicted=130
2026-08-07 09:37:49 [debug    ] Using GRU prediction           confidence=0.8 forecast_capacity_signal=130.0 predicted=130 required_steps=4
2026-08-07 09:37:49 [info     ] algorithm2_scaling_decision    action=MAINTAIN alpha=0.060060060060060066 beta=0.0 buffer=1.0 current_replicas=10 predicted_load=130.0 required_resources=7.808 target_replicas=8
2026-08-07 09:37:49 [info     ] algorithm2_decision            action=MAINTAIN applied_target=8 current_replicas=10 hold_until=1786070359.8 observed_load=109.88 observed_target=7 point_forecasts=[118.91928100585938, 118.7806396484375, 119.29722595214844, 118.6146240234375, 119.05511474609375, 119.32891845703125, 118.68527221679688, 119.0584945678711, 118.35334777832031] prediction_age_sec=0.07 predictive_target=8 proactive=True scenario=s4-hybrid-predictive target_replicas=8 upper_forecasts=[128.5602569580078, 129.0687255859375, 129.0402069091797, 129.19090270996094, 129.34933471679688, 129.92059326171875, 129.64271545410156, 129.7274932861328, 129.4720916748047]
2026-08-07 09:37:49 [debug    ] Decision loop completed        action=MAINTAIN latency_ms=117.78 p99=61.07602339181287
2026-08-07 09:38:04 [debug    ] GRU prediction received        confidence=0.8 latency_ms=6.14 predicted=122
2026-08-07 09:38:04 [debug    ] Using GRU prediction           confidence=0.8 forecast_capacity_signal=122.0 predicted=122 required_steps=4
2026-08-07 09:38:04 [info     ] algorithm2_scaling_decision    action=MAINTAIN alpha=0.060060060060060066 beta=0.0 buffer=1.0 current_replicas=10 predicted_load=122.0 required_resources=7.327 target_replicas=8
2026-08-07 09:38:04 [info     ] algorithm2_decision            action=MAINTAIN applied_target=8 current_replicas=10 hold_until=1786070374.9 observed_load=92.17 observed_target=6 point_forecasts=[110.80447387695312, 110.47722625732422, 111.3439712524414, 109.98255920410156, 111.21500396728516, 111.43567657470703, 111.0321273803711, 110.91566467285156, 110.04849243164062] prediction_age_sec=0.07 predictive_target=8 proactive=True scenario=s4-hybrid-predictive target_replicas=8 upper_forecasts=[120.4454574584961, 120.76531219482422, 121.08695220947266, 120.558837890625, 121.50922393798828, 122.02734375, 121.98957824707031, 121.58465576171875, 121.167236328125]
2026-08-07 09:38:04 [debug    ] Decision loop completed        action=MAINTAIN latency_ms=123.2 p99=61.07602339181287
2026-08-07 09:38:19 [debug    ] HAProxy fallback latency       delta_requests=1115 interval_avg_ms=64.0 max_rtime_ms=599.0 p99_est=128.0
2026-08-07 09:38:19 [debug    ] GRU prediction received        confidence=0.8 latency_ms=6.22 predicted=114
2026-08-07 09:38:19 [debug    ] Using GRU prediction           confidence=0.8 forecast_capacity_signal=114.0 predicted=114 required_steps=4
2026-08-07 09:38:19 [info     ] algorithm2_scaling_decision    action=SCALE_DOWN alpha=0.060060060060060066 beta=0.0 buffer=1.0 current_replicas=10 predicted_load=114.0 required_resources=6.847 target_replicas=7
2026-08-07 09:38:20 [info     ] algorithm2_decision            action=SCALE_DOWN applied_target=7 current_replicas=10 hold_until=1786070390.0 observed_load=78.17 observed_target=5 point_forecasts=[102.05904388427734, 101.58189392089844, 102.79342651367188, 100.89102935791016, 102.82150268554688, 102.96808624267578, 102.79747009277344, 102.1806869506836, 101.28986358642578] prediction_age_sec=0.07 predictive_target=7 proactive=True scenario=s4-hybrid-predictive target_replicas=7 upper_forecasts=[111.70002746582031, 111.86997985839844, 112.53640747070312, 111.4673080444336, 113.11572265625, 113.55975341796875, 113.75492095947266, 112.84967803955078, 112.40860748291016]
2026-08-07 09:38:20 [info     ] k8s_scale_executed             deployment=test-app-warm replicas=7
2026-08-07 09:38:20 [debug    ] Decision loop completed        action=MAINTAIN latency_ms=153.29 p99=128.0
2026-08-07 09:38:35 [debug    ] HAProxy fallback latency       delta_requests=1051 interval_avg_ms=177.28 max_rtime_ms=599.0 p99_est=354.56
2026-08-07 09:38:35 [debug    ] GRU prediction received        confidence=0.8 latency_ms=6.11 predicted=105
2026-08-07 09:38:35 [debug    ] Using GRU prediction           confidence=0.8 forecast_capacity_signal=105.0 predicted=105 required_steps=4
2026-08-07 09:38:35 [info     ] algorithm2_scaling_decision    action=MAINTAIN alpha=0.060060060060060066 beta=0.0 buffer=1.0 current_replicas=7 predicted_load=105.0 required_resources=6.306 target_replicas=7
2026-08-07 09:38:35 [info     ] algorithm2_decision            action=MAINTAIN applied_target=7 current_replicas=7 hold_until=1786070405.2 observed_load=71.54 observed_target=5 point_forecasts=[93.10222625732422, 92.3905258178711, 93.58875274658203, 92.14537048339844, 93.66033935546875, 93.44225311279297, 93.67697143554688, 93.00933074951172, 92.26554107666016] prediction_age_sec=0.07 predictive_target=7 proactive=True scenario=s4-hybrid-predictive target_replicas=7 upper_forecasts=[102.74320983886719, 102.6786117553711, 103.33173370361328, 102.72164916992188, 103.95455932617188, 104.03392028808594, 104.6344223022461, 103.6783218383789, 103.38428497314453]
2026-08-07 09:38:35 [debug    ] Decision loop completed        action=MAINTAIN latency_ms=119.87 p99=354.56137012369174
2026-08-07 09:38:50 [debug    ] HAProxy fallback latency       delta_requests=1183 interval_avg_ms=117.32 max_rtime_ms=599.0 p99_est=234.64
2026-08-07 09:38:50 [debug    ] GRU prediction received        confidence=0.8 latency_ms=6.3 predicted=99
2026-08-07 09:38:50 [debug    ] Using GRU prediction           confidence=0.8 forecast_capacity_signal=99.0 predicted=99 required_steps=4
2026-08-07 09:38:50 [info     ] algorithm2_scaling_decision    action=MAINTAIN alpha=0.060060060060060066 beta=0.0 buffer=1.0 current_replicas=7 predicted_load=99.0 required_resources=5.946 target_replicas=6
2026-08-07 09:38:50 [info     ] algorithm2_decision            action=MAINTAIN applied_target=6 current_replicas=7 hold_until=1786070420.3 observed_load=73.77 observed_target=5 point_forecasts=[88.38451385498047, 87.65763854980469, 88.6636734008789, 87.69844055175781, 88.54854583740234, 88.2719497680664, 88.47720336914062, 88.08899688720703, 87.0731430053711] prediction_age_sec=0.07 predictive_target=6 proactive=True scenario=s4-hybrid-predictive target_replicas=6 upper_forecasts=[98.02549743652344, 97.94572448730469, 98.40665435791016, 98.27471923828125, 98.84276580810547, 98.86361694335938, 99.43465423583984, 98.75798797607422, 98.19188690185547]
2026-08-07 09:38:50 [debug    ] Decision loop completed        action=MAINTAIN latency_ms=117.86 p99=234.6407438715131
2026-08-07 09:39:05 [debug    ] HAProxy fallback latency       delta_requests=1329 interval_avg_ms=160.36 max_rtime_ms=599.0 p99_est=320.73
2026-08-07 09:39:05 [debug    ] GRU prediction received        confidence=0.8 latency_ms=5.94 predicted=98
2026-08-07 09:39:05 [debug    ] Using GRU prediction           confidence=0.8 forecast_capacity_signal=98.0 predicted=98 required_steps=4
2026-08-07 09:39:05 [info     ] algorithm2_scaling_decision    action=MAINTAIN alpha=0.060060060060060066 beta=0.0 buffer=1.0 current_replicas=7 predicted_load=98.0 required_resources=5.886 target_replicas=6
2026-08-07 09:39:05 [info     ] algorithm2_decision            action=MAINTAIN applied_target=6 current_replicas=7 hold_until=1786070435.4 observed_load=83.07 observed_target=5 point_forecasts=[86.93279266357422, 86.30156707763672, 87.2656021118164, 86.65742492675781, 87.02897644042969, 86.86627960205078, 86.88587188720703, 86.68065643310547, 85.92864990234375] prediction_age_sec=0.07 predictive_target=6 proactive=True scenario=s4-hybrid-predictive target_replicas=6 upper_forecasts=[96.57377624511719, 96.58965301513672, 97.00858306884766, 97.23370361328125, 97.32319641113281, 97.45794677734375, 97.84332275390625, 97.34964752197266, 97.04739379882812]
2026-08-07 09:39:05 [debug    ] Decision loop completed        action=MAINTAIN latency_ms=119.54 p99=320.7298720842739
2026-08-07 09:39:20 [debug    ] GRU prediction received        confidence=0.8 latency_ms=6.03 predicted=93
2026-08-07 09:39:20 [debug    ] Using GRU prediction           confidence=0.8 forecast_capacity_signal=93.0 predicted=93 required_steps=4
2026-08-07 09:39:20 [info     ] algorithm2_scaling_decision    action=MAINTAIN alpha=0.060060060060060066 beta=0.0 buffer=1.0 current_replicas=7 predicted_load=93.0 required_resources=5.586 target_replicas=6
2026-08-07 09:39:20 [info     ] algorithm2_decision            action=MAINTAIN applied_target=6 current_replicas=7 hold_until=1786070450.5 observed_load=79.7 observed_target=5 point_forecasts=[82.78343200683594, 81.73001098632812, 82.89881896972656, 82.37420654296875, 82.38410186767578, 82.52301025390625, 82.51081848144531, 82.1326675415039, 81.4916000366211] prediction_age_sec=0.07 predictive_target=6 proactive=True scenario=s4-hybrid-predictive target_replicas=6 upper_forecasts=[92.4244155883789, 92.01809692382812, 92.64179992675781, 92.95048522949219, 92.6783218383789, 93.11467742919922, 93.46826934814453, 92.8016586303711, 92.61034393310547]
2026-08-07 09:39:20 [debug    ] Decision loop completed        action=MAINTAIN latency_ms=118.55 p99=320.7298720842739
2026-08-07 09:39:35 [debug    ] GRU prediction received        confidence=0.8 latency_ms=5.84 predicted=86
2026-08-07 09:39:35 [debug    ] Using GRU prediction           confidence=0.8 forecast_capacity_signal=86.0 predicted=86 required_steps=4
2026-08-07 09:39:35 [info     ] algorithm2_scaling_decision    action=MAINTAIN alpha=0.060060060060060066 beta=0.0 buffer=1.0 current_replicas=7 predicted_load=86.0 required_resources=5.165 target_replicas=6
2026-08-07 09:39:35 [info     ] algorithm2_decision            action=MAINTAIN applied_target=6 current_replicas=7 hold_until=1786070465.6 observed_load=61.15 observed_target=4 point_forecasts=[75.58831787109375, 73.58796691894531, 75.3654556274414, 73.83322143554688, 74.46926879882812, 74.76727294921875, 75.10713195800781, 74.15511322021484, 73.25536346435547] prediction_age_sec=0.07 predictive_target=6 proactive=True scenario=s4-hybrid-predictive target_replicas=6 upper_forecasts=[85.22930145263672, 83.87605285644531, 85.10843658447266, 84.40950012207031, 84.76348876953125, 85.35894012451172, 86.06458282470703, 84.82410430908203, 84.37410736083984]
2026-08-07 09:39:35 [debug    ] Decision loop completed        action=MAINTAIN latency_ms=115.72 p99=320.7298720842739
2026-08-07 09:39:50 [debug    ] GRU prediction received        confidence=0.8 latency_ms=6.43 predicted=80
2026-08-07 09:39:50 [debug    ] Using GRU prediction           confidence=0.8 forecast_capacity_signal=80.0 predicted=80 required_steps=4
2026-08-07 09:39:50 [info     ] algorithm2_scaling_decision    action=SCALE_DOWN alpha=0.060060060060060066 beta=0.0 buffer=1.0 current_replicas=7 predicted_load=80.0 required_resources=4.805 target_replicas=5
2026-08-07 09:39:50 [info     ] algorithm2_decision            action=SCALE_DOWN applied_target=5 current_replicas=7 hold_until=1786070480.7 observed_load=48.65 observed_target=3 point_forecasts=[69.05802917480469, 66.95291137695312, 68.97843170166016, 67.3865966796875, 67.96805572509766, 68.45543670654297, 68.84019470214844, 67.56340789794922, 66.74297332763672] prediction_age_sec=0.07 predictive_target=5 proactive=True scenario=s4-hybrid-predictive target_replicas=5 upper_forecasts=[78.69901275634766, 77.24099731445312, 78.7214126586914, 77.96287536621094, 78.26227569580078, 79.04710388183594, 79.79764556884766, 78.2323989868164, 77.8617172241211]
2026-08-07 09:39:50 [debug    ] Decision loop completed        action=MAINTAIN latency_ms=119.92 p99=320.7298720842739
2026-08-07 09:40:05 [debug    ] HAProxy fallback latency       delta_requests=692 interval_avg_ms=64.0 max_rtime_ms=599.0 p99_est=128.0
2026-08-07 09:40:05 [debug    ] GRU prediction received        confidence=0.8 latency_ms=5.97 predicted=74
2026-08-07 09:40:05 [debug    ] Using GRU prediction           confidence=0.8 forecast_capacity_signal=74.0 predicted=74 required_steps=4
2026-08-07 09:40:05 [info     ] algorithm2_scaling_decision    action=SCALE_DOWN alpha=0.060060060060060066 beta=0.0 buffer=1.0 current_replicas=7 predicted_load=74.0 required_resources=4.444 target_replicas=5
2026-08-07 09:40:05 [info     ] algorithm2_decision            action=SCALE_DOWN applied_target=5 current_replicas=7 hold_until=1786070495.9 observed_load=46.17 observed_target=3 point_forecasts=[63.60237503051758, 61.77684020996094, 63.591529846191406, 62.28499221801758, 62.633724212646484, 63.21009826660156, 63.535491943359375, 62.185951232910156, 61.55363845825195] prediction_age_sec=0.07 predictive_target=5 proactive=True scenario=s4-hybrid-predictive target_replicas=5 upper_forecasts=[73.24335479736328, 72.06492614746094, 73.33451080322266, 72.86126708984375, 72.92794799804688, 73.80176544189453, 74.4929428100586, 72.85494232177734, 72.67237854003906]
2026-08-07 09:40:05 [debug    ] Decision loop completed        action=MAINTAIN latency_ms=125.0 p99=128.0
2026-08-07 09:40:20 [debug    ] HAProxy fallback latency       delta_requests=653 interval_avg_ms=64.0 max_rtime_ms=599.0 p99_est=128.0
2026-08-07 09:40:20 [debug    ] GRU prediction received        confidence=0.8 latency_ms=6.58 predicted=70
2026-08-07 09:40:20 [debug    ] Using GRU prediction           confidence=0.8 forecast_capacity_signal=70.0 predicted=70 required_steps=4
2026-08-07 09:40:20 [info     ] algorithm2_scaling_decision    action=SCALE_DOWN alpha=0.060060060060060066 beta=0.0 buffer=1.0 current_replicas=7 predicted_load=70.0 required_resources=4.204 target_replicas=5
2026-08-07 09:40:20 [info     ] algorithm2_decision            action=SCALE_DOWN applied_target=5 current_replicas=7 hold_until=1786070511.0 observed_load=44.5 observed_target=3 point_forecasts=[58.79494094848633, 57.24555969238281, 58.84132385253906, 57.80029296875, 57.955162048339844, 58.58198547363281, 58.83436584472656, 57.475650787353516, 57.04118347167969] prediction_age_sec=0.07 predictive_target=5 proactive=True scenario=s4-hybrid-predictive target_replicas=5 upper_forecasts=[68.43592071533203, 67.53364562988281, 68.58430480957031, 68.37657165527344, 68.24938201904297, 69.17365264892578, 69.79181671142578, 68.14464569091797, 68.15992736816406]
2026-08-07 09:40:21 [info     ] k8s_scale_executed             deployment=test-app-warm replicas=5
2026-08-07 09:40:21 [debug    ] Decision loop completed        action=MAINTAIN latency_ms=161.42 p99=128.0
2026-08-07 09:40:36 [debug    ] HAProxy fallback latency       delta_requests=640 interval_avg_ms=64.0 max_rtime_ms=599.0 p99_est=128.0
2026-08-07 09:40:36 [debug    ] GRU prediction received        confidence=0.8 latency_ms=5.88 predicted=66
2026-08-07 09:40:36 [debug    ] Using GRU prediction           confidence=0.8 forecast_capacity_signal=66.0 predicted=66 required_steps=4
2026-08-07 09:40:36 [info     ] algorithm2_scaling_decision    action=MAINTAIN alpha=0.060060060060060066 beta=0.0 buffer=1.0 current_replicas=5 predicted_load=66.0 required_resources=3.964 target_replicas=4
2026-08-07 09:40:36 [info     ] algorithm2_decision            action=MAINTAIN applied_target=4 current_replicas=5 hold_until=1786070526.2 observed_load=42.66 observed_target=3 point_forecasts=[54.84695053100586, 53.54449462890625, 54.93696594238281, 54.11738586425781, 54.1385383605957, 54.769256591796875, 54.938621520996094, 53.64179611206055, 53.37385177612305] prediction_age_sec=0.07 predictive_target=4 proactive=True scenario=s4-hybrid-predictive target_replicas=4 upper_forecasts=[64.48793029785156, 63.832576751708984, 64.67994689941406, 64.69366455078125, 64.43275451660156, 65.36092376708984, 65.89607238769531, 64.310791015625, 64.49259185791016]
2026-08-07 09:40:36 [debug    ] Decision loop completed        action=MAINTAIN latency_ms=119.9 p99=128.0
2026-08-07 09:40:51 [debug    ] HAProxy fallback latency       delta_requests=845 interval_avg_ms=64.0 max_rtime_ms=599.0 p99_est=128.0
2026-08-07 09:40:51 [debug    ] GRU prediction received        confidence=0.8 latency_ms=6.25 predicted=65
2026-08-07 09:40:51 [debug    ] Using GRU prediction           confidence=0.8 forecast_capacity_signal=65.0 predicted=65 required_steps=4
2026-08-07 09:40:51 [info     ] algorithm2_scaling_decision    action=MAINTAIN alpha=0.060060060060060066 beta=0.0 buffer=1.0 current_replicas=5 predicted_load=65.0 required_resources=3.904 target_replicas=4
2026-08-07 09:40:51 [info     ] algorithm2_decision            action=MAINTAIN applied_target=4 current_replicas=5 hold_until=1786070541.3 observed_load=48.98 observed_target=3 point_forecasts=[54.034912109375, 52.993690490722656, 54.17498779296875, 53.407344818115234, 53.557334899902344, 54.08675003051758, 54.01356887817383, 53.07566833496094, 52.97102355957031] prediction_age_sec=0.07 predictive_target=4 proactive=True scenario=s4-hybrid-predictive target_replicas=4 upper_forecasts=[63.67589569091797, 63.28177261352539, 63.91796875, 63.98362350463867, 63.85155487060547, 64.67842102050781, 64.97101593017578, 63.744659423828125, 64.08976745605469]
2026-08-07 09:40:51 [debug    ] Decision loop completed        action=MAINTAIN latency_ms=120.42 p99=128.0
2026-08-07 09:41:06 [debug    ] HAProxy fallback latency       delta_requests=1065 interval_avg_ms=128.31 max_rtime_ms=599.0 p99_est=256.61
2026-08-07 09:41:06 [debug    ] GRU prediction received        confidence=0.8 latency_ms=5.75 predicted=67
2026-08-07 09:41:06 [debug    ] Using GRU prediction           confidence=0.8 forecast_capacity_signal=67.0 predicted=67 required_steps=4
2026-08-07 09:41:06 [debug    ] Proactive amplification        amplified=125.8 approach_ratio=0.85 load_trend=6.2 raw_pred=67
2026-08-07 09:41:06 [info     ] algorithm2_scaling_decision    action=MAINTAIN alpha=0.060060060060060066 beta=0.0 buffer=1.0 current_replicas=5 predicted_load=67.0 required_resources=4.024 target_replicas=5
2026-08-07 09:41:06 [info     ] algorithm2_decision            action=MAINTAIN applied_target=5 current_replicas=5 hold_until=1786070556.4 observed_load=63.13 observed_target=4 point_forecasts=[56.2950439453125, 55.44303894042969, 56.46198272705078, 55.60600662231445, 56.0462646484375, 56.430728912353516, 56.05748748779297, 55.60582733154297, 55.66431427001953] prediction_age_sec=0.07 predictive_target=5 proactive=True scenario=s4-hybrid-predictive target_replicas=5 upper_forecasts=[65.93602752685547, 65.73112487792969, 66.20496368408203, 66.18228149414062, 66.34048461914062, 67.02239990234375, 67.01493835449219, 66.27481842041016, 66.7830581665039]
2026-08-07 09:41:06 [debug    ] Decision loop completed        action=MAINTAIN latency_ms=117.53 p99=256.61408450704226
2026-08-07 09:41:21 [debug    ] HAProxy fallback latency       delta_requests=1074 interval_avg_ms=65.0 max_rtime_ms=599.0 p99_est=130.0
2026-08-07 09:41:21 [debug    ] GRU prediction received        confidence=0.8 latency_ms=6.17 predicted=70
2026-08-07 09:41:21 [debug    ] Using GRU prediction           confidence=0.8 forecast_capacity_signal=70.0 predicted=70 required_steps=4
2026-08-07 09:41:21 [debug    ] Proactive amplification        amplified=133.8 approach_ratio=0.85 load_trend=7.0 raw_pred=70
2026-08-07 09:41:21 [info     ] algorithm2_scaling_decision    action=MAINTAIN alpha=0.060060060060060066 beta=0.0 buffer=1.0 current_replicas=5 predicted_load=70.74052434552306 required_resources=4.249 target_replicas=5
2026-08-07 09:41:21 [info     ] algorithm2_decision            action=MAINTAIN applied_target=5 current_replicas=5 hold_until=1786070556.4 observed_load=70.74 observed_target=5 point_forecasts=[59.14646911621094, 58.56914520263672, 59.15968322753906, 58.64472961425781, 58.89638900756836, 59.16325378417969, 58.74840545654297, 58.60093688964844, 58.809326171875] prediction_age_sec=0.07 predictive_target=5 proactive=False scenario=s4-hybrid-predictive target_replicas=5 upper_forecasts=[68.7874526977539, 68.85723114013672, 68.90266418457031, 69.22100830078125, 69.19061279296875, 69.75492095947266, 69.70585632324219, 69.26992797851562, 69.92807006835938]
2026-08-07 09:41:21 [debug    ] Decision loop completed        action=MAINTAIN latency_ms=113.15 p99=130.0
2026-08-07 09:41:36 [debug    ] HAProxy fallback latency       delta_requests=1050 interval_avg_ms=65.0 max_rtime_ms=599.0 p99_est=130.0
2026-08-07 09:41:36 [debug    ] GRU prediction received        confidence=0.8 latency_ms=5.52 predicted=72
2026-08-07 09:41:36 [debug    ] Using GRU prediction           confidence=0.8 forecast_capacity_signal=72.0 predicted=72 required_steps=4
2026-08-07 09:41:36 [debug    ] Proactive amplification        amplified=131.2 approach_ratio=0.84 load_trend=6.8 raw_pred=72
2026-08-07 09:41:36 [info     ] algorithm2_scaling_decision    action=MAINTAIN alpha=0.060060060060060066 beta=0.0 buffer=1.0 current_replicas=5 predicted_load=70.29270869499638 required_resources=4.222 target_replicas=5
2026-08-07 09:41:36 [info     ] algorithm2_decision            action=MAINTAIN applied_target=5 current_replicas=5 hold_until=1786070556.4 observed_load=70.29 observed_target=5 point_forecasts=[61.57677459716797, 61.109107971191406, 61.460670471191406, 61.165992736816406, 61.24492263793945, 61.456871032714844, 61.09014129638672, 61.07218933105469, 61.358619689941406] prediction_age_sec=0.07 predictive_target=5 proactive=False scenario=s4-hybrid-predictive target_replicas=5 upper_forecasts=[71.21775817871094, 71.3971939086914, 71.20365142822266, 71.74227142333984, 71.53913879394531, 72.04853820800781, 72.04759216308594, 71.74118041992188, 72.47736358642578]
2026-08-07 09:41:36 [debug    ] Decision loop completed        action=MAINTAIN latency_ms=117.15 p99=130.0
2026-08-07 09:41:51 [debug    ] HAProxy fallback latency       delta_requests=1074 interval_avg_ms=65.0 max_rtime_ms=599.0 p99_est=130.0
2026-08-07 09:41:51 [debug    ] GRU prediction received        confidence=0.8 latency_ms=6.31 predicted=75
2026-08-07 09:41:51 [debug    ] Using GRU prediction           confidence=0.8 forecast_capacity_signal=75.0 predicted=75 required_steps=4
2026-08-07 09:41:51 [debug    ] Proactive amplification        amplified=105.1 approach_ratio=0.85 load_trend=3.8 raw_pred=75
2026-08-07 09:41:51 [info     ] algorithm2_scaling_decision    action=MAINTAIN alpha=0.060060060060060066 beta=0.0 buffer=1.0 current_replicas=5 predicted_load=70.25878575255841 required_resources=4.22 target_replicas=5
2026-08-07 09:41:51 [info     ] algorithm2_decision            action=MAINTAIN applied_target=5 current_replicas=5 hold_until=1786070556.4 observed_load=70.26 observed_target=5 point_forecasts=[63.959877014160156, 63.54840087890625, 63.74250411987305, 63.57887268066406, 63.54575729370117, 63.730079650878906, 63.399627685546875, 63.46828842163086, 63.795982360839844] prediction_age_sec=0.08 predictive_target=5 proactive=False scenario=s4-hybrid-predictive target_replicas=5 upper_forecasts=[73.60086059570312, 73.83648681640625, 73.48548889160156, 74.1551513671875, 73.83998107910156, 74.32174682617188, 74.3570785522461, 74.13728332519531, 74.91472625732422]
2026-08-07 09:41:51 [debug    ] Decision loop completed        action=MAINTAIN latency_ms=121.94 p99=130.0
2026-08-07 09:42:06 [debug    ] HAProxy fallback latency       delta_requests=1140 interval_avg_ms=65.0 max_rtime_ms=599.0 p99_est=130.0
2026-08-07 09:42:06 [debug    ] GRU prediction received        confidence=0.8 latency_ms=10.82 predicted=78
2026-08-07 09:42:06 [debug    ] Using GRU prediction           confidence=0.8 forecast_capacity_signal=78.0 predicted=78 required_steps=4
2026-08-07 09:42:06 [info     ] algorithm2_scaling_decision    action=MAINTAIN alpha=0.060060060060060066 beta=0.0 buffer=1.0 current_replicas=5 predicted_load=73.11524287114831 required_resources=4.391 target_replicas=5
2026-08-07 09:42:06 [info     ] algorithm2_decision            action=MAINTAIN applied_target=5 current_replicas=5 hold_until=1786070556.4 observed_load=73.12 observed_target=5 point_forecasts=[66.8250732421875, 66.55752563476562, 66.51832580566406, 66.53076934814453, 66.36548614501953, 66.52098846435547, 66.18907928466797, 66.40492248535156, 66.78303527832031] prediction_age_sec=0.13 predictive_target=5 proactive=False scenario=s4-hybrid-predictive target_replicas=5 upper_forecasts=[76.46605682373047, 76.84561157226562, 76.26130676269531, 77.10704803466797, 76.65970611572266, 77.11265563964844, 77.14653015136719, 77.07391357421875, 77.90177917480469]
2026-08-07 09:42:06 [debug    ] Decision loop completed        action=MAINTAIN latency_ms=200.84 p99=130.0
2026-08-07 09:42:22 [debug    ] HAProxy fallback latency       delta_requests=1419 interval_avg_ms=326.61 max_rtime_ms=599.0 p99_est=599.0
2026-08-07 09:42:22 [debug    ] GRU prediction received        confidence=0.8 latency_ms=9.09 predicted=86
2026-08-07 09:42:22 [debug    ] Using GRU prediction           confidence=0.8 forecast_capacity_signal=86.0 predicted=86 required_steps=4
2026-08-07 09:42:22 [debug    ] Proactive amplification        amplified=143.3 approach_ratio=1.12 load_trend=5.6 raw_pred=86
2026-08-07 09:42:22 [info     ] Knative pre-warm OK            cold_start_ms=5.0
2026-08-07 09:42:22 [info     ] controller_decision_v3         action=PREDICTIVE available_replicas=5 budget_remaining=981 burn_adjustment=0 burst_ratio=0.1075 capacity_deficit=False confidence=0.8 current_load=93.27855124221455 decision_id=baeb1808 k8s_capacity=83.2 k8s_weight=89 knative_weight=11 p99=599.0 predicted_load=86 r_effective=16.6 serverless_enabled=True total_load=93.3 weights_after={'k3s': 89, 'knative': 11} weights_before={'k3s': 100, 'knative': 0}
2026-08-07 09:42:22 [info     ] Weights updated                k3s=89 knative=11
2026-08-07 09:42:22 [info     ] Weights updated                action=PREDICTIVE reason='load=93RPS | k8s_cap=83RPS | (prediction-driven)' weights={'k3s': 89, 'knative': 11}
2026-08-07 09:42:22 [info     ] algorithm2_scaling_decision    action=SCALE_UP alpha=0.060060060060060066 beta=0.0 buffer=1.0 current_replicas=5 predicted_load=84.26647398491878 required_resources=5.061 target_replicas=6
2026-08-07 09:42:22 [info     ] algorithm2_decision            action=SCALE_UP applied_target=6 current_replicas=5 hold_until=1786070556.4 observed_load=84.27 observed_target=6 point_forecasts=[73.66812133789062, 74.32254028320312, 73.63470458984375, 74.54234313964844, 73.64302825927734, 73.76363372802734, 72.87079620361328, 73.8812026977539, 74.76514434814453] prediction_age_sec=0.15 predictive_target=6 proactive=False scenario=s4-hybrid-predictive target_replicas=6 upper_forecasts=[83.3091049194336, 84.61062622070312, 83.377685546875, 85.11862182617188, 83.93724822998047, 84.35530090332031, 83.8282470703125, 84.5501937866211, 85.8838882446289]
2026-08-07 09:42:22 [info     ] k8s_scale_executed             deployment=test-app-warm replicas=6
2026-08-07 09:42:22 [debug    ] Decision loop completed        action=PREDICTIVE latency_ms=311.58 p99=599.0
2026-08-07 09:42:37 [debug    ] HAProxy fallback latency       delta_requests=1655 interval_avg_ms=24.14 max_rtime_ms=599.0 p99_est=48.28
2026-08-07 09:42:37 [debug    ] GRU prediction received        confidence=0.8 latency_ms=5.87 predicted=96
2026-08-07 09:42:37 [debug    ] Using GRU prediction           confidence=0.8 forecast_capacity_signal=96.0 predicted=96 required_steps=4
2026-08-07 09:42:37 [debug    ] Proactive amplification        amplified=195.3 approach_ratio=1.08 load_trend=9.7 raw_pred=96
2026-08-07 09:42:37 [info     ] controller_decision_v3         action=RECOVERY available_replicas=6 budget_remaining=981 burn_adjustment=0 burst_ratio=0.0769 capacity_deficit=False confidence=0.8 current_load=108.22520153395352 decision_id=e22893eb k8s_capacity=99.9 k8s_weight=92 knative_weight=8 p99=48.3 predicted_load=96 r_effective=16.6 serverless_enabled=True total_load=108.2 weights_after={'k3s': 92, 'knative': 8} weights_before={'k3s': 89, 'knative': 11}
2026-08-07 09:42:37 [info     ] Weights updated                k3s=92 knative=8
2026-08-07 09:42:37 [info     ] Weights updated                action=RECOVERY reason='load=108RPS | k8s_cap=100RPS | (reducing-serverless)' weights={'k3s': 92, 'knative': 8}
2026-08-07 09:42:37 [info     ] Scale readiness observed       elapsed_sec=15.1 ewma_delay=28.8 samples=8 target=6
2026-08-07 09:42:37 [info     ] algorithm2_scaling_decision    action=SCALE_UP alpha=0.060060060060060066 beta=0.0 buffer=1.0 current_replicas=6 predicted_load=100.75187638808404 required_resources=6.051 target_replicas=7
2026-08-07 09:42:37 [info     ] algorithm2_decision            action=SCALE_UP applied_target=7 current_replicas=6 hold_until=1786070556.4 observed_load=100.75 observed_target=7 point_forecasts=[82.45878601074219, 83.99960327148438, 83.12525177001953, 85.03348541259766, 83.30113220214844, 83.38739776611328, 81.89753723144531, 83.5173568725586, 84.85101318359375] prediction_age_sec=0.1 predictive_target=6 proactive=False scenario=s4-hybrid-predictive target_replicas=7 upper_forecasts=[92.09976959228516, 94.28768920898438, 92.86823272705078, 95.6097640991211, 93.59535217285156, 93.97906494140625, 92.85498809814453, 94.18634796142578, 95.96975708007812]
2026-08-07 09:42:37 [info     ] k8s_scale_executed             deployment=test-app-warm replicas=7
2026-08-07 09:42:37 [debug    ] Decision loop completed        action=RECOVERY latency_ms=185.49 p99=48.27915407854985
2026-08-07 09:42:52 [debug    ] GRU prediction received        confidence=0.8 latency_ms=6.01 predicted=100
2026-08-07 09:42:52 [debug    ] Using GRU prediction           confidence=0.8 forecast_capacity_signal=100.0 predicted=100 required_steps=3
2026-08-07 09:42:52 [debug    ] Proactive amplification        amplified=148.1 approach_ratio=0.81 load_trend=5.9 raw_pred=100
2026-08-07 09:42:52 [info     ] controller_decision_v3         action=RECOVERY available_replicas=7 budget_remaining=981 burn_adjustment=0 burst_ratio=0 capacity_deficit=False confidence=0.8 current_load=94.69495162092912 decision_id=8ad67e96 k8s_capacity=116.5 k8s_weight=100 knative_weight=0 p99=48.3 predicted_load=100 r_effective=16.6 serverless_enabled=False total_load=94.7 weights_after={'k3s': 100, 'knative': 0} weights_before={'k3s': 92, 'knative': 8}
2026-08-07 09:42:52 [info     ] Weights updated                k3s=100 knative=0
2026-08-07 09:42:52 [info     ] Weights updated                action=RECOVERY reason='load=95RPS | k8s_cap=117RPS | (reducing-serverless)' weights={'k3s': 100, 'knative': 0}
2026-08-07 09:42:52 [info     ] Scale readiness observed       elapsed_sec=15.2 ewma_delay=24.7 samples=9 target=7
2026-08-07 09:42:52 [info     ] algorithm2_scaling_decision    action=MAINTAIN alpha=0.060060060060060066 beta=0.0 buffer=1.0 current_replicas=7 predicted_load=101.46007657744133 required_resources=6.094 target_replicas=7
2026-08-07 09:42:52 [info     ] algorithm2_decision            action=MAINTAIN applied_target=7 current_replicas=7 hold_until=1786070556.4 observed_load=101.46 observed_target=7 point_forecasts=[86.8819808959961, 88.31759643554688, 87.80648040771484, 89.400634765625, 87.7300796508789, 87.88397979736328, 86.5689926147461, 87.92074584960938, 88.9450912475586] prediction_age_sec=0.11 predictive_target=7 proactive=False scenario=s4-hybrid-predictive target_replicas=7 upper_forecasts=[96.52296447753906, 98.60568237304688, 97.5494613647461, 99.97691345214844, 98.02429962158203, 98.47564697265625, 97.52644348144531, 98.58973693847656, 100.06383514404297]
2026-08-07 09:42:52 [debug    ] Decision loop completed        action=RECOVERY latency_ms=151.23 p99=48.27915407854985
2026-08-07 09:43:07 [debug    ] GRU prediction received        confidence=0.8 latency_ms=5.85 predicted=99
2026-08-07 09:43:07 [debug    ] Using GRU prediction           confidence=0.8 forecast_capacity_signal=99.0 predicted=99 required_steps=3
2026-08-07 09:43:07 [info     ] algorithm2_scaling_decision    action=MAINTAIN alpha=0.060060060060060066 beta=0.0 buffer=1.0 current_replicas=7 predicted_load=85.8919322819654 required_resources=5.159 target_replicas=6
2026-08-07 09:43:07 [info     ] algorithm2_decision            action=MAINTAIN applied_target=6 current_replicas=7 hold_until=1786070556.4 observed_load=85.89 observed_target=6 point_forecasts=[86.13311004638672, 87.0651626586914, 86.99594116210938, 87.9614486694336, 86.74850463867188, 86.94268798828125, 85.95889282226562, 86.90836334228516, 87.3489990234375] prediction_age_sec=0.07 predictive_target=6 proactive=False scenario=s4-hybrid-predictive target_replicas=6 upper_forecasts=[95.77409362792969, 97.3532485961914, 96.73892211914062, 98.53772735595703, 97.042724609375, 97.53435516357422, 96.91634368896484, 97.57735443115234, 98.46774291992188]
2026-08-07 09:43:07 [debug    ] Decision loop completed        action=MAINTAIN latency_ms=112.64 p99=48.27915407854985
2026-08-07 09:43:22 [debug    ] GRU prediction received        confidence=0.8 latency_ms=6.38 predicted=92
2026-08-07 09:43:22 [debug    ] Using GRU prediction           confidence=0.8 forecast_capacity_signal=92.0 predicted=92 required_steps=3
2026-08-07 09:43:22 [info     ] algorithm2_scaling_decision    action=MAINTAIN alpha=0.060060060060060066 beta=0.0 buffer=1.0 current_replicas=7 predicted_load=92.0 required_resources=5.526 target_replicas=6
2026-08-07 09:43:22 [info     ] algorithm2_decision            action=MAINTAIN applied_target=6 current_replicas=7 hold_until=1786070692.8 observed_load=68.48 observed_target=5 point_forecasts=[81.42784118652344, 81.14168548583984, 81.6005630493164, 81.81416320800781, 81.13465881347656, 81.38105773925781, 80.92179107666016, 81.18778228759766, 81.18816375732422] prediction_age_sec=0.07 predictive_target=6 proactive=True scenario=s4-hybrid-predictive target_replicas=6 upper_forecasts=[91.0688247680664, 91.42977142333984, 91.34354400634766, 92.39044189453125, 91.42887878417969, 91.97272491455078, 91.87924194335938, 91.85677337646484, 92.3069076538086]
2026-08-07 09:43:22 [debug    ] Decision loop completed        action=MAINTAIN latency_ms=117.94 p99=48.27915407854985
2026-08-07 09:43:37 [debug    ] GRU prediction received        confidence=0.8 latency_ms=5.75 predicted=84
2026-08-07 09:43:37 [debug    ] Using GRU prediction           confidence=0.8 forecast_capacity_signal=84.0 predicted=84 required_steps=3
2026-08-07 09:43:37 [info     ] algorithm2_scaling_decision    action=MAINTAIN alpha=0.060060060060060066 beta=0.0 buffer=1.0 current_replicas=7 predicted_load=84.0 required_resources=5.045 target_replicas=6
2026-08-07 09:43:37 [info     ] algorithm2_decision            action=MAINTAIN applied_target=6 current_replicas=7 hold_until=1786070707.9 observed_load=52.69 observed_target=4 point_forecasts=[73.64143371582031, 71.95203399658203, 73.402099609375, 72.11563110351562, 72.51686096191406, 72.86856079101562, 73.08080291748047, 72.32203674316406, 71.72154998779297] prediction_age_sec=0.07 predictive_target=6 proactive=True scenario=s4-hybrid-predictive target_replicas=6 upper_forecasts=[83.28241729736328, 82.24011993408203, 83.14508056640625, 82.69190979003906, 82.81108093261719, 83.4602279663086, 84.03825378417969, 82.99102783203125, 82.84029388427734]
2026-08-07 09:43:37 [debug    ] Decision loop completed        action=MAINTAIN latency_ms=116.58 p99=48.27915407854985
2026-08-07 09:43:52 [debug    ] HAProxy fallback latency       delta_requests=656 interval_avg_ms=64.0 max_rtime_ms=599.0 p99_est=128.0
2026-08-07 09:43:52 [debug    ] GRU prediction received        confidence=0.8 latency_ms=6.16 predicted=78
2026-08-07 09:43:52 [debug    ] Using GRU prediction           confidence=0.8 forecast_capacity_signal=78.0 predicted=78 required_steps=3
2026-08-07 09:43:53 [info     ] algorithm2_scaling_decision    action=SCALE_DOWN alpha=0.060060060060060066 beta=0.0 buffer=1.0 current_replicas=7 predicted_load=78.0 required_resources=4.685 target_replicas=5
2026-08-07 09:43:53 [info     ] algorithm2_decision            action=SCALE_DOWN applied_target=5 current_replicas=7 hold_until=1786070723.1 observed_load=44.49 observed_target=3 point_forecasts=[67.14493560791016, 65.1759033203125, 67.09323120117188, 65.5726089477539, 66.09738159179688, 66.6355209350586, 66.90013122558594, 65.74202728271484, 65.11824798583984] prediction_age_sec=0.07 predictive_target=5 proactive=True scenario=s4-hybrid-predictive target_replicas=5 upper_forecasts=[76.78591918945312, 75.4639892578125, 76.83621215820312, 76.14888763427734, 76.3916015625, 77.22718811035156, 77.85758209228516, 76.41101837158203, 76.23699188232422]
2026-08-07 09:43:53 [info     ] k8s_scale_executed             deployment=test-app-warm replicas=5
2026-08-07 09:43:53 [debug    ] Decision loop completed        action=MAINTAIN latency_ms=153.84 p99=128.0
2026-08-07 09:44:08 [debug    ] HAProxy fallback latency       delta_requests=674 interval_avg_ms=64.0 max_rtime_ms=599.0 p99_est=128.0
2026-08-07 09:44:08 [debug    ] GRU prediction received        confidence=0.8 latency_ms=5.74 predicted=73
2026-08-07 09:44:08 [debug    ] Using GRU prediction           confidence=0.8 forecast_capacity_signal=73.0 predicted=73 required_steps=3
2026-08-07 09:44:08 [info     ] algorithm2_scaling_decision    action=MAINTAIN alpha=0.060060060060060066 beta=0.0 buffer=1.0 current_replicas=5 predicted_load=73.0 required_resources=4.384 target_replicas=5
2026-08-07 09:44:08 [info     ] algorithm2_decision            action=MAINTAIN applied_target=5 current_replicas=5 hold_until=1786070738.2 observed_load=43.94 observed_target=3 point_forecasts=[61.9860954284668, 60.27352523803711, 61.99433135986328, 60.752925872802734, 61.05780792236328, 61.67047882080078, 61.90361785888672, 60.63121032714844, 60.16626739501953] prediction_age_sec=0.07 predictive_target=5 proactive=True scenario=s4-hybrid-predictive target_replicas=5 upper_forecasts=[71.6270751953125, 70.56160736083984, 71.73731231689453, 71.32920837402344, 71.3520278930664, 72.26214599609375, 72.86106872558594, 71.30020141601562, 71.2850112915039]
2026-08-07 09:44:08 [debug    ] Decision loop completed        action=MAINTAIN latency_ms=115.0 p99=128.0
2026-08-07 09:44:23 [debug    ] HAProxy fallback latency       delta_requests=783 interval_avg_ms=168.99 max_rtime_ms=599.0 p99_est=337.98
2026-08-07 09:44:23 [debug    ] GRU prediction received        confidence=0.8 latency_ms=5.75 predicted=70
2026-08-07 09:44:23 [debug    ] Using GRU prediction           confidence=0.8 forecast_capacity_signal=70.0 predicted=70 required_steps=3
2026-08-07 09:44:23 [info     ] algorithm2_scaling_decision    action=MAINTAIN alpha=0.060060060060060066 beta=0.0 buffer=1.0 current_replicas=5 predicted_load=70.0 required_resources=4.204 target_replicas=5
2026-08-07 09:44:23 [info     ] algorithm2_decision            action=MAINTAIN applied_target=5 current_replicas=5 hold_until=1786070753.3 observed_load=48.11 observed_target=3 point_forecasts=[59.013771057128906, 57.60673141479492, 59.09906005859375, 58.03049850463867, 58.30515670776367, 58.88872528076172, 58.963985443115234, 57.84947204589844, 57.553550720214844] prediction_age_sec=0.07 predictive_target=5 proactive=True scenario=s4-hybrid-predictive target_replicas=5 upper_forecasts=[68.65475463867188, 67.89481353759766, 68.842041015625, 68.60678100585938, 68.59938049316406, 69.48039245605469, 69.92143249511719, 68.51846313476562, 68.67229461669922]
2026-08-07 09:44:23 [debug    ] Decision loop completed        action=MAINTAIN latency_ms=115.1 p99=337.9846743295019
2026-08-07 09:44:38 [debug    ] HAProxy fallback latency       delta_requests=852 interval_avg_ms=65.0 max_rtime_ms=599.0 p99_est=130.0
2026-08-07 09:44:38 [debug    ] GRU prediction received        confidence=0.8 latency_ms=5.74 predicted=69
2026-08-07 09:44:38 [debug    ] Using GRU prediction           confidence=0.8 forecast_capacity_signal=69.0 predicted=69 required_steps=3
2026-08-07 09:44:38 [info     ] algorithm2_scaling_decision    action=MAINTAIN alpha=0.060060060060060066 beta=0.0 buffer=1.0 current_replicas=5 predicted_load=69.0 required_resources=4.144 target_replicas=5
2026-08-07 09:44:38 [info     ] algorithm2_decision            action=MAINTAIN applied_target=5 current_replicas=5 hold_until=1786070768.4 observed_load=54.09 observed_target=4 point_forecasts=[57.66160583496094, 56.48115539550781, 57.78913116455078, 56.81892395019531, 57.129310607910156, 57.655982971191406, 57.57056427001953, 56.67321014404297, 56.524375915527344] prediction_age_sec=0.07 predictive_target=5 proactive=True scenario=s4-hybrid-predictive target_replicas=5 upper_forecasts=[67.3025894165039, 66.76924133300781, 67.53211212158203, 67.39520263671875, 67.42353057861328, 68.24765014648438, 68.52801513671875, 67.34220123291016, 67.64311981201172]
2026-08-07 09:44:38 [debug    ] Decision loop completed        action=MAINTAIN latency_ms=120.14 p99=130.0
2026-08-07 09:44:53 [debug    ] HAProxy fallback latency       delta_requests=706 interval_avg_ms=65.0 max_rtime_ms=599.0 p99_est=130.0
2026-08-07 09:44:53 [debug    ] GRU prediction received        confidence=0.8 latency_ms=6.54 predicted=66
2026-08-07 09:44:53 [debug    ] Using GRU prediction           confidence=0.8 forecast_capacity_signal=66.0 predicted=66 required_steps=3
2026-08-07 09:44:53 [info     ] algorithm2_scaling_decision    action=MAINTAIN alpha=0.060060060060060066 beta=0.0 buffer=1.0 current_replicas=5 predicted_load=69.0 required_resources=4.144 target_replicas=5
2026-08-07 09:44:53 [info     ] algorithm2_decision            action=MAINTAIN applied_target=5 current_replicas=5 hold_until=1786070768.4 observed_load=51.56 observed_target=4 point_forecasts=[55.30351257324219, 54.214759826660156, 55.43310546875, 54.617698669433594, 54.801666259765625, 55.318092346191406, 55.24953842163086, 54.34794616699219, 54.250518798828125] prediction_age_sec=0.07 predictive_target=4 proactive=True scenario=s4-hybrid-predictive target_replicas=5 upper_forecasts=[64.94449615478516, 64.50284576416016, 65.17608642578125, 65.19397735595703, 65.09588623046875, 65.90975952148438, 66.20698547363281, 65.01693725585938, 65.3692626953125]
2026-08-07 09:44:53 [debug    ] Decision loop completed        action=MAINTAIN latency_ms=117.27 p99=130.0
2026-08-07 09:45:08 [debug    ] HAProxy fallback latency       delta_requests=577 interval_avg_ms=503.53 max_rtime_ms=599.0 p99_est=599.0
2026-08-07 09:45:08 [debug    ] GRU prediction received        confidence=0.8 latency_ms=7.76 predicted=63
2026-08-07 09:45:08 [debug    ] Using GRU prediction           confidence=0.8 forecast_capacity_signal=63.0 predicted=63 required_steps=3
2026-08-07 09:45:08 [info     ] algorithm2_scaling_decision    action=MAINTAIN alpha=0.060060060060060066 beta=0.0 buffer=1.0 current_replicas=5 predicted_load=63.0 required_resources=3.784 target_replicas=4
2026-08-07 09:45:08 [info     ] algorithm2_decision            action=MAINTAIN applied_target=4 current_replicas=5 hold_until=1786070798.8 observed_load=42.39 observed_target=3 point_forecasts=[51.978790283203125, 50.944156646728516, 52.09657669067383, 51.471439361572266, 51.45738983154297, 51.994300842285156, 52.00413131713867, 50.99161148071289, 50.92878723144531] prediction_age_sec=0.13 predictive_target=4 proactive=True scenario=s4-hybrid-predictive target_replicas=4 upper_forecasts=[61.619773864746094, 61.23223876953125, 61.83955764770508, 62.0477180480957, 61.751609802246094, 62.585968017578125, 62.961578369140625, 61.660606384277344, 62.04752731323242]
2026-08-07 09:45:08 [debug    ] Decision loop completed        action=MAINTAIN latency_ms=219.61 p99=599.0
2026-08-07 09:45:23 [debug    ] HAProxy fallback latency       delta_requests=589 interval_avg_ms=212.2 max_rtime_ms=599.0 p99_est=424.4
2026-08-07 09:45:23 [debug    ] GRU prediction received        confidence=0.8 latency_ms=5.93 predicted=60
2026-08-07 09:45:23 [debug    ] Using GRU prediction           confidence=0.8 forecast_capacity_signal=60.0 predicted=60 required_steps=3
2026-08-07 09:45:23 [info     ] algorithm2_scaling_decision    action=MAINTAIN alpha=0.060060060060060066 beta=0.0 buffer=1.0 current_replicas=5 predicted_load=60.0 required_resources=3.604 target_replicas=4
2026-08-07 09:45:23 [info     ] algorithm2_decision            action=MAINTAIN applied_target=4 current_replicas=5 hold_until=1786070814.0 observed_load=38.37 observed_target=3 point_forecasts=[49.278297424316406, 48.3435173034668, 49.399471282958984, 48.91539001464844, 48.80464553833008, 49.32052230834961, 49.3277473449707, 48.32883834838867, 48.312870025634766] prediction_age_sec=0.09 predictive_target=4 proactive=True scenario=s4-hybrid-predictive target_replicas=4 upper_forecasts=[58.919281005859375, 58.63159942626953, 59.142452239990234, 59.491668701171875, 59.0988655090332, 59.91218948364258, 60.285194396972656, 58.997833251953125, 59.431610107421875]
2026-08-07 09:45:23 [debug    ] Decision loop completed        action=MAINTAIN latency_ms=168.66 p99=424.3972835314092
2026-08-07 09:45:39 [debug    ] GRU prediction received        confidence=0.8 latency_ms=6.07 predicted=58
2026-08-07 09:45:39 [debug    ] Using GRU prediction           confidence=0.8 forecast_capacity_signal=58.0 predicted=58 required_steps=3
2026-08-07 09:45:39 [info     ] algorithm2_scaling_decision    action=MAINTAIN alpha=0.060060060060060066 beta=0.0 buffer=1.0 current_replicas=5 predicted_load=58.0 required_resources=3.483 target_replicas=4
2026-08-07 09:45:39 [info     ] algorithm2_decision            action=MAINTAIN applied_target=4 current_replicas=5 hold_until=1786070829.1 observed_load=39.52 observed_target=3 point_forecasts=[47.3556022644043, 46.52752685546875, 47.48143768310547, 47.10345458984375, 46.958683013916016, 47.420406341552734, 47.389949798583984, 46.4802131652832, 46.50617218017578] prediction_age_sec=0.07 predictive_target=4 proactive=True scenario=s4-hybrid-predictive target_replicas=4 upper_forecasts=[56.99658203125, 56.815608978271484, 57.22441864013672, 57.67973327636719, 57.25290298461914, 58.0120735168457, 58.34739685058594, 57.149208068847656, 57.62491226196289]
2026-08-07 09:45:39 [debug    ] Decision loop completed        action=MAINTAIN latency_ms=120.15 p99=424.3972835314092
2026-08-07 09:45:54 [debug    ] GRU prediction received        confidence=0.8 latency_ms=6.32 predicted=57
2026-08-07 09:45:54 [debug    ] Using GRU prediction           confidence=0.8 forecast_capacity_signal=57.0 predicted=57 required_steps=3
2026-08-07 09:45:54 [info     ] algorithm2_scaling_decision    action=MAINTAIN alpha=0.060060060060060066 beta=0.0 buffer=1.0 current_replicas=5 predicted_load=57.0 required_resources=3.423 target_replicas=4
2026-08-07 09:45:54 [info     ] algorithm2_decision            action=MAINTAIN applied_target=4 current_replicas=5 hold_until=1786070844.2 observed_load=41.04 observed_target=3 point_forecasts=[46.08780288696289, 45.344112396240234, 46.20713806152344, 45.91089630126953, 45.758018493652344, 46.16023635864258, 46.0869140625, 45.28112030029297, 45.35477066040039] prediction_age_sec=0.07 predictive_target=4 proactive=True scenario=s4-hybrid-predictive target_replicas=4 upper_forecasts=[55.728782653808594, 55.63219451904297, 55.95011901855469, 56.48717498779297, 56.05223846435547, 56.75190353393555, 57.04436492919922, 55.950111389160156, 56.4735107421875]
2026-08-07 09:45:54 [debug    ] Decision loop completed        action=MAINTAIN latency_ms=122.24 p99=424.3972835314092
2026-08-07 09:46:09 [debug    ] HAProxy fallback latency       delta_requests=668 interval_avg_ms=65.0 max_rtime_ms=599.0 p99_est=130.0
2026-08-07 09:46:09 [debug    ] GRU prediction received        confidence=0.8 latency_ms=6.11 predicted=56
2026-08-07 09:46:09 [debug    ] Using GRU prediction           confidence=0.8 forecast_capacity_signal=56.0 predicted=56 required_steps=3
2026-08-07 09:46:09 [info     ] algorithm2_scaling_decision    action=MAINTAIN alpha=0.060060060060060066 beta=0.0 buffer=1.0 current_replicas=5 predicted_load=56.0 required_resources=3.363 target_replicas=4
2026-08-07 09:46:09 [info     ] algorithm2_decision            action=MAINTAIN applied_target=4 current_replicas=5 hold_until=1786070859.3 observed_load=42.95 observed_target=3 point_forecasts=[45.54165267944336, 44.8660888671875, 45.65263748168945, 45.40350341796875, 45.27792739868164, 45.61469650268555, 45.48624801635742, 44.80861282348633, 44.92781066894531] prediction_age_sec=0.07 predictive_target=4 proactive=True scenario=s4-hybrid-predictive target_replicas=4 upper_forecasts=[55.18263244628906, 55.154170989990234, 55.3956184387207, 55.97978210449219, 55.572147369384766, 56.206363677978516, 56.443695068359375, 55.47760772705078, 56.04655075073242]
2026-08-07 09:46:09 [debug    ] Decision loop completed        action=MAINTAIN latency_ms=122.44 p99=130.0
2026-08-07 09:46:24 [debug    ] HAProxy fallback latency       delta_requests=748 interval_avg_ms=65.0 max_rtime_ms=599.0 p99_est=130.0
2026-08-07 09:46:24 [debug    ] GRU prediction received        confidence=0.8 latency_ms=6.14 predicted=57
2026-08-07 09:46:24 [debug    ] Using GRU prediction           confidence=0.8 forecast_capacity_signal=57.0 predicted=57 required_steps=3
2026-08-07 09:46:24 [info     ] algorithm2_scaling_decision    action=MAINTAIN alpha=0.060060060060060066 beta=0.0 buffer=1.0 current_replicas=5 predicted_load=57.0 required_resources=3.423 target_replicas=4
2026-08-07 09:46:24 [info     ] algorithm2_decision            action=MAINTAIN applied_target=4 current_replicas=5 hold_until=1786070874.4 observed_load=46.82 observed_target=3 point_forecasts=[46.082435607910156, 45.46583557128906, 46.18731689453125, 45.92851257324219, 45.894432067871094, 46.15850830078125, 45.937896728515625, 45.44122314453125, 45.61347579956055] prediction_age_sec=0.07 predictive_target=4 proactive=True scenario=s4-hybrid-predictive target_replicas=4 upper_forecasts=[55.723419189453125, 55.7539176940918, 55.9302978515625, 56.504791259765625, 56.18865203857422, 56.75017547607422, 56.895347595214844, 56.11021423339844, 56.732215881347656]
2026-08-07 09:46:24 [debug    ] Decision loop completed        action=MAINTAIN latency_ms=117.79 p99=130.0
2026-08-07 09:46:39 [debug    ] HAProxy fallback latency       delta_requests=255 interval_avg_ms=65.0 max_rtime_ms=599.0 p99_est=130.0
2026-08-07 09:46:39 [debug    ] GRU prediction received        confidence=0.8 latency_ms=5.55 predicted=52
2026-08-07 09:46:39 [debug    ] Using GRU prediction           confidence=0.8 forecast_capacity_signal=52.0 predicted=52 required_steps=3
2026-08-07 09:46:39 [info     ] algorithm2_scaling_decision    action=MAINTAIN alpha=0.060060060060060066 beta=0.0 buffer=1.0 current_replicas=5 predicted_load=52.0 required_resources=3.123 target_replicas=4
2026-08-07 09:46:39 [info     ] algorithm2_decision            action=MAINTAIN applied_target=4 current_replicas=5 hold_until=1786070889.5 observed_load=33.23 observed_target=3 point_forecasts=[41.39569854736328, 40.67304229736328, 41.44981384277344, 41.48782730102539, 41.02989196777344, 41.38603210449219, 41.50791931152344, 40.529754638671875, 40.65433883666992] prediction_age_sec=0.07 predictive_target=4 proactive=True scenario=s4-hybrid-predictive target_replicas=4 upper_forecasts=[51.03668212890625, 50.961124420166016, 51.19279479980469, 52.06410598754883, 51.32411193847656, 51.977699279785156, 52.465370178222656, 51.19874572753906, 51.77307891845703]
2026-08-07 09:46:39 [debug    ] Decision loop completed        action=MAINTAIN latency_ms=110.0 p99=130.0
2026-08-07 09:46:54 [debug    ] GRU prediction received        confidence=0.8 latency_ms=6.02 predicted=46
2026-08-07 09:46:54 [debug    ] Using GRU prediction           confidence=0.8 forecast_capacity_signal=46.0 predicted=46 required_steps=3
2026-08-07 09:46:54 [info     ] algorithm2_scaling_decision    action=MAINTAIN alpha=0.060060060060060066 beta=0.0 buffer=1.0 current_replicas=5 predicted_load=52.0 required_resources=3.123 target_replicas=4
2026-08-07 09:46:54 [info     ] algorithm2_decision            action=MAINTAIN applied_target=4 current_replicas=5 hold_until=1786070889.5 observed_load=8.5 observed_target=3 point_forecasts=[34.657371520996094, 33.890560150146484, 34.66002655029297, 35.046207427978516, 34.12363052368164, 34.61394119262695, 35.05744552612305, 33.56550598144531, 33.68488693237305] prediction_age_sec=0.07 predictive_target=3 proactive=True scenario=s4-hybrid-predictive target_replicas=4 upper_forecasts=[44.29835510253906, 44.17864227294922, 44.40300750732422, 45.62248611450195, 44.417850494384766, 45.20560836791992, 46.014892578125, 44.2344970703125, 44.803627014160156]
2026-08-07 09:46:54 [debug    ] Decision loop completed        action=MAINTAIN latency_ms=112.1 p99=130.0
2026-08-07 09:47:09 [debug    ] GRU prediction received        confidence=0.8 latency_ms=5.93 predicted=40
2026-08-07 09:47:09 [debug    ] Using GRU prediction           confidence=0.8 forecast_capacity_signal=40.0 predicted=40 required_steps=3
2026-08-07 09:47:09 [info     ] algorithm2_scaling_decision    action=MAINTAIN alpha=0.060060060060060066 beta=0.0 buffer=1.0 current_replicas=5 predicted_load=52.0 required_resources=3.123 target_replicas=4
2026-08-07 09:47:09 [info     ] algorithm2_decision            action=MAINTAIN applied_target=4 current_replicas=5 hold_until=1786070889.5 observed_load=0.0 observed_target=3 point_forecasts=[28.923870086669922, 28.255203247070312, 28.920429229736328, 29.56869888305664, 28.404159545898438, 28.88098907470703, 29.45294952392578, 27.827682495117188, 27.894695281982422] prediction_age_sec=0.07 predictive_target=3 proactive=True scenario=s4-hybrid-predictive target_replicas=4 upper_forecasts=[38.564849853515625, 38.54328536987305, 38.66341018676758, 40.14497756958008, 38.69837951660156, 39.47265625, 40.410400390625, 38.496673583984375, 39.01343536376953]
2026-08-07 09:47:09 [debug    ] Decision loop completed        action=MAINTAIN latency_ms=115.92 p99=130.0
2026-08-07 09:47:24 [debug    ] GRU prediction received        confidence=0.8 latency_ms=6.18 predicted=36
2026-08-07 09:47:24 [debug    ] Using GRU prediction           confidence=0.8 forecast_capacity_signal=36.0 predicted=36 required_steps=3
2026-08-07 09:47:24 [info     ] algorithm2_scaling_decision    action=MAINTAIN alpha=0.060060060060060066 beta=0.0 buffer=1.0 current_replicas=5 predicted_load=52.0 required_resources=3.123 target_replicas=4
2026-08-07 09:47:24 [info     ] algorithm2_decision            action=MAINTAIN applied_target=4 current_replicas=5 hold_until=1786070889.5 observed_load=0.0 observed_target=3 point_forecasts=[24.181007385253906, 23.633296966552734, 24.16069793701172, 25.052703857421875, 23.735851287841797, 24.108722686767578, 24.741172790527344, 23.14849853515625, 23.16238784790039] prediction_age_sec=0.07 predictive_target=3 proactive=True scenario=s4-hybrid-predictive target_replicas=4 upper_forecasts=[33.821990966796875, 33.92137908935547, 33.90367889404297, 35.62898254394531, 34.03007125854492, 34.70038986206055, 35.69862365722656, 33.81748962402344, 34.2811279296875]
2026-08-07 09:47:24 [debug    ] Decision loop completed        action=MAINTAIN latency_ms=115.04 p99=130.0
2026-08-07 09:47:29 [info     ] Received shutdown signal
2026-08-07 09:47:29 [info     ] Stopping routing daemon...
2026-08-07 09:47:29 [info     ] Routing daemon stopped
