2026-07-14 05:01:39 [info     ] SLOMonitor initialized         threshold_ms=200.0 violation_window=30
2026-07-14 05:01:39 [info     ] Algorithm1ControllerV3 initialized max_knative=50 r_saturation=33.3 target_cpu_util=0.5 total_budget=1000
2026-07-14 05:01:39 [info     ] Using V3 controller (Capacity-Driven) scenario=s4-hybrid-predictive version=v3
2026-07-14 05:01:39 [info     ] HAProxyWeightAdjuster initialized backend=servers host=localhost port=19999
2026-07-14 05:01:39 [info     ] GRUClient initialized          base_url=http://localhost:8090
2026-07-14 05:01:39 [info     ] K8sScaler initialized          deployment=test-app-warm namespace=default
2026-07-14 05:01:39 [info     ] RoutingDaemon initialized      decision_interval=15 description='Algorithm 1 with GRU predictions (Algorithm 2)' scenario=s4-hybrid-predictive use_algorithm=True use_predictions=True
2026-07-14 05:01:39 [info     ] Starting routing daemon        interval=15 scenario=s4-hybrid-predictive
2026-07-14 05:01:39 [info     ] Weights updated                k3s=80 knative=20
2026-07-14 05:01:39 [info     ] Initial weights applied        k3s=80 knative=20
2026-07-14 05:01:39 [debug    ] HAProxy fallback primed        total_requests=0
2026-07-14 05:01:39 [info     ] Model status validated         prediction_horizon=9 sample_interval_sec=15 sequence_length=30
2026-07-14 05:01:39 [info     ] Model status validated on first eligible cycle prediction_horizon=9 sequence_length=30
2026-07-14 05:01:39 [info     ] algorithm2_scaling_decision    action=MAINTAIN alpha=0.060060060060060066 beta=0.0 buffer=1.0 current_replicas=3 predicted_load=0.0 required_resources=0.0 target_replicas=3
2026-07-14 05:01:39 [info     ] algorithm2_decision            action=MAINTAIN applied_target=3 current_replicas=3 hold_until=0.0 observed_load=0.0 observed_target=3 point_forecasts=None prediction_age_sec=None predictive_target=3 proactive=False scenario=s4-hybrid-predictive target_replicas=3 upper_forecasts=None
2026-07-14 05:01:39 [debug    ] Decision loop completed        action=MAINTAIN latency_ms=115.68 p99=0.0
2026-07-14 05:01:54 [info     ] algorithm2_scaling_decision    action=MAINTAIN alpha=0.060060060060060066 beta=0.0 buffer=1.0 current_replicas=3 predicted_load=0.0 required_resources=0.0 target_replicas=3
2026-07-14 05:01:54 [info     ] algorithm2_decision            action=MAINTAIN applied_target=3 current_replicas=3 hold_until=0.0 observed_load=0.0 observed_target=3 point_forecasts=None prediction_age_sec=None predictive_target=3 proactive=False scenario=s4-hybrid-predictive target_replicas=3 upper_forecasts=None
2026-07-14 05:01:54 [debug    ] Decision loop completed        action=MAINTAIN latency_ms=116.65 p99=0.0
2026-07-14 05:02:09 [info     ] algorithm2_scaling_decision    action=MAINTAIN alpha=0.060060060060060066 beta=0.0 buffer=1.0 current_replicas=3 predicted_load=0.0 required_resources=0.0 target_replicas=3
2026-07-14 05:02:09 [info     ] algorithm2_decision            action=MAINTAIN applied_target=3 current_replicas=3 hold_until=0.0 observed_load=0.0 observed_target=3 point_forecasts=None prediction_age_sec=None predictive_target=3 proactive=False scenario=s4-hybrid-predictive target_replicas=3 upper_forecasts=None
2026-07-14 05:02:09 [debug    ] Decision loop completed        action=MAINTAIN latency_ms=113.3 p99=0.0
2026-07-14 05:02:24 [debug    ] HAProxy fallback latency       delta_requests=642 interval_avg_ms=65.0 max_rtime_ms=127.0 p99_est=127.0
2026-07-14 05:02:25 [info     ] controller_decision_v3         action=RECOVERY available_replicas=3 budget_remaining=1000 burn_adjustment=0 burst_ratio=0 capacity_deficit=False confidence=0 current_load=42.34730190083035 decision_id=e5e4116b k8s_capacity=49.9 k8s_weight=100 knative_weight=0 p99=127.0 predicted_load=0 r_effective=16.6 serverless_enabled=False total_load=42.3 weights_after={'k3s': 100, 'knative': 0} weights_before={'k3s': 80, 'knative': 20}
2026-07-14 05:02:25 [info     ] Weights updated                k3s=100 knative=0
2026-07-14 05:02:25 [info     ] Weights updated                action=RECOVERY reason='load=42RPS | k8s_cap=50RPS | (reducing-serverless)' weights={'k3s': 100, 'knative': 0}
2026-07-14 05:02:25 [info     ] algorithm2_scaling_decision    action=MAINTAIN alpha=0.060060060060060066 beta=0.0 buffer=1.0 current_replicas=3 predicted_load=21.173650950415176 required_resources=1.272 target_replicas=3
2026-07-14 05:02:25 [info     ] algorithm2_decision            action=MAINTAIN applied_target=3 current_replicas=3 hold_until=0.0 observed_load=21.17 observed_target=3 point_forecasts=None prediction_age_sec=None predictive_target=3 proactive=False scenario=s4-hybrid-predictive target_replicas=3 upper_forecasts=None
2026-07-14 05:02:25 [debug    ] Decision loop completed        action=RECOVERY latency_ms=152.31 p99=127.0
2026-07-14 05:02:40 [debug    ] HAProxy fallback latency       delta_requests=667 interval_avg_ms=65.0 max_rtime_ms=127.0 p99_est=127.0
2026-07-14 05:02:40 [info     ] algorithm2_scaling_decision    action=MAINTAIN alpha=0.060060060060060066 beta=0.0 buffer=1.0 current_replicas=3 predicted_load=43.182485257577795 required_resources=2.594 target_replicas=3
2026-07-14 05:02:40 [info     ] algorithm2_decision            action=MAINTAIN applied_target=3 current_replicas=3 hold_until=0.0 observed_load=43.18 observed_target=3 point_forecasts=None prediction_age_sec=None predictive_target=3 proactive=False scenario=s4-hybrid-predictive target_replicas=3 upper_forecasts=None
2026-07-14 05:02:40 [debug    ] Decision loop completed        action=MAINTAIN latency_ms=118.16 p99=127.0
2026-07-14 05:02:55 [debug    ] HAProxy fallback latency       delta_requests=716 interval_avg_ms=67.83 max_rtime_ms=161.0 p99_est=135.66
2026-07-14 05:02:55 [info     ] algorithm2_scaling_decision    action=MAINTAIN alpha=0.060060060060060066 beta=0.0 buffer=1.0 current_replicas=3 predicted_load=45.68919509576444 required_resources=2.744 target_replicas=3
2026-07-14 05:02:55 [info     ] algorithm2_decision            action=MAINTAIN applied_target=3 current_replicas=3 hold_until=0.0 observed_load=45.69 observed_target=3 point_forecasts=None prediction_age_sec=None predictive_target=3 proactive=False scenario=s4-hybrid-predictive target_replicas=3 upper_forecasts=None
2026-07-14 05:02:55 [debug    ] Decision loop completed        action=MAINTAIN latency_ms=114.27 p99=135.65642458100558
2026-07-14 05:03:10 [debug    ] HAProxy fallback latency       delta_requests=824 interval_avg_ms=66.0 max_rtime_ms=161.0 p99_est=132.0
2026-07-14 05:03:10 [info     ] Knative pre-warm OK            cold_start_ms=2.3
2026-07-14 05:03:10 [info     ] controller_decision_v3         action=REACTIVE available_replicas=3 budget_remaining=1000 burn_adjustment=0 burst_ratio=0.0827 capacity_deficit=False confidence=0 current_load=54.45119718860624 decision_id=628352d7 k8s_capacity=49.9 k8s_weight=91 knative_weight=9 p99=132.0 predicted_load=0 r_effective=16.6 serverless_enabled=True total_load=54.5 weights_after={'k3s': 91, 'knative': 9} weights_before={'k3s': 100, 'knative': 0}
2026-07-14 05:03:10 [info     ] Weights updated                k3s=91 knative=9
2026-07-14 05:03:10 [info     ] Weights updated                action=REACTIVE reason='load=54RPS | k8s_cap=50RPS | (burst-routing)' weights={'k3s': 91, 'knative': 9}
2026-07-14 05:03:10 [info     ] algorithm2_scaling_decision    action=SCALE_UP alpha=0.060060060060060066 beta=0.0 buffer=1.0 current_replicas=3 predicted_load=50.90595938290494 required_resources=3.057 target_replicas=4
2026-07-14 05:03:10 [info     ] algorithm2_decision            action=SCALE_UP applied_target=4 current_replicas=3 hold_until=0.0 observed_load=50.91 observed_target=4 point_forecasts=None prediction_age_sec=None predictive_target=3 proactive=False scenario=s4-hybrid-predictive target_replicas=4 upper_forecasts=None
2026-07-14 05:03:10 [info     ] k8s_scale_executed             deployment=test-app-warm replicas=4
2026-07-14 05:03:10 [debug    ] Decision loop completed        action=REACTIVE latency_ms=158.0 p99=132.0
2026-07-14 05:03:25 [debug    ] HAProxy fallback latency       delta_requests=768 interval_avg_ms=66.0 max_rtime_ms=161.0 p99_est=132.0
2026-07-14 05:03:25 [info     ] controller_decision_v3         action=RECOVERY available_replicas=4 budget_remaining=1000 burn_adjustment=0 burst_ratio=0 capacity_deficit=False confidence=0 current_load=50.733521085323886 decision_id=47f51c69 k8s_capacity=66.6 k8s_weight=100 knative_weight=0 p99=132.0 predicted_load=0 r_effective=16.6 serverless_enabled=False total_load=50.7 weights_after={'k3s': 100, 'knative': 0} weights_before={'k3s': 91, 'knative': 9}
2026-07-14 05:03:25 [info     ] Weights updated                k3s=100 knative=0
2026-07-14 05:03:25 [info     ] Weights updated                action=RECOVERY reason='load=51RPS | k8s_cap=67RPS | (reducing-serverless)' weights={'k3s': 100, 'knative': 0}
2026-07-14 05:03:25 [info     ] Scale readiness observed       elapsed_sec=15.1 ewma_delay=46.5 samples=1 target=4
2026-07-14 05:03:25 [info     ] algorithm2_scaling_decision    action=MAINTAIN alpha=0.060060060060060066 beta=0.0 buffer=1.0 current_replicas=4 predicted_load=52.59235913696506 required_resources=3.159 target_replicas=4
2026-07-14 05:03:25 [info     ] algorithm2_decision            action=MAINTAIN applied_target=4 current_replicas=4 hold_until=0.0 observed_load=52.59 observed_target=4 point_forecasts=None prediction_age_sec=None predictive_target=3 proactive=False scenario=s4-hybrid-predictive target_replicas=4 upper_forecasts=None
2026-07-14 05:03:25 [debug    ] Decision loop completed        action=RECOVERY latency_ms=146.36 p99=132.0
2026-07-14 05:03:40 [debug    ] HAProxy fallback latency       delta_requests=546 interval_avg_ms=66.0 max_rtime_ms=161.0 p99_est=132.0
2026-07-14 05:03:40 [info     ] algorithm2_scaling_decision    action=MAINTAIN alpha=0.060060060060060066 beta=0.0 buffer=1.0 current_replicas=4 predicted_load=43.4228300474288 required_resources=2.608 target_replicas=3
2026-07-14 05:03:40 [info     ] algorithm2_decision            action=MAINTAIN applied_target=3 current_replicas=4 hold_until=0.0 observed_load=43.42 observed_target=3 point_forecasts=None prediction_age_sec=None predictive_target=3 proactive=False scenario=s4-hybrid-predictive target_replicas=3 upper_forecasts=None
2026-07-14 05:03:40 [debug    ] Decision loop completed        action=MAINTAIN latency_ms=113.15 p99=132.0
2026-07-14 05:03:55 [debug    ] HAProxy fallback latency       delta_requests=411 interval_avg_ms=54.87 max_rtime_ms=161.0 p99_est=109.74
2026-07-14 05:03:55 [info     ] algorithm2_scaling_decision    action=MAINTAIN alpha=0.060060060060060066 beta=0.0 buffer=1.0 current_replicas=4 predicted_load=31.653386405265778 required_resources=1.901 target_replicas=3
2026-07-14 05:03:55 [info     ] algorithm2_decision            action=MAINTAIN applied_target=3 current_replicas=4 hold_until=0.0 observed_load=31.65 observed_target=3 point_forecasts=None prediction_age_sec=None predictive_target=3 proactive=False scenario=s4-hybrid-predictive target_replicas=3 upper_forecasts=None
2026-07-14 05:03:55 [debug    ] Decision loop completed        action=MAINTAIN latency_ms=114.79 p99=109.74209245742092
2026-07-14 05:04:10 [debug    ] HAProxy fallback latency       delta_requests=358 interval_avg_ms=65.0 max_rtime_ms=161.0 p99_est=130.0
2026-07-14 05:04:10 [info     ] algorithm2_scaling_decision    action=MAINTAIN alpha=0.060060060060060066 beta=0.0 buffer=1.0 current_replicas=4 predicted_load=25.440169940298503 required_resources=1.528 target_replicas=3
2026-07-14 05:04:10 [info     ] algorithm2_decision            action=MAINTAIN applied_target=3 current_replicas=4 hold_until=0.0 observed_load=25.44 observed_target=3 point_forecasts=None prediction_age_sec=None predictive_target=3 proactive=False scenario=s4-hybrid-predictive target_replicas=3 upper_forecasts=None
2026-07-14 05:04:10 [debug    ] Decision loop completed        action=MAINTAIN latency_ms=111.87 p99=130.0
2026-07-14 05:04:26 [debug    ] HAProxy fallback latency       delta_requests=486 interval_avg_ms=53.85 max_rtime_ms=161.0 p99_est=107.7
2026-07-14 05:04:26 [info     ] algorithm2_scaling_decision    action=MAINTAIN alpha=0.060060060060060066 beta=0.0 buffer=1.0 current_replicas=4 predicted_load=27.92307873752489 required_resources=1.677 target_replicas=3
2026-07-14 05:04:26 [info     ] algorithm2_decision            action=MAINTAIN applied_target=3 current_replicas=4 hold_until=0.0 observed_load=27.92 observed_target=3 point_forecasts=None prediction_age_sec=None predictive_target=3 proactive=False scenario=s4-hybrid-predictive target_replicas=3 upper_forecasts=None
2026-07-14 05:04:26 [debug    ] Decision loop completed        action=MAINTAIN latency_ms=108.79 p99=107.70370370370371
2026-07-14 05:04:41 [debug    ] HAProxy fallback latency       delta_requests=775 interval_avg_ms=71.99 max_rtime_ms=161.0 p99_est=143.98
2026-07-14 05:04:41 [info     ] algorithm2_scaling_decision    action=MAINTAIN alpha=0.060060060060060066 beta=0.0 buffer=1.0 current_replicas=4 predicted_load=41.69414031425681 required_resources=2.504 target_replicas=3
2026-07-14 05:04:41 [info     ] algorithm2_decision            action=MAINTAIN applied_target=3 current_replicas=4 hold_until=0.0 observed_load=41.69 observed_target=3 point_forecasts=None prediction_age_sec=None predictive_target=3 proactive=False scenario=s4-hybrid-predictive target_replicas=3 upper_forecasts=None
2026-07-14 05:04:41 [debug    ] Decision loop completed        action=MAINTAIN latency_ms=153.69 p99=143.98193548387096
2026-07-14 05:04:56 [debug    ] HAProxy fallback latency       delta_requests=813 interval_avg_ms=56.38 max_rtime_ms=161.0 p99_est=112.77
2026-07-14 05:04:56 [info     ] algorithm2_scaling_decision    action=MAINTAIN alpha=0.060060060060060066 beta=0.0 buffer=1.0 current_replicas=4 predicted_load=52.438846182050725 required_resources=3.149 target_replicas=4
2026-07-14 05:04:56 [info     ] algorithm2_decision            action=MAINTAIN applied_target=4 current_replicas=4 hold_until=0.0 observed_load=52.44 observed_target=4 point_forecasts=None prediction_age_sec=None predictive_target=3 proactive=False scenario=s4-hybrid-predictive target_replicas=4 upper_forecasts=None
2026-07-14 05:04:56 [debug    ] Decision loop completed        action=MAINTAIN latency_ms=104.35 p99=112.76506765067651
2026-07-14 05:05:11 [debug    ] HAProxy fallback latency       delta_requests=636 interval_avg_ms=64.0 max_rtime_ms=161.0 p99_est=128.0
2026-07-14 05:05:11 [info     ] algorithm2_scaling_decision    action=MAINTAIN alpha=0.060060060060060066 beta=0.0 buffer=1.0 current_replicas=4 predicted_load=47.91123254427238 required_resources=2.878 target_replicas=3
2026-07-14 05:05:11 [info     ] algorithm2_decision            action=MAINTAIN applied_target=3 current_replicas=4 hold_until=0.0 observed_load=47.91 observed_target=3 point_forecasts=None prediction_age_sec=None predictive_target=3 proactive=False scenario=s4-hybrid-predictive target_replicas=3 upper_forecasts=None
2026-07-14 05:05:11 [debug    ] Decision loop completed        action=MAINTAIN latency_ms=106.22 p99=128.0
2026-07-14 05:05:26 [debug    ] HAProxy fallback latency       delta_requests=658 interval_avg_ms=89.23 max_rtime_ms=161.0 p99_est=161.0
2026-07-14 05:05:26 [info     ] algorithm2_scaling_decision    action=MAINTAIN alpha=0.060060060060060066 beta=0.0 buffer=1.0 current_replicas=4 predicted_load=42.83167084131199 required_resources=2.572 target_replicas=3
2026-07-14 05:05:26 [info     ] algorithm2_decision            action=MAINTAIN applied_target=3 current_replicas=4 hold_until=0.0 observed_load=42.83 observed_target=3 point_forecasts=None prediction_age_sec=None predictive_target=3 proactive=False scenario=s4-hybrid-predictive target_replicas=3 upper_forecasts=None
2026-07-14 05:05:26 [debug    ] Decision loop completed        action=MAINTAIN latency_ms=121.18 p99=161.0
2026-07-14 05:05:41 [debug    ] HAProxy fallback latency       delta_requests=833 interval_avg_ms=55.04 max_rtime_ms=161.0 p99_est=110.07
2026-07-14 05:05:41 [info     ] algorithm2_scaling_decision    action=MAINTAIN alpha=0.060060060060060066 beta=0.0 buffer=1.0 current_replicas=4 predicted_load=49.289579417497066 required_resources=2.96 target_replicas=3
2026-07-14 05:05:41 [info     ] algorithm2_decision            action=MAINTAIN applied_target=3 current_replicas=4 hold_until=0.0 observed_load=49.29 observed_target=3 point_forecasts=None prediction_age_sec=None predictive_target=3 proactive=False scenario=s4-hybrid-predictive target_replicas=3 upper_forecasts=None
2026-07-14 05:05:41 [debug    ] Decision loop completed        action=MAINTAIN latency_ms=123.5 p99=110.0720288115246
2026-07-14 05:05:56 [debug    ] HAProxy fallback latency       delta_requests=916 interval_avg_ms=65.0 max_rtime_ms=161.0 p99_est=130.0
2026-07-14 05:05:56 [info     ] algorithm2_scaling_decision    action=MAINTAIN alpha=0.060060060060060066 beta=0.0 buffer=1.0 current_replicas=4 predicted_load=57.82851047373754 required_resources=3.473 target_replicas=4
2026-07-14 05:05:56 [info     ] algorithm2_decision            action=MAINTAIN applied_target=4 current_replicas=4 hold_until=0.0 observed_load=57.83 observed_target=4 point_forecasts=None prediction_age_sec=None predictive_target=3 proactive=False scenario=s4-hybrid-predictive target_replicas=4 upper_forecasts=None
2026-07-14 05:05:56 [debug    ] Decision loop completed        action=MAINTAIN latency_ms=106.94 p99=130.0
2026-07-14 05:06:11 [debug    ] HAProxy fallback latency       delta_requests=931 interval_avg_ms=65.0 max_rtime_ms=161.0 p99_est=130.0
2026-07-14 05:06:11 [info     ] algorithm2_scaling_decision    action=MAINTAIN alpha=0.060060060060060066 beta=0.0 buffer=1.0 current_replicas=4 predicted_load=61.09639292201337 required_resources=3.669 target_replicas=4
2026-07-14 05:06:11 [info     ] algorithm2_decision            action=MAINTAIN applied_target=4 current_replicas=4 hold_until=0.0 observed_load=61.1 observed_target=4 point_forecasts=None prediction_age_sec=None predictive_target=3 proactive=False scenario=s4-hybrid-predictive target_replicas=4 upper_forecasts=None
2026-07-14 05:06:11 [debug    ] Decision loop completed        action=MAINTAIN latency_ms=116.14 p99=130.0
2026-07-14 05:06:26 [debug    ] HAProxy fallback latency       delta_requests=1005 interval_avg_ms=76.93 max_rtime_ms=161.0 p99_est=153.85
2026-07-14 05:06:27 [info     ] algorithm2_scaling_decision    action=MAINTAIN alpha=0.060060060060060066 beta=0.0 buffer=1.0 current_replicas=4 predicted_load=64.05503294953449 required_resources=3.847 target_replicas=4
2026-07-14 05:06:27 [info     ] algorithm2_decision            action=MAINTAIN applied_target=4 current_replicas=4 hold_until=0.0 observed_load=64.06 observed_target=4 point_forecasts=None prediction_age_sec=None predictive_target=3 proactive=False scenario=s4-hybrid-predictive target_replicas=4 upper_forecasts=None
2026-07-14 05:06:27 [debug    ] Decision loop completed        action=MAINTAIN latency_ms=119.98 p99=153.8507462686567
2026-07-14 05:06:42 [debug    ] HAProxy fallback latency       delta_requests=1120 interval_avg_ms=54.3 max_rtime_ms=161.0 p99_est=108.6
2026-07-14 05:06:42 [info     ] Knative pre-warm OK            cold_start_ms=3.0
2026-07-14 05:06:42 [info     ] controller_decision_v3         action=REACTIVE available_replicas=4 budget_remaining=1000 burn_adjustment=0 burst_ratio=0.1001 capacity_deficit=False confidence=0 current_load=74.00850772990694 decision_id=4483098c k8s_capacity=66.6 k8s_weight=89 knative_weight=11 p99=108.6 predicted_load=0 r_effective=16.6 serverless_enabled=True total_load=74.0 weights_after={'k3s': 89, 'knative': 11} weights_before={'k3s': 100, 'knative': 0}
2026-07-14 05:06:42 [info     ] Weights updated                k3s=89 knative=11
2026-07-14 05:06:42 [info     ] Weights updated                action=REACTIVE reason='load=74RPS | k8s_cap=67RPS | (burst-routing)' weights={'k3s': 89, 'knative': 11}
2026-07-14 05:06:42 [info     ] algorithm2_scaling_decision    action=SCALE_UP alpha=0.060060060060060066 beta=0.0 buffer=1.0 current_replicas=4 predicted_load=70.24719481127389 required_resources=4.219 target_replicas=5
2026-07-14 05:06:42 [info     ] algorithm2_decision            action=SCALE_UP applied_target=5 current_replicas=4 hold_until=0.0 observed_load=70.25 observed_target=5 point_forecasts=None prediction_age_sec=None predictive_target=3 proactive=False scenario=s4-hybrid-predictive target_replicas=5 upper_forecasts=None
2026-07-14 05:06:42 [info     ] k8s_scale_executed             deployment=test-app-warm replicas=5
2026-07-14 05:06:42 [debug    ] Decision loop completed        action=REACTIVE latency_ms=161.62 p99=108.59821428571429
2026-07-14 05:06:57 [debug    ] HAProxy fallback latency       delta_requests=1280 interval_avg_ms=87.48 max_rtime_ms=161.0 p99_est=161.0
2026-07-14 05:06:57 [info     ] controller_decision_v3         action=RECOVERY available_replicas=5 budget_remaining=1000 burn_adjustment=0 burst_ratio=0.0139 capacity_deficit=False confidence=0 current_load=84.42015354890798 decision_id=97960ce1 k8s_capacity=83.2 k8s_weight=98 knative_weight=2 p99=161.0 predicted_load=0 r_effective=16.6 serverless_enabled=True total_load=84.4 weights_after={'k3s': 98, 'knative': 2} weights_before={'k3s': 89, 'knative': 11}
2026-07-14 05:06:57 [info     ] Weights updated                k3s=98 knative=2
2026-07-14 05:06:57 [info     ] Weights updated                action=RECOVERY reason='load=84RPS | k8s_cap=83RPS | (reducing-serverless)' weights={'k3s': 98, 'knative': 2}
2026-07-14 05:06:57 [info     ] Scale readiness observed       elapsed_sec=15.2 ewma_delay=37.1 samples=2 target=5
2026-07-14 05:06:57 [info     ] algorithm2_scaling_decision    action=MAINTAIN alpha=0.060060060060060066 beta=0.0 buffer=1.0 current_replicas=5 predicted_load=79.21433063940745 required_resources=4.758 target_replicas=5
2026-07-14 05:06:57 [info     ] algorithm2_decision            action=MAINTAIN applied_target=5 current_replicas=5 hold_until=0.0 observed_load=79.21 observed_target=5 point_forecasts=None prediction_age_sec=None predictive_target=3 proactive=False scenario=s4-hybrid-predictive target_replicas=5 upper_forecasts=None
2026-07-14 05:06:57 [debug    ] Decision loop completed        action=RECOVERY latency_ms=152.91 p99=161.0
2026-07-14 05:07:12 [debug    ] HAProxy fallback latency       delta_requests=1463 interval_avg_ms=88.67 max_rtime_ms=173.0 p99_est=173.0
2026-07-14 05:07:12 [info     ] controller_decision_v3         action=REACTIVE available_replicas=5 budget_remaining=1000 burn_adjustment=0 burst_ratio=0.1371 capacity_deficit=False confidence=0 current_load=96.48132194338527 decision_id=00f94cb3 k8s_capacity=83.2 k8s_weight=86 knative_weight=14 p99=173.0 predicted_load=0 r_effective=16.6 serverless_enabled=True total_load=96.5 weights_after={'k3s': 86, 'knative': 14} weights_before={'k3s': 98, 'knative': 2}
2026-07-14 05:07:12 [info     ] Weights updated                k3s=86 knative=14
2026-07-14 05:07:12 [info     ] Weights updated                action=REACTIVE reason='load=96RPS | k8s_cap=83RPS | (burst-routing)' weights={'k3s': 86, 'knative': 14}
2026-07-14 05:07:12 [info     ] algorithm2_scaling_decision    action=SCALE_UP alpha=0.060060060060060066 beta=0.0 buffer=1.0 current_replicas=5 predicted_load=90.45073774614661 required_resources=5.432 target_replicas=6
2026-07-14 05:07:12 [info     ] algorithm2_decision            action=SCALE_UP applied_target=6 current_replicas=5 hold_until=0.0 observed_load=90.45 observed_target=6 point_forecasts=None prediction_age_sec=None predictive_target=3 proactive=False scenario=s4-hybrid-predictive target_replicas=6 upper_forecasts=None
2026-07-14 05:07:12 [info     ] k8s_scale_executed             deployment=test-app-warm replicas=6
2026-07-14 05:07:12 [debug    ] Decision loop completed        action=REACTIVE latency_ms=161.86 p99=173.0
2026-07-14 05:07:27 [debug    ] HAProxy fallback latency       delta_requests=1677 interval_avg_ms=69.0 max_rtime_ms=223.0 p99_est=138.0
2026-07-14 05:07:27 [info     ] controller_decision_v3         action=RECOVERY available_replicas=6 budget_remaining=1000 burn_adjustment=0 burst_ratio=0.0963 capacity_deficit=False confidence=0 current_load=110.54624131093988 decision_id=6e2ff8a7 k8s_capacity=99.9 k8s_weight=90 knative_weight=10 p99=138.0 predicted_load=0 r_effective=16.6 serverless_enabled=True total_load=110.5 weights_after={'k3s': 90, 'knative': 10} weights_before={'k3s': 86, 'knative': 14}
2026-07-14 05:07:27 [info     ] Weights updated                k3s=90 knative=10
2026-07-14 05:07:27 [info     ] Weights updated                action=RECOVERY reason='load=111RPS | k8s_cap=100RPS | (reducing-serverless)' weights={'k3s': 90, 'knative': 10}
2026-07-14 05:07:27 [info     ] Scale readiness observed       elapsed_sec=15.2 ewma_delay=30.5 samples=3 target=6
2026-07-14 05:07:27 [info     ] algorithm2_scaling_decision    action=SCALE_UP alpha=0.060060060060060066 beta=0.0 buffer=1.0 current_replicas=6 predicted_load=103.51378162716257 required_resources=6.217 target_replicas=7
2026-07-14 05:07:27 [info     ] algorithm2_decision            action=SCALE_UP applied_target=7 current_replicas=6 hold_until=0.0 observed_load=103.51 observed_target=7 point_forecasts=None prediction_age_sec=None predictive_target=3 proactive=False scenario=s4-hybrid-predictive target_replicas=7 upper_forecasts=None
2026-07-14 05:07:27 [info     ] k8s_scale_executed             deployment=test-app-warm replicas=7
2026-07-14 05:07:27 [debug    ] Decision loop completed        action=RECOVERY latency_ms=214.3 p99=138.0
2026-07-14 05:07:42 [debug    ] HAProxy fallback latency       delta_requests=1906 interval_avg_ms=109.78 max_rtime_ms=243.0 p99_est=219.56
2026-07-14 05:07:42 [info     ] controller_decision_v3         action=REACTIVE available_replicas=6 budget_remaining=999 burn_adjustment=0 burst_ratio=0.2021 capacity_deficit=False confidence=0 current_load=125.2059728308423 decision_id=114e09cb k8s_capacity=99.9 k8s_weight=79 knative_weight=21 p99=219.6 predicted_load=0 r_effective=16.6 serverless_enabled=True total_load=125.2 weights_after={'k3s': 79, 'knative': 21} weights_before={'k3s': 90, 'knative': 10}
2026-07-14 05:07:42 [info     ] Weights updated                k3s=79 knative=21
2026-07-14 05:07:42 [info     ] Weights updated                action=REACTIVE reason='load=125RPS | k8s_cap=100RPS | (burst-routing)' weights={'k3s': 79, 'knative': 21}
2026-07-14 05:07:42 [info     ] algorithm2_scaling_decision    action=SCALE_UP alpha=0.060060060060060066 beta=0.0 buffer=1.0 current_replicas=7 predicted_load=117.8761070708911 required_resources=7.08 target_replicas=8
2026-07-14 05:07:42 [info     ] algorithm2_decision            action=SCALE_UP applied_target=8 current_replicas=7 hold_until=0.0 observed_load=117.88 observed_target=8 point_forecasts=None prediction_age_sec=None predictive_target=3 proactive=False scenario=s4-hybrid-predictive target_replicas=8 upper_forecasts=None
2026-07-14 05:07:42 [info     ] k8s_scale_executed             deployment=test-app-warm replicas=8
2026-07-14 05:07:42 [debug    ] Decision loop completed        action=REACTIVE latency_ms=151.56 p99=219.55718782791186
2026-07-14 05:07:57 [info     ] controller_decision_v3         action=RECOVERY available_replicas=6 budget_remaining=998 burn_adjustment=0 burst_ratio=0.1174 capacity_deficit=False confidence=0 current_load=113.1894186576708 decision_id=efd9df39 k8s_capacity=99.9 k8s_weight=88 knative_weight=12 p99=219.6 predicted_load=0 r_effective=16.6 serverless_enabled=True total_load=113.2 weights_after={'k3s': 88, 'knative': 12} weights_before={'k3s': 79, 'knative': 21}
2026-07-14 05:07:57 [info     ] Weights updated                k3s=88 knative=12
2026-07-14 05:07:57 [info     ] Weights updated                action=RECOVERY reason='load=113RPS | k8s_cap=100RPS | (reducing-serverless)' weights={'k3s': 88, 'knative': 12}
2026-07-14 05:07:58 [info     ] algorithm2_scaling_decision    action=MAINTAIN alpha=0.060060060060060066 beta=0.0 buffer=1.0 current_replicas=8 predicted_load=119.19769574425655 required_resources=7.159 target_replicas=8
2026-07-14 05:07:58 [info     ] algorithm2_decision            action=MAINTAIN applied_target=8 current_replicas=8 hold_until=0.0 observed_load=119.2 observed_target=8 point_forecasts=None prediction_age_sec=None predictive_target=3 proactive=False scenario=s4-hybrid-predictive target_replicas=8 upper_forecasts=None
2026-07-14 05:07:58 [debug    ] Decision loop completed        action=RECOVERY latency_ms=149.26 p99=219.55718782791186
2026-07-14 05:08:13 [debug    ] HAProxy fallback latency       delta_requests=1306 interval_avg_ms=49.81 max_rtime_ms=243.0 p99_est=99.62
2026-07-14 05:08:13 [info     ] controller_decision_v3         action=RECOVERY available_replicas=6 budget_remaining=998 burn_adjustment=0 burst_ratio=0 capacity_deficit=False confidence=0 current_load=86.27303643007009 decision_id=c11418c6 k8s_capacity=99.9 k8s_weight=100 knative_weight=0 p99=99.6 predicted_load=0 r_effective=16.6 serverless_enabled=False total_load=86.3 weights_after={'k3s': 100, 'knative': 0} weights_before={'k3s': 88, 'knative': 12}
2026-07-14 05:08:13 [info     ] Weights updated                k3s=100 knative=0
2026-07-14 05:08:13 [info     ] Weights updated                action=RECOVERY reason='load=86RPS | k8s_cap=100RPS | (reducing-serverless)' weights={'k3s': 100, 'knative': 0}
2026-07-14 05:08:13 [info     ] algorithm2_scaling_decision    action=MAINTAIN alpha=0.060060060060060066 beta=0.0 buffer=1.0 current_replicas=8 predicted_load=99.73122754387045 required_resources=5.99 target_replicas=6
2026-07-14 05:08:13 [info     ] algorithm2_decision            action=MAINTAIN applied_target=6 current_replicas=8 hold_until=0.0 observed_load=99.73 observed_target=6 point_forecasts=None prediction_age_sec=None predictive_target=3 proactive=False scenario=s4-hybrid-predictive target_replicas=6 upper_forecasts=None
2026-07-14 05:08:13 [debug    ] Decision loop completed        action=RECOVERY latency_ms=152.89 p99=99.62021439509954
2026-07-14 05:08:28 [debug    ] HAProxy fallback latency       delta_requests=1131 interval_avg_ms=45.15 max_rtime_ms=243.0 p99_est=90.3
2026-07-14 05:08:28 [info     ] algorithm2_scaling_decision    action=SCALE_DOWN alpha=0.060060060060060066 beta=0.0 buffer=1.0 current_replicas=8 predicted_load=80.45588940502363 required_resources=4.832 target_replicas=5
2026-07-14 05:08:28 [info     ] algorithm2_decision            action=SCALE_DOWN applied_target=5 current_replicas=8 hold_until=0.0 observed_load=80.46 observed_target=5 point_forecasts=None prediction_age_sec=None predictive_target=3 proactive=False scenario=s4-hybrid-predictive target_replicas=5 upper_forecasts=None
2026-07-14 05:08:28 [info     ] k8s_scale_executed             deployment=test-app-warm replicas=5
2026-07-14 05:08:28 [debug    ] Decision loop completed        action=MAINTAIN latency_ms=158.1 p99=90.30061892130858
2026-07-14 05:08:43 [debug    ] HAProxy fallback latency       delta_requests=1075 interval_avg_ms=110.87 max_rtime_ms=243.0 p99_est=221.74
2026-07-14 05:08:43 [info     ] algorithm2_scaling_decision    action=MAINTAIN alpha=0.060060060060060066 beta=0.0 buffer=1.0 current_replicas=5 predicted_load=72.7775452317664 required_resources=4.371 target_replicas=5
2026-07-14 05:08:43 [info     ] algorithm2_decision            action=MAINTAIN applied_target=5 current_replicas=5 hold_until=0.0 observed_load=72.78 observed_target=5 point_forecasts=None prediction_age_sec=None predictive_target=3 proactive=False scenario=s4-hybrid-predictive target_replicas=5 upper_forecasts=None
2026-07-14 05:08:43 [debug    ] Decision loop completed        action=MAINTAIN latency_ms=115.16 p99=221.74325581395348
2026-07-14 05:08:58 [debug    ] HAProxy fallback latency       delta_requests=941 interval_avg_ms=12.6 max_rtime_ms=243.0 p99_est=25.19
2026-07-14 05:08:58 [info     ] algorithm2_scaling_decision    action=MAINTAIN alpha=0.060060060060060066 beta=0.0 buffer=1.0 current_replicas=5 predicted_load=66.62105267041738 required_resources=4.001 target_replicas=5
2026-07-14 05:08:58 [info     ] algorithm2_decision            action=MAINTAIN applied_target=5 current_replicas=5 hold_until=0.0 observed_load=66.62 observed_target=5 point_forecasts=None prediction_age_sec=None predictive_target=3 proactive=False scenario=s4-hybrid-predictive target_replicas=5 upper_forecasts=None
2026-07-14 05:08:58 [debug    ] Decision loop completed        action=MAINTAIN latency_ms=119.59 p99=25.192348565356003
2026-07-14 05:09:13 [debug    ] HAProxy fallback latency       delta_requests=793 interval_avg_ms=65.0 max_rtime_ms=243.0 p99_est=130.0
2026-07-14 05:09:13 [debug    ] GRU prediction received        confidence=0.8 latency_ms=6.4 predicted=86
2026-07-14 05:09:13 [debug    ] Using GRU prediction           confidence=0.8 forecast_capacity_signal=86.0 predicted=86 required_steps=4
2026-07-14 05:09:13 [info     ] algorithm2_scaling_decision    action=SCALE_UP alpha=0.060060060060060066 beta=0.0 buffer=1.0 current_replicas=5 predicted_load=86.0 required_resources=5.165 target_replicas=6
2026-07-14 05:09:13 [info     ] algorithm2_decision            action=SCALE_UP applied_target=6 current_replicas=5 hold_until=1783980643.7 observed_load=57.39 observed_target=4 point_forecasts=[76.06022644042969, 74.02519989013672, 75.81616973876953, 74.24040985107422, 74.8604736328125, 75.16228485107422, 75.52362823486328, 74.57212829589844, 73.68690490722656] prediction_age_sec=0.07 predictive_target=6 proactive=True scenario=s4-hybrid-predictive target_replicas=6 upper_forecasts=[85.70121002197266, 84.31328582763672, 85.55915069580078, 84.81668853759766, 85.15469360351562, 85.75395202636719, 86.4810791015625, 85.24111938476562, 84.80564880371094]
2026-07-14 05:09:13 [info     ] k8s_scale_executed             deployment=test-app-warm replicas=6
2026-07-14 05:09:13 [debug    ] Decision loop completed        action=MAINTAIN latency_ms=187.45 p99=130.0
2026-07-14 05:09:28 [debug    ] HAProxy fallback latency       delta_requests=1227 interval_avg_ms=65.0 max_rtime_ms=243.0 p99_est=130.0
2026-07-14 05:09:28 [debug    ] GRU prediction received        confidence=0.8 latency_ms=6.69 predicted=86
2026-07-14 05:09:28 [debug    ] Using GRU prediction           confidence=0.8 forecast_capacity_signal=86.0 predicted=86 required_steps=4
2026-07-14 05:09:28 [info     ] Scale readiness observed       elapsed_sec=15.1 ewma_delay=25.9 samples=4 target=6
2026-07-14 05:09:28 [info     ] algorithm2_scaling_decision    action=MAINTAIN alpha=0.060060060060060066 beta=0.0 buffer=1.0 current_replicas=6 predicted_load=86.0 required_resources=5.165 target_replicas=6
2026-07-14 05:09:28 [info     ] algorithm2_decision            action=MAINTAIN applied_target=6 current_replicas=6 hold_until=1783980658.9 observed_load=66.55 observed_target=4 point_forecasts=[75.46552276611328, 73.95166778564453, 75.21163940429688, 74.0482406616211, 74.56856536865234, 74.84033203125, 74.9391860961914, 74.36610412597656, 73.79092407226562] prediction_age_sec=0.08 predictive_target=6 proactive=True scenario=s4-hybrid-predictive target_replicas=6 upper_forecasts=[85.10650634765625, 84.23975372314453, 84.95462036132812, 84.62451934814453, 84.86278533935547, 85.43199920654297, 85.89663696289062, 85.03509521484375, 84.90966796875]
2026-07-14 05:09:28 [debug    ] Decision loop completed        action=MAINTAIN latency_ms=128.42 p99=130.0
2026-07-14 05:09:43 [debug    ] HAProxy fallback latency       delta_requests=1888 interval_avg_ms=471.32 max_rtime_ms=362.0 p99_est=362.0
2026-07-14 05:09:43 [debug    ] GRU prediction received        confidence=0.8 latency_ms=6.04 predicted=97
2026-07-14 05:09:43 [debug    ] Using GRU prediction           confidence=0.8 forecast_capacity_signal=97.0 predicted=97 required_steps=3
2026-07-14 05:09:43 [debug    ] Proactive amplification        amplified=192.0 approach_ratio=1.25 load_trend=13.5 raw_pred=97
2026-07-14 05:09:43 [info     ] Knative pre-warm OK            cold_start_ms=3.1
2026-07-14 05:09:43 [info     ] controller_decision_v3         action=PREDICTIVE available_replicas=6 budget_remaining=996 burn_adjustment=0 burst_ratio=0.1991 capacity_deficit=False confidence=0.8 current_load=124.73106032292662 decision_id=a6a9d248 k8s_capacity=99.9 k8s_weight=80 knative_weight=20 p99=362.0 predicted_load=97 r_effective=16.6 serverless_enabled=True total_load=124.7 weights_after={'k3s': 80, 'knative': 20} weights_before={'k3s': 100, 'knative': 0}
2026-07-14 05:09:43 [info     ] Weights updated                k3s=80 knative=20
2026-07-14 05:09:43 [info     ] Weights updated                action=PREDICTIVE reason='load=125RPS | k8s_cap=100RPS | (prediction-driven)' weights={'k3s': 80, 'knative': 20}
2026-07-14 05:09:44 [info     ] algorithm2_scaling_decision    action=SCALE_UP alpha=0.060060060060060066 beta=0.0 buffer=1.0 current_replicas=6 predicted_load=102.69351565676362 required_resources=6.168 target_replicas=7
2026-07-14 05:09:44 [info     ] algorithm2_decision            action=SCALE_UP applied_target=7 current_replicas=6 hold_until=1783980658.9 observed_load=102.69 observed_target=7 point_forecasts=[85.11148834228516, 85.45707702636719, 85.75544738769531, 86.33980560302734, 85.63268280029297, 85.7761001586914, 84.83667755126953, 85.4686279296875, 85.93073272705078] prediction_age_sec=0.08 predictive_target=6 proactive=False scenario=s4-hybrid-predictive target_replicas=7 upper_forecasts=[94.75247192382812, 95.74516296386719, 95.49842834472656, 96.91608428955078, 95.9269027709961, 96.36776733398438, 95.79412841796875, 96.13761901855469, 97.04947662353516]
2026-07-14 05:09:44 [info     ] k8s_scale_executed             deployment=test-app-warm replicas=7
2026-07-14 05:09:44 [debug    ] Decision loop completed        action=PREDICTIVE latency_ms=173.8 p99=362.0
2026-07-14 05:09:59 [debug    ] GRU prediction received        confidence=0.8 latency_ms=6.47 predicted=107
2026-07-14 05:09:59 [debug    ] Using GRU prediction           confidence=0.8 forecast_capacity_signal=107.0 predicted=107 required_steps=3
2026-07-14 05:09:59 [debug    ] Proactive amplification        amplified=190.8 approach_ratio=1.02 load_trend=14.3 raw_pred=107
2026-07-14 05:09:59 [info     ] controller_decision_v3         action=RECOVERY available_replicas=7 budget_remaining=995 burn_adjustment=0 burst_ratio=0.024 capacity_deficit=False confidence=0.8 current_load=119.41249173371673 decision_id=08d3f29b k8s_capacity=116.5 k8s_weight=97 knative_weight=3 p99=362.0 predicted_load=107 r_effective=16.6 serverless_enabled=True total_load=119.4 weights_after={'k3s': 97, 'knative': 3} weights_before={'k3s': 80, 'knative': 20}
2026-07-14 05:09:59 [info     ] Weights updated                k3s=97 knative=3
2026-07-14 05:09:59 [info     ] Weights updated                action=RECOVERY reason='load=119RPS | k8s_cap=117RPS | (reducing-serverless)' weights={'k3s': 97, 'knative': 3}
2026-07-14 05:09:59 [info     ] Scale readiness observed       elapsed_sec=15.2 ewma_delay=22.7 samples=5 target=7
2026-07-14 05:09:59 [info     ] algorithm2_scaling_decision    action=SCALE_UP alpha=0.060060060060060066 beta=0.0 buffer=1.0 current_replicas=7 predicted_load=122.07177602832168 required_resources=7.332 target_replicas=8
2026-07-14 05:09:59 [info     ] algorithm2_decision            action=SCALE_UP applied_target=8 current_replicas=7 hold_until=1783980658.9 observed_load=122.07 observed_target=8 point_forecasts=[93.93694305419922, 94.5288314819336, 94.8497543334961, 95.48546600341797, 95.0259780883789, 94.64881896972656, 94.34677124023438, 94.56851959228516, 95.5932846069336] prediction_age_sec=0.11 predictive_target=7 proactive=False scenario=s4-hybrid-predictive target_replicas=8 upper_forecasts=[103.57792663574219, 104.8169174194336, 104.59273529052734, 106.0617446899414, 105.32019805908203, 105.24048614501953, 105.3042221069336, 105.23751068115234, 106.71202850341797]
2026-07-14 05:09:59 [info     ] k8s_scale_executed             deployment=test-app-warm replicas=8
2026-07-14 05:09:59 [debug    ] Decision loop completed        action=RECOVERY latency_ms=201.4 p99=362.0
2026-07-14 05:10:14 [debug    ] HAProxy fallback latency       delta_requests=1417 interval_avg_ms=44.9 max_rtime_ms=362.0 p99_est=89.8
2026-07-14 05:10:14 [debug    ] GRU prediction received        confidence=0.8 latency_ms=6.11 predicted=108
2026-07-14 05:10:14 [debug    ] Using GRU prediction           confidence=0.8 forecast_capacity_signal=108.0 predicted=108 required_steps=3
2026-07-14 05:10:14 [info     ] controller_decision_v3         action=RECOVERY available_replicas=8 budget_remaining=995 burn_adjustment=0 burst_ratio=0 capacity_deficit=False confidence=0.8 current_load=93.28628500084699 decision_id=7509ed4b k8s_capacity=133.2 k8s_weight=100 knative_weight=0 p99=89.8 predicted_load=108 r_effective=16.6 serverless_enabled=False total_load=93.3 weights_after={'k3s': 100, 'knative': 0} weights_before={'k3s': 97, 'knative': 3}
2026-07-14 05:10:14 [info     ] Weights updated                k3s=100 knative=0
2026-07-14 05:10:14 [info     ] Weights updated                action=RECOVERY reason='load=93RPS | k8s_cap=133RPS | (reducing-serverless)' weights={'k3s': 100, 'knative': 0}
2026-07-14 05:10:14 [info     ] Scale readiness observed       elapsed_sec=15.2 ewma_delay=20.4 samples=6 target=8
2026-07-14 05:10:14 [info     ] algorithm2_scaling_decision    action=MAINTAIN alpha=0.060060060060060066 beta=0.0 buffer=1.0 current_replicas=8 predicted_load=106.34938836728186 required_resources=6.387 target_replicas=7
2026-07-14 05:10:14 [info     ] algorithm2_decision            action=MAINTAIN applied_target=7 current_replicas=8 hold_until=1783980658.9 observed_load=106.35 observed_target=7 point_forecasts=[95.19477844238281, 95.78845977783203, 96.1917724609375, 96.38189697265625, 96.52730560302734, 96.04854583740234, 95.89683532714844, 95.8636474609375, 96.61894989013672] prediction_age_sec=0.11 predictive_target=7 proactive=False scenario=s4-hybrid-predictive target_replicas=7 upper_forecasts=[104.83576202392578, 106.07654571533203, 105.93475341796875, 106.95817565917969, 106.82152557373047, 106.64021301269531, 106.85428619384766, 106.53263854980469, 107.7376937866211]
2026-07-14 05:10:14 [debug    ] Decision loop completed        action=RECOVERY latency_ms=159.8 p99=89.79957657021878
2026-07-14 05:10:29 [debug    ] HAProxy fallback latency       delta_requests=1228 interval_avg_ms=39.34 max_rtime_ms=362.0 p99_est=78.69
2026-07-14 05:10:29 [debug    ] GRU prediction received        confidence=0.8 latency_ms=5.83 predicted=105
2026-07-14 05:10:29 [debug    ] Using GRU prediction           confidence=0.8 forecast_capacity_signal=105.0 predicted=105 required_steps=3
2026-07-14 05:10:29 [info     ] algorithm2_scaling_decision    action=MAINTAIN alpha=0.060060060060060066 beta=0.0 buffer=1.0 current_replicas=8 predicted_load=105.0 required_resources=6.306 target_replicas=7
2026-07-14 05:10:29 [info     ] algorithm2_decision            action=MAINTAIN applied_target=7 current_replicas=8 hold_until=1783980719.6 observed_load=87.14 observed_target=6 point_forecasts=[93.2998275756836, 93.49478912353516, 94.08840942382812, 93.89061737060547, 94.20512390136719, 94.00148010253906, 93.75739288330078, 93.72932434082031, 94.07070922851562] prediction_age_sec=0.08 predictive_target=7 proactive=True scenario=s4-hybrid-predictive target_replicas=7 upper_forecasts=[102.94081115722656, 103.78287506103516, 103.83139038085938, 104.4668960571289, 104.49934387207031, 104.59314727783203, 104.71484375, 104.3983154296875, 105.189453125]
2026-07-14 05:10:29 [debug    ] Decision loop completed        action=MAINTAIN latency_ms=132.73 p99=78.68892508143323
2026-07-14 05:10:44 [debug    ] HAProxy fallback latency       delta_requests=1151 interval_avg_ms=66.0 max_rtime_ms=362.0 p99_est=132.0
2026-07-14 05:10:44 [debug    ] GRU prediction received        confidence=0.8 latency_ms=5.57 predicted=101
2026-07-14 05:10:44 [debug    ] Using GRU prediction           confidence=0.8 forecast_capacity_signal=101.0 predicted=101 required_steps=3
2026-07-14 05:10:44 [info     ] algorithm2_scaling_decision    action=MAINTAIN alpha=0.060060060060060066 beta=0.0 buffer=1.0 current_replicas=8 predicted_load=101.0 required_resources=6.066 target_replicas=7
2026-07-14 05:10:44 [info     ] algorithm2_decision            action=MAINTAIN applied_target=7 current_replicas=8 hold_until=1783980734.7 observed_load=78.53 observed_target=5 point_forecasts=[89.91181945800781, 89.84097290039062, 90.48597717285156, 90.14642333984375, 90.35618591308594, 90.30742645263672, 89.9923095703125, 90.03607177734375, 89.84504699707031] prediction_age_sec=0.07 predictive_target=7 proactive=True scenario=s4-hybrid-predictive target_replicas=7 upper_forecasts=[99.55280303955078, 100.12905883789062, 100.22895812988281, 100.72270202636719, 100.65040588378906, 100.89909362792969, 100.94976043701172, 100.70506286621094, 100.96379089355469]
2026-07-14 05:10:44 [debug    ] Decision loop completed        action=MAINTAIN latency_ms=121.2 p99=132.0
2026-07-14 05:10:59 [debug    ] HAProxy fallback latency       delta_requests=1513 interval_avg_ms=187.03 max_rtime_ms=362.0 p99_est=362.0
2026-07-14 05:10:59 [debug    ] GRU prediction received        confidence=0.8 latency_ms=5.91 predicted=103
2026-07-14 05:10:59 [debug    ] Using GRU prediction           confidence=0.8 forecast_capacity_signal=103.0 predicted=103 required_steps=3
2026-07-14 05:10:59 [info     ] algorithm2_scaling_decision    action=MAINTAIN alpha=0.060060060060060066 beta=0.0 buffer=1.0 current_replicas=8 predicted_load=103.0 required_resources=6.186 target_replicas=7
2026-07-14 05:10:59 [info     ] algorithm2_decision            action=MAINTAIN applied_target=7 current_replicas=8 hold_until=1783980749.8 observed_load=87.99 observed_target=6 point_forecasts=[91.77743530273438, 91.6881103515625, 92.41637420654297, 92.1581802368164, 92.34485626220703, 92.35244750976562, 92.01976013183594, 92.004638671875, 92.25001525878906] prediction_age_sec=0.08 predictive_target=7 proactive=True scenario=s4-hybrid-predictive target_replicas=7 upper_forecasts=[101.41841888427734, 101.9761962890625, 102.15935516357422, 102.73445892333984, 102.63907623291016, 102.9441146850586, 102.97721099853516, 102.67362976074219, 103.36875915527344]
2026-07-14 05:10:59 [debug    ] Decision loop completed        action=MAINTAIN latency_ms=125.78 p99=362.0
2026-07-14 05:11:14 [debug    ] HAProxy fallback latency       delta_requests=2024 interval_avg_ms=376.53 max_rtime_ms=362.0 p99_est=362.0
2026-07-14 05:11:14 [debug    ] GRU prediction received        confidence=0.8 latency_ms=5.7 predicted=113
2026-07-14 05:11:14 [debug    ] Using GRU prediction           confidence=0.8 forecast_capacity_signal=113.0 predicted=113 required_steps=3
2026-07-14 05:11:14 [debug    ] Proactive amplification        amplified=184.3 approach_ratio=1.0 load_trend=10.1 raw_pred=113
2026-07-14 05:11:14 [info     ] Knative pre-warm OK            cold_start_ms=2.7
2026-07-14 05:11:14 [info     ] controller_decision_v3         action=PREDICTIVE available_replicas=8 budget_remaining=993 burn_adjustment=0 burst_ratio=0.0041 capacity_deficit=False confidence=0.8 current_load=133.74940963215258 decision_id=0639aaef k8s_capacity=133.2 k8s_weight=99 knative_weight=1 p99=362.0 predicted_load=113 r_effective=16.6 serverless_enabled=True total_load=133.7 weights_after={'k3s': 99, 'knative': 1} weights_before={'k3s': 100, 'knative': 0}
2026-07-14 05:11:14 [info     ] Weights updated                k3s=99 knative=1
2026-07-14 05:11:14 [info     ] Weights updated                action=PREDICTIVE reason='load=134RPS | k8s_cap=133RPS | (prediction-driven)' weights={'k3s': 99, 'knative': 1}
2026-07-14 05:11:14 [info     ] algorithm2_scaling_decision    action=MAINTAIN alpha=0.060060060060060066 beta=0.0 buffer=1.0 current_replicas=8 predicted_load=116.83415405955277 required_resources=7.017 target_replicas=8
2026-07-14 05:11:14 [info     ] algorithm2_decision            action=MAINTAIN applied_target=8 current_replicas=8 hold_until=1783980749.8 observed_load=116.83 observed_target=8 point_forecasts=[100.8143310546875, 101.27445220947266, 101.9187240600586, 101.7416000366211, 102.26713562011719, 102.05204010009766, 101.79431915283203, 101.45755767822266, 102.0157699584961] prediction_age_sec=0.08 predictive_target=7 proactive=False scenario=s4-hybrid-predictive target_replicas=8 upper_forecasts=[110.45531463623047, 111.56253814697266, 111.66170501708984, 112.31787872314453, 112.56135559082031, 112.64370727539062, 112.75177001953125, 112.12654876708984, 113.13451385498047]
2026-07-14 05:11:14 [debug    ] Decision loop completed        action=PREDICTIVE latency_ms=127.57 p99=362.0
2026-07-14 05:11:29 [debug    ] HAProxy fallback latency       delta_requests=2282 interval_avg_ms=499.54 max_rtime_ms=539.0 p99_est=539.0
2026-07-14 05:11:29 [debug    ] GRU prediction received        confidence=0.8 latency_ms=5.89 predicted=125
2026-07-14 05:11:29 [debug    ] Using GRU prediction           confidence=0.8 forecast_capacity_signal=125.0 predicted=125 required_steps=3
2026-07-14 05:11:30 [debug    ] Proactive amplification        amplified=238.0 approach_ratio=1.13 load_trend=17.4 raw_pred=125
2026-07-14 05:11:30 [info     ] controller_decision_v3         action=PREDICTIVE available_replicas=8 budget_remaining=992 burn_adjustment=0 burst_ratio=0.1166 capacity_deficit=False confidence=0.8 current_load=150.77879370849212 decision_id=f6543d85 k8s_capacity=133.2 k8s_weight=88 knative_weight=12 p99=539.0 predicted_load=125 r_effective=16.6 serverless_enabled=True total_load=150.8 weights_after={'k3s': 88, 'knative': 12} weights_before={'k3s': 99, 'knative': 1}
2026-07-14 05:11:30 [info     ] Weights updated                k3s=88 knative=12
2026-07-14 05:11:30 [info     ] Weights updated                action=PREDICTIVE reason='load=151RPS | k8s_cap=133RPS | (prediction-driven)' weights={'k3s': 88, 'knative': 12}
2026-07-14 05:11:30 [info     ] algorithm2_scaling_decision    action=SCALE_UP alpha=0.060060060060060066 beta=0.0 buffer=1.0 current_replicas=8 predicted_load=142.26410167032236 required_resources=8.544 target_replicas=9
2026-07-14 05:11:30 [info     ] algorithm2_decision            action=SCALE_UP applied_target=9 current_replicas=8 hold_until=1783980749.8 observed_load=142.26 observed_target=9 point_forecasts=[112.80166625976562, 113.26578521728516, 113.60990905761719, 114.07911682128906, 113.73818969726562, 113.74607849121094, 113.22097778320312, 113.31593322753906, 113.82647705078125] prediction_age_sec=0.07 predictive_target=8 proactive=False scenario=s4-hybrid-predictive target_replicas=9 upper_forecasts=[122.4426498413086, 123.55387115478516, 123.35289001464844, 124.6553955078125, 124.03240966796875, 124.3377456665039, 124.17842864990234, 123.98492431640625, 124.94522094726562]
2026-07-14 05:11:30 [info     ] k8s_scale_executed             deployment=test-app-warm replicas=9
2026-07-14 05:11:30 [debug    ] Decision loop completed        action=PREDICTIVE latency_ms=165.42 p99=539.0
2026-07-14 05:11:45 [debug    ] GRU prediction received        confidence=0.8 latency_ms=6.03 predicted=137
2026-07-14 05:11:45 [debug    ] Using GRU prediction           confidence=0.8 forecast_capacity_signal=137.0 predicted=137 required_steps=3
2026-07-14 05:11:45 [debug    ] Proactive amplification        amplified=265.3 approach_ratio=1.07 load_trend=21.0 raw_pred=137
2026-07-14 05:11:45 [info     ] controller_decision_v3         action=RECOVERY available_replicas=9 budget_remaining=991 burn_adjustment=0 burst_ratio=0.0644 capacity_deficit=False confidence=0.8 current_load=160.16304516602645 decision_id=0fa589d8 k8s_capacity=149.8 k8s_weight=93 knative_weight=7 p99=539.0 predicted_load=137 r_effective=16.6 serverless_enabled=True total_load=160.2 weights_after={'k3s': 93, 'knative': 7} weights_before={'k3s': 88, 'knative': 12}
2026-07-14 05:11:45 [info     ] Weights updated                k3s=93 knative=7
2026-07-14 05:11:45 [info     ] Weights updated                action=RECOVERY reason='load=160RPS | k8s_cap=150RPS | (reducing-serverless)' weights={'k3s': 93, 'knative': 7}
2026-07-14 05:11:45 [info     ] Scale readiness observed       elapsed_sec=15.2 ewma_delay=18.9 samples=7 target=9
2026-07-14 05:11:45 [info     ] algorithm2_scaling_decision    action=SCALE_UP alpha=0.060060060060060066 beta=0.0 buffer=1.0 current_replicas=9 predicted_load=155.47091943725928 required_resources=9.338 target_replicas=10
2026-07-14 05:11:45 [info     ] algorithm2_decision            action=SCALE_UP applied_target=10 current_replicas=9 hold_until=1783980749.8 observed_load=155.47 observed_target=10 point_forecasts=[124.68534851074219, 125.21296691894531, 125.13416290283203, 126.28446960449219, 125.1710205078125, 125.17849731445312, 124.33229064941406, 125.15760803222656, 125.65422821044922] prediction_age_sec=0.11 predictive_target=9 proactive=False scenario=s4-hybrid-predictive target_replicas=10 upper_forecasts=[134.32632446289062, 135.5010528564453, 134.87713623046875, 136.86074829101562, 135.46524047851562, 135.77017211914062, 135.28973388671875, 135.82659912109375, 136.77296447753906]
2026-07-14 05:11:45 [info     ] k8s_scale_executed             deployment=test-app-warm replicas=10
2026-07-14 05:11:45 [debug    ] Decision loop completed        action=RECOVERY latency_ms=214.03 p99=539.0
2026-07-14 05:12:00 [debug    ] GRU prediction received        confidence=0.8 latency_ms=6.05 predicted=143
2026-07-14 05:12:00 [debug    ] Using GRU prediction           confidence=0.8 forecast_capacity_signal=143.0 predicted=143 required_steps=3
2026-07-14 05:12:00 [debug    ] Proactive amplification        amplified=199.9 approach_ratio=0.96 load_trend=11.1 raw_pred=143
2026-07-14 05:12:00 [info     ] controller_decision_v3         action=RECOVERY available_replicas=9 budget_remaining=990 burn_adjustment=0 burst_ratio=0 capacity_deficit=False confidence=0.8 current_load=144.34051046192673 decision_id=e74763d3 k8s_capacity=149.8 k8s_weight=100 knative_weight=0 p99=539.0 predicted_load=143 r_effective=16.6 serverless_enabled=False total_load=144.3 weights_after={'k3s': 100, 'knative': 0} weights_before={'k3s': 93, 'knative': 7}
2026-07-14 05:12:00 [info     ] Weights updated                k3s=100 knative=0
2026-07-14 05:12:00 [info     ] Weights updated                action=RECOVERY reason='load=144RPS | k8s_cap=150RPS | (reducing-serverless)' weights={'k3s': 100, 'knative': 0}
2026-07-14 05:12:00 [info     ] algorithm2_scaling_decision    action=MAINTAIN alpha=0.060060060060060066 beta=0.0 buffer=1.0 current_replicas=10 predicted_load=152.2517778139766 required_resources=9.144 target_replicas=10
2026-07-14 05:12:00 [info     ] algorithm2_decision            action=MAINTAIN applied_target=10 current_replicas=10 hold_until=1783980749.8 observed_load=152.25 observed_target=10 point_forecasts=[130.87950134277344, 131.34597778320312, 131.09548950195312, 132.40985107421875, 131.10922241210938, 131.009521484375, 130.0474853515625, 131.33627319335938, 131.55783081054688] prediction_age_sec=0.11 predictive_target=9 proactive=False scenario=s4-hybrid-predictive target_replicas=10 upper_forecasts=[140.52047729492188, 141.63406372070312, 140.83847045898438, 142.9861297607422, 141.4034423828125, 141.6011962890625, 141.0049285888672, 142.00526428222656, 142.67657470703125]
2026-07-14 05:12:00 [debug    ] Decision loop completed        action=RECOVERY latency_ms=160.39 p99=539.0
2026-07-14 05:12:15 [debug    ] HAProxy fallback latency       delta_requests=1842 interval_avg_ms=19.54 max_rtime_ms=539.0 p99_est=39.07
2026-07-14 05:12:15 [debug    ] GRU prediction received        confidence=0.8 latency_ms=6.07 predicted=142
2026-07-14 05:12:15 [debug    ] Using GRU prediction           confidence=0.8 forecast_capacity_signal=142.0 predicted=142 required_steps=3
2026-07-14 05:12:15 [info     ] algorithm2_scaling_decision    action=MAINTAIN alpha=0.060060060060060066 beta=0.0 buffer=1.0 current_replicas=10 predicted_load=142.0 required_resources=8.529 target_replicas=9
2026-07-14 05:12:15 [info     ] algorithm2_decision            action=MAINTAIN applied_target=9 current_replicas=10 hold_until=1783980825.6 observed_load=132.92 observed_target=8 point_forecasts=[130.38717651367188, 130.71795654296875, 130.56268310546875, 131.393798828125, 130.47232055664062, 130.4324951171875, 129.51336669921875, 130.7766571044922, 130.55538940429688] prediction_age_sec=0.07 predictive_target=9 proactive=True scenario=s4-hybrid-predictive target_replicas=9 upper_forecasts=[140.0281524658203, 141.00604248046875, 140.3056640625, 141.97007751464844, 140.76654052734375, 141.024169921875, 140.47080993652344, 141.44564819335938, 141.67413330078125]
2026-07-14 05:12:15 [debug    ] Decision loop completed        action=MAINTAIN latency_ms=135.51 p99=39.074918566775246
2026-07-14 05:12:30 [debug    ] HAProxy fallback latency       delta_requests=1786 interval_avg_ms=41.46 max_rtime_ms=539.0 p99_est=82.92
2026-07-14 05:12:30 [debug    ] GRU prediction received        confidence=0.8 latency_ms=6.26 predicted=140
2026-07-14 05:12:30 [debug    ] Using GRU prediction           confidence=0.8 forecast_capacity_signal=140.0 predicted=140 required_steps=3
2026-07-14 05:12:30 [info     ] algorithm2_scaling_decision    action=MAINTAIN alpha=0.060060060060060066 beta=0.0 buffer=1.0 current_replicas=10 predicted_load=140.0 required_resources=8.408 target_replicas=9
2026-07-14 05:12:30 [info     ] algorithm2_decision            action=MAINTAIN applied_target=9 current_replicas=10 hold_until=1783980840.7 observed_load=119.82 observed_target=8 point_forecasts=[128.36517333984375, 128.5341033935547, 128.5640411376953, 128.9482421875, 128.38070678710938, 128.43505859375, 127.56333923339844, 128.66372680664062, 128.22958374023438] prediction_age_sec=0.07 predictive_target=9 proactive=True scenario=s4-hybrid-predictive target_replicas=9 upper_forecasts=[138.0061492919922, 138.8221893310547, 138.30702209472656, 139.52452087402344, 138.6749267578125, 139.0267333984375, 138.52078247070312, 139.3327178955078, 139.34832763671875]
2026-07-14 05:12:30 [debug    ] Decision loop completed        action=MAINTAIN latency_ms=123.53 p99=82.92385218365061
2026-07-14 05:12:45 [debug    ] HAProxy fallback latency       delta_requests=1822 interval_avg_ms=95.99 max_rtime_ms=539.0 p99_est=191.99
2026-07-14 05:12:45 [debug    ] GRU prediction received        confidence=0.8 latency_ms=6.04 predicted=138
2026-07-14 05:12:45 [debug    ] Using GRU prediction           confidence=0.8 forecast_capacity_signal=138.0 predicted=138 required_steps=3
2026-07-14 05:12:45 [info     ] algorithm2_scaling_decision    action=MAINTAIN alpha=0.060060060060060066 beta=0.0 buffer=1.0 current_replicas=10 predicted_load=138.0 required_resources=8.288 target_replicas=9
2026-07-14 05:12:45 [info     ] algorithm2_decision            action=MAINTAIN applied_target=9 current_replicas=10 hold_until=1783980855.9 observed_load=119.27 observed_target=8 point_forecasts=[126.74943542480469, 126.80235290527344, 126.97563934326172, 127.10783386230469, 126.74348449707031, 126.86701965332031, 126.02297973632812, 126.98382568359375, 126.49799346923828] prediction_age_sec=0.08 predictive_target=9 proactive=True scenario=s4-hybrid-predictive target_replicas=9 upper_forecasts=[136.39041137695312, 137.09043884277344, 136.7186279296875, 137.68411254882812, 137.03770446777344, 137.45867919921875, 136.9804229736328, 137.65281677246094, 137.61672973632812]
2026-07-14 05:12:45 [debug    ] Decision loop completed        action=MAINTAIN latency_ms=131.59 p99=191.98792535675082
2026-07-14 05:13:00 [debug    ] HAProxy fallback latency       delta_requests=1817 interval_avg_ms=69.0 max_rtime_ms=539.0 p99_est=138.0
2026-07-14 05:13:00 [debug    ] GRU prediction received        confidence=0.8 latency_ms=5.9 predicted=136
2026-07-14 05:13:00 [debug    ] Using GRU prediction           confidence=0.8 forecast_capacity_signal=136.0 predicted=136 required_steps=3
2026-07-14 05:13:00 [info     ] algorithm2_scaling_decision    action=MAINTAIN alpha=0.060060060060060066 beta=0.0 buffer=1.0 current_replicas=10 predicted_load=136.0 required_resources=8.168 target_replicas=9
2026-07-14 05:13:00 [info     ] algorithm2_decision            action=MAINTAIN applied_target=9 current_replicas=10 hold_until=1783980871.0 observed_load=120.28 observed_target=8 point_forecasts=[125.28013610839844, 125.26619720458984, 125.53285217285156, 125.49463653564453, 125.283447265625, 125.45726013183594, 124.64195251464844, 125.47819519042969, 124.97065734863281] prediction_age_sec=0.08 predictive_target=9 proactive=True scenario=s4-hybrid-predictive target_replicas=9 upper_forecasts=[134.92111206054688, 135.5542755126953, 135.2758331298828, 136.0709228515625, 135.57766723632812, 136.04891967773438, 135.59939575195312, 136.14718627929688, 136.0894012451172]
2026-07-14 05:13:00 [debug    ] Decision loop completed        action=MAINTAIN latency_ms=129.27 p99=138.0
2026-07-14 05:13:16 [debug    ] HAProxy fallback latency       delta_requests=1783 interval_avg_ms=7.75 max_rtime_ms=539.0 p99_est=15.5
2026-07-14 05:13:16 [debug    ] GRU prediction received        confidence=0.8 latency_ms=5.6 predicted=134
2026-07-14 05:13:16 [debug    ] Using GRU prediction           confidence=0.8 forecast_capacity_signal=134.0 predicted=134 required_steps=3
2026-07-14 05:13:16 [info     ] Scale readiness observed       elapsed_sec=90.8 ewma_delay=40.4 samples=8 target=10
2026-07-14 05:13:16 [info     ] algorithm2_scaling_decision    action=MAINTAIN alpha=0.060060060060060066 beta=0.0 buffer=1.0 current_replicas=10 predicted_load=134.0 required_resources=8.048 target_replicas=9
2026-07-14 05:13:16 [info     ] algorithm2_decision            action=MAINTAIN applied_target=9 current_replicas=10 hold_until=1783980886.1 observed_load=118.97 observed_target=8 point_forecasts=[123.58831787109375, 123.53376770019531, 123.87306213378906, 123.66455078125, 123.61955261230469, 123.83963012695312, 123.0635986328125, 123.76179504394531, 123.22171783447266] prediction_age_sec=0.07 predictive_target=9 proactive=True scenario=s4-hybrid-predictive target_replicas=9 upper_forecasts=[133.2292938232422, 133.8218536376953, 133.6160430908203, 134.24082946777344, 133.9137725830078, 134.43130493164062, 134.0210418701172, 134.4307861328125, 134.3404541015625]
2026-07-14 05:13:16 [debug    ] Decision loop completed        action=MAINTAIN latency_ms=124.34 p99=15.498597868760516
2026-07-14 05:13:31 [debug    ] HAProxy fallback latency       delta_requests=1533 interval_avg_ms=30.38 max_rtime_ms=539.0 p99_est=60.76
2026-07-14 05:13:31 [debug    ] GRU prediction received        confidence=0.8 latency_ms=6.93 predicted=130
2026-07-14 05:13:31 [debug    ] Using GRU prediction           confidence=0.8 forecast_capacity_signal=130.0 predicted=130 required_steps=4
2026-07-14 05:13:31 [info     ] algorithm2_scaling_decision    action=MAINTAIN alpha=0.060060060060060066 beta=0.0 buffer=1.0 current_replicas=10 predicted_load=130.0 required_resources=7.808 target_replicas=8
2026-07-14 05:13:31 [info     ] algorithm2_decision            action=MAINTAIN applied_target=8 current_replicas=10 hold_until=1783980901.2 observed_load=109.64 observed_target=7 point_forecasts=[118.80691528320312, 118.66551208496094, 119.18699645996094, 118.49462127685547, 118.94638061523438, 119.21949768066406, 118.57925415039062, 118.94563293457031, 118.2379150390625] prediction_age_sec=0.07 predictive_target=8 proactive=True scenario=s4-hybrid-predictive target_replicas=8 upper_forecasts=[128.44789123535156, 128.95359802246094, 128.9299774169922, 129.07089233398438, 129.2406005859375, 129.8111572265625, 129.5366973876953, 129.6146240234375, 129.35665893554688]
2026-07-14 05:13:31 [debug    ] Decision loop completed        action=MAINTAIN latency_ms=120.22 p99=60.760600130463146
2026-07-14 05:13:46 [debug    ] HAProxy fallback latency       delta_requests=1245 interval_avg_ms=19.91 max_rtime_ms=539.0 p99_est=39.82
2026-07-14 05:13:46 [debug    ] GRU prediction received        confidence=0.8 latency_ms=5.68 predicted=122
2026-07-14 05:13:46 [debug    ] Using GRU prediction           confidence=0.8 forecast_capacity_signal=122.0 predicted=122 required_steps=4
2026-07-14 05:13:46 [info     ] algorithm2_scaling_decision    action=MAINTAIN alpha=0.060060060060060066 beta=0.0 buffer=1.0 current_replicas=10 predicted_load=122.0 required_resources=7.327 target_replicas=8
2026-07-14 05:13:46 [info     ] algorithm2_decision            action=MAINTAIN applied_target=8 current_replicas=10 hold_until=1783980916.4 observed_load=91.91 observed_target=6 point_forecasts=[110.66275024414062, 110.33258819580078, 111.20525360107422, 109.83329772949219, 111.07854461669922, 111.29818725585938, 110.89867401123047, 110.77361297607422, 109.90493774414062] prediction_age_sec=0.07 predictive_target=8 proactive=True scenario=s4-hybrid-predictive target_replicas=8 upper_forecasts=[120.3037338256836, 120.62067413330078, 120.94823455810547, 120.40957641601562, 121.37276458740234, 121.88985443115234, 121.85612487792969, 121.4426040649414, 121.023681640625]
2026-07-14 05:13:46 [debug    ] Decision loop completed        action=MAINTAIN latency_ms=125.89 p99=39.81847389558233
2026-07-14 05:14:01 [debug    ] HAProxy fallback latency       delta_requests=1113 interval_avg_ms=65.0 max_rtime_ms=539.0 p99_est=130.0
2026-07-14 05:14:01 [debug    ] GRU prediction received        confidence=0.8 latency_ms=6.26 predicted=114
2026-07-14 05:14:01 [debug    ] Using GRU prediction           confidence=0.8 forecast_capacity_signal=114.0 predicted=114 required_steps=4
2026-07-14 05:14:01 [info     ] algorithm2_scaling_decision    action=SCALE_DOWN alpha=0.060060060060060066 beta=0.0 buffer=1.0 current_replicas=10 predicted_load=114.0 required_resources=6.847 target_replicas=7
2026-07-14 05:14:01 [info     ] algorithm2_decision            action=SCALE_DOWN applied_target=7 current_replicas=10 hold_until=1783980931.5 observed_load=77.99 observed_target=5 point_forecasts=[101.9027328491211, 101.4220962524414, 102.63859558105469, 100.73733520507812, 102.67060852050781, 102.81629180908203, 102.64688110351562, 102.02751922607422, 101.13920593261719] prediction_age_sec=0.08 predictive_target=7 proactive=True scenario=s4-hybrid-predictive target_replicas=7 upper_forecasts=[111.54371643066406, 111.7101821899414, 112.38157653808594, 111.31361389160156, 112.96482849121094, 113.407958984375, 113.60433197021484, 112.6965103149414, 112.25794982910156]
2026-07-14 05:14:01 [info     ] k8s_scale_executed             deployment=test-app-warm replicas=7
2026-07-14 05:14:01 [debug    ] Decision loop completed        action=MAINTAIN latency_ms=161.91 p99=130.0
2026-07-14 05:14:16 [debug    ] HAProxy fallback latency       delta_requests=1049 interval_avg_ms=121.76 max_rtime_ms=539.0 p99_est=243.53
2026-07-14 05:14:16 [debug    ] GRU prediction received        confidence=0.8 latency_ms=5.65 predicted=104
2026-07-14 05:14:16 [debug    ] Using GRU prediction           confidence=0.8 forecast_capacity_signal=104.0 predicted=104 required_steps=4
2026-07-14 05:14:16 [info     ] algorithm2_scaling_decision    action=MAINTAIN alpha=0.060060060060060066 beta=0.0 buffer=1.0 current_replicas=7 predicted_load=104.0 required_resources=6.246 target_replicas=7
2026-07-14 05:14:16 [info     ] algorithm2_decision            action=MAINTAIN applied_target=7 current_replicas=7 hold_until=1783980946.6 observed_load=71.42 observed_target=5 point_forecasts=[92.93921661376953, 92.22676086425781, 93.41873931884766, 91.98702239990234, 93.48973083496094, 93.25996398925781, 93.50701141357422, 92.84024047851562, 92.09607696533203] prediction_age_sec=0.07 predictive_target=7 proactive=True scenario=s4-hybrid-predictive target_replicas=7 upper_forecasts=[102.5802001953125, 102.51484680175781, 103.1617202758789, 102.56330108642578, 103.78395080566406, 103.85163116455078, 104.46446228027344, 103.50923156738281, 103.2148208618164]
2026-07-14 05:14:16 [debug    ] Decision loop completed        action=MAINTAIN latency_ms=121.72 p99=243.52716873212583
2026-07-14 05:14:31 [debug    ] HAProxy fallback latency       delta_requests=1187 interval_avg_ms=66.0 max_rtime_ms=539.0 p99_est=132.0
2026-07-14 05:14:31 [debug    ] GRU prediction received        confidence=0.8 latency_ms=5.79 predicted=99
2026-07-14 05:14:31 [debug    ] Using GRU prediction           confidence=0.8 forecast_capacity_signal=99.0 predicted=99 required_steps=4
2026-07-14 05:14:31 [info     ] algorithm2_scaling_decision    action=MAINTAIN alpha=0.060060060060060066 beta=0.0 buffer=1.0 current_replicas=7 predicted_load=99.0 required_resources=5.946 target_replicas=6
2026-07-14 05:14:31 [info     ] algorithm2_decision            action=MAINTAIN applied_target=6 current_replicas=7 hold_until=1783980961.8 observed_load=73.77 observed_target=5 point_forecasts=[88.29161834716797, 87.55973815917969, 88.56644439697266, 87.60882568359375, 88.4447250366211, 88.17117309570312, 88.37427520751953, 87.98512268066406, 86.97026824951172] prediction_age_sec=0.13 predictive_target=6 proactive=True scenario=s4-hybrid-predictive target_replicas=6 upper_forecasts=[97.93260192871094, 97.84782409667969, 98.3094253540039, 98.18510437011719, 98.73894500732422, 98.7628402709961, 99.33172607421875, 98.65411376953125, 98.0890121459961]
2026-07-14 05:14:31 [debug    ] Decision loop completed        action=MAINTAIN latency_ms=184.14 p99=132.0
2026-07-14 05:14:46 [debug    ] HAProxy fallback latency       delta_requests=1333 interval_avg_ms=66.0 max_rtime_ms=539.0 p99_est=132.0
2026-07-14 05:14:46 [debug    ] GRU prediction received        confidence=0.8 latency_ms=5.74 predicted=98
2026-07-14 05:14:46 [debug    ] Using GRU prediction           confidence=0.8 forecast_capacity_signal=98.0 predicted=98 required_steps=4
2026-07-14 05:14:46 [info     ] algorithm2_scaling_decision    action=MAINTAIN alpha=0.060060060060060066 beta=0.0 buffer=1.0 current_replicas=7 predicted_load=98.0 required_resources=5.886 target_replicas=6
2026-07-14 05:14:46 [info     ] algorithm2_decision            action=MAINTAIN applied_target=6 current_replicas=7 hold_until=1783980977.0 observed_load=83.11 observed_target=5 point_forecasts=[86.84555053710938, 86.20450592041016, 87.17875671386719, 86.57390594482422, 86.92803192138672, 86.7774887084961, 86.79454040527344, 86.58336639404297, 85.83912658691406] prediction_age_sec=0.08 predictive_target=6 proactive=True scenario=s4-hybrid-predictive target_replicas=6 upper_forecasts=[96.48653411865234, 96.49259185791016, 96.92173767089844, 97.15018463134766, 97.22225189208984, 97.36915588378906, 97.75199127197266, 97.25235748291016, 96.95787048339844]
2026-07-14 05:14:46 [debug    ] Decision loop completed        action=MAINTAIN latency_ms=123.11 p99=132.0
2026-07-14 05:15:01 [debug    ] HAProxy fallback latency       delta_requests=1073 interval_avg_ms=7.16 max_rtime_ms=539.0 p99_est=14.32
2026-07-14 05:15:02 [debug    ] GRU prediction received        confidence=0.8 latency_ms=6.2 predicted=93
2026-07-14 05:15:02 [debug    ] Using GRU prediction           confidence=0.8 forecast_capacity_signal=93.0 predicted=93 required_steps=4
2026-07-14 05:15:02 [info     ] algorithm2_scaling_decision    action=MAINTAIN alpha=0.060060060060060066 beta=0.0 buffer=1.0 current_replicas=7 predicted_load=93.0 required_resources=5.586 target_replicas=6
2026-07-14 05:15:02 [info     ] algorithm2_decision            action=MAINTAIN applied_target=6 current_replicas=7 hold_until=1783980992.1 observed_load=79.43 observed_target=5 point_forecasts=[82.64114379882812, 81.56737518310547, 82.73616027832031, 82.2052001953125, 82.22135162353516, 82.35950469970703, 82.35448455810547, 81.96868133544922, 81.32687377929688] prediction_age_sec=0.08 predictive_target=6 proactive=True scenario=s4-hybrid-predictive target_replicas=6 upper_forecasts=[92.2821273803711, 91.85546112060547, 92.47914123535156, 92.78147888183594, 92.51557159423828, 92.951171875, 93.31193542480469, 92.6376724243164, 92.44561767578125]
2026-07-14 05:15:02 [debug    ] Decision loop completed        action=MAINTAIN latency_ms=126.95 p99=14.315004659832246
2026-07-14 05:15:17 [debug    ] HAProxy fallback latency       delta_requests=763 interval_avg_ms=65.0 max_rtime_ms=539.0 p99_est=130.0
2026-07-14 05:15:17 [debug    ] GRU prediction received        confidence=0.8 latency_ms=5.99 predicted=86
2026-07-14 05:15:17 [debug    ] Using GRU prediction           confidence=0.8 forecast_capacity_signal=86.0 predicted=86 required_steps=4
2026-07-14 05:15:17 [info     ] algorithm2_scaling_decision    action=MAINTAIN alpha=0.060060060060060066 beta=0.0 buffer=1.0 current_replicas=7 predicted_load=86.0 required_resources=5.165 target_replicas=6
2026-07-14 05:15:17 [info     ] algorithm2_decision            action=MAINTAIN applied_target=6 current_replicas=7 hold_until=1783981007.2 observed_load=60.76 observed_target=4 point_forecasts=[75.4092788696289, 73.40216827392578, 75.19468688964844, 73.64939880371094, 74.29332733154297, 74.59650421142578, 74.93345642089844, 73.97238159179688, 73.06983947753906] prediction_age_sec=0.08 predictive_target=6 proactive=True scenario=s4-hybrid-predictive target_replicas=6 upper_forecasts=[85.05026245117188, 83.69025421142578, 84.93766784667969, 84.22567749023438, 84.5875473022461, 85.18817138671875, 85.89090728759766, 84.64137268066406, 84.18858337402344]
2026-07-14 05:15:17 [debug    ] Decision loop completed        action=MAINTAIN latency_ms=131.93 p99=130.0
2026-07-14 05:15:32 [debug    ] GRU prediction received        confidence=0.8 latency_ms=6.27 predicted=80
2026-07-14 05:15:32 [debug    ] Using GRU prediction           confidence=0.8 forecast_capacity_signal=80.0 predicted=80 required_steps=4
2026-07-14 05:15:32 [info     ] algorithm2_scaling_decision    action=SCALE_DOWN alpha=0.060060060060060066 beta=0.0 buffer=1.0 current_replicas=7 predicted_load=80.0 required_resources=4.805 target_replicas=5
2026-07-14 05:15:32 [info     ] algorithm2_decision            action=SCALE_DOWN applied_target=5 current_replicas=7 hold_until=1783981022.3 observed_load=48.51 observed_target=3 point_forecasts=[68.91854095458984, 66.81991577148438, 68.8405532836914, 67.25588989257812, 67.83113098144531, 68.3211669921875, 68.70478820800781, 67.42528533935547, 66.60916137695312] prediction_age_sec=0.07 predictive_target=5 proactive=True scenario=s4-hybrid-predictive target_replicas=5 upper_forecasts=[78.55952453613281, 77.10800170898438, 78.58353424072266, 77.83216857910156, 78.12535095214844, 78.91283416748047, 79.66223907470703, 78.09427642822266, 77.7279052734375]
2026-07-14 05:15:32 [debug    ] Decision loop completed        action=MAINTAIN latency_ms=117.81 p99=130.0
2026-07-14 05:15:47 [debug    ] HAProxy fallback latency       delta_requests=691 interval_avg_ms=64.0 max_rtime_ms=539.0 p99_est=128.0
2026-07-14 05:15:47 [debug    ] GRU prediction received        confidence=0.8 latency_ms=5.66 predicted=74
2026-07-14 05:15:47 [debug    ] Using GRU prediction           confidence=0.8 forecast_capacity_signal=74.0 predicted=74 required_steps=4
2026-07-14 05:15:47 [info     ] algorithm2_scaling_decision    action=SCALE_DOWN alpha=0.060060060060060066 beta=0.0 buffer=1.0 current_replicas=7 predicted_load=74.0 required_resources=4.444 target_replicas=5
2026-07-14 05:15:47 [info     ] algorithm2_decision            action=SCALE_DOWN applied_target=5 current_replicas=7 hold_until=1783981037.5 observed_load=46.15 observed_target=3 point_forecasts=[63.479644775390625, 61.66124725341797, 63.47047424316406, 62.17066192626953, 62.51441955566406, 63.092262268066406, 63.415775299072266, 62.065773010253906, 61.43828201293945] prediction_age_sec=0.07 predictive_target=5 proactive=True scenario=s4-hybrid-predictive target_replicas=5 upper_forecasts=[73.1206283569336, 71.94933319091797, 73.21345520019531, 72.74694061279297, 72.80863952636719, 73.68392944335938, 74.37322235107422, 72.7347640991211, 72.55702209472656]
2026-07-14 05:15:47 [debug    ] Decision loop completed        action=MAINTAIN latency_ms=123.52 p99=128.0
2026-07-14 05:16:02 [debug    ] HAProxy fallback latency       delta_requests=652 interval_avg_ms=64.0 max_rtime_ms=539.0 p99_est=128.0
2026-07-14 05:16:02 [debug    ] GRU prediction received        confidence=0.8 latency_ms=6.13 predicted=70
2026-07-14 05:16:02 [debug    ] Using GRU prediction           confidence=0.8 forecast_capacity_signal=70.0 predicted=70 required_steps=4
2026-07-14 05:16:02 [info     ] algorithm2_scaling_decision    action=SCALE_DOWN alpha=0.060060060060060066 beta=0.0 buffer=1.0 current_replicas=7 predicted_load=70.0 required_resources=4.204 target_replicas=5
2026-07-14 05:16:02 [info     ] algorithm2_decision            action=SCALE_DOWN applied_target=5 current_replicas=7 hold_until=1783981052.6 observed_load=44.41 observed_target=3 point_forecasts=[58.67733383178711, 57.133785247802734, 58.72456359863281, 57.690185546875, 57.839759826660156, 58.467872619628906, 58.71919631958008, 57.3595085144043, 56.929752349853516] prediction_age_sec=0.08 predictive_target=5 proactive=True scenario=s4-hybrid-predictive target_replicas=5 upper_forecasts=[68.31831359863281, 67.42186737060547, 68.46754455566406, 68.26646423339844, 68.13397979736328, 69.05953979492188, 69.67664337158203, 68.02850341796875, 68.04849243164062]
2026-07-14 05:16:02 [info     ] k8s_scale_executed             deployment=test-app-warm replicas=5
2026-07-14 05:16:02 [debug    ] Decision loop completed        action=MAINTAIN latency_ms=173.47 p99=128.0
2026-07-14 05:16:17 [debug    ] HAProxy fallback latency       delta_requests=642 interval_avg_ms=167.72 max_rtime_ms=539.0 p99_est=335.45
2026-07-14 05:16:17 [debug    ] GRU prediction received        confidence=0.8 latency_ms=5.68 predicted=66
2026-07-14 05:16:17 [debug    ] Using GRU prediction           confidence=0.8 forecast_capacity_signal=66.0 predicted=66 required_steps=4
2026-07-14 05:16:17 [info     ] algorithm2_scaling_decision    action=MAINTAIN alpha=0.060060060060060066 beta=0.0 buffer=1.0 current_replicas=5 predicted_load=66.0 required_resources=3.964 target_replicas=4
2026-07-14 05:16:17 [info     ] algorithm2_decision            action=MAINTAIN applied_target=4 current_replicas=5 hold_until=1783981067.7 observed_load=42.68 observed_target=3 point_forecasts=[54.77989196777344, 53.48405075073242, 54.871368408203125, 54.05546188354492, 54.07632064819336, 54.705535888671875, 54.87110137939453, 53.579586029052734, 53.31505584716797] prediction_age_sec=0.07 predictive_target=4 proactive=True scenario=s4-hybrid-predictive target_replicas=4 upper_forecasts=[64.4208755493164, 63.772132873535156, 64.61434936523438, 64.63174438476562, 64.37054443359375, 65.29720306396484, 65.82855224609375, 64.24858093261719, 64.43379974365234]
2026-07-14 05:16:17 [debug    ] Decision loop completed        action=MAINTAIN latency_ms=118.64 p99=335.4485981308411
2026-07-14 05:16:32 [debug    ] HAProxy fallback latency       delta_requests=852 interval_avg_ms=65.0 max_rtime_ms=539.0 p99_est=130.0
2026-07-14 05:16:32 [debug    ] GRU prediction received        confidence=0.8 latency_ms=6.53 predicted=65
2026-07-14 05:16:32 [debug    ] Using GRU prediction           confidence=0.8 forecast_capacity_signal=65.0 predicted=65 required_steps=4
2026-07-14 05:16:32 [info     ] algorithm2_scaling_decision    action=MAINTAIN alpha=0.060060060060060066 beta=0.0 buffer=1.0 current_replicas=5 predicted_load=65.0 required_resources=3.904 target_replicas=4
2026-07-14 05:16:32 [info     ] algorithm2_decision            action=MAINTAIN applied_target=4 current_replicas=5 hold_until=1783981082.9 observed_load=49.3 observed_target=3 point_forecasts=[54.06549072265625, 53.03030776977539, 54.206512451171875, 53.43770980834961, 53.59428024291992, 54.12028884887695, 54.0390739440918, 53.11335372924805, 53.01338195800781] prediction_age_sec=0.07 predictive_target=4 proactive=True scenario=s4-hybrid-predictive target_replicas=4 upper_forecasts=[63.70647430419922, 63.318389892578125, 63.949493408203125, 64.01399230957031, 63.88850021362305, 64.71195983886719, 64.99652099609375, 63.7823486328125, 64.13212585449219]
2026-07-14 05:16:32 [debug    ] Decision loop completed        action=MAINTAIN latency_ms=120.16 p99=130.0
2026-07-14 05:16:47 [debug    ] HAProxy fallback latency       delta_requests=1068 interval_avg_ms=129.15 max_rtime_ms=539.0 p99_est=258.3
2026-07-14 05:16:47 [debug    ] GRU prediction received        confidence=0.8 latency_ms=6.81 predicted=67
2026-07-14 05:16:47 [debug    ] Using GRU prediction           confidence=0.8 forecast_capacity_signal=67.0 predicted=67 required_steps=4
2026-07-14 05:16:47 [debug    ] Proactive amplification        amplified=101.7 approach_ratio=0.85 load_trend=6.2 raw_pred=67
2026-07-14 05:16:47 [info     ] algorithm2_scaling_decision    action=MAINTAIN alpha=0.060060060060060066 beta=0.0 buffer=1.0 current_replicas=5 predicted_load=67.0 required_resources=4.024 target_replicas=5
2026-07-14 05:16:47 [info     ] algorithm2_decision            action=MAINTAIN applied_target=5 current_replicas=5 hold_until=1783981098.0 observed_load=63.46 observed_target=4 point_forecasts=[56.36888122558594, 55.51982116699219, 56.53615188598633, 55.677345275878906, 56.12447738647461, 56.50553512573242, 56.12630844116211, 55.685306549072266, 55.74692153930664] prediction_age_sec=0.07 predictive_target=5 proactive=True scenario=s4-hybrid-predictive target_replicas=5 upper_forecasts=[66.0098648071289, 65.80790710449219, 66.27912902832031, 66.25362396240234, 66.418701171875, 67.09719848632812, 67.08375549316406, 66.35430145263672, 66.86566162109375]
2026-07-14 05:16:47 [debug    ] Decision loop completed        action=MAINTAIN latency_ms=124.61 p99=258.2977528089888
2026-07-14 05:17:03 [debug    ] HAProxy fallback latency       delta_requests=1074 interval_avg_ms=66.0 max_rtime_ms=539.0 p99_est=132.0
2026-07-14 05:17:03 [debug    ] GRU prediction received        confidence=0.8 latency_ms=6.22 predicted=70
2026-07-14 05:17:03 [debug    ] Using GRU prediction           confidence=0.8 forecast_capacity_signal=70.0 predicted=70 required_steps=4
2026-07-14 05:17:03 [debug    ] Proactive amplification        amplified=106.0 approach_ratio=0.85 load_trend=7.0 raw_pred=70
2026-07-14 05:17:03 [info     ] algorithm2_scaling_decision    action=MAINTAIN alpha=0.060060060060060066 beta=0.0 buffer=1.0 current_replicas=5 predicted_load=70.82195859313725 required_resources=4.254 target_replicas=5
2026-07-14 05:17:03 [info     ] algorithm2_decision            action=MAINTAIN applied_target=5 current_replicas=5 hold_until=1783981098.0 observed_load=70.82 observed_target=5 point_forecasts=[59.22278594970703, 58.65044021606445, 59.23150634765625, 58.72529983520508, 58.97077560424805, 59.235443115234375, 58.82171630859375, 58.67953109741211, 58.891239166259766] prediction_age_sec=0.08 predictive_target=5 proactive=False scenario=s4-hybrid-predictive target_replicas=5 upper_forecasts=[68.86376953125, 68.93852233886719, 68.9744873046875, 69.30157470703125, 69.26499938964844, 69.82711029052734, 69.77916717529297, 69.34852600097656, 70.00997924804688]
2026-07-14 05:17:03 [debug    ] Decision loop completed        action=MAINTAIN latency_ms=129.53 p99=132.0
2026-07-14 05:17:18 [debug    ] HAProxy fallback latency       delta_requests=1051 interval_avg_ms=66.0 max_rtime_ms=539.0 p99_est=132.0
2026-07-14 05:17:18 [debug    ] GRU prediction received        confidence=0.8 latency_ms=5.84 predicted=73
2026-07-14 05:17:18 [debug    ] Using GRU prediction           confidence=0.8 forecast_capacity_signal=73.0 predicted=73 required_steps=4
2026-07-14 05:17:18 [debug    ] Proactive amplification        amplified=103.4 approach_ratio=0.83 load_trend=6.8 raw_pred=73
2026-07-14 05:17:18 [info     ] algorithm2_scaling_decision    action=MAINTAIN alpha=0.060060060060060066 beta=0.0 buffer=1.0 current_replicas=5 predicted_load=70.24018442476589 required_resources=4.219 target_replicas=5
2026-07-14 05:17:18 [info     ] algorithm2_decision            action=MAINTAIN applied_target=5 current_replicas=5 hold_until=1783981098.0 observed_load=70.24 observed_target=5 point_forecasts=[61.63044738769531, 61.16344451904297, 61.51207733154297, 61.22010040283203, 61.29618835449219, 61.50751495361328, 61.14226150512695, 61.125640869140625, 61.41272735595703] prediction_age_sec=0.08 predictive_target=5 proactive=False scenario=s4-hybrid-predictive target_replicas=5 upper_forecasts=[71.27143096923828, 71.45153045654297, 71.25505828857422, 71.79637908935547, 71.59040832519531, 72.09918212890625, 72.0997085571289, 71.79463195800781, 72.5314712524414]
2026-07-14 05:17:18 [debug    ] Decision loop completed        action=MAINTAIN latency_ms=125.45 p99=132.0
2026-07-14 05:17:33 [debug    ] HAProxy fallback latency       delta_requests=1075 interval_avg_ms=66.0 max_rtime_ms=539.0 p99_est=132.0
2026-07-14 05:17:33 [debug    ] GRU prediction received        confidence=0.8 latency_ms=5.95 predicted=75
2026-07-14 05:17:33 [debug    ] Using GRU prediction           confidence=0.8 forecast_capacity_signal=75.0 predicted=75 required_steps=4
2026-07-14 05:17:33 [debug    ] Proactive amplification        amplified=89.6 approach_ratio=0.85 load_trend=3.7 raw_pred=75
2026-07-14 05:17:33 [info     ] algorithm2_scaling_decision    action=MAINTAIN alpha=0.060060060060060066 beta=0.0 buffer=1.0 current_replicas=5 predicted_load=70.26970237524213 required_resources=4.22 target_replicas=5
2026-07-14 05:17:33 [info     ] algorithm2_decision            action=MAINTAIN applied_target=5 current_replicas=5 hold_until=1783981098.0 observed_load=70.27 observed_target=5 point_forecasts=[64.02265167236328, 63.612403869628906, 63.80286407470703, 63.64201354980469, 63.606563568115234, 63.79039764404297, 63.460609436035156, 63.531341552734375, 63.85985565185547] prediction_age_sec=0.08 predictive_target=5 proactive=False scenario=s4-hybrid-predictive target_replicas=5 upper_forecasts=[73.66363525390625, 73.9004898071289, 73.54584503173828, 74.21829223632812, 73.90078735351562, 74.38206481933594, 74.41806030273438, 74.20033264160156, 74.97859954833984]
2026-07-14 05:17:33 [debug    ] Decision loop completed        action=MAINTAIN latency_ms=126.41 p99=132.0
2026-07-14 05:17:48 [debug    ] HAProxy fallback latency       delta_requests=1143 interval_avg_ms=66.0 max_rtime_ms=539.0 p99_est=132.0
2026-07-14 05:17:48 [debug    ] GRU prediction received        confidence=0.8 latency_ms=6.83 predicted=78
2026-07-14 05:17:48 [debug    ] Using GRU prediction           confidence=0.8 forecast_capacity_signal=78.0 predicted=78 required_steps=4
2026-07-14 05:17:48 [info     ] algorithm2_scaling_decision    action=MAINTAIN alpha=0.060060060060060066 beta=0.0 buffer=1.0 current_replicas=5 predicted_load=73.31621010692064 required_resources=4.403 target_replicas=5
2026-07-14 05:17:48 [info     ] algorithm2_decision            action=MAINTAIN applied_target=5 current_replicas=5 hold_until=1783981098.0 observed_load=73.32 observed_target=5 point_forecasts=[66.94508361816406, 66.69342041015625, 66.63548278808594, 66.66243743896484, 66.4876937866211, 66.64032745361328, 66.30542755126953, 66.53238677978516, 66.912841796875] prediction_age_sec=0.07 predictive_target=5 proactive=False scenario=s4-hybrid-predictive target_replicas=5 upper_forecasts=[76.58606719970703, 76.98150634765625, 76.37846374511719, 77.23871612548828, 76.78191375732422, 77.23199462890625, 77.26287841796875, 77.20137786865234, 78.03158569335938]
2026-07-14 05:17:48 [debug    ] Decision loop completed        action=MAINTAIN latency_ms=123.95 p99=132.0
2026-07-14 05:18:03 [debug    ] HAProxy fallback latency       delta_requests=1419 interval_avg_ms=170.68 max_rtime_ms=539.0 p99_est=341.37
2026-07-14 05:18:03 [debug    ] GRU prediction received        confidence=0.8 latency_ms=6.01 predicted=86
2026-07-14 05:18:03 [debug    ] Using GRU prediction           confidence=0.8 forecast_capacity_signal=86.0 predicted=86 required_steps=4
2026-07-14 05:18:03 [debug    ] Proactive amplification        amplified=122.2 approach_ratio=1.41 load_trend=5.7 raw_pred=86
2026-07-14 05:18:03 [info     ] Knative pre-warm OK            cold_start_ms=3.9
2026-07-14 05:18:03 [info     ] controller_decision_v3         action=PREDICTIVE available_replicas=4 budget_remaining=986 burn_adjustment=0 burst_ratio=0.2897 capacity_deficit=False confidence=0.8 current_load=93.75796895504796 decision_id=eb654199 k8s_capacity=66.6 k8s_weight=71 knative_weight=29 p99=341.4 predicted_load=86 r_effective=16.6 serverless_enabled=True total_load=93.8 weights_after={'k3s': 71, 'knative': 29} weights_before={'k3s': 100, 'knative': 0}
2026-07-14 05:18:03 [info     ] Weights updated                k3s=71 knative=29
2026-07-14 05:18:03 [info     ] Weights updated                action=PREDICTIVE reason='load=94RPS | k8s_cap=67RPS | (prediction-driven)' weights={'k3s': 71, 'knative': 29}
2026-07-14 05:18:03 [info     ] algorithm2_scaling_decision    action=SCALE_UP alpha=0.060060060060060066 beta=0.0 buffer=1.0 current_replicas=5 predicted_load=84.65989612982705 required_resources=5.085 target_replicas=6
2026-07-14 05:18:03 [info     ] algorithm2_decision            action=SCALE_UP applied_target=6 current_replicas=5 hold_until=1783981098.0 observed_load=84.66 observed_target=6 point_forecasts=[73.89189147949219, 74.57665252685547, 73.86859893798828, 74.8059310913086, 73.88201141357422, 74.00164794921875, 73.08992004394531, 74.12667083740234, 75.02702331542969] prediction_age_sec=0.08 predictive_target=6 proactive=False scenario=s4-hybrid-predictive target_replicas=6 upper_forecasts=[83.53287506103516, 84.86473846435547, 83.61157989501953, 85.38220977783203, 84.17623138427734, 84.59331512451172, 84.04737091064453, 84.79566192626953, 86.14576721191406]
2026-07-14 05:18:03 [info     ] k8s_scale_executed             deployment=test-app-warm replicas=6
2026-07-14 05:18:03 [debug    ] Decision loop completed        action=PREDICTIVE latency_ms=171.12 p99=341.36715997181113
2026-07-14 05:18:18 [debug    ] HAProxy fallback latency       delta_requests=1644 interval_avg_ms=21.82 max_rtime_ms=539.0 p99_est=43.64
2026-07-14 05:18:18 [debug    ] GRU prediction received        confidence=0.8 latency_ms=5.74 predicted=96
2026-07-14 05:18:18 [debug    ] Using GRU prediction           confidence=0.8 forecast_capacity_signal=96.0 predicted=96 required_steps=4
2026-07-14 05:18:18 [debug    ] Proactive amplification        amplified=156.8 approach_ratio=1.08 load_trend=9.7 raw_pred=96
2026-07-14 05:18:18 [info     ] controller_decision_v3         action=RECOVERY available_replicas=6 budget_remaining=986 burn_adjustment=0 burst_ratio=0.0775 capacity_deficit=False confidence=0.8 current_load=108.2913945615299 decision_id=d9dc5b90 k8s_capacity=99.9 k8s_weight=92 knative_weight=8 p99=43.6 predicted_load=96 r_effective=16.6 serverless_enabled=True total_load=108.3 weights_after={'k3s': 92, 'knative': 8} weights_before={'k3s': 71, 'knative': 29}
2026-07-14 05:18:18 [info     ] Weights updated                k3s=92 knative=8
2026-07-14 05:18:18 [info     ] Weights updated                action=RECOVERY reason='load=108RPS | k8s_cap=100RPS | (reducing-serverless)' weights={'k3s': 92, 'knative': 8}
2026-07-14 05:18:18 [info     ] Scale readiness observed       elapsed_sec=15.2 ewma_delay=32.9 samples=9 target=6
2026-07-14 05:18:18 [info     ] algorithm2_scaling_decision    action=SCALE_UP alpha=0.060060060060060066 beta=0.0 buffer=1.0 current_replicas=6 predicted_load=101.02468175828892 required_resources=6.068 target_replicas=7
2026-07-14 05:18:18 [info     ] algorithm2_decision            action=SCALE_UP applied_target=7 current_replicas=6 hold_until=1783981098.0 observed_load=101.02 observed_target=7 point_forecasts=[82.63650512695312, 84.19700622558594, 83.32701110839844, 85.23640441894531, 83.49911499023438, 83.58902740478516, 82.09341430664062, 83.71726989746094, 85.04715728759766] prediction_age_sec=0.11 predictive_target=6 proactive=False scenario=s4-hybrid-predictive target_replicas=7 upper_forecasts=[92.2774887084961, 94.48509216308594, 93.06999206542969, 95.81268310546875, 93.7933349609375, 94.18069458007812, 93.05086517333984, 94.38626098632812, 96.16590118408203]
2026-07-14 05:18:18 [info     ] k8s_scale_executed             deployment=test-app-warm replicas=7
2026-07-14 05:18:18 [debug    ] Decision loop completed        action=RECOVERY latency_ms=205.53 p99=43.64355231143552
2026-07-14 05:18:33 [debug    ] HAProxy fallback latency       delta_requests=1435 interval_avg_ms=120.9 max_rtime_ms=539.0 p99_est=241.81
2026-07-14 05:18:33 [debug    ] GRU prediction received        confidence=0.8 latency_ms=5.96 predicted=100
2026-07-14 05:18:33 [debug    ] Using GRU prediction           confidence=0.8 forecast_capacity_signal=100.1 predicted=100 required_steps=4
2026-07-14 05:18:33 [debug    ] Proactive amplification        amplified=123.8 approach_ratio=0.95 load_trend=5.9 raw_pred=100
2026-07-14 05:18:33 [info     ] controller_decision_v3         action=RECOVERY available_replicas=6 budget_remaining=985 burn_adjustment=0 burst_ratio=0 capacity_deficit=False confidence=0.8 current_load=94.5095462293815 decision_id=54300ec8 k8s_capacity=99.9 k8s_weight=100 knative_weight=0 p99=241.8 predicted_load=100 r_effective=16.6 serverless_enabled=False total_load=94.5 weights_after={'k3s': 100, 'knative': 0} weights_before={'k3s': 92, 'knative': 8}
2026-07-14 05:18:33 [info     ] Weights updated                k3s=100 knative=0
2026-07-14 05:18:33 [info     ] Weights updated                action=RECOVERY reason='load=95RPS | k8s_cap=100RPS | (reducing-serverless)' weights={'k3s': 100, 'knative': 0}
2026-07-14 05:18:34 [info     ] algorithm2_scaling_decision    action=MAINTAIN alpha=0.060060060060060066 beta=0.0 buffer=1.0 current_replicas=7 predicted_load=101.4004703954557 required_resources=6.09 target_replicas=7
2026-07-14 05:18:34 [info     ] algorithm2_decision            action=MAINTAIN applied_target=7 current_replicas=7 hold_until=1783981098.0 observed_load=101.4 observed_target=7 point_forecasts=[87.01678466796875, 88.44303894042969, 87.94808959960938, 89.53024291992188, 87.87115478515625, 88.01596069335938, 86.71772766113281, 88.05707550048828, 89.07500457763672] prediction_age_sec=0.11 predictive_target=7 proactive=False scenario=s4-hybrid-predictive target_replicas=7 upper_forecasts=[96.65776824951172, 98.73112487792969, 97.69107055664062, 100.10652160644531, 98.16537475585938, 98.60762786865234, 97.67517852783203, 98.72606658935547, 100.1937484741211]
2026-07-14 05:18:34 [debug    ] Decision loop completed        action=RECOVERY latency_ms=157.12 p99=241.80766550522648
2026-07-14 05:18:49 [debug    ] GRU prediction received        confidence=0.8 latency_ms=5.85 predicted=99
2026-07-14 05:18:49 [debug    ] Using GRU prediction           confidence=0.8 forecast_capacity_signal=99.0 predicted=99 required_steps=4
2026-07-14 05:18:49 [info     ] algorithm2_scaling_decision    action=MAINTAIN alpha=0.060060060060060066 beta=0.0 buffer=1.0 current_replicas=7 predicted_load=85.68470569649884 required_resources=5.146 target_replicas=6
2026-07-14 05:18:49 [info     ] algorithm2_decision            action=MAINTAIN applied_target=6 current_replicas=7 hold_until=1783981098.0 observed_load=85.68 observed_target=6 point_forecasts=[86.17286682128906, 87.09454345703125, 87.03385162353516, 87.9827880859375, 86.78394317626953, 86.97594451904297, 86.00184631347656, 86.94332885742188, 87.37193298339844] prediction_age_sec=0.07 predictive_target=6 proactive=False scenario=s4-hybrid-predictive target_replicas=6 upper_forecasts=[95.81385040283203, 97.38262939453125, 96.7768325805664, 98.55906677246094, 97.07816314697266, 97.56761169433594, 96.95929718017578, 97.61231994628906, 98.49067687988281]
2026-07-14 05:18:49 [debug    ] Decision loop completed        action=MAINTAIN latency_ms=119.42 p99=241.80766550522648
2026-07-14 05:19:04 [debug    ] GRU prediction received        confidence=0.8 latency_ms=6.51 predicted=92
2026-07-14 05:19:04 [debug    ] Using GRU prediction           confidence=0.8 forecast_capacity_signal=92.3 predicted=92 required_steps=4
2026-07-14 05:19:04 [info     ] algorithm2_scaling_decision    action=MAINTAIN alpha=0.060060060060060066 beta=0.0 buffer=1.0 current_replicas=7 predicted_load=92.33607482910156 required_resources=5.546 target_replicas=6
2026-07-14 05:19:04 [info     ] algorithm2_decision            action=MAINTAIN applied_target=6 current_replicas=7 hold_until=1783981234.3 observed_load=68.26 observed_target=5 point_forecasts=[81.39461517333984, 81.09072875976562, 81.5599365234375, 81.75979614257812, 81.09036254882812, 81.33698272705078, 80.88619995117188, 81.14102172851562, 81.13196563720703] prediction_age_sec=0.07 predictive_target=6 proactive=True scenario=s4-hybrid-predictive target_replicas=6 upper_forecasts=[91.03559875488281, 91.37881469726562, 91.30291748046875, 92.33607482910156, 91.38458251953125, 91.92864990234375, 91.8436508178711, 91.81001281738281, 92.2507095336914]
2026-07-14 05:19:04 [debug    ] Decision loop completed        action=MAINTAIN latency_ms=119.08 p99=241.80766550522648
2026-07-14 05:19:19 [debug    ] HAProxy fallback latency       delta_requests=686 interval_avg_ms=65.0 max_rtime_ms=539.0 p99_est=130.0
2026-07-14 05:19:19 [debug    ] GRU prediction received        confidence=0.8 latency_ms=5.64 predicted=84
2026-07-14 05:19:19 [debug    ] Using GRU prediction           confidence=0.8 forecast_capacity_signal=84.0 predicted=84 required_steps=4
2026-07-14 05:19:19 [info     ] algorithm2_scaling_decision    action=MAINTAIN alpha=0.060060060060060066 beta=0.0 buffer=1.0 current_replicas=7 predicted_load=84.0 required_resources=5.045 target_replicas=6
2026-07-14 05:19:19 [info     ] algorithm2_decision            action=MAINTAIN applied_target=6 current_replicas=7 hold_until=1783981249.4 observed_load=52.51 observed_target=4 point_forecasts=[73.57831573486328, 71.873779296875, 73.34342193603516, 72.03852081298828, 72.45006561279297, 72.80266571044922, 73.01953125, 72.24808502197266, 71.64408874511719] prediction_age_sec=0.07 predictive_target=6 proactive=True scenario=s4-hybrid-predictive target_replicas=6 upper_forecasts=[83.21929931640625, 82.161865234375, 83.0864028930664, 82.61479949951172, 82.7442855834961, 83.39433288574219, 83.97698211669922, 82.91707611083984, 82.76283264160156]
2026-07-14 05:19:19 [debug    ] Decision loop completed        action=MAINTAIN latency_ms=123.25 p99=130.0
2026-07-14 05:19:34 [debug    ] GRU prediction received        confidence=0.8 latency_ms=6.17 predicted=78
2026-07-14 05:19:34 [debug    ] Using GRU prediction           confidence=0.8 forecast_capacity_signal=78.0 predicted=78 required_steps=4
2026-07-14 05:19:34 [info     ] algorithm2_scaling_decision    action=SCALE_DOWN alpha=0.060060060060060066 beta=0.0 buffer=1.0 current_replicas=7 predicted_load=78.0 required_resources=4.685 target_replicas=5
2026-07-14 05:19:34 [info     ] algorithm2_decision            action=SCALE_DOWN applied_target=5 current_replicas=7 hold_until=1783981264.5 observed_load=44.41 observed_target=3 point_forecasts=[67.0882339477539, 65.11937713623047, 67.03667449951172, 65.51875305175781, 66.03996276855469, 66.5794448852539, 66.84628295898438, 65.683349609375, 65.05876922607422] prediction_age_sec=0.08 predictive_target=5 proactive=True scenario=s4-hybrid-predictive target_replicas=5 upper_forecasts=[76.72921752929688, 75.40746307373047, 76.77965545654297, 76.09503173828125, 76.33418273925781, 77.17111206054688, 77.8037338256836, 76.35234069824219, 76.1775131225586]
2026-07-14 05:19:34 [info     ] k8s_scale_executed             deployment=test-app-warm replicas=5
2026-07-14 05:19:34 [debug    ] Decision loop completed        action=MAINTAIN latency_ms=167.39 p99=130.0
2026-07-14 05:19:49 [debug    ] HAProxy fallback latency       delta_requests=676 interval_avg_ms=64.0 max_rtime_ms=539.0 p99_est=128.0
2026-07-14 05:19:49 [debug    ] GRU prediction received        confidence=0.8 latency_ms=6.24 predicted=73
2026-07-14 05:19:49 [debug    ] Using GRU prediction           confidence=0.8 forecast_capacity_signal=73.0 predicted=73 required_steps=4
2026-07-14 05:19:49 [info     ] algorithm2_scaling_decision    action=MAINTAIN alpha=0.060060060060060066 beta=0.0 buffer=1.0 current_replicas=5 predicted_load=73.0 required_resources=4.384 target_replicas=5
2026-07-14 05:19:49 [info     ] algorithm2_decision            action=MAINTAIN applied_target=5 current_replicas=5 hold_until=1783981279.7 observed_load=43.97 observed_target=3 point_forecasts=[61.94975280761719, 60.239524841308594, 61.95874786376953, 60.71924591064453, 61.02314758300781, 61.635826110839844, 61.868568420410156, 60.59576416015625, 60.131404876708984] prediction_age_sec=0.07 predictive_target=5 proactive=True scenario=s4-hybrid-predictive target_replicas=5 upper_forecasts=[71.59073638916016, 70.5276107788086, 71.70172882080078, 71.29552459716797, 71.31736755371094, 72.22749328613281, 72.82601928710938, 71.26475524902344, 71.2501449584961]
2026-07-14 05:19:49 [debug    ] Decision loop completed        action=MAINTAIN latency_ms=121.49 p99=128.0
2026-07-14 05:20:04 [debug    ] HAProxy fallback latency       delta_requests=785 interval_avg_ms=168.74 max_rtime_ms=539.0 p99_est=337.48
2026-07-14 05:20:04 [debug    ] GRU prediction received        confidence=0.8 latency_ms=6.47 predicted=70
2026-07-14 05:20:04 [debug    ] Using GRU prediction           confidence=0.8 forecast_capacity_signal=70.0 predicted=70 required_steps=4
2026-07-14 05:20:04 [info     ] algorithm2_scaling_decision    action=MAINTAIN alpha=0.060060060060060066 beta=0.0 buffer=1.0 current_replicas=5 predicted_load=70.0 required_resources=4.204 target_replicas=5
2026-07-14 05:20:04 [info     ] algorithm2_decision            action=MAINTAIN applied_target=5 current_replicas=5 hold_until=1783981294.8 observed_load=48.21 observed_target=3 point_forecasts=[59.002689361572266, 57.59806442260742, 59.088539123535156, 58.02080535888672, 58.29618835449219, 58.87913513183594, 58.95271682739258, 57.840171813964844, 57.54551696777344] prediction_age_sec=0.08 predictive_target=5 proactive=True scenario=s4-hybrid-predictive target_replicas=5 upper_forecasts=[68.64366912841797, 67.88614654541016, 68.8315200805664, 68.59708404541016, 68.59040832519531, 69.4708023071289, 69.91016387939453, 68.50916290283203, 68.66426086425781]
2026-07-14 05:20:04 [debug    ] Decision loop completed        action=MAINTAIN latency_ms=127.76 p99=337.48025477707006
2026-07-14 05:20:19 [debug    ] HAProxy fallback latency       delta_requests=851 interval_avg_ms=162.62 max_rtime_ms=539.0 p99_est=325.23
2026-07-14 05:20:19 [debug    ] GRU prediction received        confidence=0.8 latency_ms=5.81 predicted=69
2026-07-14 05:20:19 [debug    ] Using GRU prediction           confidence=0.8 forecast_capacity_signal=69.0 predicted=69 required_steps=4
2026-07-14 05:20:19 [info     ] algorithm2_scaling_decision    action=MAINTAIN alpha=0.060060060060060066 beta=0.0 buffer=1.0 current_replicas=5 predicted_load=69.0 required_resources=4.144 target_replicas=5
2026-07-14 05:20:19 [info     ] algorithm2_decision            action=MAINTAIN applied_target=5 current_replicas=5 hold_until=1783981309.9 observed_load=54.08 observed_target=4 point_forecasts=[57.636924743652344, 56.457305908203125, 57.764488220214844, 56.79595184326172, 57.10486602783203, 57.63152313232422, 57.546600341796875, 56.64860534667969, 56.499969482421875] prediction_age_sec=0.08 predictive_target=5 proactive=True scenario=s4-hybrid-predictive target_replicas=5 upper_forecasts=[67.27790832519531, 66.74539184570312, 67.5074691772461, 67.37223052978516, 67.39908599853516, 68.22319030761719, 68.5040512084961, 67.31759643554688, 67.61871337890625]
2026-07-14 05:20:19 [debug    ] Decision loop completed        action=MAINTAIN latency_ms=127.09 p99=325.23384253819034
2026-07-14 05:20:34 [debug    ] HAProxy fallback latency       delta_requests=704 interval_avg_ms=66.0 max_rtime_ms=539.0 p99_est=132.0
2026-07-14 05:20:34 [debug    ] GRU prediction received        confidence=0.8 latency_ms=6.46 predicted=66
2026-07-14 05:20:34 [debug    ] Using GRU prediction           confidence=0.8 forecast_capacity_signal=66.0 predicted=66 required_steps=4
2026-07-14 05:20:35 [info     ] algorithm2_scaling_decision    action=MAINTAIN alpha=0.060060060060060066 beta=0.0 buffer=1.0 current_replicas=5 predicted_load=69.0 required_resources=4.144 target_replicas=5
2026-07-14 05:20:35 [info     ] algorithm2_decision            action=MAINTAIN applied_target=5 current_replicas=5 hold_until=1783981309.9 observed_load=51.43 observed_target=4 point_forecasts=[55.2576789855957, 54.16923141479492, 55.38715362548828, 54.57434844970703, 54.75519943237305, 55.272125244140625, 55.20530700683594, 54.30118179321289, 54.203514099121094] prediction_age_sec=0.07 predictive_target=4 proactive=True scenario=s4-hybrid-predictive target_replicas=5 upper_forecasts=[64.8986587524414, 64.45731353759766, 65.13013458251953, 65.15062713623047, 65.04942321777344, 65.8637924194336, 66.16275787353516, 64.97017669677734, 65.32225799560547]
2026-07-14 05:20:35 [debug    ] Decision loop completed        action=MAINTAIN latency_ms=120.81 p99=132.0
2026-07-14 05:20:50 [debug    ] HAProxy fallback latency       delta_requests=575 interval_avg_ms=66.0 max_rtime_ms=539.0 p99_est=132.0
2026-07-14 05:20:50 [debug    ] GRU prediction received        confidence=0.8 latency_ms=6.07 predicted=63
2026-07-14 05:20:50 [debug    ] Using GRU prediction           confidence=0.8 forecast_capacity_signal=63.0 predicted=63 required_steps=4
2026-07-14 05:20:50 [info     ] algorithm2_scaling_decision    action=MAINTAIN alpha=0.060060060060060066 beta=0.0 buffer=1.0 current_replicas=5 predicted_load=63.0 required_resources=3.784 target_replicas=4
2026-07-14 05:20:50 [info     ] algorithm2_decision            action=MAINTAIN applied_target=4 current_replicas=5 hold_until=1783981340.2 observed_load=42.32 observed_target=3 point_forecasts=[51.938026428222656, 50.904483795166016, 52.055824279785156, 51.43279266357422, 51.4168815612793, 51.95390319824219, 51.96419143676758, 50.9507942199707, 50.88839340209961] prediction_age_sec=0.07 predictive_target=4 proactive=True scenario=s4-hybrid-predictive target_replicas=4 upper_forecasts=[61.579010009765625, 61.19256591796875, 61.798805236816406, 62.009071350097656, 61.71110153198242, 62.545570373535156, 62.92163848876953, 61.619789123535156, 62.00713348388672]
2026-07-14 05:20:50 [debug    ] Decision loop completed        action=MAINTAIN latency_ms=116.41 p99=132.0
2026-07-14 05:21:05 [debug    ] HAProxy fallback latency       delta_requests=585 interval_avg_ms=66.0 max_rtime_ms=539.0 p99_est=132.0
2026-07-14 05:21:05 [debug    ] GRU prediction received        confidence=0.8 latency_ms=5.94 predicted=60
2026-07-14 05:21:05 [debug    ] Using GRU prediction           confidence=0.8 forecast_capacity_signal=60.0 predicted=60 required_steps=4
2026-07-14 05:21:05 [info     ] algorithm2_scaling_decision    action=MAINTAIN alpha=0.060060060060060066 beta=0.0 buffer=1.0 current_replicas=5 predicted_load=60.0 required_resources=3.604 target_replicas=4
2026-07-14 05:21:05 [info     ] algorithm2_decision            action=MAINTAIN applied_target=4 current_replicas=5 hold_until=1783981355.3 observed_load=38.36 observed_target=3 point_forecasts=[49.2441291809082, 48.310726165771484, 49.36540222167969, 48.88313293457031, 48.771278381347656, 49.286712646484375, 49.29391860961914, 48.29528045654297, 48.27963638305664] prediction_age_sec=0.07 predictive_target=4 proactive=True scenario=s4-hybrid-predictive target_replicas=4 upper_forecasts=[58.885108947753906, 58.59880828857422, 59.10838317871094, 59.45941162109375, 59.06549835205078, 59.878379821777344, 60.251365661621094, 58.964271545410156, 59.39837646484375]
2026-07-14 05:21:05 [debug    ] Decision loop completed        action=MAINTAIN latency_ms=116.5 p99=132.0
2026-07-14 05:21:20 [debug    ] GRU prediction received        confidence=0.8 latency_ms=5.63 predicted=58
2026-07-14 05:21:20 [debug    ] Using GRU prediction           confidence=0.8 forecast_capacity_signal=58.0 predicted=58 required_steps=4
2026-07-14 05:21:20 [info     ] algorithm2_scaling_decision    action=MAINTAIN alpha=0.060060060060060066 beta=0.0 buffer=1.0 current_replicas=5 predicted_load=58.0 required_resources=3.483 target_replicas=4
2026-07-14 05:21:20 [info     ] algorithm2_decision            action=MAINTAIN applied_target=4 current_replicas=5 hold_until=1783981370.4 observed_load=39.46 observed_target=3 point_forecasts=[47.30705261230469, 46.47974395751953, 47.43273162841797, 47.0574951171875, 46.91011047363281, 47.371707916259766, 47.342594146728516, 46.43133544921875, 46.4572639465332] prediction_age_sec=0.08 predictive_target=4 proactive=True scenario=s4-hybrid-predictive target_replicas=4 upper_forecasts=[56.948036193847656, 56.767826080322266, 57.17571258544922, 57.63377380371094, 57.20433044433594, 57.963375091552734, 58.30004119873047, 57.10032653808594, 57.57600402832031]
2026-07-14 05:21:20 [debug    ] Decision loop completed        action=MAINTAIN latency_ms=125.52 p99=132.0
2026-07-14 05:21:35 [debug    ] HAProxy fallback latency       delta_requests=631 interval_avg_ms=65.0 max_rtime_ms=539.0 p99_est=130.0
2026-07-14 05:21:35 [debug    ] GRU prediction received        confidence=0.8 latency_ms=6.32 predicted=57
2026-07-14 05:21:35 [debug    ] Using GRU prediction           confidence=0.8 forecast_capacity_signal=57.0 predicted=57 required_steps=4
2026-07-14 05:21:35 [info     ] algorithm2_scaling_decision    action=MAINTAIN alpha=0.060060060060060066 beta=0.0 buffer=1.0 current_replicas=5 predicted_load=57.0 required_resources=3.423 target_replicas=4
2026-07-14 05:21:35 [info     ] algorithm2_decision            action=MAINTAIN applied_target=4 current_replicas=5 hold_until=1783981385.5 observed_load=41.0 observed_target=3 point_forecasts=[46.05466079711914, 45.31229019165039, 46.173892974853516, 45.87941360473633, 45.7257080078125, 46.12724685668945, 46.05366516113281, 45.24863052368164, 45.32275390625] prediction_age_sec=0.07 predictive_target=4 proactive=True scenario=s4-hybrid-predictive target_replicas=4 upper_forecasts=[55.695640563964844, 55.600372314453125, 55.916873931884766, 56.455692291259766, 56.019927978515625, 56.71891403198242, 57.01111602783203, 55.917625427246094, 56.44149398803711]
2026-07-14 05:21:35 [debug    ] Decision loop completed        action=MAINTAIN latency_ms=121.17 p99=130.0
2026-07-14 05:21:50 [debug    ] HAProxy fallback latency       delta_requests=668 interval_avg_ms=65.0 max_rtime_ms=539.0 p99_est=130.0
2026-07-14 05:21:50 [debug    ] GRU prediction received        confidence=0.8 latency_ms=5.99 predicted=56
2026-07-14 05:21:50 [debug    ] Using GRU prediction           confidence=0.8 forecast_capacity_signal=56.0 predicted=56 required_steps=4
2026-07-14 05:21:50 [info     ] algorithm2_scaling_decision    action=MAINTAIN alpha=0.060060060060060066 beta=0.0 buffer=1.0 current_replicas=5 predicted_load=56.0 required_resources=3.363 target_replicas=4
2026-07-14 05:21:50 [info     ] algorithm2_decision            action=MAINTAIN applied_target=4 current_replicas=5 hold_until=1783981400.7 observed_load=42.95 observed_target=3 point_forecasts=[45.50458908081055, 44.829952239990234, 45.6153450012207, 45.3684196472168, 45.241294860839844, 45.577430725097656, 45.44955062866211, 44.77180862426758, 44.891197204589844] prediction_age_sec=0.08 predictive_target=4 proactive=True scenario=s4-hybrid-predictive target_replicas=4 upper_forecasts=[55.14556884765625, 55.11803436279297, 55.35832595825195, 55.944698333740234, 55.53551483154297, 56.169097900390625, 56.40699768066406, 55.44080352783203, 56.00993728637695]
2026-07-14 05:21:50 [debug    ] Decision loop completed        action=MAINTAIN latency_ms=123.85 p99=130.0
2026-07-14 05:22:05 [debug    ] HAProxy fallback latency       delta_requests=749 interval_avg_ms=298.89 max_rtime_ms=539.0 p99_est=539.0
2026-07-14 05:22:05 [debug    ] GRU prediction received        confidence=0.8 latency_ms=6.37 predicted=57
2026-07-14 05:22:05 [debug    ] Using GRU prediction           confidence=0.8 forecast_capacity_signal=57.0 predicted=57 required_steps=4
2026-07-14 05:22:05 [info     ] algorithm2_scaling_decision    action=MAINTAIN alpha=0.060060060060060066 beta=0.0 buffer=1.0 current_replicas=5 predicted_load=57.0 required_resources=3.423 target_replicas=4
2026-07-14 05:22:05 [info     ] algorithm2_decision            action=MAINTAIN applied_target=4 current_replicas=5 hold_until=1783981415.8 observed_load=46.82 observed_target=3 point_forecasts=[46.06245422363281, 45.447086334228516, 46.16714859008789, 45.909576416015625, 45.87548828125, 46.1385383605957, 45.9172248840332, 45.4222412109375, 45.595088958740234] prediction_age_sec=0.07 predictive_target=4 proactive=True scenario=s4-hybrid-predictive target_replicas=4 upper_forecasts=[55.70343780517578, 55.73516845703125, 55.91012954711914, 56.48585510253906, 56.169708251953125, 56.73020553588867, 56.874671936035156, 56.09123229980469, 56.713829040527344]
2026-07-14 05:22:05 [debug    ] Decision loop completed        action=MAINTAIN latency_ms=124.67 p99=539.0
2026-07-14 05:22:20 [debug    ] GRU prediction received        confidence=0.8 latency_ms=5.6 predicted=52
2026-07-14 05:22:20 [debug    ] Using GRU prediction           confidence=0.8 forecast_capacity_signal=52.0 predicted=52 required_steps=4
2026-07-14 05:22:20 [info     ] algorithm2_scaling_decision    action=MAINTAIN alpha=0.060060060060060066 beta=0.0 buffer=1.0 current_replicas=5 predicted_load=52.0 required_resources=3.123 target_replicas=4
2026-07-14 05:22:20 [info     ] algorithm2_decision            action=MAINTAIN applied_target=4 current_replicas=5 hold_until=1783981430.9 observed_load=33.06 observed_target=3 point_forecasts=[41.316368103027344, 40.592769622802734, 41.36935043334961, 41.41246032714844, 40.948341369628906, 41.30568313598633, 41.431888580322266, 40.44719696044922, 40.572322845458984] prediction_age_sec=0.07 predictive_target=4 proactive=True scenario=s4-hybrid-predictive target_replicas=4 upper_forecasts=[50.95735168457031, 50.88085174560547, 51.11233139038086, 51.988739013671875, 51.24256134033203, 51.8973503112793, 52.38933563232422, 51.116188049316406, 51.691062927246094]
2026-07-14 05:22:20 [debug    ] Decision loop completed        action=MAINTAIN latency_ms=116.42 p99=539.0
2026-07-14 05:22:35 [debug    ] GRU prediction received        confidence=0.8 latency_ms=6.11 predicted=46
2026-07-14 05:22:35 [debug    ] Using GRU prediction           confidence=0.8 forecast_capacity_signal=46.0 predicted=46 required_steps=4
2026-07-14 05:22:36 [info     ] algorithm2_scaling_decision    action=MAINTAIN alpha=0.060060060060060066 beta=0.0 buffer=1.0 current_replicas=5 predicted_load=52.0 required_resources=3.123 target_replicas=4
2026-07-14 05:22:36 [info     ] algorithm2_decision            action=MAINTAIN applied_target=4 current_replicas=5 hold_until=1783981430.9 observed_load=8.3 observed_target=3 point_forecasts=[34.58932113647461, 33.823692321777344, 34.59184265136719, 34.98139572143555, 34.05584716796875, 34.54587936401367, 34.99099349975586, 33.497501373291016, 33.616554260253906] prediction_age_sec=0.07 predictive_target=3 proactive=True scenario=s4-hybrid-predictive target_replicas=4 upper_forecasts=[44.23030090332031, 44.11177444458008, 44.33482360839844, 45.557674407958984, 44.350067138671875, 45.13754653930664, 45.94844055175781, 44.16649627685547, 44.735294342041016]
2026-07-14 05:22:36 [debug    ] Decision loop completed        action=MAINTAIN latency_ms=119.22 p99=539.0
2026-07-14 05:22:51 [debug    ] GRU prediction received        confidence=0.8 latency_ms=5.68 predicted=40
2026-07-14 05:22:51 [debug    ] Using GRU prediction           confidence=0.8 forecast_capacity_signal=40.1 predicted=40 required_steps=4
2026-07-14 05:22:51 [info     ] algorithm2_scaling_decision    action=MAINTAIN alpha=0.060060060060060066 beta=0.0 buffer=1.0 current_replicas=5 predicted_load=52.0 required_resources=3.123 target_replicas=4
2026-07-14 05:22:51 [info     ] algorithm2_decision            action=MAINTAIN applied_target=4 current_replicas=5 hold_until=1783981430.9 observed_load=0.0 observed_target=3 point_forecasts=[28.867748260498047, 28.200618743896484, 28.864139556884766, 29.515342712402344, 28.349075317382812, 28.82459259033203, 29.397216796875, 27.772472381591797, 27.839012145996094] prediction_age_sec=0.07 predictive_target=3 proactive=True scenario=s4-hybrid-predictive target_replicas=4 upper_forecasts=[38.50872802734375, 38.48870086669922, 38.607120513916016, 40.09162139892578, 38.64329528808594, 39.416259765625, 40.35466766357422, 38.44146728515625, 38.9577522277832]
2026-07-14 05:22:51 [debug    ] Decision loop completed        action=MAINTAIN latency_ms=188.53 p99=539.0
2026-07-14 05:23:06 [debug    ] GRU prediction received        confidence=0.8 latency_ms=6.19 predicted=36
2026-07-14 05:23:06 [debug    ] Using GRU prediction           confidence=0.8 forecast_capacity_signal=36.0 predicted=36 required_steps=4
2026-07-14 05:23:06 [info     ] algorithm2_scaling_decision    action=MAINTAIN alpha=0.060060060060060066 beta=0.0 buffer=1.0 current_replicas=5 predicted_load=52.0 required_resources=3.123 target_replicas=4
2026-07-14 05:23:06 [info     ] algorithm2_decision            action=MAINTAIN applied_target=4 current_replicas=5 hold_until=1783981430.9 observed_load=0.0 observed_target=3 point_forecasts=[24.13528060913086, 23.589012145996094, 24.11469268798828, 25.009384155273438, 23.691383361816406, 24.062454223632812, 24.695228576660156, 23.10394287109375, 23.11740493774414] prediction_age_sec=0.07 predictive_target=3 proactive=True scenario=s4-hybrid-predictive target_replicas=4 upper_forecasts=[33.77626037597656, 33.87709426879883, 33.85767364501953, 35.585662841796875, 33.98560333251953, 34.65412139892578, 35.652679443359375, 33.77293395996094, 34.23614501953125]
2026-07-14 05:23:06 [debug    ] Decision loop completed        action=MAINTAIN latency_ms=119.25 p99=539.0
2026-07-14 05:23:11 [info     ] Received shutdown signal
2026-07-14 05:23:11 [info     ] Stopping routing daemon...
2026-07-14 05:23:11 [info     ] Routing daemon stopped
