2026-09-14 03:21:41 [info     ] SLOMonitor initialized         threshold_ms=200.0 violation_window=30
2026-09-14 03:21:41 [info     ] Algorithm1ControllerV3 initialized max_knative=50 r_saturation=33.3 target_cpu_util=0.5 total_budget=1000
2026-09-14 03:21:41 [info     ] controller_selected            kind=Algorithm1ControllerV3 scenario=s4-hybrid-predictive version=v3
2026-09-14 03:21:41 [info     ] HAProxyWeightAdjuster initialized backend=servers host=localhost port=19999
2026-09-14 03:21:41 [info     ] GRUClient initialized          base_url=http://localhost:8090
2026-09-14 03:21:41 [info     ] K8sScaler initialized          deployment=test-app-warm namespace=default
2026-09-14 03:21:41 [info     ] RoutingDaemon initialized      decision_interval=15 description='Algorithm 1 with GRU predictions (Algorithm 2)' scenario=s4-hybrid-predictive use_algorithm=True use_predictions=True
2026-09-14 03:21:41 [info     ] Starting routing daemon        interval=15 scenario=s4-hybrid-predictive
2026-09-14 03:21:41 [info     ] Weights updated                k3s=80 knative=20
2026-09-14 03:21:41 [info     ] Initial weights applied        k3s=80 knative=20
2026-09-14 03:21:41 [info     ] Model status validated         prediction_horizon=9 sample_interval_sec=15 sequence_length=30
2026-09-14 03:21:41 [info     ] Model status validated on first eligible cycle prediction_horizon=9 sequence_length=30
2026-09-14 03:21:41 [info     ] controller_decision_v3         action=RECOVERY available_replicas=3 budget_remaining=1000 burn_adjustment=0 burst_ratio=0 capacity_deficit=False confidence=0 current_load=3.1780333333333335 decision_id=9a314264 k8s_capacity=49.9 k8s_weight=100 knative_weight=0 p99=89.5 predicted_load=0 r_effective=16.6 serverless_enabled=False total_load=3.2 weights_after={'k3s': 100, 'knative': 0} weights_before={'k3s': 80, 'knative': 20}
2026-09-14 03:21:41 [info     ] Weights updated                k3s=100 knative=0
2026-09-14 03:21:41 [info     ] Weights updated                action=RECOVERY reason='load=3RPS | k8s_cap=50RPS | (reducing-serverless)' weights={'k3s': 100, 'knative': 0}
2026-09-14 03:21:41 [info     ] algorithm2_scaling_decision    action=MAINTAIN alpha=0.060060060060060066 beta=0.0 buffer=1.0 current_replicas=3 predicted_load=3.1780333333333335 required_resources=0.191 target_replicas=3
2026-09-14 03:21:41 [info     ] algorithm2_decision            action=MAINTAIN applied_target=3 current_replicas=3 hold_until=0.0 observed_load=3.18 observed_target=3 point_forecasts=None prediction_age_sec=None predictive_target=3 proactive=False scenario=s4-hybrid-predictive target_replicas=3 upper_forecasts=None
2026-09-14 03:21:41 [debug    ] Decision loop completed        action=RECOVERY latency_ms=127.28 p99=89.5
2026-09-14 03:21:56 [info     ] algorithm2_scaling_decision    action=MAINTAIN alpha=0.060060060060060066 beta=0.0 buffer=1.0 current_replicas=3 predicted_load=2.9880338888888893 required_resources=0.179 target_replicas=3
2026-09-14 03:21:56 [info     ] algorithm2_decision            action=MAINTAIN applied_target=3 current_replicas=3 hold_until=0.0 observed_load=2.99 observed_target=3 point_forecasts=None prediction_age_sec=None predictive_target=3 proactive=False scenario=s4-hybrid-predictive target_replicas=3 upper_forecasts=None
2026-09-14 03:21:56 [debug    ] Decision loop completed        action=MAINTAIN latency_ms=104.21 p99=0.99
2026-09-14 03:22:11 [info     ] algorithm2_scaling_decision    action=MAINTAIN alpha=0.060060060060060066 beta=0.0 buffer=1.0 current_replicas=3 predicted_load=2.58503 required_resources=0.155 target_replicas=3
2026-09-14 03:22:11 [info     ] algorithm2_decision            action=MAINTAIN applied_target=3 current_replicas=3 hold_until=0.0 observed_load=2.59 observed_target=3 point_forecasts=None prediction_age_sec=None predictive_target=3 proactive=False scenario=s4-hybrid-predictive target_replicas=3 upper_forecasts=None
2026-09-14 03:22:11 [debug    ] Decision loop completed        action=MAINTAIN latency_ms=104.78 p99=0.9900000000000002
2026-09-14 03:22:26 [info     ] algorithm2_scaling_decision    action=MAINTAIN alpha=0.060060060060060066 beta=0.0 buffer=1.0 current_replicas=3 predicted_load=6.374901666666668 required_resources=0.383 target_replicas=3
2026-09-14 03:22:26 [info     ] algorithm2_decision            action=MAINTAIN applied_target=3 current_replicas=3 hold_until=0.0 observed_load=6.37 observed_target=3 point_forecasts=None prediction_age_sec=None predictive_target=3 proactive=False scenario=s4-hybrid-predictive target_replicas=3 upper_forecasts=None
2026-09-14 03:22:26 [debug    ] Decision loop completed        action=MAINTAIN latency_ms=102.9 p99=99.59115281501342
2026-09-14 03:22:41 [info     ] algorithm2_scaling_decision    action=MAINTAIN alpha=0.060060060060060066 beta=0.0 buffer=1.0 current_replicas=3 predicted_load=17.85555555555555 required_resources=1.072 target_replicas=3
2026-09-14 03:22:41 [info     ] algorithm2_decision            action=MAINTAIN applied_target=3 current_replicas=3 hold_until=0.0 observed_load=17.86 observed_target=3 point_forecasts=None prediction_age_sec=None predictive_target=3 proactive=False scenario=s4-hybrid-predictive target_replicas=3 upper_forecasts=None
2026-09-14 03:22:41 [debug    ] Decision loop completed        action=MAINTAIN latency_ms=95.78 p99=99.92255639097745
2026-09-14 03:22:57 [info     ] algorithm2_scaling_decision    action=MAINTAIN alpha=0.060060060060060066 beta=0.0 buffer=1.0 current_replicas=3 predicted_load=32.822222222222216 required_resources=1.971 target_replicas=3
2026-09-14 03:22:57 [info     ] algorithm2_decision            action=MAINTAIN applied_target=3 current_replicas=3 hold_until=0.0 observed_load=32.82 observed_target=3 point_forecasts=None prediction_age_sec=None predictive_target=3 proactive=False scenario=s4-hybrid-predictive target_replicas=3 upper_forecasts=None
2026-09-14 03:22:57 [debug    ] Decision loop completed        action=MAINTAIN latency_ms=103.33 p99=99.92077727952167
2026-09-14 03:23:12 [info     ] algorithm2_scaling_decision    action=MAINTAIN alpha=0.060060060060060066 beta=0.0 buffer=1.0 current_replicas=3 predicted_load=44.65555555555556 required_resources=2.682 target_replicas=3
2026-09-14 03:23:12 [info     ] algorithm2_decision            action=MAINTAIN applied_target=3 current_replicas=3 hold_until=0.0 observed_load=44.66 observed_target=3 point_forecasts=None prediction_age_sec=None predictive_target=3 proactive=False scenario=s4-hybrid-predictive target_replicas=3 upper_forecasts=None
2026-09-14 03:23:12 [debug    ] Decision loop completed        action=MAINTAIN latency_ms=97.43 p99=143.1428571428572
2026-09-14 03:23:27 [warning  ] Knative pre-warm non-200       status=404
2026-09-14 03:23:27 [info     ] controller_decision_v3         action=REACTIVE available_replicas=3 budget_remaining=1000 burn_adjustment=0 burst_ratio=0.0407 capacity_deficit=False confidence=0 current_load=52.06666666666667 decision_id=255ae770 k8s_capacity=49.9 k8s_weight=95 knative_weight=5 p99=147.4 predicted_load=0 r_effective=16.6 serverless_enabled=True total_load=52.1 weights_after={'k3s': 95, 'knative': 5} weights_before={'k3s': 100, 'knative': 0}
2026-09-14 03:23:27 [info     ] Weights updated                k3s=95 knative=5
2026-09-14 03:23:27 [info     ] Weights updated                action=REACTIVE reason='load=52RPS | k8s_cap=50RPS | (burst-routing)' weights={'k3s': 95, 'knative': 5}
2026-09-14 03:23:27 [info     ] algorithm2_scaling_decision    action=SCALE_UP alpha=0.060060060060060066 beta=0.0 buffer=1.0 current_replicas=3 predicted_load=50.53333333333334 required_resources=3.035 target_replicas=4
2026-09-14 03:23:27 [info     ] algorithm2_decision            action=SCALE_UP applied_target=4 current_replicas=3 hold_until=0.0 observed_load=50.53 observed_target=4 point_forecasts=None prediction_age_sec=None predictive_target=3 proactive=False scenario=s4-hybrid-predictive target_replicas=4 upper_forecasts=None
2026-09-14 03:23:27 [info     ] k8s_scale_executed             deployment=test-app-warm replicas=4
2026-09-14 03:23:27 [debug    ] Decision loop completed        action=REACTIVE latency_ms=144.53 p99=147.43749999999952
2026-09-14 03:23:42 [info     ] controller_decision_v3         action=RECOVERY available_replicas=3 budget_remaining=1000 burn_adjustment=0 burst_ratio=0.0278 capacity_deficit=False confidence=0 current_load=51.37777777777779 decision_id=51ed0d7d k8s_capacity=49.9 k8s_weight=97 knative_weight=3 p99=99.9 predicted_load=0 r_effective=16.6 serverless_enabled=True total_load=51.4 weights_after={'k3s': 97, 'knative': 3} weights_before={'k3s': 95, 'knative': 5}
2026-09-14 03:23:42 [info     ] Weights updated                k3s=97 knative=3
2026-09-14 03:23:42 [info     ] Weights updated                action=RECOVERY reason='load=51RPS | k8s_cap=50RPS | (reducing-serverless)' weights={'k3s': 97, 'knative': 3}
2026-09-14 03:23:42 [info     ] algorithm2_scaling_decision    action=MAINTAIN alpha=0.060060060060060066 beta=0.0 buffer=1.0 current_replicas=4 predicted_load=51.72222222222223 required_resources=3.106 target_replicas=4
2026-09-14 03:23:42 [info     ] algorithm2_decision            action=MAINTAIN applied_target=4 current_replicas=4 hold_until=0.0 observed_load=51.72 observed_target=4 point_forecasts=None prediction_age_sec=None predictive_target=3 proactive=False scenario=s4-hybrid-predictive target_replicas=4 upper_forecasts=None
2026-09-14 03:23:42 [debug    ] Decision loop completed        action=RECOVERY latency_ms=132.76 p99=99.94113029827317
2026-09-14 03:23:57 [info     ] controller_decision_v3         action=RECOVERY available_replicas=3 budget_remaining=1000 burn_adjustment=0 burst_ratio=0 capacity_deficit=False confidence=0 current_load=44.400000000000006 decision_id=69018379 k8s_capacity=49.9 k8s_weight=100 knative_weight=0 p99=99.6 predicted_load=0 r_effective=16.6 serverless_enabled=False total_load=44.4 weights_after={'k3s': 100, 'knative': 0} weights_before={'k3s': 97, 'knative': 3}
2026-09-14 03:23:57 [info     ] Weights updated                k3s=100 knative=0
2026-09-14 03:23:57 [info     ] Weights updated                action=RECOVERY reason='load=44RPS | k8s_cap=50RPS | (reducing-serverless)' weights={'k3s': 100, 'knative': 0}
2026-09-14 03:23:57 [info     ] algorithm2_scaling_decision    action=MAINTAIN alpha=0.060060060060060066 beta=0.0 buffer=1.0 current_replicas=4 predicted_load=47.8888888888889 required_resources=2.876 target_replicas=3
2026-09-14 03:23:57 [info     ] algorithm2_decision            action=MAINTAIN applied_target=3 current_replicas=4 hold_until=0.0 observed_load=47.89 observed_target=3 point_forecasts=None prediction_age_sec=None predictive_target=3 proactive=False scenario=s4-hybrid-predictive target_replicas=3 upper_forecasts=None
2026-09-14 03:23:57 [debug    ] Decision loop completed        action=RECOVERY latency_ms=134.8 p99=99.57555555555555
2026-09-14 03:24:12 [info     ] algorithm2_scaling_decision    action=MAINTAIN alpha=0.060060060060060066 beta=0.0 buffer=1.0 current_replicas=4 predicted_load=39.60000000000001 required_resources=2.378 target_replicas=3
2026-09-14 03:24:12 [info     ] algorithm2_decision            action=MAINTAIN applied_target=3 current_replicas=4 hold_until=0.0 observed_load=39.6 observed_target=3 point_forecasts=None prediction_age_sec=None predictive_target=3 proactive=False scenario=s4-hybrid-predictive target_replicas=3 upper_forecasts=None
2026-09-14 03:24:12 [debug    ] Decision loop completed        action=MAINTAIN latency_ms=100.42 p99=99.45755968169762
2026-09-14 03:24:27 [info     ] algorithm2_scaling_decision    action=MAINTAIN alpha=0.060060060060060066 beta=0.0 buffer=1.0 current_replicas=4 predicted_load=31.866666666666664 required_resources=1.914 target_replicas=3
2026-09-14 03:24:27 [info     ] algorithm2_decision            action=MAINTAIN applied_target=3 current_replicas=4 hold_until=0.0 observed_load=31.87 observed_target=3 point_forecasts=None prediction_age_sec=None predictive_target=3 proactive=False scenario=s4-hybrid-predictive target_replicas=3 upper_forecasts=None
2026-09-14 03:24:27 [debug    ] Decision loop completed        action=MAINTAIN latency_ms=107.04 p99=99.58970976253299
2026-09-14 03:24:42 [info     ] Scale readiness observed       elapsed_sec=75.6 ewma_delay=60.0 samples=0 target=4
2026-09-14 03:24:42 [info     ] algorithm2_scaling_decision    action=MAINTAIN alpha=0.060060060060060066 beta=0.0 buffer=1.0 current_replicas=4 predicted_load=30.822222222222216 required_resources=1.851 target_replicas=3
2026-09-14 03:24:42 [info     ] algorithm2_decision            action=MAINTAIN applied_target=3 current_replicas=4 hold_until=0.0 observed_load=30.82 observed_target=3 point_forecasts=None prediction_age_sec=None predictive_target=3 proactive=False scenario=s4-hybrid-predictive target_replicas=3 upper_forecasts=None
2026-09-14 03:24:42 [debug    ] Decision loop completed        action=MAINTAIN latency_ms=102.68 p99=99.79545454545456
2026-09-14 03:24:57 [info     ] algorithm2_scaling_decision    action=MAINTAIN alpha=0.060060060060060066 beta=0.0 buffer=1.0 current_replicas=4 predicted_load=37.83333333333333 required_resources=2.272 target_replicas=3
2026-09-14 03:24:57 [info     ] algorithm2_decision            action=MAINTAIN applied_target=3 current_replicas=4 hold_until=0.0 observed_load=37.83 observed_target=3 point_forecasts=None prediction_age_sec=None predictive_target=3 proactive=False scenario=s4-hybrid-predictive target_replicas=3 upper_forecasts=None
2026-09-14 03:24:57 [debug    ] Decision loop completed        action=MAINTAIN latency_ms=116.35 p99=158.57142857142867
2026-09-14 03:25:13 [info     ] algorithm2_scaling_decision    action=MAINTAIN alpha=0.060060060060060066 beta=0.0 buffer=1.0 current_replicas=4 predicted_load=46.73447055555556 required_resources=2.807 target_replicas=3
2026-09-14 03:25:13 [info     ] algorithm2_decision            action=MAINTAIN applied_target=3 current_replicas=4 hold_until=0.0 observed_load=46.73 observed_target=3 point_forecasts=None prediction_age_sec=None predictive_target=3 proactive=False scenario=s4-hybrid-predictive target_replicas=3 upper_forecasts=None
2026-09-14 03:25:13 [debug    ] Decision loop completed        action=MAINTAIN latency_ms=116.93 p99=132.02329393939507
2026-09-14 03:25:28 [info     ] algorithm2_scaling_decision    action=MAINTAIN alpha=0.060060060060060066 beta=0.0 buffer=1.0 current_replicas=4 predicted_load=49.893885555555556 required_resources=2.997 target_replicas=3
2026-09-14 03:25:28 [info     ] algorithm2_decision            action=MAINTAIN applied_target=3 current_replicas=4 hold_until=0.0 observed_load=49.89 observed_target=3 point_forecasts=None prediction_age_sec=None predictive_target=3 proactive=False scenario=s4-hybrid-predictive target_replicas=3 upper_forecasts=None
2026-09-14 03:25:28 [debug    ] Decision loop completed        action=MAINTAIN latency_ms=112.91 p99=99.82289803220037
2026-09-14 03:25:43 [info     ] algorithm2_scaling_decision    action=MAINTAIN alpha=0.060060060060060066 beta=0.0 buffer=1.0 current_replicas=4 predicted_load=48.59392814814815 required_resources=2.919 target_replicas=3
2026-09-14 03:25:43 [info     ] algorithm2_decision            action=MAINTAIN applied_target=3 current_replicas=4 hold_until=0.0 observed_load=48.59 observed_target=3 point_forecasts=None prediction_age_sec=None predictive_target=3 proactive=False scenario=s4-hybrid-predictive target_replicas=3 upper_forecasts=None
2026-09-14 03:25:43 [debug    ] Decision loop completed        action=MAINTAIN latency_ms=104.47 p99=99.82414152400281
2026-09-14 03:25:58 [info     ] algorithm2_scaling_decision    action=MAINTAIN alpha=0.060060060060060066 beta=0.0 buffer=1.0 current_replicas=4 predicted_load=49.68650648148149 required_resources=2.984 target_replicas=3
2026-09-14 03:25:58 [info     ] algorithm2_decision            action=MAINTAIN applied_target=3 current_replicas=4 hold_until=0.0 observed_load=49.69 observed_target=3 point_forecasts=None prediction_age_sec=None predictive_target=3 proactive=False scenario=s4-hybrid-predictive target_replicas=3 upper_forecasts=None
2026-09-14 03:25:58 [debug    ] Decision loop completed        action=MAINTAIN latency_ms=108.4 p99=99.75528364849833
2026-09-14 03:26:13 [info     ] algorithm2_scaling_decision    action=MAINTAIN alpha=0.060060060060060066 beta=0.0 buffer=1.0 current_replicas=4 predicted_load=55.05926296296296 required_resources=3.307 target_replicas=4
2026-09-14 03:26:13 [info     ] algorithm2_decision            action=MAINTAIN applied_target=4 current_replicas=4 hold_until=0.0 observed_load=55.06 observed_target=4 point_forecasts=None prediction_age_sec=None predictive_target=3 proactive=False scenario=s4-hybrid-predictive target_replicas=4 upper_forecasts=None
2026-09-14 03:26:13 [debug    ] Decision loop completed        action=MAINTAIN latency_ms=96.8 p99=99.91492864983535
2026-09-14 03:26:28 [info     ] algorithm2_scaling_decision    action=MAINTAIN alpha=0.060060060060060066 beta=0.0 buffer=1.0 current_replicas=4 predicted_load=61.21838074074074 required_resources=3.677 target_replicas=4
2026-09-14 03:26:28 [info     ] algorithm2_decision            action=MAINTAIN applied_target=4 current_replicas=4 hold_until=0.0 observed_load=61.22 observed_target=4 point_forecasts=None prediction_age_sec=None predictive_target=3 proactive=False scenario=s4-hybrid-predictive target_replicas=4 upper_forecasts=None
2026-09-14 03:26:28 [debug    ] Decision loop completed        action=MAINTAIN latency_ms=102.68 p99=102.49999999999777
2026-09-14 03:26:43 [info     ] algorithm2_scaling_decision    action=MAINTAIN alpha=0.060060060060060066 beta=0.0 buffer=1.0 current_replicas=4 predicted_load=65.1111111111111 required_resources=3.911 target_replicas=4
2026-09-14 03:26:43 [info     ] algorithm2_decision            action=MAINTAIN applied_target=4 current_replicas=4 hold_until=0.0 observed_load=65.11 observed_target=4 point_forecasts=None prediction_age_sec=None predictive_target=3 proactive=False scenario=s4-hybrid-predictive target_replicas=4 upper_forecasts=None
2026-09-14 03:26:43 [debug    ] Decision loop completed        action=MAINTAIN latency_ms=100.12 p99=165.80645161290332
2026-09-14 03:26:58 [warning  ] Knative pre-warm non-200       status=404
2026-09-14 03:26:58 [info     ] controller_decision_v3         action=REACTIVE available_replicas=4 budget_remaining=1000 burn_adjustment=0 burst_ratio=0.062 capacity_deficit=False confidence=0 current_load=70.99999999999997 decision_id=a93ebaaf k8s_capacity=66.6 k8s_weight=93 knative_weight=7 p99=138.9 predicted_load=0 r_effective=16.6 serverless_enabled=True total_load=71.0 weights_after={'k3s': 93, 'knative': 7} weights_before={'k3s': 100, 'knative': 0}
2026-09-14 03:26:58 [info     ] Weights updated                k3s=93 knative=7
2026-09-14 03:26:58 [info     ] Weights updated                action=REACTIVE reason='load=71RPS | k8s_cap=67RPS | (burst-routing)' weights={'k3s': 93, 'knative': 7}
2026-09-14 03:26:58 [info     ] algorithm2_scaling_decision    action=SCALE_UP alpha=0.060060060060060066 beta=0.0 buffer=1.0 current_replicas=4 predicted_load=68.7222222222222 required_resources=4.127 target_replicas=5
2026-09-14 03:26:58 [info     ] algorithm2_decision            action=SCALE_UP applied_target=5 current_replicas=4 hold_until=0.0 observed_load=68.72 observed_target=5 point_forecasts=None prediction_age_sec=None predictive_target=3 proactive=False scenario=s4-hybrid-predictive target_replicas=5 upper_forecasts=None
2026-09-14 03:26:58 [info     ] k8s_scale_executed             deployment=test-app-warm replicas=5
2026-09-14 03:26:58 [debug    ] Decision loop completed        action=REACTIVE latency_ms=141.06 p99=138.94736842105135
2026-09-14 03:27:13 [info     ] controller_decision_v3         action=RECOVERY available_replicas=5 budget_remaining=1000 burn_adjustment=0 burst_ratio=0 capacity_deficit=False confidence=0 current_load=80.77777777777774 decision_id=d21cb568 k8s_capacity=83.2 k8s_weight=100 knative_weight=0 p99=138.5 predicted_load=0 r_effective=16.6 serverless_enabled=False total_load=80.8 weights_after={'k3s': 100, 'knative': 0} weights_before={'k3s': 93, 'knative': 7}
2026-09-14 03:27:13 [info     ] Weights updated                k3s=100 knative=0
2026-09-14 03:27:13 [info     ] Weights updated                action=RECOVERY reason='load=81RPS | k8s_cap=83RPS | (reducing-serverless)' weights={'k3s': 100, 'knative': 0}
2026-09-14 03:27:13 [info     ] Scale readiness observed       elapsed_sec=15.1 ewma_delay=60.0 samples=0 target=5
2026-09-14 03:27:13 [info     ] algorithm2_scaling_decision    action=MAINTAIN alpha=0.060060060060060066 beta=0.0 buffer=1.0 current_replicas=5 predicted_load=75.88888888888886 required_resources=4.558 target_replicas=5
2026-09-14 03:27:13 [info     ] algorithm2_decision            action=MAINTAIN applied_target=5 current_replicas=5 hold_until=0.0 observed_load=75.89 observed_target=5 point_forecasts=None prediction_age_sec=None predictive_target=3 proactive=False scenario=s4-hybrid-predictive target_replicas=5 upper_forecasts=None
2026-09-14 03:27:13 [debug    ] Decision loop completed        action=RECOVERY latency_ms=146.69 p99=138.4782608695655
2026-09-14 03:27:29 [warning  ] Knative pre-warm non-200       status=404
2026-09-14 03:27:29 [info     ] controller_decision_v3         action=REACTIVE available_replicas=5 budget_remaining=1000 burn_adjustment=0 burst_ratio=0.0554 capacity_deficit=False confidence=0 current_load=88.13333333333333 decision_id=d28a70f7 k8s_capacity=83.2 k8s_weight=94 knative_weight=6 p99=155.1 predicted_load=0 r_effective=16.6 serverless_enabled=True total_load=88.1 weights_after={'k3s': 94, 'knative': 6} weights_before={'k3s': 100, 'knative': 0}
2026-09-14 03:27:29 [info     ] Weights updated                k3s=94 knative=6
2026-09-14 03:27:29 [info     ] Weights updated                action=REACTIVE reason='load=88RPS | k8s_cap=83RPS | (burst-routing)' weights={'k3s': 94, 'knative': 6}
2026-09-14 03:27:29 [info     ] algorithm2_scaling_decision    action=SCALE_UP alpha=0.060060060060060066 beta=0.0 buffer=1.0 current_replicas=5 predicted_load=84.45555555555553 required_resources=5.072 target_replicas=6
2026-09-14 03:27:29 [info     ] algorithm2_decision            action=SCALE_UP applied_target=6 current_replicas=5 hold_until=0.0 observed_load=84.46 observed_target=6 point_forecasts=None prediction_age_sec=None predictive_target=3 proactive=False scenario=s4-hybrid-predictive target_replicas=6 upper_forecasts=None
2026-09-14 03:27:29 [info     ] k8s_scale_executed             deployment=test-app-warm replicas=6
2026-09-14 03:27:29 [debug    ] Decision loop completed        action=REACTIVE latency_ms=143.19 p99=155.12903225806397
2026-09-14 03:27:44 [info     ] controller_decision_v3         action=RECOVERY available_replicas=6 budget_remaining=1000 burn_adjustment=0 burst_ratio=0.0452 capacity_deficit=False confidence=0 current_load=104.62998666666664 decision_id=94523d8e k8s_capacity=99.9 k8s_weight=95 knative_weight=5 p99=140.1 predicted_load=0 r_effective=16.6 serverless_enabled=True total_load=104.6 weights_after={'k3s': 95, 'knative': 5} weights_before={'k3s': 94, 'knative': 6}
2026-09-14 03:27:44 [info     ] Weights updated                k3s=95 knative=5
2026-09-14 03:27:44 [info     ] Weights updated                action=RECOVERY reason='load=105RPS | k8s_cap=100RPS | (reducing-serverless)' weights={'k3s': 95, 'knative': 5}
2026-09-14 03:27:44 [info     ] Scale readiness observed       elapsed_sec=15.1 ewma_delay=60.0 samples=0 target=6
2026-09-14 03:27:44 [info     ] algorithm2_scaling_decision    action=MAINTAIN alpha=0.060060060060060066 beta=0.0 buffer=1.0 current_replicas=6 predicted_load=96.38165999999998 required_resources=5.789 target_replicas=6
2026-09-14 03:27:44 [info     ] algorithm2_decision            action=MAINTAIN applied_target=6 current_replicas=6 hold_until=0.0 observed_load=96.38 observed_target=6 point_forecasts=None prediction_age_sec=None predictive_target=3 proactive=False scenario=s4-hybrid-predictive target_replicas=6 upper_forecasts=None
2026-09-14 03:27:44 [debug    ] Decision loop completed        action=RECOVERY latency_ms=136.55 p99=140.09999999999965
2026-09-14 03:27:59 [info     ] controller_decision_v3         action=REACTIVE available_replicas=6 budget_remaining=1000 burn_adjustment=0 burst_ratio=0.1344 capacity_deficit=False confidence=0 current_load=115.40994888888888 decision_id=12076907 k8s_capacity=99.9 k8s_weight=86 knative_weight=14 p99=157.2 predicted_load=0 r_effective=16.6 serverless_enabled=True total_load=115.4 weights_after={'k3s': 86, 'knative': 14} weights_before={'k3s': 95, 'knative': 5}
2026-09-14 03:27:59 [info     ] Weights updated                k3s=86 knative=14
2026-09-14 03:27:59 [info     ] Weights updated                action=REACTIVE reason='load=115RPS | k8s_cap=100RPS | (burst-routing)' weights={'k3s': 86, 'knative': 14}
2026-09-14 03:27:59 [info     ] algorithm2_scaling_decision    action=SCALE_UP alpha=0.060060060060060066 beta=0.0 buffer=1.0 current_replicas=6 predicted_load=110.01996777777777 required_resources=6.608 target_replicas=7
2026-09-14 03:27:59 [info     ] algorithm2_decision            action=SCALE_UP applied_target=7 current_replicas=6 hold_until=0.0 observed_load=110.02 observed_target=7 point_forecasts=None prediction_age_sec=None predictive_target=3 proactive=False scenario=s4-hybrid-predictive target_replicas=7 upper_forecasts=None
2026-09-14 03:27:59 [info     ] k8s_scale_executed             deployment=test-app-warm replicas=7
2026-09-14 03:27:59 [debug    ] Decision loop completed        action=REACTIVE latency_ms=137.16 p99=157.24444444444453
2026-09-14 03:28:14 [info     ] controller_decision_v3         action=REACTIVE available_replicas=6 budget_remaining=1000 burn_adjustment=0 burst_ratio=0.156 capacity_deficit=False confidence=0 current_load=118.36833833333331 decision_id=7448ef6f k8s_capacity=99.9 k8s_weight=84 knative_weight=16 p99=99.9 predicted_load=0 r_effective=16.6 serverless_enabled=True total_load=118.4 weights_after={'k3s': 84, 'knative': 16} weights_before={'k3s': 86, 'knative': 14}
2026-09-14 03:28:14 [info     ] Weights updated                k3s=84 knative=16
2026-09-14 03:28:14 [info     ] Weights updated                action=REACTIVE reason='load=118RPS | k8s_cap=100RPS | (burst-routing)' weights={'k3s': 84, 'knative': 16}
2026-09-14 03:28:14 [info     ] algorithm2_scaling_decision    action=SCALE_UP alpha=0.060060060060060066 beta=0.0 buffer=1.0 current_replicas=7 predicted_load=116.8891436111111 required_resources=7.02 target_replicas=8
2026-09-14 03:28:14 [info     ] algorithm2_decision            action=SCALE_UP applied_target=8 current_replicas=7 hold_until=0.0 observed_load=116.89 observed_target=8 point_forecasts=None prediction_age_sec=None predictive_target=3 proactive=False scenario=s4-hybrid-predictive target_replicas=8 upper_forecasts=None
2026-09-14 03:28:14 [info     ] k8s_scale_executed             deployment=test-app-warm replicas=8
2026-09-14 03:28:14 [debug    ] Decision loop completed        action=REACTIVE latency_ms=140.86 p99=99.869340232859
2026-09-14 03:28:29 [info     ] controller_decision_v3         action=RECOVERY available_replicas=6 budget_remaining=1000 burn_adjustment=0 burst_ratio=0.0742 capacity_deficit=False confidence=0 current_load=107.90385777777777 decision_id=fd2267e8 k8s_capacity=99.9 k8s_weight=92 knative_weight=8 p99=99.7 predicted_load=0 r_effective=16.6 serverless_enabled=True total_load=107.9 weights_after={'k3s': 92, 'knative': 8} weights_before={'k3s': 84, 'knative': 16}
2026-09-14 03:28:29 [info     ] Weights updated                k3s=92 knative=8
2026-09-14 03:28:29 [info     ] Weights updated                action=RECOVERY reason='load=108RPS | k8s_cap=100RPS | (reducing-serverless)' weights={'k3s': 92, 'knative': 8}
2026-09-14 03:28:29 [info     ] algorithm2_scaling_decision    action=MAINTAIN alpha=0.060060060060060066 beta=0.0 buffer=1.0 current_replicas=8 predicted_load=113.13609805555555 required_resources=6.795 target_replicas=7
2026-09-14 03:28:29 [info     ] algorithm2_decision            action=MAINTAIN applied_target=7 current_replicas=8 hold_until=0.0 observed_load=113.14 observed_target=7 point_forecasts=None prediction_age_sec=None predictive_target=3 proactive=False scenario=s4-hybrid-predictive target_replicas=7 upper_forecasts=None
2026-09-14 03:28:29 [debug    ] Decision loop completed        action=RECOVERY latency_ms=141.88 p99=99.72780082987553
2026-09-14 03:28:44 [info     ] controller_decision_v3         action=RECOVERY available_replicas=6 budget_remaining=1000 burn_adjustment=0 burst_ratio=0 capacity_deficit=False confidence=0 current_load=88.61037222222221 decision_id=7351d54d k8s_capacity=99.9 k8s_weight=100 knative_weight=0 p99=99.7 predicted_load=0 r_effective=16.6 serverless_enabled=False total_load=88.6 weights_after={'k3s': 100, 'knative': 0} weights_before={'k3s': 92, 'knative': 8}
2026-09-14 03:28:44 [info     ] Weights updated                k3s=100 knative=0
2026-09-14 03:28:44 [info     ] Weights updated                action=RECOVERY reason='load=89RPS | k8s_cap=100RPS | (reducing-serverless)' weights={'k3s': 100, 'knative': 0}
2026-09-14 03:28:44 [info     ] algorithm2_scaling_decision    action=MAINTAIN alpha=0.060060060060060066 beta=0.0 buffer=1.0 current_replicas=8 predicted_load=98.257115 required_resources=5.901 target_replicas=6
2026-09-14 03:28:44 [info     ] algorithm2_decision            action=MAINTAIN applied_target=6 current_replicas=8 hold_until=0.0 observed_load=98.26 observed_target=6 point_forecasts=None prediction_age_sec=None predictive_target=3 proactive=False scenario=s4-hybrid-predictive target_replicas=6 upper_forecasts=None
2026-09-14 03:28:44 [debug    ] Decision loop completed        action=RECOVERY latency_ms=146.92 p99=99.71690821256038
2026-09-14 03:28:59 [debug    ] GRU prediction received        confidence=0.6 latency_ms=8.64 predicted=123
2026-09-14 03:28:59 [debug    ] Using GRU prediction           confidence=0.6 forecast_capacity_signal=123.0 predicted=123 required_steps=5
2026-09-14 03:28:59 [info     ] algorithm2_scaling_decision    action=MAINTAIN alpha=0.060060060060060066 beta=0.0 buffer=1.0 current_replicas=8 predicted_load=123.0 required_resources=7.387 target_replicas=8
2026-09-14 03:28:59 [info     ] algorithm2_decision            action=MAINTAIN applied_target=8 current_replicas=8 hold_until=1789331430.0 observed_load=82.34 observed_target=5 point_forecasts=[66.90296936035156, 63.501644134521484, 59.5610237121582, 56.92178726196289, 56.215938568115234, 52.786903381347656, 52.46302795410156, 51.87020492553711, 52.20462417602539] prediction_age_sec=0.07 predictive_target=8 proactive=True scenario=s4-hybrid-predictive target_replicas=8 upper_forecasts=[121.79959106445312, 123.22553253173828, 118.65884399414062, 116.13922119140625, 115.89231872558594, 112.52830505371094, 112.59535217285156, 111.77518463134766, 112.28401184082031]
2026-09-14 03:28:59 [debug    ] Decision loop completed        action=MAINTAIN latency_ms=114.04 p99=99.76673132880698
2026-09-14 03:29:15 [debug    ] GRU prediction received        confidence=0.6 latency_ms=9.5 predicted=123
2026-09-14 03:29:15 [debug    ] Using GRU prediction           confidence=0.6 forecast_capacity_signal=123.0 predicted=123 required_steps=5
2026-09-14 03:29:15 [info     ] Scale readiness observed       elapsed_sec=60.5 ewma_delay=60.0 samples=0 target=8
2026-09-14 03:29:15 [info     ] algorithm2_scaling_decision    action=MAINTAIN alpha=0.060060060060060066 beta=0.0 buffer=1.0 current_replicas=8 predicted_load=123.0 required_resources=7.387 target_replicas=8
2026-09-14 03:29:15 [info     ] algorithm2_decision            action=MAINTAIN applied_target=8 current_replicas=8 hold_until=1789331445.1 observed_load=72.26 observed_target=5 point_forecasts=[64.91262817382812, 63.123085021972656, 60.48727798461914, 57.37431716918945, 57.05479431152344, 54.74005126953125, 54.873802185058594, 54.738922119140625, 55.05439758300781] prediction_age_sec=0.07 predictive_target=8 proactive=True scenario=s4-hybrid-predictive target_replicas=8 upper_forecasts=[119.80924987792969, 122.84696960449219, 119.58509826660156, 116.59175109863281, 116.73117065429688, 114.48145294189453, 115.00613403320312, 114.64390563964844, 115.13378143310547]
2026-09-14 03:29:15 [debug    ] Decision loop completed        action=MAINTAIN latency_ms=123.34 p99=99.5878612716763
2026-09-14 03:29:30 [debug    ] GRU prediction received        confidence=0.6 latency_ms=9.2 predicted=123
2026-09-14 03:29:30 [debug    ] Using GRU prediction           confidence=0.6 forecast_capacity_signal=123.0 predicted=123 required_steps=5
2026-09-14 03:29:30 [info     ] algorithm2_scaling_decision    action=MAINTAIN alpha=0.060060060060060066 beta=0.0 buffer=1.0 current_replicas=8 predicted_load=123.0 required_resources=7.387 target_replicas=8
2026-09-14 03:29:30 [info     ] algorithm2_decision            action=MAINTAIN applied_target=8 current_replicas=8 hold_until=1789331460.2 observed_load=66.01 observed_target=4 point_forecasts=[63.68120574951172, 63.04233932495117, 61.31083679199219, 58.34919738769531, 58.42804718017578, 56.766239166259766, 57.093624114990234, 57.389278411865234, 57.78941345214844] prediction_age_sec=0.07 predictive_target=8 proactive=True scenario=s4-hybrid-predictive target_replicas=8 upper_forecasts=[118.57781982421875, 122.76622772216797, 120.40865325927734, 117.56663513183594, 118.10442352294922, 116.50764465332031, 117.2259521484375, 117.29425811767578, 117.8687973022461]
2026-09-14 03:29:30 [debug    ] Decision loop completed        action=MAINTAIN latency_ms=121.88 p99=99.71524390243903
2026-09-14 03:29:45 [debug    ] GRU prediction received        confidence=0.6 latency_ms=9.64 predicted=126
2026-09-14 03:29:45 [debug    ] Using GRU prediction           confidence=0.6 forecast_capacity_signal=126.0 predicted=126 required_steps=5
2026-09-14 03:29:45 [info     ] algorithm2_scaling_decision    action=MAINTAIN alpha=0.060060060060060066 beta=0.0 buffer=1.0 current_replicas=8 predicted_load=126.0 required_resources=7.568 target_replicas=8
2026-09-14 03:29:45 [info     ] algorithm2_decision            action=MAINTAIN applied_target=8 current_replicas=8 hold_until=1789331475.3 observed_load=68.15 observed_target=5 point_forecasts=[67.83641815185547, 66.02095031738281, 64.46215057373047, 61.87179183959961, 61.78604507446289, 60.4191780090332, 61.15175247192383, 61.28158187866211, 61.574241638183594] prediction_age_sec=0.07 predictive_target=8 proactive=True scenario=s4-hybrid-predictive target_replicas=8 upper_forecasts=[122.7330322265625, 125.74484252929688, 123.55996704101562, 121.0892333984375, 121.46241760253906, 120.16058349609375, 121.2840805053711, 121.18656158447266, 121.65362548828125]
2026-09-14 03:29:45 [debug    ] Decision loop completed        action=MAINTAIN latency_ms=129.12 p99=99.62030598052851
2026-09-14 03:30:00 [debug    ] GRU prediction received        confidence=0.6 latency_ms=9.51 predicted=133
2026-09-14 03:30:00 [debug    ] Using GRU prediction           confidence=0.6 forecast_capacity_signal=133.0 predicted=133 required_steps=5
2026-09-14 03:30:00 [info     ] algorithm2_scaling_decision    action=MAINTAIN alpha=0.060060060060060066 beta=0.0 buffer=1.0 current_replicas=8 predicted_load=133.0 required_resources=7.988 target_replicas=8
2026-09-14 03:30:00 [info     ] algorithm2_decision            action=MAINTAIN applied_target=8 current_replicas=8 hold_until=1789331490.5 observed_load=85.25 observed_target=6 point_forecasts=[78.60328674316406, 73.30122375488281, 71.11199951171875, 68.90519714355469, 68.23397827148438, 67.01323699951172, 67.41304016113281, 66.78057098388672, 66.85765075683594] prediction_age_sec=0.08 predictive_target=8 proactive=True scenario=s4-hybrid-predictive target_replicas=8 upper_forecasts=[133.49990844726562, 133.02511596679688, 130.20980834960938, 128.1226348876953, 127.91035461425781, 126.754638671875, 127.54536437988281, 126.685546875, 126.9370346069336]
2026-09-14 03:30:00 [debug    ] Decision loop completed        action=MAINTAIN latency_ms=133.33 p99=171.74472828282967
2026-09-14 03:30:15 [debug    ] GRU prediction received        confidence=0.6 latency_ms=9.74 predicted=144
2026-09-14 03:30:15 [debug    ] Using GRU prediction           confidence=0.6 forecast_capacity_signal=144.0 predicted=144 required_steps=5
2026-09-14 03:30:15 [debug    ] Proactive amplification        amplified=224.0 approach_ratio=0.87 load_trend=12.0 raw_pred=144
2026-09-14 03:30:15 [info     ] algorithm2_scaling_decision    action=SCALE_UP alpha=0.060060060060060066 beta=0.0 buffer=1.0 current_replicas=8 predicted_load=144.0 required_resources=8.649 target_replicas=9
2026-09-14 03:30:15 [info     ] algorithm2_decision            action=SCALE_UP applied_target=9 current_replicas=8 hold_until=1789331505.6 observed_load=107.04 observed_target=7 point_forecasts=[89.12042236328125, 81.33248901367188, 78.24333953857422, 76.55558776855469, 75.66854858398438, 73.82919311523438, 73.83871459960938, 72.63477325439453, 72.20466613769531] prediction_age_sec=0.07 predictive_target=9 proactive=True scenario=s4-hybrid-predictive target_replicas=9 upper_forecasts=[144.0170440673828, 141.05638122558594, 137.34115600585938, 135.7730255126953, 135.3449249267578, 133.57058715820312, 133.97103881835938, 132.5397491455078, 132.2840576171875]
2026-09-14 03:30:15 [info     ] k8s_scale_executed             deployment=test-app-warm replicas=9
2026-09-14 03:30:15 [debug    ] Decision loop completed        action=MAINTAIN latency_ms=161.34 p99=128.73913043478208
2026-09-14 03:30:30 [debug    ] GRU prediction received        confidence=0.6 latency_ms=9.05 predicted=146
2026-09-14 03:30:30 [debug    ] Using GRU prediction           confidence=0.6 forecast_capacity_signal=146.0 predicted=146 required_steps=5
2026-09-14 03:30:30 [info     ] Scale readiness observed       elapsed_sec=15.1 ewma_delay=60.0 samples=0 target=9
2026-09-14 03:30:30 [info     ] algorithm2_scaling_decision    action=MAINTAIN alpha=0.060060060060060066 beta=0.0 buffer=1.0 current_replicas=9 predicted_load=146.0 required_resources=8.769 target_replicas=9
2026-09-14 03:30:30 [info     ] algorithm2_decision            action=MAINTAIN applied_target=9 current_replicas=9 hold_until=1789331520.8 observed_load=114.53 observed_target=7 point_forecasts=[91.47494506835938, 84.83411407470703, 81.86820220947266, 80.69451141357422, 79.58724975585938, 77.23704528808594, 77.04730224609375, 76.58878326416016, 75.29947662353516] prediction_age_sec=0.08 predictive_target=9 proactive=True scenario=s4-hybrid-predictive target_replicas=9 upper_forecasts=[146.37156677246094, 144.55799865722656, 140.9660186767578, 139.91195678710938, 139.2636260986328, 136.97845458984375, 137.17962646484375, 136.49375915527344, 135.3788604736328]
2026-09-14 03:30:30 [debug    ] Decision loop completed        action=MAINTAIN latency_ms=130.82 p99=99.78249235474007
2026-09-14 03:30:45 [debug    ] GRU prediction received        confidence=0.6 latency_ms=9.18 predicted=145
2026-09-14 03:30:45 [debug    ] Using GRU prediction           confidence=0.6 forecast_capacity_signal=145.0 predicted=145 required_steps=5
2026-09-14 03:30:45 [info     ] algorithm2_scaling_decision    action=MAINTAIN alpha=0.060060060060060066 beta=0.0 buffer=1.0 current_replicas=9 predicted_load=145.0 required_resources=8.709 target_replicas=9
2026-09-14 03:30:45 [info     ] algorithm2_decision            action=MAINTAIN applied_target=9 current_replicas=9 hold_until=1789331535.9 observed_load=104.65 observed_target=7 point_forecasts=[87.84423065185547, 84.9842758178711, 82.9282455444336, 81.27409362792969, 80.41401672363281, 78.00787353515625, 77.9969482421875, 77.90546417236328, 76.99529266357422] prediction_age_sec=0.07 predictive_target=9 proactive=True scenario=s4-hybrid-predictive target_replicas=9 upper_forecasts=[142.7408447265625, 144.70816040039062, 142.02606201171875, 140.4915313720703, 140.09039306640625, 137.749267578125, 138.1292724609375, 137.81044006347656, 137.07467651367188]
2026-09-14 03:30:45 [debug    ] Decision loop completed        action=MAINTAIN latency_ms=119.46 p99=99.72939677145284
2026-09-14 03:31:00 [debug    ] GRU prediction received        confidence=0.6 latency_ms=9.2 predicted=144
2026-09-14 03:31:00 [debug    ] Using GRU prediction           confidence=0.6 forecast_capacity_signal=144.0 predicted=144 required_steps=5
2026-09-14 03:31:00 [info     ] algorithm2_scaling_decision    action=MAINTAIN alpha=0.060060060060060066 beta=0.0 buffer=1.0 current_replicas=9 predicted_load=144.0 required_resources=8.649 target_replicas=9
2026-09-14 03:31:00 [info     ] algorithm2_decision            action=MAINTAIN applied_target=9 current_replicas=9 hold_until=1789331551.0 observed_load=90.93 observed_target=6 point_forecasts=[84.80171966552734, 84.12708282470703, 82.54006958007812, 80.55937194824219, 79.80636596679688, 77.81250762939453, 77.97379302978516, 78.00181579589844, 77.90721130371094] prediction_age_sec=0.07 predictive_target=9 proactive=True scenario=s4-hybrid-predictive target_replicas=9 upper_forecasts=[139.69833374023438, 143.85096740722656, 141.63787841796875, 139.7768096923828, 139.4827423095703, 137.5539093017578, 138.1061248779297, 137.90679931640625, 137.98660278320312]
2026-09-14 03:31:00 [debug    ] Decision loop completed        action=MAINTAIN latency_ms=123.18 p99=99.55955441302486
2026-09-14 03:31:16 [debug    ] GRU prediction received        confidence=0.6 latency_ms=9.62 predicted=146
2026-09-14 03:31:16 [debug    ] Using GRU prediction           confidence=0.6 forecast_capacity_signal=146.0 predicted=146 required_steps=5
2026-09-14 03:31:16 [info     ] algorithm2_scaling_decision    action=MAINTAIN alpha=0.060060060060060066 beta=0.0 buffer=1.0 current_replicas=9 predicted_load=146.0 required_resources=8.769 target_replicas=9
2026-09-14 03:31:16 [info     ] algorithm2_decision            action=MAINTAIN applied_target=9 current_replicas=9 hold_until=1789331566.1 observed_load=90.31 observed_target=6 point_forecasts=[89.67378997802734, 86.52220153808594, 83.96676635742188, 82.15592956542969, 81.13612365722656, 79.40837097167969, 79.98469543457031, 79.44401550292969, 79.77452087402344] prediction_age_sec=0.07 predictive_target=9 proactive=True scenario=s4-hybrid-predictive target_replicas=9 upper_forecasts=[144.57040405273438, 146.24609375, 143.0645751953125, 141.3733673095703, 140.8125, 139.1497802734375, 140.1170196533203, 139.3489990234375, 139.85391235351562]
2026-09-14 03:31:16 [debug    ] Decision loop completed        action=MAINTAIN latency_ms=122.4 p99=99.57274478681639
2026-09-14 03:31:31 [debug    ] GRU prediction received        confidence=0.6 latency_ms=9.01 predicted=152
2026-09-14 03:31:31 [debug    ] Using GRU prediction           confidence=0.6 forecast_capacity_signal=152.0 predicted=152 required_steps=5
2026-09-14 03:31:31 [info     ] algorithm2_scaling_decision    action=SCALE_UP alpha=0.060060060060060066 beta=0.0 buffer=1.0 current_replicas=9 predicted_load=152.0 required_resources=9.129 target_replicas=10
2026-09-14 03:31:31 [info     ] algorithm2_decision            action=SCALE_UP applied_target=10 current_replicas=9 hold_until=1789331581.2 observed_load=103.78 observed_target=7 point_forecasts=[96.76953125, 90.57722473144531, 87.34709930419922, 85.69261169433594, 84.66233825683594, 83.19621276855469, 83.31571960449219, 82.37185668945312, 82.29869079589844] prediction_age_sec=0.07 predictive_target=10 proactive=True scenario=s4-hybrid-predictive target_replicas=10 upper_forecasts=[151.66615295410156, 150.30111694335938, 146.44491577148438, 144.91004943847656, 144.33871459960938, 142.9376220703125, 143.4480438232422, 142.27684020996094, 142.37808227539062]
2026-09-14 03:31:31 [info     ] k8s_scale_executed             deployment=test-app-warm replicas=10
2026-09-14 03:31:31 [debug    ] Decision loop completed        action=MAINTAIN latency_ms=160.62 p99=101.09523809523792
2026-09-14 03:31:46 [debug    ] GRU prediction received        confidence=0.6 latency_ms=9.48 predicted=161
2026-09-14 03:31:46 [debug    ] Using GRU prediction           confidence=0.6 forecast_capacity_signal=161.0 predicted=161 required_steps=5
2026-09-14 03:31:46 [debug    ] Proactive amplification        amplified=220.6 approach_ratio=0.9 load_trend=9.5 raw_pred=161
2026-09-14 03:31:46 [info     ] algorithm2_scaling_decision    action=MAINTAIN alpha=0.060060060060060066 beta=0.0 buffer=1.0 current_replicas=10 predicted_load=161.0 required_resources=9.67 target_replicas=10
2026-09-14 03:31:46 [info     ] algorithm2_decision            action=MAINTAIN applied_target=10 current_replicas=10 hold_until=1789331596.4 observed_load=123.48 observed_target=8 point_forecasts=[105.77943420410156, 96.37641906738281, 92.42023468017578, 90.84037780761719, 89.8460464477539, 88.48454284667969, 87.3888168334961, 87.0787353515625, 85.40863037109375] prediction_age_sec=0.07 predictive_target=10 proactive=True scenario=s4-hybrid-predictive target_replicas=10 upper_forecasts=[160.67605590820312, 156.10031127929688, 151.51805114746094, 150.0578155517578, 149.52243041992188, 148.2259521484375, 147.52114868164062, 146.9837188720703, 145.48800659179688]
2026-09-14 03:31:46 [debug    ] Decision loop completed        action=MAINTAIN latency_ms=118.39 p99=138.58974358974356
2026-09-14 03:32:01 [debug    ] GRU prediction received        confidence=0.6 latency_ms=9.2 predicted=170
2026-09-14 03:32:01 [debug    ] Using GRU prediction           confidence=0.6 forecast_capacity_signal=170.0 predicted=170 required_steps=5
2026-09-14 03:32:01 [debug    ] Proactive amplification        amplified=310.9 approach_ratio=1.03 load_trend=17.4 raw_pred=170
2026-09-14 03:32:01 [warning  ] Knative pre-warm non-200       status=404
2026-09-14 03:32:01 [info     ] controller_decision_v3         action=PREDICTIVE available_replicas=9 budget_remaining=1000 burn_adjustment=0 burst_ratio=0.0314 capacity_deficit=False confidence=0.6 current_load=154.71111111111108 decision_id=2fd2d91a k8s_capacity=149.8 k8s_weight=96 knative_weight=4 p99=148.7 predicted_load=170 r_effective=16.6 serverless_enabled=True total_load=154.7 weights_after={'k3s': 96, 'knative': 4} weights_before={'k3s': 100, 'knative': 0}
2026-09-14 03:32:01 [info     ] Weights updated                k3s=96 knative=4
2026-09-14 03:32:01 [info     ] Weights updated                action=PREDICTIVE reason='load=155RPS | k8s_cap=150RPS | (prediction-driven)' weights={'k3s': 96, 'knative': 4}
2026-09-14 03:32:01 [info     ] algorithm2_scaling_decision    action=MAINTAIN alpha=0.060060060060060066 beta=0.0 buffer=1.0 current_replicas=10 predicted_load=170.0 required_resources=10.21 target_replicas=10
2026-09-14 03:32:01 [info     ] algorithm2_decision            action=MAINTAIN applied_target=10 current_replicas=10 hold_until=1789331611.5 observed_load=144.71 observed_target=9 point_forecasts=[114.65950012207031, 102.8378677368164, 98.7471923828125, 97.23939514160156, 95.34388732910156, 94.72491455078125, 92.51773834228516, 92.5766830444336, 90.00908660888672] prediction_age_sec=0.08 predictive_target=10 proactive=True scenario=s4-hybrid-predictive target_replicas=10 upper_forecasts=[169.55612182617188, 162.56175231933594, 157.84500122070312, 156.4568328857422, 155.020263671875, 154.46630859375, 152.6500701904297, 152.48165893554688, 150.08847045898438]
2026-09-14 03:32:01 [debug    ] Decision loop completed        action=PREDICTIVE latency_ms=128.71 p99=148.6521739130432
2026-09-14 03:32:16 [debug    ] GRU prediction received        confidence=0.6 latency_ms=9.99 predicted=171
2026-09-14 03:32:16 [debug    ] Using GRU prediction           confidence=0.6 forecast_capacity_signal=171.0 predicted=171 required_steps=5
2026-09-14 03:32:16 [debug    ] Proactive amplification        amplified=276.5 approach_ratio=1.01 load_trend=13.9 raw_pred=171
2026-09-14 03:32:16 [info     ] controller_decision_v3         action=RECOVERY available_replicas=9 budget_remaining=1000 burn_adjustment=0 burst_ratio=0.0081 capacity_deficit=False confidence=0.6 current_load=151.06666666666666 decision_id=b5334586 k8s_capacity=149.8 k8s_weight=99 knative_weight=1 p99=104.9 predicted_load=171 r_effective=16.6 serverless_enabled=True total_load=151.1 weights_after={'k3s': 99, 'knative': 1} weights_before={'k3s': 96, 'knative': 4}
2026-09-14 03:32:16 [info     ] Weights updated                k3s=99 knative=1
2026-09-14 03:32:16 [info     ] Weights updated                action=RECOVERY reason='load=151RPS | k8s_cap=150RPS | (reducing-serverless)' weights={'k3s': 99, 'knative': 1}
2026-09-14 03:32:16 [info     ] algorithm2_scaling_decision    action=MAINTAIN alpha=0.060060060060060066 beta=0.0 buffer=1.0 current_replicas=10 predicted_load=152.88888888888886 required_resources=9.183 target_replicas=10
2026-09-14 03:32:16 [info     ] algorithm2_decision            action=MAINTAIN applied_target=10 current_replicas=10 hold_until=1789331611.5 observed_load=152.89 observed_target=10 point_forecasts=[116.42884826660156, 107.15452575683594, 103.82343292236328, 102.22496795654297, 99.6752700805664, 99.29296875, 97.40303039550781, 97.16757202148438, 93.96342468261719] prediction_age_sec=0.1 predictive_target=10 proactive=False scenario=s4-hybrid-predictive target_replicas=10 upper_forecasts=[171.32546997070312, 166.87841796875, 162.92124938964844, 161.44241333007812, 159.35165405273438, 159.03436279296875, 157.5353546142578, 157.0725555419922, 154.04281616210938]
2026-09-14 03:32:16 [debug    ] Decision loop completed        action=RECOVERY latency_ms=149.77 p99=104.90909090909109
2026-09-14 03:32:31 [debug    ] GRU prediction received        confidence=0.6 latency_ms=9.56 predicted=171
2026-09-14 03:32:31 [debug    ] Using GRU prediction           confidence=0.6 forecast_capacity_signal=171.0 predicted=171 required_steps=5
2026-09-14 03:32:31 [debug    ] Proactive amplification        amplified=204.0 approach_ratio=0.94 load_trend=7.1 raw_pred=171
2026-09-14 03:32:31 [info     ] controller_decision_v3         action=RECOVERY available_replicas=9 budget_remaining=1000 burn_adjustment=0 burst_ratio=0 capacity_deficit=False confidence=0.6 current_load=140.4888888888889 decision_id=9a46ca54 k8s_capacity=149.8 k8s_weight=100 knative_weight=0 p99=99.8 predicted_load=171 r_effective=16.6 serverless_enabled=False total_load=140.5 weights_after={'k3s': 100, 'knative': 0} weights_before={'k3s': 99, 'knative': 1}
2026-09-14 03:32:31 [info     ] Weights updated                k3s=100 knative=0
2026-09-14 03:32:31 [info     ] Weights updated                action=RECOVERY reason='load=140RPS | k8s_cap=150RPS | (reducing-serverless)' weights={'k3s': 100, 'knative': 0}
2026-09-14 03:32:31 [info     ] algorithm2_scaling_decision    action=MAINTAIN alpha=0.060060060060060066 beta=0.0 buffer=1.0 current_replicas=10 predicted_load=171.0 required_resources=10.27 target_replicas=10
2026-09-14 03:32:31 [info     ] algorithm2_decision            action=MAINTAIN applied_target=10 current_replicas=10 hold_until=1789331641.8 observed_load=145.78 observed_target=9 point_forecasts=[116.59162902832031, 110.3525390625, 107.10945129394531, 105.35295104980469, 102.65092468261719, 102.68943786621094, 100.90533447265625, 100.66464233398438, 96.84014129638672] prediction_age_sec=0.11 predictive_target=10 proactive=True scenario=s4-hybrid-predictive target_replicas=10 upper_forecasts=[171.48825073242188, 170.07643127441406, 166.207275390625, 164.5703887939453, 162.32730102539062, 162.43084716796875, 161.03765869140625, 160.5696258544922, 156.91952514648438]
2026-09-14 03:32:31 [debug    ] Decision loop completed        action=RECOVERY latency_ms=165.04 p99=99.75521405049396
2026-09-14 03:32:46 [debug    ] GRU prediction received        confidence=0.6 latency_ms=9.76 predicted=171
2026-09-14 03:32:46 [debug    ] Using GRU prediction           confidence=0.6 forecast_capacity_signal=171.0 predicted=171 required_steps=5
2026-09-14 03:32:46 [info     ] algorithm2_scaling_decision    action=MAINTAIN alpha=0.060060060060060066 beta=0.0 buffer=1.0 current_replicas=10 predicted_load=171.0 required_resources=10.27 target_replicas=10
2026-09-14 03:32:46 [info     ] algorithm2_decision            action=MAINTAIN applied_target=10 current_replicas=10 hold_until=1789331657.0 observed_load=135.67 observed_target=9 point_forecasts=[116.02685546875, 111.7614974975586, 108.5682601928711, 106.44943237304688, 103.8584976196289, 104.25724792480469, 102.50053405761719, 102.24211120605469, 98.14398193359375] prediction_age_sec=0.07 predictive_target=10 proactive=True scenario=s4-hybrid-predictive target_replicas=10 upper_forecasts=[170.92347717285156, 171.48538208007812, 167.66607666015625, 165.6668701171875, 163.53488159179688, 163.9986572265625, 162.6328582763672, 162.1470947265625, 158.22335815429688]
2026-09-14 03:32:46 [debug    ] Decision loop completed        action=MAINTAIN latency_ms=123.72 p99=99.808174386921
2026-09-14 03:33:02 [debug    ] GRU prediction received        confidence=0.6 latency_ms=9.07 predicted=172
2026-09-14 03:33:02 [debug    ] Using GRU prediction           confidence=0.6 forecast_capacity_signal=172.0 predicted=172 required_steps=5
2026-09-14 03:33:02 [info     ] algorithm2_scaling_decision    action=MAINTAIN alpha=0.060060060060060066 beta=0.0 buffer=1.0 current_replicas=10 predicted_load=172.0 required_resources=10.33 target_replicas=10
2026-09-14 03:33:02 [info     ] algorithm2_decision            action=MAINTAIN applied_target=10 current_replicas=10 hold_until=1789331672.1 observed_load=127.98 observed_target=8 point_forecasts=[115.51250457763672, 111.97794342041016, 108.87275695800781, 106.88822937011719, 104.30166625976562, 104.85791778564453, 103.19656372070312, 102.91253662109375, 98.89976501464844] prediction_age_sec=0.08 predictive_target=10 proactive=True scenario=s4-hybrid-predictive target_replicas=10 upper_forecasts=[170.40911865234375, 171.7018280029297, 167.9705810546875, 166.1056671142578, 163.97804260253906, 164.5993194580078, 163.32888793945312, 162.81752014160156, 158.97915649414062]
2026-09-14 03:33:02 [debug    ] Decision loop completed        action=MAINTAIN latency_ms=127.71 p99=99.79183210436757
2026-09-14 03:33:17 [debug    ] GRU prediction received        confidence=0.6 latency_ms=10.1 predicted=172
2026-09-14 03:33:17 [debug    ] Using GRU prediction           confidence=0.6 forecast_capacity_signal=172.0 predicted=172 required_steps=5
2026-09-14 03:33:17 [info     ] algorithm2_scaling_decision    action=MAINTAIN alpha=0.060060060060060066 beta=0.0 buffer=1.0 current_replicas=10 predicted_load=172.0 required_resources=10.33 target_replicas=10
2026-09-14 03:33:17 [info     ] algorithm2_decision            action=MAINTAIN applied_target=10 current_replicas=10 hold_until=1789331687.2 observed_load=125.07 observed_target=8 point_forecasts=[115.98619842529297, 112.29273986816406, 109.12250518798828, 107.74198913574219, 105.12605285644531, 105.66263580322266, 104.04903411865234, 103.7978744506836, 100.136962890625] prediction_age_sec=0.07 predictive_target=10 proactive=True scenario=s4-hybrid-predictive target_replicas=10 upper_forecasts=[170.8828125, 172.01663208007812, 168.22032165527344, 166.9594268798828, 164.80242919921875, 165.40403747558594, 164.18136596679688, 163.70285034179688, 160.21633911132812]
2026-09-14 03:33:17 [debug    ] Decision loop completed        action=MAINTAIN latency_ms=118.65 p99=105.60000000000042
2026-09-14 03:33:32 [debug    ] GRU prediction received        confidence=0.6 latency_ms=9.12 predicted=171
2026-09-14 03:33:32 [debug    ] Using GRU prediction           confidence=0.6 forecast_capacity_signal=171.0 predicted=171 required_steps=5
2026-09-14 03:33:32 [info     ] algorithm2_scaling_decision    action=MAINTAIN alpha=0.060060060060060066 beta=0.0 buffer=1.0 current_replicas=10 predicted_load=171.0 required_resources=10.27 target_replicas=10
2026-09-14 03:33:32 [info     ] algorithm2_decision            action=MAINTAIN applied_target=10 current_replicas=10 hold_until=1789331702.3 observed_load=122.24 observed_target=8 point_forecasts=[114.18519592285156, 111.6352310180664, 109.04412841796875, 108.09127807617188, 105.69137573242188, 106.01856994628906, 104.63904571533203, 104.63140869140625, 101.2568588256836] prediction_age_sec=0.07 predictive_target=10 proactive=True scenario=s4-hybrid-predictive target_replicas=10 upper_forecasts=[169.08181762695312, 171.35911560058594, 168.14193725585938, 167.3087158203125, 165.3677520751953, 165.75997924804688, 164.77137756347656, 164.53639221191406, 161.33624267578125]
2026-09-14 03:33:32 [debug    ] Decision loop completed        action=MAINTAIN latency_ms=126.24 p99=99.66813602015115
2026-09-14 03:33:47 [debug    ] GRU prediction received        confidence=0.6 latency_ms=9.34 predicted=170
2026-09-14 03:33:47 [debug    ] Using GRU prediction           confidence=0.6 forecast_capacity_signal=170.0 predicted=170 required_steps=5
2026-09-14 03:33:47 [info     ] algorithm2_scaling_decision    action=MAINTAIN alpha=0.060060060060060066 beta=0.0 buffer=1.0 current_replicas=10 predicted_load=170.0 required_resources=10.21 target_replicas=10
2026-09-14 03:33:47 [info     ] algorithm2_decision            action=MAINTAIN applied_target=10 current_replicas=10 hold_until=1789331717.5 observed_load=114.52 observed_target=7 point_forecasts=[110.76995849609375, 110.14225006103516, 108.64795684814453, 107.68489837646484, 105.86978149414062, 106.06248474121094, 104.98741149902344, 105.41382598876953, 101.9906005859375] prediction_age_sec=0.07 predictive_target=10 proactive=True scenario=s4-hybrid-predictive target_replicas=10 upper_forecasts=[165.6665802001953, 169.8661346435547, 167.7457733154297, 166.90234375, 165.54615783691406, 165.80389404296875, 165.11973571777344, 165.3188018798828, 162.06997680664062]
2026-09-14 03:33:47 [debug    ] Decision loop completed        action=MAINTAIN latency_ms=125.18 p99=99.58998493975902
2026-09-14 03:34:02 [debug    ] GRU prediction received        confidence=0.6 latency_ms=8.99 predicted=167
2026-09-14 03:34:02 [debug    ] Using GRU prediction           confidence=0.6 forecast_capacity_signal=167.0 predicted=167 required_steps=5
2026-09-14 03:34:02 [info     ] algorithm2_scaling_decision    action=MAINTAIN alpha=0.060060060060060066 beta=0.0 buffer=1.0 current_replicas=10 predicted_load=167.0 required_resources=10.03 target_replicas=10
2026-09-14 03:34:02 [info     ] algorithm2_decision            action=MAINTAIN applied_target=10 current_replicas=10 hold_until=1789331732.6 observed_load=101.34 observed_target=7 point_forecasts=[104.10200500488281, 106.80582427978516, 107.1152114868164, 106.06156158447266, 104.90615844726562, 104.7260971069336, 104.75581359863281, 104.631103515625, 102.67338562011719] prediction_age_sec=0.07 predictive_target=10 proactive=True scenario=s4-hybrid-predictive target_replicas=10 upper_forecasts=[158.99862670898438, 166.5297088623047, 166.21302795410156, 165.27899169921875, 164.58253479003906, 164.46749877929688, 164.8881378173828, 164.5360870361328, 162.75277709960938]
2026-09-14 03:34:02 [debug    ] Decision loop completed        action=MAINTAIN latency_ms=117.71 p99=99.56439742410303
2026-09-14 03:34:17 [debug    ] GRU prediction received        confidence=0.6 latency_ms=9.23 predicted=164
2026-09-14 03:34:17 [debug    ] Using GRU prediction           confidence=0.6 forecast_capacity_signal=164.0 predicted=164 required_steps=5
2026-09-14 03:34:17 [info     ] algorithm2_scaling_decision    action=MAINTAIN alpha=0.060060060060060066 beta=0.0 buffer=1.0 current_replicas=10 predicted_load=164.0 required_resources=9.85 target_replicas=10
2026-09-14 03:34:17 [info     ] algorithm2_decision            action=MAINTAIN applied_target=10 current_replicas=10 hold_until=1789331747.7 observed_load=86.4 observed_target=6 point_forecasts=[96.66577911376953, 102.11372375488281, 103.72993469238281, 103.56739044189453, 103.08224487304688, 103.1039047241211, 102.9499282836914, 103.8081283569336, 103.08473205566406] prediction_age_sec=0.07 predictive_target=10 proactive=True scenario=s4-hybrid-predictive target_replicas=10 upper_forecasts=[151.56239318847656, 161.83761596679688, 162.8277587890625, 162.78482055664062, 162.7586212158203, 162.84530639648438, 163.08226013183594, 163.71310424804688, 163.16412353515625]
2026-09-14 03:34:17 [debug    ] Decision loop completed        action=MAINTAIN latency_ms=116.25 p99=99.72137791286728
2026-09-14 03:34:32 [debug    ] GRU prediction received        confidence=0.6 latency_ms=8.76 predicted=164
2026-09-14 03:34:32 [debug    ] Using GRU prediction           confidence=0.6 forecast_capacity_signal=164.0 predicted=164 required_steps=5
2026-09-14 03:34:32 [info     ] algorithm2_scaling_decision    action=MAINTAIN alpha=0.060060060060060066 beta=0.0 buffer=1.0 current_replicas=10 predicted_load=164.0 required_resources=9.85 target_replicas=10
2026-09-14 03:34:32 [info     ] algorithm2_decision            action=MAINTAIN applied_target=10 current_replicas=10 hold_until=1789331762.8 observed_load=76.59 observed_target=5 point_forecasts=[91.75670623779297, 98.29203796386719, 100.61992645263672, 101.31198120117188, 101.41680145263672, 101.71796417236328, 101.96853637695312, 103.80963897705078, 103.17279052734375] prediction_age_sec=0.07 predictive_target=10 proactive=True scenario=s4-hybrid-predictive target_replicas=10 upper_forecasts=[146.6533203125, 158.01593017578125, 159.71774291992188, 160.5294189453125, 161.09317016601562, 161.45936584472656, 162.10086059570312, 163.71461486816406, 163.25216674804688]
2026-09-14 03:34:32 [debug    ] Decision loop completed        action=MAINTAIN latency_ms=123.37 p99=99.7557471264368
2026-09-14 03:34:47 [debug    ] GRU prediction received        confidence=0.6 latency_ms=9.28 predicted=164
2026-09-14 03:34:47 [debug    ] Using GRU prediction           confidence=0.6 forecast_capacity_signal=164.0 predicted=164 required_steps=5
2026-09-14 03:34:47 [info     ] algorithm2_scaling_decision    action=MAINTAIN alpha=0.060060060060060066 beta=0.0 buffer=1.0 current_replicas=10 predicted_load=164.0 required_resources=9.85 target_replicas=10
2026-09-14 03:34:47 [info     ] algorithm2_decision            action=MAINTAIN applied_target=10 current_replicas=10 hold_until=1789331778.0 observed_load=74.87 observed_target=5 point_forecasts=[91.14286041259766, 96.97530364990234, 99.09951782226562, 100.4084701538086, 100.63875579833984, 101.34091186523438, 102.15161895751953, 103.8184814453125, 103.21385955810547] prediction_age_sec=0.08 predictive_target=10 proactive=True scenario=s4-hybrid-predictive target_replicas=10 upper_forecasts=[146.0394744873047, 156.69918823242188, 158.19732666015625, 159.62591552734375, 160.31512451171875, 161.08230590820312, 162.28395080566406, 163.7234649658203, 163.29324340820312]
2026-09-14 03:34:47 [debug    ] Decision loop completed        action=MAINTAIN latency_ms=130.5 p99=99.68114143920596
2026-09-14 03:35:03 [debug    ] GRU prediction received        confidence=0.6 latency_ms=8.67 predicted=164
2026-09-14 03:35:03 [debug    ] Using GRU prediction           confidence=0.6 forecast_capacity_signal=164.0 predicted=164 required_steps=5
2026-09-14 03:35:03 [info     ] algorithm2_scaling_decision    action=MAINTAIN alpha=0.060060060060060066 beta=0.0 buffer=1.0 current_replicas=10 predicted_load=164.0 required_resources=9.85 target_replicas=10
2026-09-14 03:35:03 [info     ] algorithm2_decision            action=MAINTAIN applied_target=10 current_replicas=10 hold_until=1789331793.1 observed_load=79.61 observed_target=5 point_forecasts=[93.33126831054688, 97.45379638671875, 99.18649291992188, 100.71717834472656, 100.810302734375, 101.96876525878906, 102.95893096923828, 104.35428619384766, 103.48695373535156] prediction_age_sec=0.07 predictive_target=10 proactive=True scenario=s4-hybrid-predictive target_replicas=10 upper_forecasts=[148.22789001464844, 157.1776885986328, 158.2843017578125, 159.9346160888672, 160.48667907714844, 161.71017456054688, 163.0912628173828, 164.25926208496094, 163.56634521484375]
2026-09-14 03:35:03 [debug    ] Decision loop completed        action=MAINTAIN latency_ms=125.7 p99=99.79478360741363
2026-09-14 03:35:18 [debug    ] GRU prediction received        confidence=0.6 latency_ms=9.48 predicted=163
2026-09-14 03:35:18 [debug    ] Using GRU prediction           confidence=0.6 forecast_capacity_signal=163.0 predicted=163 required_steps=5
2026-09-14 03:35:18 [info     ] algorithm2_scaling_decision    action=MAINTAIN alpha=0.060060060060060066 beta=0.0 buffer=1.0 current_replicas=10 predicted_load=163.0 required_resources=9.79 target_replicas=10
2026-09-14 03:35:18 [info     ] algorithm2_decision            action=MAINTAIN applied_target=10 current_replicas=10 hold_until=1789331808.2 observed_load=80.81 observed_target=5 point_forecasts=[91.10940551757812, 95.86283111572266, 97.96206665039062, 99.38687896728516, 99.78886413574219, 100.83900451660156, 101.63089752197266, 103.00041961669922, 102.60794067382812] prediction_age_sec=0.07 predictive_target=10 proactive=True scenario=s4-hybrid-predictive target_replicas=10 upper_forecasts=[146.0060272216797, 155.5867156982422, 157.05987548828125, 158.60430908203125, 159.46524047851562, 160.58041381835938, 161.7632293701172, 162.9053955078125, 162.68731689453125]
2026-09-14 03:35:18 [debug    ] Decision loop completed        action=MAINTAIN latency_ms=127.66 p99=99.86136363636363
2026-09-14 03:35:33 [debug    ] GRU prediction received        confidence=0.6 latency_ms=9.45 predicted=161
2026-09-14 03:35:33 [debug    ] Using GRU prediction           confidence=0.6 forecast_capacity_signal=161.0 predicted=161 required_steps=5
2026-09-14 03:35:33 [info     ] algorithm2_scaling_decision    action=MAINTAIN alpha=0.060060060060060066 beta=0.0 buffer=1.0 current_replicas=10 predicted_load=161.0 required_resources=9.67 target_replicas=10
2026-09-14 03:35:33 [info     ] algorithm2_decision            action=MAINTAIN applied_target=10 current_replicas=10 hold_until=1789331823.3 observed_load=72.36 observed_target=5 point_forecasts=[85.76148986816406, 91.9868392944336, 95.22161102294922, 96.53954315185547, 97.66651916503906, 98.07920837402344, 98.62742614746094, 100.53791809082031, 100.70243072509766] prediction_age_sec=0.07 predictive_target=10 proactive=True scenario=s4-hybrid-predictive target_replicas=10 upper_forecasts=[140.65811157226562, 151.71072387695312, 154.31942749023438, 155.75698852539062, 157.3428955078125, 157.82061767578125, 158.75975036621094, 160.44290161132812, 160.7818145751953]
2026-09-14 03:35:33 [debug    ] Decision loop completed        action=MAINTAIN latency_ms=122.65 p99=99.75688073394497
2026-09-14 03:35:48 [debug    ] GRU prediction received        confidence=0.6 latency_ms=9.83 predicted=158
2026-09-14 03:35:48 [debug    ] Using GRU prediction           confidence=0.6 forecast_capacity_signal=158.0 predicted=158 required_steps=5
2026-09-14 03:35:48 [info     ] algorithm2_scaling_decision    action=MAINTAIN alpha=0.060060060060060066 beta=0.0 buffer=1.0 current_replicas=10 predicted_load=158.0 required_resources=9.489 target_replicas=10
2026-09-14 03:35:48 [info     ] algorithm2_decision            action=MAINTAIN applied_target=10 current_replicas=10 hold_until=1789331838.5 observed_load=59.91 observed_target=4 point_forecasts=[79.91829681396484, 87.38199615478516, 91.62632751464844, 93.10812377929688, 94.79246520996094, 95.01944732666016, 95.17642974853516, 98.11341094970703, 98.25403594970703] prediction_age_sec=0.07 predictive_target=10 proactive=True scenario=s4-hybrid-predictive target_replicas=10 upper_forecasts=[134.81491088867188, 147.1058807373047, 150.72415161132812, 152.3255615234375, 154.46884155273438, 154.76084899902344, 155.3087615966797, 158.0183868408203, 158.3334197998047]
2026-09-14 03:35:48 [debug    ] Decision loop completed        action=MAINTAIN latency_ms=123.14 p99=99.60171919770774
2026-09-14 03:36:03 [debug    ] GRU prediction received        confidence=0.6 latency_ms=8.95 predicted=155
2026-09-14 03:36:03 [debug    ] Using GRU prediction           confidence=0.6 forecast_capacity_signal=155.0 predicted=155 required_steps=5
2026-09-14 03:36:03 [info     ] algorithm2_scaling_decision    action=MAINTAIN alpha=0.060060060060060066 beta=0.0 buffer=1.0 current_replicas=10 predicted_load=155.0 required_resources=9.309 target_replicas=10
2026-09-14 03:36:03 [info     ] algorithm2_decision            action=MAINTAIN applied_target=10 current_replicas=10 hold_until=1789331853.6 observed_load=51.49 observed_target=4 point_forecasts=[76.31134796142578, 83.80198669433594, 88.33235168457031, 89.50961303710938, 91.66509246826172, 91.79269409179688, 92.58985900878906, 95.4775161743164, 95.40201568603516] prediction_age_sec=0.07 predictive_target=10 proactive=True scenario=s4-hybrid-predictive target_replicas=10 upper_forecasts=[131.2079620361328, 143.52587890625, 147.43017578125, 148.72705078125, 151.34146118164062, 151.53408813476562, 152.72218322753906, 155.3824920654297, 155.4813995361328]
2026-09-14 03:36:03 [debug    ] Decision loop completed        action=MAINTAIN latency_ms=123.76 p99=99.74704142011835
2026-09-14 03:36:18 [debug    ] GRU prediction received        confidence=0.6 latency_ms=9.78 predicted=153
2026-09-14 03:36:18 [debug    ] Using GRU prediction           confidence=0.6 forecast_capacity_signal=153.0 predicted=153 required_steps=5
2026-09-14 03:36:18 [info     ] algorithm2_scaling_decision    action=MAINTAIN alpha=0.060060060060060066 beta=0.0 buffer=1.0 current_replicas=10 predicted_load=153.0 required_resources=9.189 target_replicas=10
2026-09-14 03:36:18 [info     ] algorithm2_decision            action=MAINTAIN applied_target=10 current_replicas=10 hold_until=1789331868.7 observed_load=49.0 observed_target=3 point_forecasts=[74.68494415283203, 81.49700164794922, 85.99987030029297, 87.00888061523438, 89.53277587890625, 89.79359436035156, 90.94385528564453, 93.47064971923828, 93.20174407958984] prediction_age_sec=0.07 predictive_target=10 proactive=True scenario=s4-hybrid-predictive target_replicas=10 upper_forecasts=[129.58155822753906, 141.22088623046875, 145.09768676757812, 146.226318359375, 149.2091522216797, 149.53500366210938, 151.07618713378906, 153.37562561035156, 153.2811279296875]
2026-09-14 03:36:18 [debug    ] Decision loop completed        action=MAINTAIN latency_ms=116.69 p99=99.68867924528301
2026-09-14 03:36:33 [debug    ] GRU prediction received        confidence=0.6 latency_ms=9.11 predicted=152
2026-09-14 03:36:33 [debug    ] Using GRU prediction           confidence=0.6 forecast_capacity_signal=152.0 predicted=152 required_steps=5
2026-09-14 03:36:33 [info     ] algorithm2_scaling_decision    action=MAINTAIN alpha=0.060060060060060066 beta=0.0 buffer=1.0 current_replicas=10 predicted_load=152.0 required_resources=9.129 target_replicas=10
2026-09-14 03:36:33 [info     ] algorithm2_decision            action=MAINTAIN applied_target=10 current_replicas=10 hold_until=1789331883.8 observed_load=49.81 observed_target=3 point_forecasts=[74.65496063232422, 80.72564697265625, 85.07396697998047, 85.9014892578125, 88.66500091552734, 89.12387084960938, 90.39103698730469, 92.53485107421875, 92.17884063720703] prediction_age_sec=0.07 predictive_target=10 proactive=True scenario=s4-hybrid-predictive target_replicas=10 upper_forecasts=[129.55157470703125, 140.4495391845703, 144.17178344726562, 145.11892700195312, 148.34136962890625, 148.86526489257812, 150.5233612060547, 152.43983459472656, 152.2582244873047]
2026-09-14 03:36:33 [debug    ] Decision loop completed        action=MAINTAIN latency_ms=124.73 p99=99.5879746835443
2026-09-14 03:36:48 [debug    ] GRU prediction received        confidence=0.6 latency_ms=9.14 predicted=153
2026-09-14 03:36:48 [debug    ] Using GRU prediction           confidence=0.6 forecast_capacity_signal=153.0 predicted=153 required_steps=5
2026-09-14 03:36:48 [info     ] algorithm2_scaling_decision    action=MAINTAIN alpha=0.060060060060060066 beta=0.0 buffer=1.0 current_replicas=10 predicted_load=153.0 required_resources=9.189 target_replicas=10
2026-09-14 03:36:48 [info     ] algorithm2_decision            action=MAINTAIN applied_target=10 current_replicas=10 hold_until=1789331898.9 observed_load=54.27 observed_target=4 point_forecasts=[76.9776611328125, 82.04608154296875, 86.0810775756836, 86.69429779052734, 89.5582504272461, 89.98809814453125, 91.278076171875, 93.01595306396484, 92.59963989257812] prediction_age_sec=0.07 predictive_target=10 proactive=True scenario=s4-hybrid-predictive target_replicas=10 upper_forecasts=[131.87428283691406, 141.7699737548828, 145.17889404296875, 145.9117431640625, 149.234619140625, 149.7294921875, 151.410400390625, 152.92092895507812, 152.67901611328125]
2026-09-14 03:36:48 [debug    ] Decision loop completed        action=MAINTAIN latency_ms=120.38 p99=99.47070707070706
2026-09-14 03:37:03 [debug    ] GRU prediction received        confidence=0.6 latency_ms=9.02 predicted=155
2026-09-14 03:37:03 [debug    ] Using GRU prediction           confidence=0.6 forecast_capacity_signal=155.0 predicted=155 required_steps=5
2026-09-14 03:37:04 [info     ] algorithm2_scaling_decision    action=MAINTAIN alpha=0.060060060060060066 beta=0.0 buffer=1.0 current_replicas=10 predicted_load=155.0 required_resources=9.309 target_replicas=10
2026-09-14 03:37:04 [info     ] algorithm2_decision            action=MAINTAIN applied_target=10 current_replicas=10 hold_until=1789331914.1 observed_load=61.79 observed_target=4 point_forecasts=[80.7232437133789, 85.00496673583984, 88.79713439941406, 89.08486938476562, 91.8068618774414, 92.27737426757812, 93.44738006591797, 94.92121124267578, 94.53763580322266] prediction_age_sec=0.07 predictive_target=10 proactive=True scenario=s4-hybrid-predictive target_replicas=10 upper_forecasts=[135.61985778808594, 144.72885131835938, 147.89495849609375, 148.30230712890625, 151.48324584960938, 152.01876831054688, 153.5797119140625, 154.82618713378906, 154.6170196533203]
2026-09-14 03:37:04 [debug    ] Decision loop completed        action=MAINTAIN latency_ms=124.13 p99=99.56908548707754
2026-09-14 03:37:19 [debug    ] GRU prediction received        confidence=0.6 latency_ms=9.4 predicted=156
2026-09-14 03:37:19 [debug    ] Using GRU prediction           confidence=0.6 forecast_capacity_signal=156.0 predicted=156 required_steps=5
2026-09-14 03:37:19 [info     ] algorithm2_scaling_decision    action=MAINTAIN alpha=0.060060060060060066 beta=0.0 buffer=1.0 current_replicas=10 predicted_load=156.0 required_resources=9.369 target_replicas=10
2026-09-14 03:37:19 [info     ] algorithm2_decision            action=MAINTAIN applied_target=10 current_replicas=10 hold_until=1789331929.2 observed_load=68.87 observed_target=5 point_forecasts=[83.88928985595703, 87.60553741455078, 91.11260986328125, 91.45079040527344, 93.77438354492188, 94.24107360839844, 95.02869415283203, 96.53607177734375, 96.20633697509766] prediction_age_sec=0.07 predictive_target=10 proactive=True scenario=s4-hybrid-predictive target_replicas=10 upper_forecasts=[138.78590393066406, 147.3294219970703, 150.21041870117188, 150.66822814941406, 153.4507598876953, 153.98248291015625, 155.16102600097656, 156.44105529785156, 156.2857208251953]
2026-09-14 03:37:19 [debug    ] Decision loop completed        action=MAINTAIN latency_ms=121.54 p99=99.66083254493853
2026-09-14 03:37:34 [debug    ] GRU prediction received        confidence=0.6 latency_ms=9.26 predicted=156
2026-09-14 03:37:34 [debug    ] Using GRU prediction           confidence=0.6 forecast_capacity_signal=156.0 predicted=156 required_steps=5
2026-09-14 03:37:34 [info     ] algorithm2_scaling_decision    action=MAINTAIN alpha=0.060060060060060066 beta=0.0 buffer=1.0 current_replicas=10 predicted_load=156.0 required_resources=9.369 target_replicas=10
2026-09-14 03:37:34 [info     ] algorithm2_decision            action=MAINTAIN applied_target=10 current_replicas=10 hold_until=1789331944.3 observed_load=72.9 observed_target=5 point_forecasts=[85.03817749023438, 88.36832427978516, 91.6163558959961, 92.17630004882812, 94.18922424316406, 94.31037139892578, 94.72229766845703, 96.30545806884766, 96.18566131591797] prediction_age_sec=0.07 predictive_target=10 proactive=True scenario=s4-hybrid-predictive target_replicas=10 upper_forecasts=[139.93479919433594, 148.0922088623047, 150.71417236328125, 151.39373779296875, 153.8656005859375, 154.05177307128906, 154.85462951660156, 156.21043395996094, 156.26504516601562]
2026-09-14 03:37:34 [debug    ] Decision loop completed        action=MAINTAIN latency_ms=128.39 p99=99.60951940850278
2026-09-14 03:37:49 [debug    ] GRU prediction received        confidence=0.6 latency_ms=9.25 predicted=155
2026-09-14 03:37:49 [debug    ] Using GRU prediction           confidence=0.6 forecast_capacity_signal=155.0 predicted=155 required_steps=5
2026-09-14 03:37:49 [info     ] algorithm2_scaling_decision    action=MAINTAIN alpha=0.060060060060060066 beta=0.0 buffer=1.0 current_replicas=10 predicted_load=155.0 required_resources=9.309 target_replicas=10
2026-09-14 03:37:49 [info     ] algorithm2_decision            action=MAINTAIN applied_target=10 current_replicas=10 hold_until=1789331959.4 observed_load=74.41 observed_target=5 point_forecasts=[85.31461334228516, 88.18167114257812, 91.2398681640625, 91.96624755859375, 93.7838134765625, 93.31989288330078, 93.47007751464844, 95.04132080078125, 95.31458282470703] prediction_age_sec=0.07 predictive_target=10 proactive=True scenario=s4-hybrid-predictive target_replicas=10 upper_forecasts=[140.2112274169922, 147.9055633544922, 150.33767700195312, 151.18368530273438, 153.46018981933594, 153.06129455566406, 153.60240173339844, 154.94630432128906, 155.3939666748047]
2026-09-14 03:37:49 [debug    ] Decision loop completed        action=MAINTAIN latency_ms=122.25 p99=99.56692160611854
2026-09-14 03:38:04 [debug    ] GRU prediction received        confidence=0.6 latency_ms=9.26 predicted=155
2026-09-14 03:38:04 [debug    ] Using GRU prediction           confidence=0.6 forecast_capacity_signal=155.0 predicted=155 required_steps=5
2026-09-14 03:38:04 [info     ] algorithm2_scaling_decision    action=MAINTAIN alpha=0.060060060060060066 beta=0.0 buffer=1.0 current_replicas=10 predicted_load=155.0 required_resources=9.309 target_replicas=10
2026-09-14 03:38:04 [info     ] algorithm2_decision            action=MAINTAIN applied_target=10 current_replicas=10 hold_until=1789331974.6 observed_load=75.92 observed_target=5 point_forecasts=[86.00080871582031, 88.38231658935547, 91.08785247802734, 91.98062896728516, 93.36941528320312, 92.59713745117188, 92.61949157714844, 94.13359832763672, 94.52874755859375] prediction_age_sec=0.07 predictive_target=10 proactive=True scenario=s4-hybrid-predictive target_replicas=10 upper_forecasts=[140.89743041992188, 148.106201171875, 150.1856689453125, 151.19805908203125, 153.04579162597656, 152.33853149414062, 152.75181579589844, 154.03857421875, 154.60812377929688]
2026-09-14 03:38:04 [debug    ] Decision loop completed        action=MAINTAIN latency_ms=121.72 p99=99.64639443961774
2026-09-14 03:38:19 [debug    ] GRU prediction received        confidence=0.6 latency_ms=9.29 predicted=155
2026-09-14 03:38:19 [debug    ] Using GRU prediction           confidence=0.6 forecast_capacity_signal=155.0 predicted=155 required_steps=5
2026-09-14 03:38:19 [info     ] algorithm2_scaling_decision    action=MAINTAIN alpha=0.060060060060060066 beta=0.0 buffer=1.0 current_replicas=10 predicted_load=155.0 required_resources=9.309 target_replicas=10
2026-09-14 03:38:19 [info     ] algorithm2_decision            action=MAINTAIN applied_target=10 current_replicas=10 hold_until=1789331989.7 observed_load=81.91 observed_target=5 point_forecasts=[90.05256652832031, 91.12488555908203, 93.22966003417969, 93.87590789794922, 94.69763946533203, 93.73910522460938, 93.85739135742188, 95.13261413574219, 95.37928771972656] prediction_age_sec=0.07 predictive_target=10 proactive=True scenario=s4-hybrid-predictive target_replicas=10 upper_forecasts=[144.94918823242188, 150.84877014160156, 152.32748413085938, 153.09335327148438, 154.3740234375, 153.48049926757812, 153.98971557617188, 155.03759765625, 155.45867919921875]
2026-09-14 03:38:19 [debug    ] Decision loop completed        action=MAINTAIN latency_ms=122.59 p99=99.77386438446347
2026-09-14 03:38:34 [debug    ] GRU prediction received        confidence=0.6 latency_ms=8.73 predicted=158
2026-09-14 03:38:34 [debug    ] Using GRU prediction           confidence=0.6 forecast_capacity_signal=158.0 predicted=158 required_steps=5
2026-09-14 03:38:34 [info     ] algorithm2_scaling_decision    action=MAINTAIN alpha=0.060060060060060066 beta=0.0 buffer=1.0 current_replicas=10 predicted_load=158.0 required_resources=9.489 target_replicas=10
2026-09-14 03:38:34 [info     ] algorithm2_decision            action=MAINTAIN applied_target=10 current_replicas=10 hold_until=1789332004.8 observed_load=93.24 observed_target=6 point_forecasts=[96.44834899902344, 95.60742950439453, 96.8672103881836, 97.80980682373047, 97.64628601074219, 96.70608520507812, 96.73445129394531, 98.01748657226562, 97.49549102783203] prediction_age_sec=0.07 predictive_target=10 proactive=True scenario=s4-hybrid-predictive target_replicas=10 upper_forecasts=[151.344970703125, 155.33131408691406, 155.96502685546875, 157.02725219726562, 157.32266235351562, 156.44747924804688, 156.8667755126953, 157.92247009277344, 157.5748748779297]
2026-09-14 03:38:34 [debug    ] Decision loop completed        action=MAINTAIN latency_ms=120.86 p99=100.9411764705869
2026-09-14 03:38:49 [debug    ] GRU prediction received        confidence=0.6 latency_ms=9.48 predicted=160
2026-09-14 03:38:49 [debug    ] Using GRU prediction           confidence=0.6 forecast_capacity_signal=160.0 predicted=160 required_steps=5
2026-09-14 03:38:49 [info     ] algorithm2_scaling_decision    action=MAINTAIN alpha=0.060060060060060066 beta=0.0 buffer=1.0 current_replicas=10 predicted_load=160.0 required_resources=9.61 target_replicas=10
2026-09-14 03:38:49 [info     ] algorithm2_decision            action=MAINTAIN applied_target=10 current_replicas=10 hold_until=1789332019.9 observed_load=102.23 observed_target=7 point_forecasts=[100.49427795410156, 99.21737670898438, 99.50599670410156, 100.9713134765625, 100.27657318115234, 99.397216796875, 98.95730590820312, 100.15055084228516, 99.08441925048828] prediction_age_sec=0.07 predictive_target=10 proactive=True scenario=s4-hybrid-predictive target_replicas=10 upper_forecasts=[155.39089965820312, 158.94126892089844, 158.60382080078125, 160.18875122070312, 159.95294189453125, 159.13861083984375, 159.08963012695312, 160.05552673339844, 159.16380310058594]
2026-09-14 03:38:49 [debug    ] Decision loop completed        action=MAINTAIN latency_ms=124.17 p99=99.7080433101315
2026-09-14 03:39:04 [debug    ] GRU prediction received        confidence=0.6 latency_ms=9.93 predicted=160
2026-09-14 03:39:04 [debug    ] Using GRU prediction           confidence=0.6 forecast_capacity_signal=160.0 predicted=160 required_steps=5
2026-09-14 03:39:05 [info     ] algorithm2_scaling_decision    action=MAINTAIN alpha=0.060060060060060066 beta=0.0 buffer=1.0 current_replicas=10 predicted_load=160.0 required_resources=9.61 target_replicas=10
2026-09-14 03:39:05 [info     ] algorithm2_decision            action=MAINTAIN applied_target=10 current_replicas=10 hold_until=1789332035.1 observed_load=97.5 observed_target=6 point_forecasts=[96.70491027832031, 98.0799560546875, 99.3384017944336, 100.01124572753906, 99.84737396240234, 99.20519256591797, 97.90879821777344, 99.43478393554688, 99.08788299560547] prediction_age_sec=0.07 predictive_target=10 proactive=True scenario=s4-hybrid-predictive target_replicas=10 upper_forecasts=[151.60153198242188, 157.80384826660156, 158.43621826171875, 159.2286834716797, 159.52374267578125, 158.94659423828125, 158.04112243652344, 159.3397674560547, 159.16726684570312]
2026-09-14 03:39:05 [debug    ] Decision loop completed        action=MAINTAIN latency_ms=129.8 p99=99.67573221757323
2026-09-14 03:39:20 [debug    ] GRU prediction received        confidence=0.6 latency_ms=9.18 predicted=157
2026-09-14 03:39:20 [debug    ] Using GRU prediction           confidence=0.6 forecast_capacity_signal=157.0 predicted=157 required_steps=5
2026-09-14 03:39:20 [info     ] algorithm2_scaling_decision    action=MAINTAIN alpha=0.060060060060060066 beta=0.0 buffer=1.0 current_replicas=10 predicted_load=157.0 required_resources=9.429 target_replicas=10
2026-09-14 03:39:20 [info     ] algorithm2_decision            action=MAINTAIN applied_target=10 current_replicas=10 hold_until=1789332050.2 observed_load=80.08 observed_target=5 point_forecasts=[87.83631134033203, 92.38323211669922, 94.88856506347656, 95.4586181640625, 96.20470428466797, 95.40248107910156, 94.00595092773438, 96.22134399414062, 97.02043914794922] prediction_age_sec=0.07 predictive_target=10 proactive=True scenario=s4-hybrid-predictive target_replicas=10 upper_forecasts=[142.73292541503906, 152.10711669921875, 153.98638916015625, 154.67605590820312, 155.88107299804688, 155.14389038085938, 154.13827514648438, 156.12632751464844, 157.09982299804688]
2026-09-14 03:39:20 [debug    ] Decision loop completed        action=MAINTAIN latency_ms=122.0 p99=99.52871148459384
2026-09-14 03:39:35 [debug    ] GRU prediction received        confidence=0.6 latency_ms=8.95 predicted=152
2026-09-14 03:39:35 [debug    ] Using GRU prediction           confidence=0.6 forecast_capacity_signal=152.0 predicted=152 required_steps=5
2026-09-14 03:39:35 [info     ] algorithm2_scaling_decision    action=MAINTAIN alpha=0.060060060060060066 beta=0.0 buffer=1.0 current_replicas=10 predicted_load=152.0 required_resources=9.129 target_replicas=10
2026-09-14 03:39:35 [info     ] algorithm2_decision            action=MAINTAIN applied_target=10 current_replicas=10 hold_until=1789332065.3 observed_load=62.53 observed_target=4 point_forecasts=[79.42003631591797, 84.80230712890625, 88.11510467529297, 89.48410034179688, 90.38772583007812, 89.62515258789062, 88.84156036376953, 91.82716369628906, 92.29409790039062] prediction_age_sec=0.07 predictive_target=10 proactive=True scenario=s4-hybrid-predictive target_replicas=10 upper_forecasts=[134.316650390625, 144.5261993408203, 147.21292114257812, 148.7015380859375, 150.06410217285156, 149.36654663085938, 148.97389221191406, 151.73214721679688, 152.37347412109375]
2026-09-14 03:39:35 [debug    ] Decision loop completed        action=MAINTAIN latency_ms=125.07 p99=99.45215311004785
2026-09-14 03:39:50 [debug    ] GRU prediction received        confidence=0.6 latency_ms=9.66 predicted=148
2026-09-14 03:39:50 [debug    ] Using GRU prediction           confidence=0.6 forecast_capacity_signal=148.0 predicted=148 required_steps=5
2026-09-14 03:39:50 [info     ] algorithm2_scaling_decision    action=MAINTAIN alpha=0.060060060060060066 beta=0.0 buffer=1.0 current_replicas=10 predicted_load=148.0 required_resources=8.889 target_replicas=9
2026-09-14 03:39:50 [info     ] algorithm2_decision            action=MAINTAIN applied_target=9 current_replicas=10 hold_until=1789332080.4 observed_load=51.61 observed_target=4 point_forecasts=[73.63436889648438, 78.80545043945312, 82.1785659790039, 83.59944915771484, 84.74200439453125, 84.42320251464844, 84.89938354492188, 87.12987518310547, 87.68003845214844] prediction_age_sec=0.07 predictive_target=9 proactive=True scenario=s4-hybrid-predictive target_replicas=9 upper_forecasts=[128.53099060058594, 138.5293426513672, 141.27638244628906, 142.81689453125, 144.4183807373047, 144.16461181640625, 145.03170776367188, 147.03485107421875, 147.75942993164062]
2026-09-14 03:39:50 [debug    ] Decision loop completed        action=MAINTAIN latency_ms=122.46 p99=99.53466872110941
2026-09-14 03:40:05 [debug    ] GRU prediction received        confidence=0.6 latency_ms=8.89 predicted=144
2026-09-14 03:40:05 [debug    ] Using GRU prediction           confidence=0.6 forecast_capacity_signal=144.0 predicted=144 required_steps=5
2026-09-14 03:40:05 [info     ] algorithm2_scaling_decision    action=MAINTAIN alpha=0.060060060060060066 beta=0.0 buffer=1.0 current_replicas=10 predicted_load=144.0 required_resources=8.649 target_replicas=9
2026-09-14 03:40:05 [info     ] algorithm2_decision            action=MAINTAIN applied_target=9 current_replicas=10 hold_until=1789332095.6 observed_load=47.93 observed_target=3 point_forecasts=[70.57923126220703, 74.68346405029297, 77.54385375976562, 78.92231750488281, 80.25038146972656, 80.4676513671875, 81.59239959716797, 83.13714599609375, 83.94478607177734] prediction_age_sec=0.07 predictive_target=9 proactive=True scenario=s4-hybrid-predictive target_replicas=9 upper_forecasts=[125.47584533691406, 134.4073486328125, 136.64166259765625, 138.13975524902344, 139.9267578125, 140.20904541015625, 141.7247314453125, 143.04212951660156, 144.024169921875]
2026-09-14 03:40:05 [debug    ] Decision loop completed        action=MAINTAIN latency_ms=122.87 p99=99.45454545454547
2026-09-14 03:40:20 [debug    ] GRU prediction received        confidence=0.6 latency_ms=9.47 predicted=141
2026-09-14 03:40:20 [debug    ] Using GRU prediction           confidence=0.6 forecast_capacity_signal=141.0 predicted=141 required_steps=5
2026-09-14 03:40:20 [info     ] algorithm2_scaling_decision    action=MAINTAIN alpha=0.060060060060060066 beta=0.0 buffer=1.0 current_replicas=10 predicted_load=141.0 required_resources=8.468 target_replicas=9
2026-09-14 03:40:20 [info     ] algorithm2_decision            action=MAINTAIN applied_target=9 current_replicas=10 hold_until=1789332110.7 observed_load=49.73 observed_target=3 point_forecasts=[68.8309326171875, 72.01057434082031, 74.45870971679688, 75.51509094238281, 76.95863342285156, 77.17941284179688, 78.67198181152344, 79.63557434082031, 80.66246795654297] prediction_age_sec=0.08 predictive_target=9 proactive=True scenario=s4-hybrid-predictive target_replicas=9 upper_forecasts=[123.72755432128906, 131.73446655273438, 133.5565185546875, 134.73252868652344, 136.635009765625, 136.92080688476562, 138.80430603027344, 139.54055786132812, 140.74185180664062]
2026-09-14 03:40:20 [debug    ] Decision loop completed        action=MAINTAIN latency_ms=142.81 p99=99.46678966789668
2026-09-14 03:40:35 [debug    ] GRU prediction received        confidence=0.6 latency_ms=8.82 predicted=137
2026-09-14 03:40:35 [debug    ] Using GRU prediction           confidence=0.6 forecast_capacity_signal=137.0 predicted=137 required_steps=5
2026-09-14 03:40:35 [info     ] algorithm2_scaling_decision    action=MAINTAIN alpha=0.060060060060060066 beta=0.0 buffer=1.0 current_replicas=10 predicted_load=137.0 required_resources=8.228 target_replicas=9
2026-09-14 03:40:35 [info     ] algorithm2_decision            action=MAINTAIN applied_target=9 current_replicas=10 hold_until=1789332125.8 observed_load=52.56 observed_target=4 point_forecasts=[66.58695983886719, 69.57218170166016, 71.68965911865234, 72.58818054199219, 74.15605163574219, 74.2620849609375, 75.68254852294922, 76.38150024414062, 77.38569641113281] prediction_age_sec=0.07 predictive_target=9 proactive=True scenario=s4-hybrid-predictive target_replicas=9 upper_forecasts=[121.48358154296875, 129.2960662841797, 130.7874755859375, 131.8056182861328, 133.83242797851562, 134.00347900390625, 135.81488037109375, 136.28648376464844, 137.465087890625]
2026-09-14 03:40:35 [debug    ] Decision loop completed        action=MAINTAIN latency_ms=126.78 p99=99.52513966480447
2026-09-14 03:40:50 [debug    ] GRU prediction received        confidence=0.6 latency_ms=10.23 predicted=134
2026-09-14 03:40:50 [debug    ] Using GRU prediction           confidence=0.6 forecast_capacity_signal=134.0 predicted=134 required_steps=5
2026-09-14 03:40:50 [info     ] algorithm2_scaling_decision    action=MAINTAIN alpha=0.060060060060060066 beta=0.0 buffer=1.0 current_replicas=10 predicted_load=134.0 required_resources=8.048 target_replicas=9
2026-09-14 03:40:50 [info     ] algorithm2_decision            action=MAINTAIN applied_target=9 current_replicas=10 hold_until=1789332141.0 observed_load=53.08 observed_target=4 point_forecasts=[64.01242065429688, 67.05918884277344, 68.86579895019531, 69.6581039428711, 71.345703125, 71.1825942993164, 72.36692810058594, 73.06061553955078, 74.03672790527344] prediction_age_sec=0.08 predictive_target=9 proactive=True scenario=s4-hybrid-predictive target_replicas=9 upper_forecasts=[118.90904235839844, 126.7830810546875, 127.96361541748047, 128.87554931640625, 131.02207946777344, 130.9239959716797, 132.49925231933594, 132.96559143066406, 134.11611938476562]
2026-09-14 03:40:50 [debug    ] Decision loop completed        action=MAINTAIN latency_ms=133.92 p99=99.60730253353205
2026-09-14 03:41:06 [debug    ] GRU prediction received        confidence=0.6 latency_ms=8.8 predicted=131
2026-09-14 03:41:06 [debug    ] Using GRU prediction           confidence=0.6 forecast_capacity_signal=131.0 predicted=131 required_steps=5
2026-09-14 03:41:06 [info     ] algorithm2_scaling_decision    action=MAINTAIN alpha=0.060060060060060066 beta=0.0 buffer=1.0 current_replicas=10 predicted_load=131.0 required_resources=7.868 target_replicas=8
2026-09-14 03:41:06 [info     ] algorithm2_decision            action=MAINTAIN applied_target=8 current_replicas=10 hold_until=1789332156.1 observed_load=50.42 observed_target=4 point_forecasts=[60.33565902709961, 63.91456604003906, 65.54788970947266, 66.30216979980469, 68.201171875, 67.75845336914062, 68.67070007324219, 69.52534484863281, 70.57608795166016] prediction_age_sec=0.07 predictive_target=8 proactive=True scenario=s4-hybrid-predictive target_replicas=8 upper_forecasts=[115.2322769165039, 123.63845825195312, 124.64570617675781, 125.51960754394531, 127.87754821777344, 127.4998550415039, 128.8030242919922, 129.43032836914062, 130.6554718017578]
2026-09-14 03:41:06 [debug    ] Decision loop completed        action=MAINTAIN latency_ms=118.32 p99=99.4469696969697
2026-09-14 03:41:21 [debug    ] GRU prediction received        confidence=0.6 latency_ms=10.24 predicted=128
2026-09-14 03:41:21 [debug    ] Using GRU prediction           confidence=0.6 forecast_capacity_signal=128.0 predicted=128 required_steps=5
2026-09-14 03:41:21 [info     ] algorithm2_scaling_decision    action=MAINTAIN alpha=0.060060060060060066 beta=0.0 buffer=1.0 current_replicas=10 predicted_load=128.0 required_resources=7.688 target_replicas=8
2026-09-14 03:41:21 [info     ] algorithm2_decision            action=MAINTAIN applied_target=8 current_replicas=10 hold_until=1789332171.2 observed_load=46.62 observed_target=3 point_forecasts=[57.36177062988281, 61.01237487792969, 62.48056411743164, 63.13835525512695, 65.16177368164062, 64.44888305664062, 65.36947631835938, 66.32917022705078, 67.46115112304688] prediction_age_sec=0.07 predictive_target=8 proactive=True scenario=s4-hybrid-predictive target_replicas=8 upper_forecasts=[112.25839233398438, 120.73626708984375, 121.57838439941406, 122.35578918457031, 124.83815002441406, 124.1902847290039, 125.50180053710938, 126.23414611816406, 127.54053497314453]
2026-09-14 03:41:21 [debug    ] Decision loop completed        action=MAINTAIN latency_ms=127.92 p99=99.45270270270271
2026-09-14 03:41:36 [debug    ] GRU prediction received        confidence=0.6 latency_ms=9.02 predicted=125
2026-09-14 03:41:36 [debug    ] Using GRU prediction           confidence=0.6 forecast_capacity_signal=125.0 predicted=125 required_steps=5
2026-09-14 03:41:36 [info     ] algorithm2_scaling_decision    action=MAINTAIN alpha=0.060060060060060066 beta=0.0 buffer=1.0 current_replicas=10 predicted_load=125.0 required_resources=7.508 target_replicas=8
2026-09-14 03:41:36 [info     ] algorithm2_decision            action=MAINTAIN applied_target=8 current_replicas=10 hold_until=1789332186.3 observed_load=44.54 observed_target=3 point_forecasts=[55.359249114990234, 58.83366775512695, 60.20990753173828, 60.75933074951172, 62.844600677490234, 62.023643493652344, 63.028831481933594, 64.02137756347656, 65.19676208496094] prediction_age_sec=0.07 predictive_target=8 proactive=True scenario=s4-hybrid-predictive target_replicas=8 upper_forecasts=[110.25586700439453, 118.55755615234375, 119.30772399902344, 119.97676849365234, 122.52098083496094, 121.76504516601562, 123.16116333007812, 123.92636108398438, 125.2761459350586]
2026-09-14 03:41:36 [debug    ] Decision loop completed        action=MAINTAIN latency_ms=124.61 p99=99.45008183306057
2026-09-14 03:41:51 [debug    ] GRU prediction received        confidence=0.6 latency_ms=9.3 predicted=124
2026-09-14 03:41:51 [debug    ] Using GRU prediction           confidence=0.6 forecast_capacity_signal=124.0 predicted=124 required_steps=5
2026-09-14 03:41:51 [info     ] algorithm2_scaling_decision    action=MAINTAIN alpha=0.060060060060060066 beta=0.0 buffer=1.0 current_replicas=10 predicted_load=124.0 required_resources=7.447 target_replicas=8
2026-09-14 03:41:51 [info     ] algorithm2_decision            action=MAINTAIN applied_target=8 current_replicas=10 hold_until=1789332201.5 observed_load=44.34 observed_target=3 point_forecasts=[54.56394577026367, 57.703651428222656, 59.016151428222656, 59.453617095947266, 61.546966552734375, 60.70790100097656, 61.81988525390625, 62.752952575683594, 63.92298889160156] prediction_age_sec=0.08 predictive_target=8 proactive=True scenario=s4-hybrid-predictive target_replicas=8 upper_forecasts=[109.46056365966797, 117.42753601074219, 118.11396789550781, 118.67105102539062, 121.22334289550781, 120.44930267333984, 121.95220947265625, 122.65792846679688, 124.00237274169922]
2026-09-14 03:41:51 [debug    ] Decision loop completed        action=MAINTAIN latency_ms=125.23 p99=99.4578125
2026-09-14 03:42:06 [debug    ] GRU prediction received        confidence=0.6 latency_ms=9.04 predicted=124
2026-09-14 03:42:06 [debug    ] Using GRU prediction           confidence=0.6 forecast_capacity_signal=124.0 predicted=124 required_steps=5
2026-09-14 03:42:06 [info     ] algorithm2_scaling_decision    action=MAINTAIN alpha=0.060060060060060066 beta=0.0 buffer=1.0 current_replicas=10 predicted_load=124.0 required_resources=7.447 target_replicas=8
2026-09-14 03:42:06 [info     ] algorithm2_decision            action=MAINTAIN applied_target=8 current_replicas=10 hold_until=1789332216.6 observed_load=46.56 observed_target=3 point_forecasts=[55.260929107666016, 57.81203842163086, 58.99770736694336, 59.24296569824219, 61.25755310058594, 60.424198150634766, 61.64860916137695, 62.409950256347656, 63.51582336425781] prediction_age_sec=0.07 predictive_target=8 proactive=True scenario=s4-hybrid-predictive target_replicas=8 upper_forecasts=[110.15754699707031, 117.53592681884766, 118.09552001953125, 118.46040344238281, 120.93392944335938, 120.16560363769531, 121.78093719482422, 122.31492614746094, 123.59520721435547]
2026-09-14 03:42:06 [debug    ] Decision loop completed        action=MAINTAIN latency_ms=124.11 p99=99.45855614973262
2026-09-14 03:42:21 [debug    ] GRU prediction received        confidence=0.6 latency_ms=9.71 predicted=123
2026-09-14 03:42:21 [debug    ] Using GRU prediction           confidence=0.6 forecast_capacity_signal=123.0 predicted=123 required_steps=5
2026-09-14 03:42:21 [info     ] algorithm2_scaling_decision    action=MAINTAIN alpha=0.060060060060060066 beta=0.0 buffer=1.0 current_replicas=10 predicted_load=123.0 required_resources=7.387 target_replicas=8
2026-09-14 03:42:21 [info     ] algorithm2_decision            action=MAINTAIN applied_target=8 current_replicas=10 hold_until=1789332231.7 observed_load=47.54 observed_target=3 point_forecasts=[54.2835578918457, 57.14252471923828, 58.310916900634766, 58.54002380371094, 60.6413459777832, 59.821834564208984, 60.793174743652344, 61.60367965698242, 62.70848083496094] prediction_age_sec=0.06 predictive_target=8 proactive=True scenario=s4-hybrid-predictive target_replicas=8 upper_forecasts=[109.18017578125, 116.86640930175781, 117.40873718261719, 117.75746154785156, 120.31771850585938, 119.563232421875, 120.92550659179688, 121.50865936279297, 122.7878646850586]
2026-09-14 03:42:21 [debug    ] Decision loop completed        action=MAINTAIN latency_ms=112.84 p99=99.44944852941177
2026-09-14 03:42:36 [debug    ] GRU prediction received        confidence=0.6 latency_ms=9.12 predicted=120
2026-09-14 03:42:36 [debug    ] Using GRU prediction           confidence=0.6 forecast_capacity_signal=120.0 predicted=120 required_steps=5
2026-09-14 03:42:36 [info     ] algorithm2_scaling_decision    action=MAINTAIN alpha=0.060060060060060066 beta=0.0 buffer=1.0 current_replicas=10 predicted_load=120.0 required_resources=7.207 target_replicas=8
2026-09-14 03:42:36 [info     ] algorithm2_decision            action=MAINTAIN applied_target=8 current_replicas=10 hold_until=1789332246.8 observed_load=40.3 observed_target=3 point_forecasts=[48.7259407043457, 53.38814926147461, 54.800941467285156, 55.490699768066406, 58.02881622314453, 57.07390594482422, 57.523109436035156, 58.84608459472656, 60.172088623046875] prediction_age_sec=0.06 predictive_target=8 proactive=True scenario=s4-hybrid-predictive target_replicas=8 upper_forecasts=[103.62255859375, 113.1120376586914, 113.89875793457031, 114.70813751220703, 117.70519256591797, 116.8153076171875, 117.65544128417969, 118.75106811523438, 120.25147247314453]
2026-09-14 03:42:36 [debug    ] Decision loop completed        action=MAINTAIN latency_ms=116.56 p99=98.91509433962264
2026-09-14 03:42:51 [debug    ] GRU prediction received        confidence=0.6 latency_ms=10.08 predicted=117
2026-09-14 03:42:51 [debug    ] Using GRU prediction           confidence=0.6 forecast_capacity_signal=117.0 predicted=117 required_steps=5
2026-09-14 03:42:51 [info     ] algorithm2_scaling_decision    action=MAINTAIN alpha=0.060060060060060066 beta=0.0 buffer=1.0 current_replicas=10 predicted_load=117.0 required_resources=7.027 target_replicas=8
2026-09-14 03:42:51 [info     ] algorithm2_decision            action=MAINTAIN applied_target=8 current_replicas=10 hold_until=1789332261.9 observed_load=25.49 observed_target=3 point_forecasts=[40.86792755126953, 47.374855041503906, 49.183677673339844, 50.603309631347656, 53.722896575927734, 52.45427322387695, 52.75777816772461, 54.79979705810547, 56.44367599487305] prediction_age_sec=0.07 predictive_target=8 proactive=True scenario=s4-hybrid-predictive target_replicas=8 upper_forecasts=[95.76454162597656, 107.09873962402344, 108.281494140625, 109.82074737548828, 113.39927673339844, 112.1956787109375, 112.89010620117188, 114.70477294921875, 116.52305603027344]
2026-09-14 03:42:51 [debug    ] Decision loop completed        action=MAINTAIN latency_ms=117.82 p99=0.99
2026-09-14 03:43:06 [debug    ] GRU prediction received        confidence=0.6 latency_ms=9.31 predicted=113
2026-09-14 03:43:06 [debug    ] Using GRU prediction           confidence=0.6 forecast_capacity_signal=113.0 predicted=113 required_steps=5
2026-09-14 03:43:07 [info     ] algorithm2_scaling_decision    action=SCALE_DOWN alpha=0.060060060060060066 beta=0.0 buffer=1.0 current_replicas=10 predicted_load=113.0 required_resources=6.787 target_replicas=7
2026-09-14 03:43:07 [info     ] algorithm2_decision            action=SCALE_DOWN applied_target=7 current_replicas=10 hold_until=1789332277.0 observed_load=11.14 observed_target=3 point_forecasts=[34.043701171875, 41.22154235839844, 43.42132568359375, 45.4188346862793, 49.057769775390625, 47.56972885131836, 48.146095275878906, 50.81154251098633, 52.52442932128906] prediction_age_sec=0.06 predictive_target=7 proactive=True scenario=s4-hybrid-predictive target_replicas=7 upper_forecasts=[88.94032287597656, 100.9454345703125, 102.5191421508789, 104.63627624511719, 108.73414611816406, 107.31112670898438, 108.27842712402344, 110.71652221679688, 112.60381317138672]
2026-09-14 03:43:07 [info     ] k8s_scale_executed             deployment=test-app-warm replicas=7
2026-09-14 03:43:07 [debug    ] Decision loop completed        action=MAINTAIN latency_ms=147.36 p99=0.99
2026-09-14 03:43:17 [info     ] Received shutdown signal
2026-09-14 03:43:17 [info     ] Stopping routing daemon...
2026-09-14 03:43:17 [info     ] Routing daemon stopped
