2026-09-12 13:14:08 [info     ] SLOMonitor initialized         threshold_ms=200.0 violation_window=30
2026-09-12 13:14:08 [info     ] Algorithm1ControllerV3 initialized max_knative=50 r_saturation=33.3 target_cpu_util=0.5 total_budget=1000
2026-09-12 13:14:08 [info     ] controller_selected            kind=Algorithm1ControllerV3 scenario=s4-hybrid-predictive version=v3
2026-09-12 13:14:08 [info     ] HAProxyWeightAdjuster initialized backend=servers host=localhost port=19999
2026-09-12 13:14:08 [info     ] GRUClient initialized          base_url=http://localhost:8090
2026-09-12 13:14:08 [info     ] K8sScaler initialized          deployment=test-app-warm namespace=default
2026-09-12 13:14:08 [info     ] RoutingDaemon initialized      decision_interval=15 description='Algorithm 1 with GRU predictions (Algorithm 2)' scenario=s4-hybrid-predictive use_algorithm=True use_predictions=True
2026-09-12 13:14:08 [info     ] Starting routing daemon        interval=15 scenario=s4-hybrid-predictive
2026-09-12 13:14:08 [info     ] Weights updated                k3s=80 knative=20
2026-09-12 13:14:08 [info     ] Initial weights applied        k3s=80 knative=20
2026-09-12 13:14:08 [info     ] Model status validated         prediction_horizon=9 sample_interval_sec=15 sequence_length=30
2026-09-12 13:14:08 [info     ] Model status validated on first eligible cycle prediction_horizon=9 sequence_length=30
2026-09-12 13:14:08 [info     ] controller_decision_v3         action=RECOVERY available_replicas=3 budget_remaining=1000 burn_adjustment=0 burst_ratio=0 capacity_deficit=False confidence=0 current_load=2.4 decision_id=776bf461 k8s_capacity=49.9 k8s_weight=100 knative_weight=0 p99=1.0 predicted_load=0 r_effective=16.6 serverless_enabled=False total_load=2.4 weights_after={'k3s': 100, 'knative': 0} weights_before={'k3s': 80, 'knative': 20}
2026-09-12 13:14:08 [info     ] Weights updated                k3s=100 knative=0
2026-09-12 13:14:08 [info     ] Weights updated                action=RECOVERY reason='load=2RPS | k8s_cap=50RPS | (reducing-serverless)' weights={'k3s': 100, 'knative': 0}
2026-09-12 13:14:08 [info     ] algorithm2_scaling_decision    action=MAINTAIN alpha=0.060060060060060066 beta=0.0 buffer=1.0 current_replicas=3 predicted_load=2.4 required_resources=0.144 target_replicas=3
2026-09-12 13:14:08 [info     ] algorithm2_decision            action=MAINTAIN applied_target=3 current_replicas=3 hold_until=0.0 observed_load=2.4 observed_target=3 point_forecasts=None prediction_age_sec=None predictive_target=3 proactive=False scenario=s4-hybrid-predictive target_replicas=3 upper_forecasts=None
2026-09-12 13:14:08 [debug    ] Decision loop completed        action=RECOVERY latency_ms=127.96 p99=0.99
2026-09-12 13:14:23 [info     ] algorithm2_scaling_decision    action=MAINTAIN alpha=0.060060060060060066 beta=0.0 buffer=1.0 current_replicas=3 predicted_load=2.299303611111111 required_resources=0.138 target_replicas=3
2026-09-12 13:14:23 [info     ] algorithm2_decision            action=MAINTAIN applied_target=3 current_replicas=3 hold_until=0.0 observed_load=2.3 observed_target=3 point_forecasts=None prediction_age_sec=None predictive_target=3 proactive=False scenario=s4-hybrid-predictive target_replicas=3 upper_forecasts=None
2026-09-12 13:14:23 [debug    ] Decision loop completed        action=MAINTAIN latency_ms=97.47 p99=93.49999999999997
2026-09-12 13:14:39 [info     ] algorithm2_scaling_decision    action=MAINTAIN alpha=0.060060060060060066 beta=0.0 buffer=1.0 current_replicas=3 predicted_load=2.137635833333333 required_resources=0.128 target_replicas=3
2026-09-12 13:14:39 [info     ] algorithm2_decision            action=MAINTAIN applied_target=3 current_replicas=3 hold_until=0.0 observed_load=2.14 observed_target=3 point_forecasts=None prediction_age_sec=None predictive_target=3 proactive=False scenario=s4-hybrid-predictive target_replicas=3 upper_forecasts=None
2026-09-12 13:14:39 [debug    ] Decision loop completed        action=MAINTAIN latency_ms=97.75 p99=0.99
2026-09-12 13:14:54 [info     ] algorithm2_scaling_decision    action=MAINTAIN alpha=0.060060060060060066 beta=0.0 buffer=1.0 current_replicas=3 predicted_load=3.0049988888888888 required_resources=0.18 target_replicas=3
2026-09-12 13:14:54 [info     ] algorithm2_decision            action=MAINTAIN applied_target=3 current_replicas=3 hold_until=0.0 observed_load=3.0 observed_target=3 point_forecasts=None prediction_age_sec=None predictive_target=3 proactive=False scenario=s4-hybrid-predictive target_replicas=3 upper_forecasts=None
2026-09-12 13:14:54 [debug    ] Decision loop completed        action=MAINTAIN latency_ms=93.99 p99=99.3659793814433
2026-09-12 13:15:09 [info     ] algorithm2_scaling_decision    action=MAINTAIN alpha=0.060060060060060066 beta=0.0 buffer=1.0 current_replicas=3 predicted_load=10.088888888888889 required_resources=0.606 target_replicas=3
2026-09-12 13:15:09 [info     ] algorithm2_decision            action=MAINTAIN applied_target=3 current_replicas=3 hold_until=0.0 observed_load=10.09 observed_target=3 point_forecasts=None prediction_age_sec=None predictive_target=3 proactive=False scenario=s4-hybrid-predictive target_replicas=3 upper_forecasts=None
2026-09-12 13:15:09 [debug    ] Decision loop completed        action=MAINTAIN latency_ms=91.69 p99=103.33333333333209
2026-09-12 13:15:24 [info     ] algorithm2_scaling_decision    action=MAINTAIN alpha=0.060060060060060066 beta=0.0 buffer=1.0 current_replicas=3 predicted_load=22.922222222222217 required_resources=1.377 target_replicas=3
2026-09-12 13:15:24 [info     ] algorithm2_decision            action=MAINTAIN applied_target=3 current_replicas=3 hold_until=0.0 observed_load=22.92 observed_target=3 point_forecasts=None prediction_age_sec=None predictive_target=3 proactive=False scenario=s4-hybrid-predictive target_replicas=3 upper_forecasts=None
2026-09-12 13:15:24 [debug    ] Decision loop completed        action=MAINTAIN latency_ms=101.42 p99=99.89195979899499
2026-09-12 13:15:39 [info     ] algorithm2_scaling_decision    action=MAINTAIN alpha=0.060060060060060066 beta=0.0 buffer=1.0 current_replicas=3 predicted_load=38.37292333333333 required_resources=2.305 target_replicas=3
2026-09-12 13:15:39 [info     ] algorithm2_decision            action=MAINTAIN applied_target=3 current_replicas=3 hold_until=0.0 observed_load=38.37 observed_target=3 point_forecasts=None prediction_age_sec=None predictive_target=3 proactive=False scenario=s4-hybrid-predictive target_replicas=3 upper_forecasts=None
2026-09-12 13:15:39 [debug    ] Decision loop completed        action=MAINTAIN latency_ms=94.13 p99=99.87416777629828
2026-09-12 13:15:54 [info     ] algorithm2_scaling_decision    action=MAINTAIN alpha=0.060060060060060066 beta=0.0 buffer=1.0 current_replicas=3 predicted_load=48.01070777777778 required_resources=2.884 target_replicas=3
2026-09-12 13:15:54 [info     ] algorithm2_decision            action=MAINTAIN applied_target=3 current_replicas=3 hold_until=0.0 observed_load=48.01 observed_target=3 point_forecasts=None prediction_age_sec=None predictive_target=3 proactive=False scenario=s4-hybrid-predictive target_replicas=3 upper_forecasts=None
2026-09-12 13:15:54 [debug    ] Decision loop completed        action=MAINTAIN latency_ms=99.31 p99=159.9473684210525
2026-09-12 13:16:09 [info     ] algorithm2_scaling_decision    action=MAINTAIN alpha=0.060060060060060066 beta=0.0 buffer=1.0 current_replicas=3 predicted_load=48.94889555555555 required_resources=2.94 target_replicas=3
2026-09-12 13:16:09 [info     ] algorithm2_decision            action=MAINTAIN applied_target=3 current_replicas=3 hold_until=0.0 observed_load=48.95 observed_target=3 point_forecasts=None prediction_age_sec=None predictive_target=3 proactive=False scenario=s4-hybrid-predictive target_replicas=3 upper_forecasts=None
2026-09-12 13:16:09 [debug    ] Decision loop completed        action=MAINTAIN latency_ms=98.2 p99=99.86687797147387
2026-09-12 13:16:24 [info     ] algorithm2_scaling_decision    action=MAINTAIN alpha=0.060060060060060066 beta=0.0 buffer=1.0 current_replicas=3 predicted_load=45.04444444444445 required_resources=2.705 target_replicas=3
2026-09-12 13:16:24 [info     ] algorithm2_decision            action=MAINTAIN applied_target=3 current_replicas=3 hold_until=0.0 observed_load=45.04 observed_target=3 point_forecasts=None prediction_age_sec=None predictive_target=3 proactive=False scenario=s4-hybrid-predictive target_replicas=3 upper_forecasts=None
2026-09-12 13:16:24 [debug    ] Decision loop completed        action=MAINTAIN latency_ms=91.34 p99=99.58997429305913
2026-09-12 13:16:39 [info     ] algorithm2_scaling_decision    action=MAINTAIN alpha=0.060060060060060066 beta=0.0 buffer=1.0 current_replicas=3 predicted_load=37.34444444444445 required_resources=2.243 target_replicas=3
2026-09-12 13:16:39 [info     ] algorithm2_decision            action=MAINTAIN applied_target=3 current_replicas=3 hold_until=0.0 observed_load=37.34 observed_target=3 point_forecasts=None prediction_age_sec=None predictive_target=3 proactive=False scenario=s4-hybrid-predictive target_replicas=3 upper_forecasts=None
2026-09-12 13:16:39 [debug    ] Decision loop completed        action=MAINTAIN latency_ms=98.0 p99=99.45801526717558
2026-09-12 13:16:54 [info     ] algorithm2_scaling_decision    action=MAINTAIN alpha=0.060060060060060066 beta=0.0 buffer=1.0 current_replicas=3 predicted_load=30.666666666666664 required_resources=1.842 target_replicas=3
2026-09-12 13:16:54 [info     ] algorithm2_decision            action=MAINTAIN applied_target=3 current_replicas=3 hold_until=0.0 observed_load=30.67 observed_target=3 point_forecasts=None prediction_age_sec=None predictive_target=3 proactive=False scenario=s4-hybrid-predictive target_replicas=3 upper_forecasts=None
2026-09-12 13:16:54 [debug    ] Decision loop completed        action=MAINTAIN latency_ms=98.1 p99=99.45822102425876
2026-09-12 13:17:10 [info     ] algorithm2_scaling_decision    action=MAINTAIN alpha=0.060060060060060066 beta=0.0 buffer=1.0 current_replicas=3 predicted_load=29.566666666666656 required_resources=1.776 target_replicas=3
2026-09-12 13:17:10 [info     ] algorithm2_decision            action=MAINTAIN applied_target=3 current_replicas=3 hold_until=0.0 observed_load=29.57 observed_target=3 point_forecasts=None prediction_age_sec=None predictive_target=3 proactive=False scenario=s4-hybrid-predictive target_replicas=3 upper_forecasts=None
2026-09-12 13:17:10 [debug    ] Decision loop completed        action=MAINTAIN latency_ms=95.4 p99=102.33333333333265
2026-09-12 13:17:25 [info     ] algorithm2_scaling_decision    action=MAINTAIN alpha=0.060060060060060066 beta=0.0 buffer=1.0 current_replicas=3 predicted_load=36.766666666666666 required_resources=2.208 target_replicas=3
2026-09-12 13:17:25 [info     ] algorithm2_decision            action=MAINTAIN applied_target=3 current_replicas=3 hold_until=0.0 observed_load=36.77 observed_target=3 point_forecasts=None prediction_age_sec=None predictive_target=3 proactive=False scenario=s4-hybrid-predictive target_replicas=3 upper_forecasts=None
2026-09-12 13:17:25 [debug    ] Decision loop completed        action=MAINTAIN latency_ms=96.53 p99=139.53333333333333
2026-09-12 13:17:40 [warning  ] Knative pre-warm non-200       status=404
2026-09-12 13:17:40 [info     ] controller_decision_v3         action=REACTIVE available_replicas=3 budget_remaining=1000 burn_adjustment=0 burst_ratio=0.0094 capacity_deficit=False confidence=0 current_load=50.422222222222224 decision_id=da5094b9 k8s_capacity=49.9 k8s_weight=99 knative_weight=1 p99=103.0 predicted_load=0 r_effective=16.6 serverless_enabled=True total_load=50.4 weights_after={'k3s': 99, 'knative': 1} weights_before={'k3s': 100, 'knative': 0}
2026-09-12 13:17:40 [info     ] Weights updated                k3s=99 knative=1
2026-09-12 13:17:40 [info     ] Weights updated                action=REACTIVE reason='load=50RPS | k8s_cap=50RPS | (burst-routing)' weights={'k3s': 99, 'knative': 1}
2026-09-12 13:17:40 [info     ] algorithm2_scaling_decision    action=MAINTAIN alpha=0.060060060060060066 beta=0.0 buffer=1.0 current_replicas=3 predicted_load=46.26666666666667 required_resources=2.779 target_replicas=3
2026-09-12 13:17:40 [info     ] algorithm2_decision            action=MAINTAIN applied_target=3 current_replicas=3 hold_until=0.0 observed_load=46.27 observed_target=3 point_forecasts=None prediction_age_sec=None predictive_target=3 proactive=False scenario=s4-hybrid-predictive target_replicas=3 upper_forecasts=None
2026-09-12 13:17:40 [debug    ] Decision loop completed        action=REACTIVE latency_ms=95.31 p99=102.99999999999969
2026-09-12 13:17:55 [info     ] controller_decision_v3         action=REACTIVE available_replicas=3 budget_remaining=1000 burn_adjustment=0 burst_ratio=0.0282 capacity_deficit=False confidence=0 current_load=51.40000000000001 decision_id=7ade6ac7 k8s_capacity=49.9 k8s_weight=97 knative_weight=3 p99=99.6 predicted_load=0 r_effective=16.6 serverless_enabled=True total_load=51.4 weights_after={'k3s': 97, 'knative': 3} weights_before={'k3s': 99, 'knative': 1}
2026-09-12 13:17:55 [info     ] Weights updated                k3s=97 knative=3
2026-09-12 13:17:55 [info     ] Weights updated                action=REACTIVE reason='load=51RPS | k8s_cap=50RPS | (burst-routing)' weights={'k3s': 97, 'knative': 3}
2026-09-12 13:17:55 [info     ] algorithm2_scaling_decision    action=SCALE_UP alpha=0.060060060060060066 beta=0.0 buffer=1.0 current_replicas=3 predicted_load=50.91111111111112 required_resources=3.058 target_replicas=4
2026-09-12 13:17:55 [info     ] algorithm2_decision            action=SCALE_UP applied_target=4 current_replicas=3 hold_until=0.0 observed_load=50.91 observed_target=4 point_forecasts=None prediction_age_sec=None predictive_target=3 proactive=False scenario=s4-hybrid-predictive target_replicas=4 upper_forecasts=None
2026-09-12 13:17:55 [info     ] k8s_scale_executed             deployment=test-app-warm replicas=4
2026-09-12 13:17:55 [debug    ] Decision loop completed        action=REACTIVE latency_ms=132.45 p99=99.55759599332221
2026-09-12 13:18:10 [info     ] controller_decision_v3         action=RECOVERY available_replicas=3 budget_remaining=1000 burn_adjustment=0 burst_ratio=0 capacity_deficit=False confidence=0 current_load=47.6888888888889 decision_id=6de9b3f6 k8s_capacity=49.9 k8s_weight=100 knative_weight=0 p99=99.8 predicted_load=0 r_effective=16.6 serverless_enabled=False total_load=47.7 weights_after={'k3s': 100, 'knative': 0} weights_before={'k3s': 97, 'knative': 3}
2026-09-12 13:18:10 [info     ] Weights updated                k3s=100 knative=0
2026-09-12 13:18:10 [info     ] Weights updated                action=RECOVERY reason='load=48RPS | k8s_cap=50RPS | (reducing-serverless)' weights={'k3s': 100, 'knative': 0}
2026-09-12 13:18:10 [info     ] algorithm2_scaling_decision    action=MAINTAIN alpha=0.060060060060060066 beta=0.0 buffer=1.0 current_replicas=4 predicted_load=49.54444444444445 required_resources=2.976 target_replicas=3
2026-09-12 13:18:10 [info     ] algorithm2_decision            action=MAINTAIN applied_target=3 current_replicas=4 hold_until=0.0 observed_load=49.54 observed_target=3 point_forecasts=None prediction_age_sec=None predictive_target=3 proactive=False scenario=s4-hybrid-predictive target_replicas=3 upper_forecasts=None
2026-09-12 13:18:10 [debug    ] Decision loop completed        action=RECOVERY latency_ms=130.55 p99=99.82881597717547
2026-09-12 13:18:25 [warning  ] Knative pre-warm non-200       status=404
2026-09-12 13:18:25 [info     ] controller_decision_v3         action=REACTIVE available_replicas=3 budget_remaining=1000 burn_adjustment=0 burst_ratio=0.0386 capacity_deficit=False confidence=0 current_load=51.95555555555555 decision_id=eef32829 k8s_capacity=49.9 k8s_weight=96 knative_weight=4 p99=159.7 predicted_load=0 r_effective=16.6 serverless_enabled=True total_load=52.0 weights_after={'k3s': 96, 'knative': 4} weights_before={'k3s': 100, 'knative': 0}
2026-09-12 13:18:25 [info     ] Weights updated                k3s=96 knative=4
2026-09-12 13:18:25 [info     ] Weights updated                action=REACTIVE reason='load=52RPS | k8s_cap=50RPS | (burst-routing)' weights={'k3s': 96, 'knative': 4}
2026-09-12 13:18:25 [info     ] algorithm2_scaling_decision    action=MAINTAIN alpha=0.060060060060060066 beta=0.0 buffer=1.0 current_replicas=4 predicted_load=49.82222222222222 required_resources=2.992 target_replicas=3
2026-09-12 13:18:25 [info     ] algorithm2_decision            action=MAINTAIN applied_target=3 current_replicas=4 hold_until=0.0 observed_load=49.82 observed_target=3 point_forecasts=None prediction_age_sec=None predictive_target=3 proactive=False scenario=s4-hybrid-predictive target_replicas=3 upper_forecasts=None
2026-09-12 13:18:25 [debug    ] Decision loop completed        action=REACTIVE latency_ms=98.16 p99=159.66666666666634
2026-09-12 13:18:40 [info     ] controller_decision_v3         action=REACTIVE available_replicas=3 budget_remaining=1000 burn_adjustment=0 burst_ratio=0.1486 capacity_deficit=False confidence=0 current_load=58.666666666666664 decision_id=22b2ee52 k8s_capacity=49.9 k8s_weight=85 knative_weight=15 p99=157.6 predicted_load=0 r_effective=16.6 serverless_enabled=True total_load=58.7 weights_after={'k3s': 85, 'knative': 15} weights_before={'k3s': 96, 'knative': 4}
2026-09-12 13:18:40 [info     ] Weights updated                k3s=85 knative=15
2026-09-12 13:18:40 [info     ] Weights updated                action=REACTIVE reason='load=59RPS | k8s_cap=50RPS | (burst-routing)' weights={'k3s': 85, 'knative': 15}
2026-09-12 13:18:40 [info     ] algorithm2_scaling_decision    action=MAINTAIN alpha=0.060060060060060066 beta=0.0 buffer=1.0 current_replicas=4 predicted_load=55.3111111111111 required_resources=3.322 target_replicas=4
2026-09-12 13:18:40 [info     ] algorithm2_decision            action=MAINTAIN applied_target=4 current_replicas=4 hold_until=0.0 observed_load=55.31 observed_target=4 point_forecasts=None prediction_age_sec=None predictive_target=3 proactive=False scenario=s4-hybrid-predictive target_replicas=4 upper_forecasts=None
2026-09-12 13:18:40 [debug    ] Decision loop completed        action=REACTIVE latency_ms=98.94 p99=157.63636363636377
2026-09-12 13:18:55 [info     ] controller_decision_v3         action=REACTIVE available_replicas=3 budget_remaining=1000 burn_adjustment=0 burst_ratio=0.2171 capacity_deficit=False confidence=0 current_load=63.800000000000004 decision_id=fb11dee5 k8s_capacity=49.9 k8s_weight=78 knative_weight=22 p99=148.9 predicted_load=0 r_effective=16.6 serverless_enabled=True total_load=63.8 weights_after={'k3s': 78, 'knative': 22} weights_before={'k3s': 85, 'knative': 15}
2026-09-12 13:18:55 [info     ] Weights updated                k3s=78 knative=22
2026-09-12 13:18:55 [info     ] Weights updated                action=REACTIVE reason='load=64RPS | k8s_cap=50RPS | (burst-routing)' weights={'k3s': 78, 'knative': 22}
2026-09-12 13:18:55 [info     ] algorithm2_scaling_decision    action=MAINTAIN alpha=0.060060060060060066 beta=0.0 buffer=1.0 current_replicas=4 predicted_load=61.233333333333334 required_resources=3.678 target_replicas=4
2026-09-12 13:18:55 [info     ] algorithm2_decision            action=MAINTAIN applied_target=4 current_replicas=4 hold_until=0.0 observed_load=61.23 observed_target=4 point_forecasts=None prediction_age_sec=None predictive_target=3 proactive=False scenario=s4-hybrid-predictive target_replicas=4 upper_forecasts=None
2026-09-12 13:18:55 [debug    ] Decision loop completed        action=REACTIVE latency_ms=93.99 p99=148.89473684210446
2026-09-12 13:19:10 [info     ] controller_decision_v3         action=REACTIVE available_replicas=3 budget_remaining=1000 burn_adjustment=0 burst_ratio=0.2375 capacity_deficit=False confidence=0 current_load=65.51111111111109 decision_id=53f6e51c k8s_capacity=49.9 k8s_weight=76 knative_weight=24 p99=145.0 predicted_load=0 r_effective=16.6 serverless_enabled=True total_load=65.5 weights_after={'k3s': 76, 'knative': 24} weights_before={'k3s': 78, 'knative': 22}
2026-09-12 13:19:10 [info     ] Weights updated                k3s=76 knative=24
2026-09-12 13:19:10 [info     ] Weights updated                action=REACTIVE reason='load=66RPS | k8s_cap=50RPS | (burst-routing)' weights={'k3s': 76, 'knative': 24}
2026-09-12 13:19:10 [info     ] algorithm2_scaling_decision    action=MAINTAIN alpha=0.060060060060060066 beta=0.0 buffer=1.0 current_replicas=4 predicted_load=64.65555555555555 required_resources=3.883 target_replicas=4
2026-09-12 13:19:10 [info     ] algorithm2_decision            action=MAINTAIN applied_target=4 current_replicas=4 hold_until=0.0 observed_load=64.66 observed_target=4 point_forecasts=None prediction_age_sec=None predictive_target=3 proactive=False scenario=s4-hybrid-predictive target_replicas=4 upper_forecasts=None
2026-09-12 13:19:10 [debug    ] Decision loop completed        action=REACTIVE latency_ms=96.65 p99=144.99999999999952
2026-09-12 13:19:25 [info     ] controller_decision_v3         action=REACTIVE available_replicas=3 budget_remaining=1000 burn_adjustment=0 burst_ratio=0.3092 capacity_deficit=False confidence=0 current_load=72.31111111111109 decision_id=72ae79b7 k8s_capacity=49.9 k8s_weight=69 knative_weight=31 p99=152.4 predicted_load=0 r_effective=16.6 serverless_enabled=True total_load=72.3 weights_after={'k3s': 69, 'knative': 31} weights_before={'k3s': 76, 'knative': 24}
2026-09-12 13:19:25 [info     ] Weights updated                k3s=69 knative=31
2026-09-12 13:19:25 [info     ] Weights updated                action=REACTIVE reason='load=72RPS | k8s_cap=50RPS | (burst-routing)' weights={'k3s': 69, 'knative': 31}
2026-09-12 13:19:25 [info     ] algorithm2_scaling_decision    action=SCALE_UP alpha=0.060060060060060066 beta=0.0 buffer=1.0 current_replicas=4 predicted_load=68.9111111111111 required_resources=4.139 target_replicas=5
2026-09-12 13:19:25 [info     ] algorithm2_decision            action=SCALE_UP applied_target=5 current_replicas=4 hold_until=0.0 observed_load=68.91 observed_target=5 point_forecasts=None prediction_age_sec=None predictive_target=3 proactive=False scenario=s4-hybrid-predictive target_replicas=5 upper_forecasts=None
2026-09-12 13:19:26 [info     ] k8s_scale_executed             deployment=test-app-warm replicas=5
2026-09-12 13:19:26 [debug    ] Decision loop completed        action=REACTIVE latency_ms=144.14 p99=152.38461538461507
2026-09-12 13:19:41 [info     ] controller_decision_v3         action=RECOVERY available_replicas=5 budget_remaining=1000 burn_adjustment=0 burst_ratio=0 capacity_deficit=False confidence=0 current_load=80.79999999999998 decision_id=6b730f56 k8s_capacity=83.2 k8s_weight=100 knative_weight=0 p99=185.0 predicted_load=0 r_effective=16.6 serverless_enabled=False total_load=80.8 weights_after={'k3s': 100, 'knative': 0} weights_before={'k3s': 69, 'knative': 31}
2026-09-12 13:19:41 [info     ] Weights updated                k3s=100 knative=0
2026-09-12 13:19:41 [info     ] Weights updated                action=RECOVERY reason='load=81RPS | k8s_cap=83RPS | (reducing-serverless)' weights={'k3s': 100, 'knative': 0}
2026-09-12 13:19:41 [info     ] Scale readiness observed       elapsed_sec=15.1 ewma_delay=46.5 samples=1 target=5
2026-09-12 13:19:41 [info     ] algorithm2_scaling_decision    action=MAINTAIN alpha=0.060060060060060066 beta=0.0 buffer=1.0 current_replicas=5 predicted_load=76.55555555555554 required_resources=4.598 target_replicas=5
2026-09-12 13:19:41 [info     ] algorithm2_decision            action=MAINTAIN applied_target=5 current_replicas=5 hold_until=0.0 observed_load=76.56 observed_target=5 point_forecasts=None prediction_age_sec=None predictive_target=3 proactive=False scenario=s4-hybrid-predictive target_replicas=5 upper_forecasts=None
2026-09-12 13:19:41 [debug    ] Decision loop completed        action=RECOVERY latency_ms=132.55 p99=185.0259740259739
2026-09-12 13:19:56 [warning  ] Knative pre-warm non-200       status=404
2026-09-12 13:19:56 [info     ] controller_decision_v3         action=REACTIVE available_replicas=5 budget_remaining=999 burn_adjustment=0 burst_ratio=0.0575 capacity_deficit=False confidence=0 current_load=88.3333333333333 decision_id=020831db k8s_capacity=83.2 k8s_weight=94 knative_weight=6 p99=463.0 predicted_load=0 r_effective=16.6 serverless_enabled=True total_load=88.3 weights_after={'k3s': 94, 'knative': 6} weights_before={'k3s': 100, 'knative': 0}
2026-09-12 13:19:56 [info     ] Weights updated                k3s=94 knative=6
2026-09-12 13:19:56 [info     ] Weights updated                action=REACTIVE reason='load=88RPS | k8s_cap=83RPS | (burst-routing)' weights={'k3s': 94, 'knative': 6}
2026-09-12 13:19:56 [info     ] algorithm2_scaling_decision    action=SCALE_UP alpha=0.060060060060060066 beta=0.0 buffer=1.0 current_replicas=5 predicted_load=84.56666666666663 required_resources=5.079 target_replicas=6
2026-09-12 13:19:56 [info     ] algorithm2_decision            action=SCALE_UP applied_target=6 current_replicas=5 hold_until=0.0 observed_load=84.57 observed_target=6 point_forecasts=None prediction_age_sec=None predictive_target=3 proactive=False scenario=s4-hybrid-predictive target_replicas=6 upper_forecasts=None
2026-09-12 13:19:56 [info     ] k8s_scale_executed             deployment=test-app-warm replicas=6
2026-09-12 13:19:56 [debug    ] Decision loop completed        action=REACTIVE latency_ms=134.11 p99=462.9615384615381
2026-09-12 13:20:11 [info     ] Scale readiness observed       elapsed_sec=15.1 ewma_delay=37.1 samples=2 target=6
2026-09-12 13:20:11 [info     ] algorithm2_scaling_decision    action=MAINTAIN alpha=0.060060060060060066 beta=0.0 buffer=1.0 current_replicas=6 predicted_load=97.0300994444444 required_resources=5.828 target_replicas=6
2026-09-12 13:20:11 [info     ] algorithm2_decision            action=MAINTAIN applied_target=6 current_replicas=6 hold_until=0.0 observed_load=97.03 observed_target=6 point_forecasts=None prediction_age_sec=None predictive_target=3 proactive=False scenario=s4-hybrid-predictive target_replicas=6 upper_forecasts=None
2026-09-12 13:20:11 [debug    ] Decision loop completed        action=MAINTAIN latency_ms=94.25 p99=491.33772398753894
2026-09-12 13:20:26 [info     ] controller_decision_v3         action=REACTIVE available_replicas=6 budget_remaining=997 burn_adjustment=0 burst_ratio=0.1125 capacity_deficit=False confidence=0 current_load=112.56490499999998 decision_id=8d6a8540 k8s_capacity=99.9 k8s_weight=88 knative_weight=12 p99=494.5 predicted_load=0 r_effective=16.6 serverless_enabled=True total_load=112.6 weights_after={'k3s': 88, 'knative': 12} weights_before={'k3s': 94, 'knative': 6}
2026-09-12 13:20:26 [info     ] Weights updated                k3s=88 knative=12
2026-09-12 13:20:26 [info     ] Weights updated                action=REACTIVE reason='load=113RPS | k8s_cap=100RPS | (burst-routing)' weights={'k3s': 88, 'knative': 12}
2026-09-12 13:20:26 [info     ] algorithm2_scaling_decision    action=MAINTAIN alpha=0.060060060060060066 beta=0.0 buffer=1.0 current_replicas=6 predicted_load=109.14588527777775 required_resources=6.555 target_replicas=6
2026-09-12 13:20:26 [info     ] algorithm2_decision            action=MAINTAIN applied_target=6 current_replicas=6 hold_until=0.0 observed_load=109.15 observed_target=6 point_forecasts=None prediction_age_sec=None predictive_target=3 proactive=False scenario=s4-hybrid-predictive target_replicas=6 upper_forecasts=None
2026-09-12 13:20:26 [debug    ] Decision loop completed        action=REACTIVE latency_ms=100.85 p99=494.48502994011994
2026-09-12 13:20:41 [info     ] controller_decision_v3         action=REACTIVE available_replicas=6 budget_remaining=996 burn_adjustment=0 burst_ratio=0.1459 capacity_deficit=False confidence=0 current_load=116.96892814814812 decision_id=f8bff4b7 k8s_capacity=99.9 k8s_weight=85 knative_weight=15 p99=489.0 predicted_load=0 r_effective=16.6 serverless_enabled=True total_load=117.0 weights_after={'k3s': 85, 'knative': 15} weights_before={'k3s': 88, 'knative': 12}
2026-09-12 13:20:41 [info     ] Weights updated                k3s=85 knative=15
2026-09-12 13:20:41 [info     ] Weights updated                action=REACTIVE reason='load=117RPS | k8s_cap=100RPS | (burst-routing)' weights={'k3s': 85, 'knative': 15}
2026-09-12 13:20:41 [info     ] algorithm2_scaling_decision    action=MAINTAIN alpha=0.060060060060060066 beta=0.0 buffer=1.0 current_replicas=6 predicted_load=114.76691657407406 required_resources=6.893 target_replicas=6
2026-09-12 13:20:41 [info     ] algorithm2_decision            action=MAINTAIN applied_target=6 current_replicas=6 hold_until=0.0 observed_load=114.77 observed_target=6 point_forecasts=None prediction_age_sec=None predictive_target=3 proactive=False scenario=s4-hybrid-predictive target_replicas=6 upper_forecasts=None
2026-09-12 13:20:41 [debug    ] Decision loop completed        action=REACTIVE latency_ms=101.17 p99=489.0163934426235
2026-09-12 13:20:56 [info     ] controller_decision_v3         action=RECOVERY available_replicas=6 budget_remaining=996 burn_adjustment=0 burst_ratio=0.0534 capacity_deficit=False confidence=0 current_load=105.53936666666665 decision_id=82410a43 k8s_capacity=99.9 k8s_weight=94 knative_weight=6 p99=169.8 predicted_load=0 r_effective=16.6 serverless_enabled=True total_load=105.5 weights_after={'k3s': 94, 'knative': 6} weights_before={'k3s': 85, 'knative': 15}
2026-09-12 13:20:56 [info     ] Weights updated                k3s=94 knative=6
2026-09-12 13:20:56 [info     ] Weights updated                action=RECOVERY reason='load=106RPS | k8s_cap=100RPS | (reducing-serverless)' weights={'k3s': 94, 'knative': 6}
2026-09-12 13:20:56 [info     ] algorithm2_scaling_decision    action=MAINTAIN alpha=0.060060060060060066 beta=0.0 buffer=1.0 current_replicas=6 predicted_load=111.25414740740739 required_resources=6.682 target_replicas=6
2026-09-12 13:20:56 [info     ] algorithm2_decision            action=MAINTAIN applied_target=6 current_replicas=6 hold_until=0.0 observed_load=111.25 observed_target=6 point_forecasts=None prediction_age_sec=None predictive_target=3 proactive=False scenario=s4-hybrid-predictive target_replicas=6 upper_forecasts=None
2026-09-12 13:20:56 [debug    ] Decision loop completed        action=RECOVERY latency_ms=126.87 p99=169.78125000000014
2026-09-12 13:21:11 [info     ] controller_decision_v3         action=RECOVERY available_replicas=6 budget_remaining=996 burn_adjustment=0 burst_ratio=0 capacity_deficit=False confidence=0 current_load=86.24444444444438 decision_id=7068b297 k8s_capacity=99.9 k8s_weight=100 knative_weight=0 p99=99.9 predicted_load=0 r_effective=16.6 serverless_enabled=False total_load=86.2 weights_after={'k3s': 100, 'knative': 0} weights_before={'k3s': 94, 'knative': 6}
2026-09-12 13:21:11 [info     ] Weights updated                k3s=100 knative=0
2026-09-12 13:21:11 [info     ] Weights updated                action=RECOVERY reason='load=86RPS | k8s_cap=100RPS | (reducing-serverless)' weights={'k3s': 100, 'knative': 0}
2026-09-12 13:21:11 [info     ] algorithm2_scaling_decision    action=MAINTAIN alpha=0.060060060060060066 beta=0.0 buffer=1.0 current_replicas=6 predicted_load=95.89190555555552 required_resources=5.759 target_replicas=6
2026-09-12 13:21:11 [info     ] algorithm2_decision            action=MAINTAIN applied_target=6 current_replicas=6 hold_until=0.0 observed_load=95.89 observed_target=6 point_forecasts=None prediction_age_sec=None predictive_target=3 proactive=False scenario=s4-hybrid-predictive target_replicas=6 upper_forecasts=None
2026-09-12 13:21:11 [debug    ] Decision loop completed        action=RECOVERY latency_ms=128.62 p99=99.93505154639176
2026-09-12 13:21:26 [debug    ] GRU prediction received        confidence=0.6 latency_ms=3.91 predicted=121
2026-09-12 13:21:26 [debug    ] Using GRU prediction           confidence=0.6 forecast_capacity_signal=54.5 predicted=121 required_steps=4
2026-09-12 13:21:26 [info     ] algorithm2_scaling_decision    action=MAINTAIN alpha=0.060060060060060066 beta=0.0 buffer=1.0 current_replicas=6 predicted_load=80.71111111111108 required_resources=4.848 target_replicas=5
2026-09-12 13:21:26 [info     ] algorithm2_decision            action=MAINTAIN applied_target=5 current_replicas=6 hold_until=0.0 observed_load=80.71 observed_target=5 point_forecasts=[64.9249267578125, 61.28693389892578, 57.17151641845703, 54.492515563964844, 53.85490036010742, 50.54304122924805, 50.006282806396484, 49.4271240234375, 49.66783905029297] prediction_age_sec=0.07 predictive_target=4 proactive=False scenario=s4-hybrid-predictive target_replicas=5 upper_forecasts=[119.82154846191406, 121.01081848144531, 116.26933288574219, 113.70995330810547, 113.53128051757812, 110.28443908691406, 110.13861083984375, 109.33210754394531, 109.74722290039062]
2026-09-12 13:21:26 [debug    ] Decision loop completed        action=MAINTAIN latency_ms=109.19 p99=99.90856592877768
2026-09-12 13:21:41 [debug    ] GRU prediction received        confidence=0.6 latency_ms=4.36 predicted=119
2026-09-12 13:21:41 [debug    ] Using GRU prediction           confidence=0.6 forecast_capacity_signal=53.9 predicted=119 required_steps=4
2026-09-12 13:21:42 [info     ] algorithm2_scaling_decision    action=MAINTAIN alpha=0.060060060060060066 beta=0.0 buffer=1.0 current_replicas=6 predicted_load=68.93333333333332 required_resources=4.14 target_replicas=5
2026-09-12 13:21:42 [info     ] algorithm2_decision            action=MAINTAIN applied_target=5 current_replicas=6 hold_until=0.0 observed_load=68.93 observed_target=5 point_forecasts=[60.753684997558594, 59.68280029296875, 57.17634201049805, 53.876399993896484, 53.822391510009766, 51.65449523925781, 51.596458435058594, 51.617767333984375, 51.884742736816406] prediction_age_sec=0.06 predictive_target=4 proactive=False scenario=s4-hybrid-predictive target_replicas=5 upper_forecasts=[115.65029907226562, 119.40669250488281, 116.27415466308594, 113.09384155273438, 113.49876403808594, 111.3958969116211, 111.72879028320312, 111.52275085449219, 111.96412658691406]
2026-09-12 13:21:42 [debug    ] Decision loop completed        action=MAINTAIN latency_ms=102.17 p99=99.69036697247708
2026-09-12 13:21:57 [debug    ] GRU prediction received        confidence=0.6 latency_ms=3.5 predicted=120
2026-09-12 13:21:57 [debug    ] Using GRU prediction           confidence=0.6 forecast_capacity_signal=55.7 predicted=120 required_steps=4
2026-09-12 13:21:57 [info     ] algorithm2_scaling_decision    action=SCALE_DOWN alpha=0.060060060060060066 beta=0.0 buffer=1.0 current_replicas=6 predicted_load=63.48236333333334 required_resources=3.813 target_replicas=4
2026-09-12 13:21:57 [info     ] algorithm2_decision            action=SCALE_DOWN applied_target=4 current_replicas=6 hold_until=0.0 observed_load=63.48 observed_target=4 point_forecasts=[62.03773880004883, 60.62693786621094, 58.64739990234375, 55.711429595947266, 55.76246643066406, 53.91170120239258, 54.49058532714844, 54.66069030761719, 55.030181884765625] prediction_age_sec=0.06 predictive_target=4 proactive=False scenario=s4-hybrid-predictive target_replicas=4 upper_forecasts=[116.93435668945312, 120.350830078125, 117.7452163696289, 114.92886352539062, 115.4388427734375, 113.65310668945312, 114.62290954589844, 114.565673828125, 115.10956573486328]
2026-09-12 13:21:57 [info     ] k8s_scale_executed             deployment=test-app-warm replicas=4
2026-09-12 13:21:57 [debug    ] Decision loop completed        action=MAINTAIN latency_ms=137.53 p99=99.599486521181
2026-09-12 13:22:12 [debug    ] GRU prediction received        confidence=0.6 latency_ms=4.09 predicted=123
2026-09-12 13:22:12 [debug    ] Using GRU prediction           confidence=0.6 forecast_capacity_signal=58.7 predicted=123 required_steps=4
2026-09-12 13:22:12 [warning  ] Knative pre-warm non-200       status=404
2026-09-12 13:22:12 [info     ] controller_decision_v3         action=PREDICTIVE available_replicas=4 budget_remaining=995 burn_adjustment=0 burst_ratio=0.0517 capacity_deficit=False confidence=0.6 current_load=70.23175388888886 decision_id=2c65966a k8s_capacity=66.6 k8s_weight=94 knative_weight=6 p99=392.4 predicted_load=123 r_effective=16.6 serverless_enabled=True total_load=70.2 weights_after={'k3s': 94, 'knative': 6} weights_before={'k3s': 100, 'knative': 0}
2026-09-12 13:22:12 [info     ] Weights updated                k3s=94 knative=6
2026-09-12 13:22:12 [info     ] Weights updated                action=PREDICTIVE reason='load=70RPS | k8s_cap=67RPS | (prediction-driven)' weights={'k3s': 94, 'knative': 6}
2026-09-12 13:22:12 [info     ] algorithm2_scaling_decision    action=SCALE_UP alpha=0.060060060060060066 beta=0.0 buffer=1.0 current_replicas=4 predicted_load=67.25379583333333 required_resources=4.039 target_replicas=5
2026-09-12 13:22:12 [info     ] algorithm2_decision            action=SCALE_UP applied_target=5 current_replicas=4 hold_until=0.0 observed_load=67.25 observed_target=5 point_forecasts=[64.86670684814453, 63.078617095947266, 61.49295425415039, 58.747589111328125, 58.79528045654297, 57.4434700012207, 58.08330535888672, 58.196929931640625, 58.50178909301758] prediction_age_sec=0.07 predictive_target=4 proactive=False scenario=s4-hybrid-predictive target_replicas=5 upper_forecasts=[119.76332092285156, 122.80250549316406, 120.59077453613281, 117.96502685546875, 118.4716567993164, 117.18487548828125, 118.21563720703125, 118.10191345214844, 118.5811767578125]
2026-09-12 13:22:12 [info     ] k8s_scale_executed             deployment=test-app-warm replicas=5
2026-09-12 13:22:12 [debug    ] Decision loop completed        action=PREDICTIVE latency_ms=139.13 p99=392.40540540540394
2026-09-12 13:22:27 [debug    ] GRU prediction received        confidence=0.6 latency_ms=5.18 predicted=131
2026-09-12 13:22:27 [debug    ] Using GRU prediction           confidence=0.6 forecast_capacity_signal=66.1 predicted=131 required_steps=4
2026-09-12 13:22:27 [debug    ] Proactive amplification        amplified=143.8 approach_ratio=1.16 load_trend=5.3 raw_pred=131
2026-09-12 13:22:27 [info     ] controller_decision_v3         action=PREDICTIVE available_replicas=5 budget_remaining=994 burn_adjustment=0 burst_ratio=0.1353 capacity_deficit=False confidence=0.6 current_load=96.28003555555553 decision_id=052a89f9 k8s_capacity=83.2 k8s_weight=86 knative_weight=14 p99=1753.0 predicted_load=131 r_effective=16.6 serverless_enabled=True total_load=96.3 weights_after={'k3s': 86, 'knative': 14} weights_before={'k3s': 94, 'knative': 6}
2026-09-12 13:22:27 [info     ] Weights updated                k3s=86 knative=14
2026-09-12 13:22:27 [info     ] Weights updated                action=PREDICTIVE reason='load=96RPS | k8s_cap=83RPS | (prediction-driven)' weights={'k3s': 86, 'knative': 14}
2026-09-12 13:22:27 [info     ] Scale readiness observed       elapsed_sec=15.1 ewma_delay=30.5 samples=3 target=5
2026-09-12 13:22:27 [info     ] algorithm2_scaling_decision    action=SCALE_UP alpha=0.060060060060060066 beta=0.0 buffer=1.0 current_replicas=5 predicted_load=83.2558947222222 required_resources=5.0 target_replicas=6
2026-09-12 13:22:27 [info     ] algorithm2_decision            action=SCALE_UP applied_target=6 current_replicas=5 hold_until=0.0 observed_load=83.26 observed_target=6 point_forecasts=[76.18736267089844, 70.7309799194336, 68.42401123046875, 66.05326080322266, 65.4587173461914, 64.14071655273438, 64.52771759033203, 63.92270278930664, 64.01737213134766] prediction_age_sec=0.07 predictive_target=4 proactive=False scenario=s4-hybrid-predictive target_replicas=6 upper_forecasts=[131.083984375, 130.45486450195312, 127.5218276977539, 125.27069854736328, 125.13509368896484, 123.88211822509766, 124.66004943847656, 123.82768249511719, 124.09675598144531]
2026-09-12 13:22:27 [info     ] k8s_scale_executed             deployment=test-app-warm replicas=6
2026-09-12 13:22:27 [debug    ] Decision loop completed        action=PREDICTIVE latency_ms=146.68 p99=1752.987012987015
2026-09-12 13:22:42 [debug    ] GRU prediction received        confidence=0.6 latency_ms=4.2 predicted=141
2026-09-12 13:22:42 [debug    ] Using GRU prediction           confidence=0.6 forecast_capacity_signal=73.6 predicted=141 required_steps=4
2026-09-12 13:22:42 [debug    ] Proactive amplification        amplified=225.0 approach_ratio=1.13 load_trend=12.5 raw_pred=141
2026-09-12 13:22:42 [info     ] controller_decision_v3         action=RECOVERY available_replicas=6 budget_remaining=993 burn_adjustment=0 burst_ratio=0.113 capacity_deficit=False confidence=0.6 current_load=112.62222222222218 decision_id=cd406e4d k8s_capacity=99.9 k8s_weight=88 knative_weight=12 p99=977.7 predicted_load=141 r_effective=16.6 serverless_enabled=True total_load=112.6 weights_after={'k3s': 88, 'knative': 12} weights_before={'k3s': 86, 'knative': 14}
2026-09-12 13:22:42 [info     ] Weights updated                k3s=88 knative=12
2026-09-12 13:22:42 [info     ] Weights updated                action=RECOVERY reason='load=113RPS | k8s_cap=100RPS | (reducing-serverless)' weights={'k3s': 88, 'knative': 12}
2026-09-12 13:22:42 [info     ] Scale readiness observed       elapsed_sec=15.1 ewma_delay=25.9 samples=4 target=6
2026-09-12 13:22:42 [info     ] algorithm2_scaling_decision    action=MAINTAIN alpha=0.060060060060060066 beta=0.0 buffer=1.0 current_replicas=6 predicted_load=104.45112888888886 required_resources=6.273 target_replicas=6
2026-09-12 13:22:42 [info     ] algorithm2_decision            action=MAINTAIN applied_target=6 current_replicas=6 hold_until=0.0 observed_load=104.45 observed_target=6 point_forecasts=[85.85521697998047, 78.55391693115234, 75.48837280273438, 73.62322998046875, 72.84794616699219, 71.01019287109375, 70.97053527832031, 69.82112121582031, 69.467529296875] prediction_age_sec=0.1 predictive_target=5 proactive=False scenario=s4-hybrid-predictive target_replicas=6 upper_forecasts=[140.7518310546875, 138.27780151367188, 134.586181640625, 132.84066772460938, 132.52432250976562, 130.7515869140625, 131.1028594970703, 129.72610473632812, 129.54690551757812]
2026-09-12 13:22:42 [debug    ] Decision loop completed        action=RECOVERY latency_ms=141.1 p99=977.7272727272732
2026-09-12 13:22:57 [debug    ] GRU prediction received        confidence=0.6 latency_ms=3.27 predicted=144
2026-09-12 13:22:57 [debug    ] Using GRU prediction           confidence=0.6 forecast_capacity_signal=79.9 predicted=144 required_steps=3
2026-09-12 13:22:57 [debug    ] Proactive amplification        amplified=214.4 approach_ratio=1.11 load_trend=11.5 raw_pred=144
2026-09-12 13:22:57 [info     ] controller_decision_v3         action=RECOVERY available_replicas=6 budget_remaining=993 burn_adjustment=0 burst_ratio=0.0957 capacity_deficit=False confidence=0.6 current_load=110.46962444444443 decision_id=b7b3cacb k8s_capacity=99.9 k8s_weight=90 knative_weight=10 p99=179.6 predicted_load=144 r_effective=16.6 serverless_enabled=True total_load=110.5 weights_after={'k3s': 90, 'knative': 10} weights_before={'k3s': 88, 'knative': 12}
2026-09-12 13:22:57 [info     ] Weights updated                k3s=90 knative=10
2026-09-12 13:22:57 [info     ] Weights updated                action=RECOVERY reason='load=110RPS | k8s_cap=100RPS | (reducing-serverless)' weights={'k3s': 90, 'knative': 10}
2026-09-12 13:22:57 [info     ] algorithm2_scaling_decision    action=MAINTAIN alpha=0.060060060060060066 beta=0.0 buffer=1.0 current_replicas=6 predicted_load=111.5459233333333 required_resources=6.699 target_replicas=6
2026-09-12 13:22:57 [info     ] algorithm2_decision            action=MAINTAIN applied_target=6 current_replicas=6 hold_until=0.0 observed_load=111.55 observed_target=6 point_forecasts=[89.27696228027344, 82.98049926757812, 79.94332885742188, 78.72235107421875, 77.77587890625, 75.29206848144531, 75.13096618652344, 74.49404907226562, 73.5346908569336] prediction_age_sec=0.1 predictive_target=5 proactive=False scenario=s4-hybrid-predictive target_replicas=6 upper_forecasts=[144.173583984375, 142.7043914794922, 139.0411376953125, 137.93978881835938, 137.45225524902344, 135.03347778320312, 135.26329040527344, 134.39903259277344, 133.61407470703125]
2026-09-12 13:22:57 [debug    ] Decision loop completed        action=RECOVERY latency_ms=143.03 p99=179.60000000000028
2026-09-12 13:23:12 [debug    ] GRU prediction received        confidence=0.6 latency_ms=3.67 predicted=143
2026-09-12 13:23:12 [debug    ] Using GRU prediction           confidence=0.6 forecast_capacity_signal=80.7 predicted=143 required_steps=3
2026-09-12 13:23:12 [debug    ] Proactive amplification        amplified=147.1 approach_ratio=0.94 load_trend=5.9 raw_pred=143
2026-09-12 13:23:12 [info     ] controller_decision_v3         action=RECOVERY available_replicas=6 budget_remaining=993 burn_adjustment=0 burst_ratio=0 capacity_deficit=False confidence=0.6 current_load=93.87298666666668 decision_id=61783efc k8s_capacity=99.9 k8s_weight=100 knative_weight=0 p99=130.1 predicted_load=143 r_effective=16.6 serverless_enabled=False total_load=93.9 weights_after={'k3s': 100, 'knative': 0} weights_before={'k3s': 90, 'knative': 10}
2026-09-12 13:23:12 [info     ] Weights updated                k3s=100 knative=0
2026-09-12 13:23:12 [info     ] Weights updated                action=RECOVERY reason='load=94RPS | k8s_cap=100RPS | (reducing-serverless)' weights={'k3s': 100, 'knative': 0}
2026-09-12 13:23:12 [info     ] algorithm2_scaling_decision    action=MAINTAIN alpha=0.060060060060060066 beta=0.0 buffer=1.0 current_replicas=6 predicted_load=102.17130555555556 required_resources=6.136 target_replicas=6
2026-09-12 13:23:12 [info     ] algorithm2_decision            action=MAINTAIN applied_target=6 current_replicas=6 hold_until=0.0 observed_load=102.17 observed_target=6 point_forecasts=[85.24842834472656, 82.78099822998047, 80.7441635131836, 79.01986694335938, 78.36463928222656, 75.92249298095703, 75.86051940917969, 75.67350006103516, 75.10549926757812] prediction_age_sec=0.1 predictive_target=5 proactive=False scenario=s4-hybrid-predictive target_replicas=6 upper_forecasts=[140.14505004882812, 142.5048828125, 139.84197998046875, 138.2373046875, 138.041015625, 135.6638946533203, 135.9928436279297, 135.57847595214844, 135.18487548828125]
2026-09-12 13:23:12 [debug    ] Decision loop completed        action=RECOVERY latency_ms=138.01 p99=130.11111111111032
2026-09-12 13:23:27 [debug    ] GRU prediction received        confidence=0.6 latency_ms=4.16 predicted=142
2026-09-12 13:23:27 [debug    ] Using GRU prediction           confidence=0.6 forecast_capacity_signal=80.4 predicted=142 required_steps=3
2026-09-12 13:23:28 [info     ] algorithm2_scaling_decision    action=MAINTAIN alpha=0.060060060060060066 beta=0.0 buffer=1.0 current_replicas=6 predicted_load=88.25871555555554 required_resources=5.301 target_replicas=6
2026-09-12 13:23:28 [info     ] algorithm2_decision            action=MAINTAIN applied_target=6 current_replicas=6 hold_until=0.0 observed_load=88.26 observed_target=6 point_forecasts=[82.4437026977539, 81.97151947021484, 80.37646484375, 78.53441619873047, 77.98607635498047, 75.79957580566406, 76.01689147949219, 75.99398803710938, 76.0863037109375] prediction_age_sec=0.07 predictive_target=5 proactive=False scenario=s4-hybrid-predictive target_replicas=6 upper_forecasts=[137.34031677246094, 141.69540405273438, 139.47427368164062, 137.75186157226562, 137.66244506835938, 135.54098510742188, 136.1492156982422, 135.8989715576172, 136.16567993164062]
2026-09-12 13:23:28 [debug    ] Decision loop completed        action=MAINTAIN latency_ms=109.07 p99=165.2222222222227
2026-09-12 13:23:43 [debug    ] GRU prediction received        confidence=0.6 latency_ms=3.85 predicted=143
2026-09-12 13:23:43 [debug    ] Using GRU prediction           confidence=0.6 forecast_capacity_signal=81.4 predicted=143 required_steps=3
2026-09-12 13:23:43 [info     ] algorithm2_scaling_decision    action=MAINTAIN alpha=0.060060060060060066 beta=0.0 buffer=1.0 current_replicas=6 predicted_load=85.88610444444441 required_resources=5.158 target_replicas=6
2026-09-12 13:23:43 [info     ] algorithm2_decision            action=MAINTAIN applied_target=6 current_replicas=6 hold_until=0.0 observed_load=85.89 observed_target=6 point_forecasts=[85.83646392822266, 83.50177764892578, 81.40475463867188, 79.73438262939453, 78.85665893554688, 76.96125793457031, 77.5663070678711, 77.25308227539062, 77.60236358642578] prediction_age_sec=0.06 predictive_target=5 proactive=False scenario=s4-hybrid-predictive target_replicas=6 upper_forecasts=[140.7330780029297, 143.2256622314453, 140.5025634765625, 138.95181274414062, 138.5330352783203, 136.70266723632812, 137.69863891601562, 137.15806579589844, 137.68174743652344]
2026-09-12 13:23:43 [debug    ] Decision loop completed        action=MAINTAIN latency_ms=98.12 p99=194.0561552795032
2026-09-12 13:23:58 [debug    ] GRU prediction received        confidence=0.6 latency_ms=3.13 predicted=151
2026-09-12 13:23:58 [debug    ] Using GRU prediction           confidence=0.6 forecast_capacity_signal=86.0 predicted=151 required_steps=3
2026-09-12 13:23:58 [warning  ] Knative pre-warm non-200       status=404
2026-09-12 13:23:58 [info     ] controller_decision_v3         action=PREDICTIVE available_replicas=6 budget_remaining=992 burn_adjustment=0 burst_ratio=0.1277 capacity_deficit=False confidence=0.6 current_load=114.53030444444441 decision_id=7e38cc36 k8s_capacity=99.9 k8s_weight=87 knative_weight=13 p99=475.1 predicted_load=151 r_effective=16.6 serverless_enabled=True total_load=114.5 weights_after={'k3s': 87, 'knative': 13} weights_before={'k3s': 100, 'knative': 0}
2026-09-12 13:23:58 [info     ] Weights updated                k3s=87 knative=13
2026-09-12 13:23:58 [info     ] Weights updated                action=PREDICTIVE reason='load=115RPS | k8s_cap=100RPS | (prediction-driven)' weights={'k3s': 87, 'knative': 13}
2026-09-12 13:23:58 [info     ] algorithm2_scaling_decision    action=MAINTAIN alpha=0.060060060060060066 beta=0.0 buffer=1.0 current_replicas=6 predicted_load=101.82903444444442 required_resources=6.116 target_replicas=6
2026-09-12 13:23:58 [info     ] algorithm2_decision            action=MAINTAIN applied_target=6 current_replicas=6 hold_until=0.0 observed_load=101.83 observed_target=6 point_forecasts=[96.37133026123047, 89.30425262451172, 85.95040893554688, 84.3460693359375, 83.282958984375, 81.77532958984375, 81.9093246459961, 80.88583374023438, 81.0123062133789] prediction_age_sec=0.07 predictive_target=6 proactive=False scenario=s4-hybrid-predictive target_replicas=6 upper_forecasts=[151.2679443359375, 149.02813720703125, 145.0482177734375, 143.56350708007812, 142.95933532714844, 141.5167236328125, 142.04165649414062, 140.7908172607422, 141.09169006347656]
2026-09-12 13:23:58 [debug    ] Decision loop completed        action=PREDICTIVE latency_ms=106.34 p99=475.05531914893584
2026-09-12 13:24:13 [debug    ] GRU prediction received        confidence=0.6 latency_ms=4.04 predicted=161
2026-09-12 13:24:13 [debug    ] Using GRU prediction           confidence=0.6 forecast_capacity_signal=91.3 predicted=161 required_steps=3
2026-09-12 13:24:13 [debug    ] Proactive amplification        amplified=246.8 approach_ratio=1.41 load_trend=11.8 raw_pred=161
2026-09-12 13:24:13 [info     ] controller_decision_v3         action=PREDICTIVE available_replicas=6 budget_remaining=991 burn_adjustment=0 burst_ratio=0.2912 capacity_deficit=False confidence=0.6 current_load=140.9416772222222 decision_id=6b6d7549 k8s_capacity=99.9 k8s_weight=70 knative_weight=30 p99=971.3 predicted_load=161 r_effective=16.6 serverless_enabled=True total_load=140.9 weights_after={'k3s': 70, 'knative': 30} weights_before={'k3s': 87, 'knative': 13}
2026-09-12 13:24:13 [info     ] Weights updated                k3s=70 knative=30
2026-09-12 13:24:13 [info     ] Weights updated                action=PREDICTIVE reason='load=141RPS | k8s_cap=100RPS | (prediction-driven)' weights={'k3s': 70, 'knative': 30}
2026-09-12 13:24:13 [info     ] algorithm2_scaling_decision    action=MAINTAIN alpha=0.060060060060060066 beta=0.0 buffer=1.0 current_replicas=6 predicted_load=127.73599083333332 required_resources=7.672 target_replicas=6
2026-09-12 13:24:13 [info     ] algorithm2_decision            action=MAINTAIN applied_target=6 current_replicas=6 hold_until=0.0 observed_load=127.74 observed_target=6 point_forecasts=[106.19618225097656, 95.54299926757812, 91.31192779541016, 89.82952117919922, 88.82957458496094, 87.3475112915039, 86.22084045410156, 85.92706298828125, 84.3747329711914] prediction_age_sec=0.06 predictive_target=6 proactive=False scenario=s4-hybrid-predictive target_replicas=6 upper_forecasts=[161.09280395507812, 155.2668914794922, 150.4097442626953, 149.04696655273438, 148.50595092773438, 147.0889129638672, 146.35316467285156, 145.83204650878906, 144.45411682128906]
2026-09-12 13:24:13 [debug    ] Decision loop completed        action=PREDICTIVE latency_ms=101.04 p99=971.2655601659757
2026-09-12 13:24:28 [debug    ] GRU prediction received        confidence=0.6 latency_ms=3.93 predicted=171
2026-09-12 13:24:28 [debug    ] Using GRU prediction           confidence=0.6 forecast_capacity_signal=98.3 predicted=171 required_steps=3
2026-09-12 13:24:28 [debug    ] Proactive amplification        amplified=339.8 approach_ratio=1.62 load_trend=19.8 raw_pred=171
2026-09-12 13:24:28 [info     ] controller_decision_v3         action=PREDICTIVE available_replicas=6 budget_remaining=990 burn_adjustment=0 burst_ratio=0.3825 capacity_deficit=False confidence=0.6 current_load=161.77408148148146 decision_id=b5e727a8 k8s_capacity=99.9 k8s_weight=61 knative_weight=39 p99=488.1 predicted_load=171 r_effective=16.6 serverless_enabled=True total_load=161.8 weights_after={'k3s': 61, 'knative': 39} weights_before={'k3s': 70, 'knative': 30}
2026-09-12 13:24:28 [info     ] Weights updated                k3s=61 knative=39
2026-09-12 13:24:28 [info     ] Weights updated                action=PREDICTIVE reason='load=162RPS | k8s_cap=100RPS | (prediction-driven)' weights={'k3s': 61, 'knative': 39}
2026-09-12 13:24:28 [info     ] algorithm2_scaling_decision    action=MAINTAIN alpha=0.060060060060060066 beta=0.0 buffer=1.0 current_replicas=6 predicted_load=151.35787935185184 required_resources=9.091 target_replicas=6
2026-09-12 13:24:28 [info     ] algorithm2_decision            action=MAINTAIN applied_target=6 current_replicas=6 hold_until=0.0 observed_load=151.36 observed_target=6 point_forecasts=[115.89027404785156, 102.6436767578125, 98.29793548583984, 96.86186981201172, 94.87642669677734, 94.14983367919922, 91.51502227783203, 91.77293395996094, 89.21539306640625] prediction_age_sec=0.06 predictive_target=6 proactive=False scenario=s4-hybrid-predictive target_replicas=6 upper_forecasts=[170.78689575195312, 162.36756896972656, 157.395751953125, 156.07931518554688, 154.55279541015625, 153.8912353515625, 151.64735412597656, 151.67791748046875, 149.29476928710938]
2026-09-12 13:24:28 [debug    ] Decision loop completed        action=PREDICTIVE latency_ms=110.59 p99=488.07936507936523
2026-09-12 13:24:43 [debug    ] GRU prediction received        confidence=0.6 latency_ms=3.61 predicted=173
2026-09-12 13:24:43 [debug    ] Using GRU prediction           confidence=0.6 forecast_capacity_signal=104.0 predicted=173 required_steps=3
2026-09-12 13:24:43 [debug    ] Proactive amplification        amplified=315.3 approach_ratio=1.59 load_trend=17.4 raw_pred=173
2026-09-12 13:24:43 [info     ] controller_decision_v3         action=RECOVERY available_replicas=6 budget_remaining=990 burn_adjustment=0 burst_ratio=0.3706 capacity_deficit=False confidence=0.6 current_load=158.73333333333335 decision_id=32c7050a k8s_capacity=99.9 k8s_weight=62 knative_weight=38 p99=99.9 predicted_load=173 r_effective=16.6 serverless_enabled=True total_load=158.7 weights_after={'k3s': 62, 'knative': 38} weights_before={'k3s': 61, 'knative': 39}
2026-09-12 13:24:43 [info     ] Weights updated                k3s=62 knative=38
2026-09-12 13:24:43 [info     ] Weights updated                action=RECOVERY reason='load=159RPS | k8s_cap=100RPS | (reducing-serverless)' weights={'k3s': 62, 'knative': 38}
2026-09-12 13:24:43 [info     ] algorithm2_scaling_decision    action=MAINTAIN alpha=0.060060060060060066 beta=0.0 buffer=1.0 current_replicas=6 predicted_load=160.2537074074074 required_resources=9.625 target_replicas=6
2026-09-12 13:24:43 [info     ] algorithm2_decision            action=MAINTAIN applied_target=6 current_replicas=6 hold_until=0.0 observed_load=160.25 observed_target=6 point_forecasts=[118.17476654052734, 107.57725524902344, 104.03755187988281, 102.33760833740234, 99.59491729736328, 99.15933227539062, 96.83606719970703, 96.89146423339844, 93.48681640625] prediction_age_sec=0.11 predictive_target=6 proactive=False scenario=s4-hybrid-predictive target_replicas=6 upper_forecasts=[173.07138061523438, 167.3011474609375, 163.1353759765625, 161.5550537109375, 159.27130126953125, 158.90072631835938, 156.96839904785156, 156.79644775390625, 153.56619262695312]
2026-09-12 13:24:43 [debug    ] Decision loop completed        action=RECOVERY latency_ms=145.65 p99=99.94931439764937
2026-09-12 13:24:58 [debug    ] GRU prediction received        confidence=0.6 latency_ms=3.11 predicted=172
2026-09-12 13:24:58 [debug    ] Using GRU prediction           confidence=0.6 forecast_capacity_signal=107.3 predicted=172 required_steps=3
2026-09-12 13:24:58 [debug    ] Proactive amplification        amplified=204.7 approach_ratio=1.42 load_trend=6.9 raw_pred=172
2026-09-12 13:24:58 [info     ] controller_decision_v3         action=RECOVERY available_replicas=6 budget_remaining=990 burn_adjustment=0 burst_ratio=0.2978 capacity_deficit=False confidence=0.6 current_load=142.26666666666668 decision_id=ffe9b558 k8s_capacity=99.9 k8s_weight=70 knative_weight=30 p99=99.6 predicted_load=172 r_effective=16.6 serverless_enabled=True total_load=142.3 weights_after={'k3s': 70, 'knative': 30} weights_before={'k3s': 62, 'knative': 38}
2026-09-12 13:24:58 [info     ] Weights updated                k3s=70 knative=30
2026-09-12 13:24:58 [info     ] Weights updated                action=RECOVERY reason='load=142RPS | k8s_cap=100RPS | (reducing-serverless)' weights={'k3s': 70, 'knative': 30}
2026-09-12 13:24:58 [info     ] algorithm2_scaling_decision    action=MAINTAIN alpha=0.060060060060060066 beta=0.0 buffer=1.0 current_replicas=6 predicted_load=150.5 required_resources=9.039 target_replicas=6
2026-09-12 13:24:58 [info     ] algorithm2_decision            action=MAINTAIN applied_target=6 current_replicas=6 hold_until=0.0 observed_load=150.5 observed_target=6 point_forecasts=[116.97161865234375, 110.4775390625, 107.28510284423828, 105.430908203125, 102.48257446289062, 102.52961730957031, 100.61637115478516, 100.58631134033203, 96.4367904663086] prediction_age_sec=0.09 predictive_target=6 proactive=False scenario=s4-hybrid-predictive target_replicas=6 upper_forecasts=[171.8682403564453, 170.20143127441406, 166.38291931152344, 164.64834594726562, 162.15895080566406, 162.27102661132812, 160.7487030029297, 160.4912872314453, 156.51617431640625]
2026-09-12 13:24:58 [debug    ] Decision loop completed        action=RECOVERY latency_ms=133.86 p99=99.60377358490565
2026-09-12 13:25:13 [debug    ] GRU prediction received        confidence=0.6 latency_ms=3.58 predicted=171
2026-09-12 13:25:13 [debug    ] Using GRU prediction           confidence=0.6 forecast_capacity_signal=108.4 predicted=171 required_steps=3
2026-09-12 13:25:13 [info     ] controller_decision_v3         action=RECOVERY available_replicas=6 budget_remaining=990 burn_adjustment=0 burst_ratio=0.2024 capacity_deficit=False confidence=0.6 current_load=125.24444444444441 decision_id=09b95161 k8s_capacity=99.9 k8s_weight=79 knative_weight=21 p99=99.8 predicted_load=171 r_effective=16.6 serverless_enabled=True total_load=125.2 weights_after={'k3s': 79, 'knative': 21} weights_before={'k3s': 70, 'knative': 30}
2026-09-12 13:25:13 [info     ] Weights updated                k3s=79 knative=21
2026-09-12 13:25:13 [info     ] Weights updated                action=RECOVERY reason='load=125RPS | k8s_cap=100RPS | (reducing-serverless)' weights={'k3s': 79, 'knative': 21}
2026-09-12 13:25:13 [info     ] algorithm2_scaling_decision    action=MAINTAIN alpha=0.060060060060060066 beta=0.0 buffer=1.0 current_replicas=6 predicted_load=133.75555555555553 required_resources=8.033 target_replicas=6
2026-09-12 13:25:13 [info     ] algorithm2_decision            action=MAINTAIN applied_target=6 current_replicas=6 hold_until=0.0 observed_load=133.76 observed_target=6 point_forecasts=[114.70059204101562, 111.13028717041016, 108.36975860595703, 105.88023376464844, 103.29436492919922, 103.64048767089844, 101.99376678466797, 101.71341705322266, 97.47193145751953] prediction_age_sec=0.1 predictive_target=6 proactive=False scenario=s4-hybrid-predictive target_replicas=6 upper_forecasts=[169.5972137451172, 170.8541717529297, 167.4675750732422, 165.09767150878906, 162.97073364257812, 163.38189697265625, 162.1260986328125, 161.61839294433594, 157.5513153076172]
2026-09-12 13:25:13 [debug    ] Decision loop completed        action=RECOVERY latency_ms=139.71 p99=99.7728587962963
2026-09-12 13:25:28 [debug    ] GRU prediction received        confidence=0.6 latency_ms=3.17 predicted=171
2026-09-12 13:25:28 [debug    ] Using GRU prediction           confidence=0.6 forecast_capacity_signal=108.3 predicted=171 required_steps=3
2026-09-12 13:25:28 [info     ] controller_decision_v3         action=RECOVERY available_replicas=6 budget_remaining=990 burn_adjustment=0 burst_ratio=0.1562 capacity_deficit=False confidence=0.6 current_load=118.39999999999995 decision_id=6edbb8f2 k8s_capacity=99.9 k8s_weight=84 knative_weight=16 p99=99.8 predicted_load=171 r_effective=16.6 serverless_enabled=True total_load=118.4 weights_after={'k3s': 84, 'knative': 16} weights_before={'k3s': 79, 'knative': 21}
2026-09-12 13:25:28 [info     ] Weights updated                k3s=84 knative=16
2026-09-12 13:25:28 [info     ] Weights updated                action=RECOVERY reason='load=118RPS | k8s_cap=100RPS | (reducing-serverless)' weights={'k3s': 84, 'knative': 16}
2026-09-12 13:25:28 [info     ] algorithm2_scaling_decision    action=MAINTAIN alpha=0.060060060060060066 beta=0.0 buffer=1.0 current_replicas=6 predicted_load=121.82222222222218 required_resources=7.317 target_replicas=6
2026-09-12 13:25:28 [info     ] algorithm2_decision            action=MAINTAIN applied_target=6 current_replicas=6 hold_until=0.0 observed_load=121.82 observed_target=6 point_forecasts=[113.77794647216797, 110.96263122558594, 108.2690200805664, 105.76509857177734, 103.45137023925781, 103.95824432373047, 102.33425903320312, 102.06206512451172, 98.04534912109375] prediction_age_sec=0.1 predictive_target=6 proactive=False scenario=s4-hybrid-predictive target_replicas=6 upper_forecasts=[168.674560546875, 170.6865234375, 167.36683654785156, 164.9825439453125, 163.12774658203125, 163.69964599609375, 162.46658325195312, 161.967041015625, 158.12472534179688]
2026-09-12 13:25:28 [debug    ] Decision loop completed        action=RECOVERY latency_ms=134.04 p99=99.77119129438718
2026-09-12 13:25:44 [debug    ] GRU prediction received        confidence=0.6 latency_ms=4.6 predicted=171
2026-09-12 13:25:44 [debug    ] Using GRU prediction           confidence=0.6 forecast_capacity_signal=108.0 predicted=171 required_steps=3
2026-09-12 13:25:44 [info     ] controller_decision_v3         action=PREDICTIVE available_replicas=6 budget_remaining=990 burn_adjustment=0 burst_ratio=0.1638 capacity_deficit=False confidence=0.6 current_load=119.46666666666664 decision_id=bfea103f k8s_capacity=99.9 k8s_weight=83 knative_weight=17 p99=105.7 predicted_load=171 r_effective=16.6 serverless_enabled=True total_load=119.5 weights_after={'k3s': 83, 'knative': 17} weights_before={'k3s': 84, 'knative': 16}
2026-09-12 13:25:44 [info     ] Weights updated                k3s=83 knative=17
2026-09-12 13:25:44 [info     ] Weights updated                action=PREDICTIVE reason='load=119RPS | k8s_cap=100RPS | (prediction-driven)' weights={'k3s': 83, 'knative': 17}
2026-09-12 13:25:44 [info     ] algorithm2_scaling_decision    action=MAINTAIN alpha=0.060060060060060066 beta=0.0 buffer=1.0 current_replicas=6 predicted_load=118.9333333333333 required_resources=7.143 target_replicas=6
2026-09-12 13:25:44 [info     ] algorithm2_decision            action=MAINTAIN applied_target=6 current_replicas=6 hold_until=0.0 observed_load=118.93 observed_target=6 point_forecasts=[113.9847640991211, 110.9236068725586, 108.0291748046875, 106.33917999267578, 104.04248809814453, 104.5216293334961, 102.9216537475586, 102.74838256835938, 99.11256408691406] prediction_age_sec=0.06 predictive_target=6 proactive=False scenario=s4-hybrid-predictive target_replicas=6 upper_forecasts=[168.88137817382812, 170.64749145507812, 167.12698364257812, 165.55661010742188, 163.7188720703125, 164.26303100585938, 163.05398559570312, 162.6533660888672, 159.19195556640625]
2026-09-12 13:25:44 [debug    ] Decision loop completed        action=PREDICTIVE latency_ms=102.0 p99=105.68421052631602
2026-09-12 13:25:59 [debug    ] GRU prediction received        confidence=0.6 latency_ms=3.46 predicted=170
2026-09-12 13:25:59 [debug    ] Using GRU prediction           confidence=0.6 forecast_capacity_signal=108.0 predicted=170 required_steps=3
2026-09-12 13:25:59 [info     ] controller_decision_v3         action=RECOVERY available_replicas=6 budget_remaining=990 burn_adjustment=0 burst_ratio=0.1581 capacity_deficit=False confidence=0.6 current_load=118.66666666666666 decision_id=bb6b9866 k8s_capacity=99.9 k8s_weight=84 knative_weight=16 p99=120.5 predicted_load=170 r_effective=16.6 serverless_enabled=True total_load=118.7 weights_after={'k3s': 84, 'knative': 16} weights_before={'k3s': 83, 'knative': 17}
2026-09-12 13:25:59 [info     ] Weights updated                k3s=84 knative=16
2026-09-12 13:25:59 [info     ] Weights updated                action=RECOVERY reason='load=119RPS | k8s_cap=100RPS | (reducing-serverless)' weights={'k3s': 84, 'knative': 16}
2026-09-12 13:25:59 [info     ] algorithm2_scaling_decision    action=MAINTAIN alpha=0.060060060060060066 beta=0.0 buffer=1.0 current_replicas=6 predicted_load=119.06666666666665 required_resources=7.151 target_replicas=6
2026-09-12 13:25:59 [info     ] algorithm2_decision            action=MAINTAIN applied_target=6 current_replicas=6 hold_until=0.0 observed_load=119.07 observed_target=6 point_forecasts=[113.36085510253906, 110.5848159790039, 107.992431640625, 106.93270874023438, 104.70390319824219, 105.08413696289062, 103.71166229248047, 103.6869125366211, 100.32704162597656] prediction_age_sec=0.09 predictive_target=6 proactive=False scenario=s4-hybrid-predictive target_replicas=6 upper_forecasts=[168.25747680664062, 170.30870056152344, 167.09024047851562, 166.150146484375, 164.38027954101562, 164.82553100585938, 163.843994140625, 163.59188842773438, 160.40643310546875]
2026-09-12 13:25:59 [debug    ] Decision loop completed        action=RECOVERY latency_ms=132.27 p99=120.50000000000033
2026-09-12 13:26:14 [debug    ] GRU prediction received        confidence=0.6 latency_ms=4.1 predicted=169
2026-09-12 13:26:14 [debug    ] Using GRU prediction           confidence=0.6 forecast_capacity_signal=107.7 predicted=169 required_steps=3
2026-09-12 13:26:14 [info     ] controller_decision_v3         action=RECOVERY available_replicas=6 budget_remaining=990 burn_adjustment=0 burst_ratio=0.0991 capacity_deficit=False confidence=0.6 current_load=110.88888888888889 decision_id=d5bfb537 k8s_capacity=99.9 k8s_weight=90 knative_weight=10 p99=99.9 predicted_load=169 r_effective=16.6 serverless_enabled=True total_load=110.9 weights_after={'k3s': 90, 'knative': 10} weights_before={'k3s': 84, 'knative': 16}
2026-09-12 13:26:14 [info     ] Weights updated                k3s=90 knative=10
2026-09-12 13:26:14 [info     ] Weights updated                action=RECOVERY reason='load=111RPS | k8s_cap=100RPS | (reducing-serverless)' weights={'k3s': 90, 'knative': 10}
2026-09-12 13:26:14 [info     ] algorithm2_scaling_decision    action=MAINTAIN alpha=0.060060060060060066 beta=0.0 buffer=1.0 current_replicas=6 predicted_load=114.77777777777777 required_resources=6.894 target_replicas=6
2026-09-12 13:26:14 [info     ] algorithm2_decision            action=MAINTAIN applied_target=6 current_replicas=6 hold_until=0.0 observed_load=114.78 observed_target=6 point_forecasts=[110.43850708007812, 109.41068267822266, 107.70707702636719, 106.76707458496094, 105.08030700683594, 105.22515106201172, 104.10575866699219, 104.52064514160156, 101.06202697753906] prediction_age_sec=0.1 predictive_target=6 proactive=False scenario=s4-hybrid-predictive target_replicas=6 upper_forecasts=[165.3351287841797, 169.1345672607422, 166.80490112304688, 165.98451232910156, 164.75668334960938, 164.966552734375, 164.2380828857422, 164.42562866210938, 161.14141845703125]
2026-09-12 13:26:14 [debug    ] Decision loop completed        action=RECOVERY latency_ms=137.4 p99=99.91036717062636
2026-09-12 13:26:29 [debug    ] GRU prediction received        confidence=0.6 latency_ms=3.85 predicted=167
2026-09-12 13:26:29 [debug    ] Using GRU prediction           confidence=0.6 forecast_capacity_signal=106.9 predicted=167 required_steps=3
2026-09-12 13:26:29 [info     ] controller_decision_v3         action=RECOVERY available_replicas=6 budget_remaining=990 burn_adjustment=0 burst_ratio=0 capacity_deficit=False confidence=0.6 current_load=99.24444444444443 decision_id=b708f8ad k8s_capacity=99.9 k8s_weight=100 knative_weight=0 p99=99.6 predicted_load=167 r_effective=16.6 serverless_enabled=False total_load=99.2 weights_after={'k3s': 100, 'knative': 0} weights_before={'k3s': 90, 'knative': 10}
2026-09-12 13:26:29 [info     ] Weights updated                k3s=100 knative=0
2026-09-12 13:26:29 [info     ] Weights updated                action=RECOVERY reason='load=99RPS | k8s_cap=100RPS | (reducing-serverless)' weights={'k3s': 100, 'knative': 0}
2026-09-12 13:26:29 [info     ] algorithm2_scaling_decision    action=MAINTAIN alpha=0.060060060060060066 beta=0.0 buffer=1.0 current_replicas=6 predicted_load=105.06666666666666 required_resources=6.31 target_replicas=6
2026-09-12 13:26:29 [info     ] algorithm2_decision            action=MAINTAIN applied_target=6 current_replicas=6 hold_until=0.0 observed_load=105.07 observed_target=6 point_forecasts=[106.09500122070312, 107.34030151367188, 106.94954681396484, 106.04878234863281, 104.82688903808594, 104.70240020751953, 104.49028015136719, 104.46041870117188, 101.99077606201172] prediction_age_sec=0.09 predictive_target=6 proactive=False scenario=s4-hybrid-predictive target_replicas=6 upper_forecasts=[160.9916229248047, 167.06419372558594, 166.04736328125, 165.26622009277344, 164.50326538085938, 164.4438018798828, 164.6226043701172, 164.3654022216797, 162.07015991210938]
2026-09-12 13:26:29 [debug    ] Decision loop completed        action=RECOVERY latency_ms=133.56 p99=99.64379084967321
2026-09-12 13:26:44 [debug    ] GRU prediction received        confidence=0.6 latency_ms=3.76 predicted=164
2026-09-12 13:26:44 [debug    ] Using GRU prediction           confidence=0.6 forecast_capacity_signal=104.3 predicted=164 required_steps=3
2026-09-12 13:26:44 [info     ] algorithm2_scaling_decision    action=MAINTAIN alpha=0.060060060060060066 beta=0.0 buffer=1.0 current_replicas=6 predicted_load=91.09999999999998 required_resources=5.471 target_replicas=6
2026-09-12 13:26:44 [info     ] algorithm2_decision            action=MAINTAIN applied_target=6 current_replicas=6 hold_until=0.0 observed_load=91.1 observed_target=6 point_forecasts=[98.29701232910156, 103.00505065917969, 104.31034851074219, 103.93254089355469, 103.3232421875, 103.20210266113281, 103.02552795410156, 103.65337371826172, 102.74531555175781] prediction_age_sec=0.06 predictive_target=6 proactive=False scenario=s4-hybrid-predictive target_replicas=6 upper_forecasts=[153.19363403320312, 162.72894287109375, 163.40817260742188, 163.1499786376953, 162.99961853027344, 162.94351196289062, 163.15785217285156, 163.558349609375, 162.82470703125]
2026-09-12 13:26:44 [debug    ] Decision loop completed        action=MAINTAIN latency_ms=101.46 p99=184.54347826086888
2026-09-12 13:26:59 [debug    ] GRU prediction received        confidence=0.6 latency_ms=3.89 predicted=163
2026-09-12 13:26:59 [debug    ] Using GRU prediction           confidence=0.6 forecast_capacity_signal=100.9 predicted=163 required_steps=3
2026-09-12 13:26:59 [info     ] algorithm2_scaling_decision    action=MAINTAIN alpha=0.060060060060060066 beta=0.0 buffer=1.0 current_replicas=6 predicted_load=100.89669036865234 required_resources=6.06 target_replicas=6
2026-09-12 13:26:59 [info     ] algorithm2_decision            action=MAINTAIN applied_target=6 current_replicas=6 hold_until=1789194509.7 observed_load=78.27 observed_target=5 point_forecasts=[92.14653778076172, 98.56785583496094, 100.89669036865234, 101.22496795654297, 101.33676147460938, 101.50992584228516, 101.49027252197266, 103.28691101074219, 102.69361114501953] prediction_age_sec=0.06 predictive_target=6 proactive=True scenario=s4-hybrid-predictive target_replicas=6 upper_forecasts=[147.04315185546875, 158.291748046875, 159.9945068359375, 160.44241333007812, 161.0131378173828, 161.25132751464844, 161.6226043701172, 163.19189453125, 162.7729949951172]
2026-09-12 13:26:59 [debug    ] Decision loop completed        action=MAINTAIN latency_ms=102.87 p99=151.15789473684185
2026-09-12 13:27:14 [debug    ] GRU prediction received        confidence=0.6 latency_ms=4.01 predicted=163
2026-09-12 13:27:14 [debug    ] Using GRU prediction           confidence=0.6 forecast_capacity_signal=98.8 predicted=163 required_steps=3
2026-09-12 13:27:14 [info     ] algorithm2_scaling_decision    action=MAINTAIN alpha=0.060060060060060066 beta=0.0 buffer=1.0 current_replicas=6 predicted_load=98.84068298339844 required_resources=5.936 target_replicas=6
2026-09-12 13:27:14 [info     ] algorithm2_decision            action=MAINTAIN applied_target=6 current_replicas=6 hold_until=1789194524.8 observed_load=73.56 observed_target=5 point_forecasts=[90.2957763671875, 96.45292663574219, 98.84068298339844, 99.85942840576172, 100.29058074951172, 100.66143035888672, 101.34355926513672, 103.15589904785156, 102.72139739990234] prediction_age_sec=0.06 predictive_target=6 proactive=True scenario=s4-hybrid-predictive target_replicas=6 upper_forecasts=[145.19239807128906, 156.17681884765625, 157.93850708007812, 159.07687377929688, 159.96694946289062, 160.40283203125, 161.47589111328125, 163.06088256835938, 162.80078125]
2026-09-12 13:27:14 [debug    ] Decision loop completed        action=MAINTAIN latency_ms=102.95 p99=99.76620180475801
2026-09-12 13:27:29 [debug    ] GRU prediction received        confidence=0.6 latency_ms=3.09 predicted=163
2026-09-12 13:27:29 [debug    ] Using GRU prediction           confidence=0.6 forecast_capacity_signal=98.5 predicted=163 required_steps=3
2026-09-12 13:27:29 [info     ] algorithm2_scaling_decision    action=MAINTAIN alpha=0.060060060060060066 beta=0.0 buffer=1.0 current_replicas=6 predicted_load=98.47103118896484 required_resources=5.914 target_replicas=6
2026-09-12 13:27:29 [info     ] algorithm2_decision            action=MAINTAIN applied_target=6 current_replicas=6 hold_until=1789194539.9 observed_load=77.02 observed_target=5 point_forecasts=[91.92120361328125, 96.6092758178711, 98.47103118896484, 99.79586029052734, 100.08877563476562, 101.03939819335938, 101.8935546875, 103.4469223022461, 102.75133514404297] prediction_age_sec=0.06 predictive_target=6 proactive=True scenario=s4-hybrid-predictive target_replicas=6 upper_forecasts=[146.8178253173828, 156.33316040039062, 157.56884765625, 159.0133056640625, 159.76515197753906, 160.78079223632812, 162.02587890625, 163.35189819335938, 162.83071899414062]
2026-09-12 13:27:29 [debug    ] Decision loop completed        action=MAINTAIN latency_ms=100.22 p99=99.95067087608524
2026-09-12 13:27:44 [debug    ] GRU prediction received        confidence=0.6 latency_ms=3.99 predicted=162
2026-09-12 13:27:44 [debug    ] Using GRU prediction           confidence=0.6 forecast_capacity_signal=97.8 predicted=162 required_steps=3
2026-09-12 13:27:44 [info     ] algorithm2_scaling_decision    action=MAINTAIN alpha=0.060060060060060066 beta=0.0 buffer=1.0 current_replicas=6 predicted_load=97.80613708496094 required_resources=5.874 target_replicas=6
2026-09-12 13:27:44 [info     ] algorithm2_decision            action=MAINTAIN applied_target=6 current_replicas=6 hold_until=1789194555.0 observed_load=80.92 observed_target=5 point_forecasts=[91.82491302490234, 95.9391860961914, 97.80613708496094, 98.93081665039062, 99.34563446044922, 100.3436050415039, 101.02351379394531, 102.46449279785156, 101.8937759399414] prediction_age_sec=0.06 predictive_target=6 proactive=True scenario=s4-hybrid-predictive target_replicas=6 upper_forecasts=[146.72152709960938, 155.66307067871094, 156.90396118164062, 158.14825439453125, 159.02200317382812, 160.0850067138672, 161.1558380126953, 162.36947631835938, 161.97315979003906]
2026-09-12 13:27:44 [debug    ] Decision loop completed        action=MAINTAIN latency_ms=101.87 p99=99.62352362204726
2026-09-12 13:28:00 [debug    ] GRU prediction received        confidence=0.6 latency_ms=4.43 predicted=160
2026-09-12 13:28:00 [debug    ] Using GRU prediction           confidence=0.6 forecast_capacity_signal=95.7 predicted=160 required_steps=3
2026-09-12 13:28:00 [info     ] algorithm2_scaling_decision    action=MAINTAIN alpha=0.060060060060060066 beta=0.0 buffer=1.0 current_replicas=6 predicted_load=95.71131134033203 required_resources=5.748 target_replicas=6
2026-09-12 13:28:00 [info     ] algorithm2_decision            action=MAINTAIN applied_target=6 current_replicas=6 hold_until=1789194570.1 observed_load=76.56 observed_target=5 point_forecasts=[87.79790496826172, 93.02725982666016, 95.71131134033203, 96.77357482910156, 97.73594665527344, 98.26703643798828, 98.73107147216797, 100.34992218017578, 100.33960723876953] prediction_age_sec=0.06 predictive_target=6 proactive=True scenario=s4-hybrid-predictive target_replicas=6 upper_forecasts=[142.69451904296875, 152.7511444091797, 154.8091278076172, 155.9910125732422, 157.41232299804688, 158.00843811035156, 158.8634033203125, 160.25489807128906, 160.4189910888672]
2026-09-12 13:28:00 [debug    ] Decision loop completed        action=MAINTAIN latency_ms=104.49 p99=99.84810126582278
2026-09-12 13:28:15 [debug    ] GRU prediction received        confidence=0.6 latency_ms=3.63 predicted=158
2026-09-12 13:28:15 [debug    ] Using GRU prediction           confidence=0.6 forecast_capacity_signal=92.3 predicted=158 required_steps=3
2026-09-12 13:28:15 [info     ] algorithm2_scaling_decision    action=MAINTAIN alpha=0.060060060060060066 beta=0.0 buffer=1.0 current_replicas=6 predicted_load=92.2613754272461 required_resources=5.541 target_replicas=6
2026-09-12 13:28:15 [info     ] algorithm2_decision            action=MAINTAIN applied_target=6 current_replicas=6 hold_until=1789194585.2 observed_load=65.43 observed_target=4 point_forecasts=[82.11901092529297, 88.56851959228516, 92.2613754272461, 93.63371276855469, 95.10232543945312, 95.29515838623047, 95.24819946289062, 97.89764404296875, 98.00502014160156] prediction_age_sec=0.06 predictive_target=6 proactive=True scenario=s4-hybrid-predictive target_replicas=6 upper_forecasts=[137.015625, 148.2924041748047, 151.35919189453125, 152.8511505126953, 154.77870178222656, 155.03656005859375, 155.38052368164062, 157.80262756347656, 158.08441162109375]
2026-09-12 13:28:15 [debug    ] Decision loop completed        action=MAINTAIN latency_ms=97.58 p99=99.60875706214689
2026-09-12 13:28:30 [debug    ] GRU prediction received        confidence=0.6 latency_ms=3.49 predicted=155
2026-09-12 13:28:30 [debug    ] Using GRU prediction           confidence=0.6 forecast_capacity_signal=88.9 predicted=155 required_steps=3
2026-09-12 13:28:30 [info     ] algorithm2_scaling_decision    action=MAINTAIN alpha=0.060060060060060066 beta=0.0 buffer=1.0 current_replicas=6 predicted_load=88.93675231933594 required_resources=5.342 target_replicas=6
2026-09-12 13:28:30 [info     ] algorithm2_decision            action=MAINTAIN applied_target=6 current_replicas=6 hold_until=1789194600.3 observed_load=55.71 observed_target=4 point_forecasts=[77.85176086425781, 84.7014389038086, 88.93675231933594, 90.02957916259766, 92.03800964355469, 92.0555419921875, 92.46394348144531, 95.26602935791016, 95.3051528930664] prediction_age_sec=0.06 predictive_target=6 proactive=True scenario=s4-hybrid-predictive target_replicas=6 upper_forecasts=[132.74838256835938, 144.42532348632812, 148.03457641601562, 149.24700927734375, 151.71438598632812, 151.79693603515625, 152.5962677001953, 155.17100524902344, 155.38453674316406]
2026-09-12 13:28:30 [debug    ] Decision loop completed        action=MAINTAIN latency_ms=101.16 p99=99.53776223776224
2026-09-12 13:28:45 [debug    ] GRU prediction received        confidence=0.6 latency_ms=4.03 predicted=153
2026-09-12 13:28:45 [debug    ] Using GRU prediction           confidence=0.6 forecast_capacity_signal=86.1 predicted=153 required_steps=3
2026-09-12 13:28:45 [info     ] algorithm2_scaling_decision    action=MAINTAIN alpha=0.060060060060060066 beta=0.0 buffer=1.0 current_replicas=6 predicted_load=86.06710815429688 required_resources=5.169 target_replicas=6
2026-09-12 13:28:45 [info     ] algorithm2_decision            action=MAINTAIN applied_target=6 current_replicas=6 hold_until=1789194615.4 observed_load=50.48 observed_target=4 point_forecasts=[74.92931365966797, 81.59709167480469, 86.06710815429688, 87.1329574584961, 89.5382308959961, 89.59904479980469, 90.44558715820312, 93.10343170166016, 92.97637176513672] prediction_age_sec=0.06 predictive_target=6 proactive=True scenario=s4-hybrid-predictive target_replicas=6 upper_forecasts=[129.825927734375, 141.32098388671875, 145.1649169921875, 146.35040283203125, 149.214599609375, 149.3404541015625, 150.57791137695312, 153.00840759277344, 153.05575561523438]
2026-09-12 13:28:45 [debug    ] Decision loop completed        action=MAINTAIN latency_ms=101.29 p99=99.94122383252818
2026-09-12 13:29:00 [debug    ] GRU prediction received        confidence=0.6 latency_ms=3.57 predicted=152
2026-09-12 13:29:00 [debug    ] Using GRU prediction           confidence=0.6 forecast_capacity_signal=84.1 predicted=152 required_steps=3
2026-09-12 13:29:00 [info     ] algorithm2_scaling_decision    action=MAINTAIN alpha=0.060060060060060066 beta=0.0 buffer=1.0 current_replicas=6 predicted_load=84.12736511230469 required_resources=5.053 target_replicas=6
2026-09-12 13:29:00 [info     ] algorithm2_decision            action=MAINTAIN applied_target=6 current_replicas=6 hold_until=1789194630.5 observed_load=47.71 observed_target=3 point_forecasts=[73.10945892333984, 79.53966522216797, 84.12736511230469, 85.10414123535156, 87.82781219482422, 88.09530639648438, 89.22525024414062, 91.65911102294922, 91.45372009277344] prediction_age_sec=0.07 predictive_target=6 proactive=True scenario=s4-hybrid-predictive target_replicas=6 upper_forecasts=[128.00607299804688, 139.2635498046875, 143.22518920898438, 144.3215789794922, 147.50418090820312, 147.83670043945312, 149.35757446289062, 151.5640869140625, 151.53311157226562]
2026-09-12 13:29:00 [debug    ] Decision loop completed        action=MAINTAIN latency_ms=104.76 p99=99.7820512820513
2026-09-12 13:29:15 [debug    ] GRU prediction received        confidence=0.6 latency_ms=3.94 predicted=152
2026-09-12 13:29:15 [debug    ] Using GRU prediction           confidence=0.6 forecast_capacity_signal=84.8 predicted=152 required_steps=3
2026-09-12 13:29:15 [info     ] algorithm2_scaling_decision    action=MAINTAIN alpha=0.060060060060060066 beta=0.0 buffer=1.0 current_replicas=6 predicted_load=84.77942657470703 required_resources=5.092 target_replicas=6
2026-09-12 13:29:15 [info     ] algorithm2_decision            action=MAINTAIN applied_target=6 current_replicas=6 hold_until=1789194645.6 observed_load=49.56 observed_target=3 point_forecasts=[74.79203796386719, 80.50838470458984, 84.77942657470703, 85.56815338134766, 88.44296264648438, 88.91165924072266, 90.25302124023438, 92.2617416381836, 91.90287017822266] prediction_age_sec=0.07 predictive_target=6 proactive=True scenario=s4-hybrid-predictive target_replicas=6 upper_forecasts=[129.68865966796875, 140.23226928710938, 143.8772430419922, 144.78558349609375, 148.1193389892578, 148.65306091308594, 150.38534545898438, 152.16671752929688, 151.9822540283203]
2026-09-12 13:29:15 [debug    ] Decision loop completed        action=MAINTAIN latency_ms=111.89 p99=99.73461939520334
2026-09-12 13:29:30 [debug    ] GRU prediction received        confidence=0.6 latency_ms=3.41 predicted=154
2026-09-12 13:29:30 [debug    ] Using GRU prediction           confidence=0.6 forecast_capacity_signal=87.2 predicted=154 required_steps=3
2026-09-12 13:29:30 [info     ] algorithm2_scaling_decision    action=MAINTAIN alpha=0.060060060060060066 beta=0.0 buffer=1.0 current_replicas=6 predicted_load=87.1749267578125 required_resources=5.236 target_replicas=6
2026-09-12 13:29:30 [info     ] algorithm2_decision            action=MAINTAIN applied_target=6 current_replicas=6 hold_until=1789194660.7 observed_load=56.76 observed_target=4 point_forecasts=[78.44409942626953, 83.19863891601562, 87.1749267578125, 87.60308837890625, 90.46878051757812, 90.98057556152344, 92.30870819091797, 93.92799377441406, 93.474609375] prediction_age_sec=0.06 predictive_target=6 proactive=True scenario=s4-hybrid-predictive target_replicas=6 upper_forecasts=[133.34071350097656, 142.9225311279297, 146.27273559570312, 146.82052612304688, 150.14515686035156, 150.72198486328125, 152.4410400390625, 153.83297729492188, 153.55398559570312]
2026-09-12 13:29:30 [debug    ] Decision loop completed        action=MAINTAIN latency_ms=106.69 p99=99.86617647058823
2026-09-12 13:29:45 [debug    ] GRU prediction received        confidence=0.6 latency_ms=4.78 predicted=156
2026-09-12 13:29:45 [debug    ] Using GRU prediction           confidence=0.6 forecast_capacity_signal=90.2 predicted=156 required_steps=3
2026-09-12 13:29:45 [info     ] algorithm2_scaling_decision    action=MAINTAIN alpha=0.060060060060060066 beta=0.0 buffer=1.0 current_replicas=6 predicted_load=90.2031478881836 required_resources=5.418 target_replicas=6
2026-09-12 13:29:45 [info     ] algorithm2_decision            action=MAINTAIN applied_target=6 current_replicas=6 hold_until=1789194675.8 observed_load=65.74 observed_target=4 point_forecasts=[82.72920989990234, 86.5755844116211, 90.2031478881836, 90.4046630859375, 92.97630310058594, 93.47918701171875, 94.59146881103516, 95.97007751464844, 95.57803344726562] prediction_age_sec=0.07 predictive_target=6 proactive=True scenario=s4-hybrid-predictive target_replicas=6 upper_forecasts=[137.62582397460938, 146.29946899414062, 149.30096435546875, 149.62210083007812, 152.65267944335938, 153.2205810546875, 154.7238006591797, 155.87506103515625, 155.65740966796875]
2026-09-12 13:29:45 [debug    ] Decision loop completed        action=MAINTAIN latency_ms=112.54 p99=99.81468871595331
2026-09-12 13:30:00 [debug    ] GRU prediction received        confidence=0.6 latency_ms=7.71 predicted=156
2026-09-12 13:30:00 [debug    ] Using GRU prediction           confidence=0.6 forecast_capacity_signal=90.7 predicted=156 required_steps=3
2026-09-12 13:30:00 [info     ] algorithm2_scaling_decision    action=MAINTAIN alpha=0.060060060060060066 beta=0.0 buffer=1.0 current_replicas=6 predicted_load=90.70487213134766 required_resources=5.448 target_replicas=6
2026-09-12 13:30:00 [info     ] algorithm2_decision            action=MAINTAIN applied_target=6 current_replicas=6 hold_until=1789194690.9 observed_load=71.07 observed_target=5 point_forecasts=[83.78128814697266, 87.24652862548828, 90.70487213134766, 91.0947265625, 93.39045715332031, 93.59066009521484, 94.17256164550781, 95.64804077148438, 95.52530670166016] prediction_age_sec=0.06 predictive_target=6 proactive=True scenario=s4-hybrid-predictive target_replicas=6 upper_forecasts=[138.6779022216797, 146.9704132080078, 149.8026885986328, 150.31216430664062, 153.06683349609375, 153.33206176757812, 154.3048858642578, 155.5530242919922, 155.6046905517578]
2026-09-12 13:30:00 [debug    ] Decision loop completed        action=MAINTAIN latency_ms=110.46 p99=99.71865889212827
2026-09-12 13:30:15 [debug    ] GRU prediction received        confidence=0.6 latency_ms=4.05 predicted=154
2026-09-12 13:30:15 [debug    ] Using GRU prediction           confidence=0.6 forecast_capacity_signal=89.8 predicted=154 required_steps=3
2026-09-12 13:30:16 [info     ] algorithm2_scaling_decision    action=MAINTAIN alpha=0.060060060060060066 beta=0.0 buffer=1.0 current_replicas=6 predicted_load=89.77115631103516 required_resources=5.392 target_replicas=6
2026-09-12 13:30:16 [info     ] algorithm2_decision            action=MAINTAIN applied_target=6 current_replicas=6 hold_until=1789194706.0 observed_load=71.19 observed_target=5 point_forecasts=[83.16796112060547, 86.41680908203125, 89.77115631103516, 90.52812194824219, 92.61922454833984, 92.2630386352539, 92.43962860107422, 94.0654296875, 94.29008483886719] prediction_age_sec=0.06 predictive_target=6 proactive=True scenario=s4-hybrid-predictive target_replicas=6 upper_forecasts=[138.0645751953125, 146.1407012939453, 148.8689727783203, 149.7455596923828, 152.29559326171875, 152.0044403076172, 152.57196044921875, 153.9704132080078, 154.36947631835938]
2026-09-12 13:30:16 [debug    ] Decision loop completed        action=MAINTAIN latency_ms=105.57 p99=99.52789256198348
2026-09-12 13:30:31 [debug    ] GRU prediction received        confidence=0.6 latency_ms=3.62 predicted=153
2026-09-12 13:30:31 [debug    ] Using GRU prediction           confidence=0.6 forecast_capacity_signal=88.9 predicted=153 required_steps=3
2026-09-12 13:30:31 [info     ] algorithm2_scaling_decision    action=MAINTAIN alpha=0.060060060060060066 beta=0.0 buffer=1.0 current_replicas=6 predicted_load=88.87269592285156 required_resources=5.338 target_replicas=6
2026-09-12 13:30:31 [info     ] algorithm2_decision            action=MAINTAIN applied_target=6 current_replicas=6 hold_until=1789194721.2 observed_load=70.31 observed_target=5 point_forecasts=[82.7164077758789, 85.76319885253906, 88.87269592285156, 89.94524383544922, 91.65794372558594, 91.0349349975586, 91.09217834472656, 92.77862548828125, 93.10399627685547] prediction_age_sec=0.06 predictive_target=6 proactive=True scenario=s4-hybrid-predictive target_replicas=6 upper_forecasts=[137.61302185058594, 145.48709106445312, 147.97052001953125, 149.16268920898438, 151.33432006835938, 150.77633666992188, 151.22450256347656, 152.68360900878906, 153.18338012695312]
2026-09-12 13:30:31 [debug    ] Decision loop completed        action=MAINTAIN latency_ms=107.42 p99=99.87053571428571
2026-09-12 13:30:46 [debug    ] GRU prediction received        confidence=0.6 latency_ms=4.43 predicted=154
2026-09-12 13:30:46 [debug    ] Using GRU prediction           confidence=0.6 forecast_capacity_signal=90.9 predicted=154 required_steps=3
2026-09-12 13:30:46 [info     ] algorithm2_scaling_decision    action=MAINTAIN alpha=0.060060060060060066 beta=0.0 buffer=1.0 current_replicas=6 predicted_load=90.90263366699219 required_resources=5.46 target_replicas=6
2026-09-12 13:30:46 [info     ] algorithm2_decision            action=MAINTAIN applied_target=6 current_replicas=6 hold_until=1789194736.3 observed_load=75.77 observed_target=5 point_forecasts=[86.92847442626953, 88.5079574584961, 90.90263366699219, 91.69332122802734, 92.88920593261719, 92.0091552734375, 92.30937957763672, 93.55393981933594, 93.90576171875] prediction_age_sec=0.07 predictive_target=6 proactive=True scenario=s4-hybrid-predictive target_replicas=6 upper_forecasts=[141.82508850097656, 148.23184204101562, 150.00045776367188, 150.9107666015625, 152.56558227539062, 151.75054931640625, 152.44171142578125, 153.45892333984375, 153.98513793945312]
2026-09-12 13:30:46 [debug    ] Decision loop completed        action=MAINTAIN latency_ms=106.03 p99=189.90769230769246
2026-09-12 13:31:01 [debug    ] GRU prediction received        confidence=0.6 latency_ms=3.11 predicted=157
2026-09-12 13:31:01 [debug    ] Using GRU prediction           confidence=0.6 forecast_capacity_signal=95.5 predicted=157 required_steps=3
2026-09-12 13:31:01 [debug    ] Proactive amplification        amplified=161.2 approach_ratio=0.99 load_trend=6.9 raw_pred=157
2026-09-12 13:31:01 [info     ] algorithm2_scaling_decision    action=MAINTAIN alpha=0.060060060060060066 beta=0.0 buffer=1.0 current_replicas=6 predicted_load=90.38888888888886 required_resources=5.429 target_replicas=6
2026-09-12 13:31:01 [info     ] algorithm2_decision            action=MAINTAIN applied_target=6 current_replicas=6 hold_until=1789194736.3 observed_load=90.39 observed_target=6 point_forecasts=[95.06590270996094, 94.0151138305664, 95.51411437988281, 96.33592224121094, 96.42411804199219, 95.44496154785156, 95.86077880859375, 96.88023376464844, 96.63449096679688] prediction_age_sec=0.06 predictive_target=6 proactive=False scenario=s4-hybrid-predictive target_replicas=6 upper_forecasts=[149.9625244140625, 153.73899841308594, 154.6119384765625, 155.55335998535156, 156.10049438476562, 155.18637084960938, 155.99310302734375, 156.78521728515625, 156.7138671875]
2026-09-12 13:31:01 [debug    ] Decision loop completed        action=MAINTAIN latency_ms=102.32 p99=438.66153846153793
2026-09-12 13:31:16 [debug    ] GRU prediction received        confidence=0.6 latency_ms=4.11 predicted=159
2026-09-12 13:31:16 [debug    ] Using GRU prediction           confidence=0.6 forecast_capacity_signal=98.2 predicted=159 required_steps=3
2026-09-12 13:31:16 [debug    ] Proactive amplification        amplified=171.9 approach_ratio=1.02 load_trend=7.8 raw_pred=159
2026-09-12 13:31:16 [warning  ] Knative pre-warm non-200       status=404
2026-09-12 13:31:16 [info     ] controller_decision_v3         action=PREDICTIVE available_replicas=6 budget_remaining=989 burn_adjustment=0 burst_ratio=0.018 capacity_deficit=False confidence=0.6 current_load=101.73333333333332 decision_id=040672d6 k8s_capacity=99.9 k8s_weight=98 knative_weight=2 p99=178.5 predicted_load=159 r_effective=16.6 serverless_enabled=True total_load=101.7 weights_after={'k3s': 98, 'knative': 2} weights_before={'k3s': 100, 'knative': 0}
2026-09-12 13:31:16 [info     ] Weights updated                k3s=98 knative=2
2026-09-12 13:31:16 [info     ] Weights updated                action=PREDICTIVE reason='load=102RPS | k8s_cap=100RPS | (prediction-driven)' weights={'k3s': 98, 'knative': 2}
2026-09-12 13:31:16 [info     ] algorithm2_scaling_decision    action=MAINTAIN alpha=0.060060060060060066 beta=0.0 buffer=1.0 current_replicas=6 predicted_load=100.5333333333333 required_resources=6.038 target_replicas=6
2026-09-12 13:31:16 [info     ] algorithm2_decision            action=MAINTAIN applied_target=6 current_replicas=6 hold_until=1789194736.3 observed_load=100.53 observed_target=6 point_forecasts=[98.31290435791016, 97.32965087890625, 98.16604614257812, 99.4704818725586, 99.05641174316406, 98.23701477050781, 97.97277069091797, 99.28593444824219, 98.54759979248047] prediction_age_sec=0.07 predictive_target=6 proactive=False scenario=s4-hybrid-predictive target_replicas=6 upper_forecasts=[153.2095184326172, 157.0535430908203, 157.26385498046875, 158.68792724609375, 158.7327880859375, 157.97842407226562, 158.1051025390625, 159.19091796875, 158.62698364257812]
2026-09-12 13:31:16 [debug    ] Decision loop completed        action=PREDICTIVE latency_ms=110.21 p99=178.45000000000013
2026-09-12 13:31:31 [debug    ] GRU prediction received        confidence=0.6 latency_ms=3.73 predicted=159
2026-09-12 13:31:31 [debug    ] Using GRU prediction           confidence=0.6 forecast_capacity_signal=98.4 predicted=159 required_steps=3
2026-09-12 13:31:31 [debug    ] Proactive amplification        amplified=159 approach_ratio=0.91 load_trend=5.1 raw_pred=159
2026-09-12 13:31:31 [info     ] controller_decision_v3         action=RECOVERY available_replicas=6 budget_remaining=989 burn_adjustment=0 burst_ratio=0 capacity_deficit=False confidence=0.6 current_load=90.57777777777775 decision_id=e66a8118 k8s_capacity=99.9 k8s_weight=100 knative_weight=0 p99=139.3 predicted_load=159 r_effective=16.6 serverless_enabled=False total_load=90.6 weights_after={'k3s': 100, 'knative': 0} weights_before={'k3s': 98, 'knative': 2}
2026-09-12 13:31:31 [info     ] Weights updated                k3s=100 knative=0
2026-09-12 13:31:31 [info     ] Weights updated                action=RECOVERY reason='load=91RPS | k8s_cap=100RPS | (reducing-serverless)' weights={'k3s': 100, 'knative': 0}
2026-09-12 13:31:31 [info     ] algorithm2_scaling_decision    action=MAINTAIN alpha=0.060060060060060066 beta=0.0 buffer=1.0 current_replicas=6 predicted_load=96.15555555555554 required_resources=5.775 target_replicas=6
2026-09-12 13:31:31 [info     ] algorithm2_decision            action=MAINTAIN applied_target=6 current_replicas=6 hold_until=1789194736.3 observed_load=96.16 observed_target=6 point_forecasts=[95.93360900878906, 97.05636596679688, 98.40542602539062, 99.19276428222656, 99.14384460449219, 98.46867370605469, 97.37101745605469, 98.91861724853516, 98.6587905883789] prediction_age_sec=0.09 predictive_target=6 proactive=False scenario=s4-hybrid-predictive target_replicas=6 upper_forecasts=[150.83023071289062, 156.78025817871094, 157.50323486328125, 158.4102020263672, 158.82022094726562, 158.2100830078125, 157.5033416748047, 158.82359313964844, 158.73817443847656]
2026-09-12 13:31:31 [debug    ] Decision loop completed        action=RECOVERY latency_ms=135.19 p99=139.26315789473594
2026-09-12 13:31:46 [debug    ] GRU prediction received        confidence=0.6 latency_ms=7.65 predicted=157
2026-09-12 13:31:46 [debug    ] Using GRU prediction           confidence=0.6 forecast_capacity_signal=95.0 predicted=157 required_steps=3
2026-09-12 13:31:46 [info     ] algorithm2_scaling_decision    action=MAINTAIN alpha=0.060060060060060066 beta=0.0 buffer=1.0 current_replicas=6 predicted_load=95.00762176513672 required_resources=5.706 target_replicas=6
2026-09-12 13:31:46 [info     ] algorithm2_decision            action=MAINTAIN applied_target=6 current_replicas=6 hold_until=1789194796.8 observed_load=82.48 observed_target=5 point_forecasts=[89.07968139648438, 92.82398986816406, 95.00762176513672, 95.61712646484375, 96.21925354003906, 95.48294830322266, 94.12232208251953, 96.11773681640625, 96.78340911865234] prediction_age_sec=0.1 predictive_target=6 proactive=True scenario=s4-hybrid-predictive target_replicas=6 upper_forecasts=[143.97630310058594, 152.54788208007812, 154.10543823242188, 154.83456420898438, 155.8956298828125, 155.22434997558594, 154.25465393066406, 156.02272033691406, 156.86279296875]
2026-09-12 13:31:46 [debug    ] Decision loop completed        action=MAINTAIN latency_ms=175.4 p99=100.0
2026-09-12 13:32:01 [debug    ] GRU prediction received        confidence=0.6 latency_ms=3.11 predicted=153
2026-09-12 13:32:01 [debug    ] Using GRU prediction           confidence=0.6 forecast_capacity_signal=89.3 predicted=153 required_steps=3
2026-09-12 13:32:01 [info     ] algorithm2_scaling_decision    action=MAINTAIN alpha=0.060060060060060066 beta=0.0 buffer=1.0 current_replicas=6 predicted_load=89.31111907958984 required_resources=5.364 target_replicas=6
2026-09-12 13:32:01 [info     ] algorithm2_decision            action=MAINTAIN applied_target=6 current_replicas=6 hold_until=1789194811.9 observed_load=68.08 observed_target=5 point_forecasts=[82.08081817626953, 86.44351196289062, 89.31111907958984, 90.42745971679688, 91.09644317626953, 90.34315490722656, 89.46400451660156, 91.97892761230469, 92.5684585571289] prediction_age_sec=0.06 predictive_target=6 proactive=True scenario=s4-hybrid-predictive target_replicas=6 upper_forecasts=[136.97743225097656, 146.1674041748047, 148.408935546875, 149.6448974609375, 150.7728271484375, 150.08456420898438, 149.59632873535156, 151.8839111328125, 152.64784240722656]
2026-09-12 13:32:01 [debug    ] Decision loop completed        action=MAINTAIN latency_ms=99.88 p99=127.39999999999948
2026-09-12 13:32:16 [debug    ] GRU prediction received        confidence=0.6 latency_ms=4.61 predicted=148
2026-09-12 13:32:16 [debug    ] Using GRU prediction           confidence=0.6 forecast_capacity_signal=83.2 predicted=148 required_steps=3
2026-09-12 13:32:16 [info     ] algorithm2_scaling_decision    action=MAINTAIN alpha=0.060060060060060066 beta=0.0 buffer=1.0 current_replicas=6 predicted_load=83.20733642578125 required_resources=4.997 target_replicas=5
2026-09-12 13:32:16 [info     ] algorithm2_decision            action=MAINTAIN applied_target=5 current_replicas=6 hold_until=1789194827.0 observed_load=57.21 observed_target=4 point_forecasts=[75.71786499023438, 80.29176330566406, 83.20733642578125, 84.57826232910156, 85.45035552978516, 85.07750701904297, 85.09852600097656, 87.11328125, 87.84664916992188] prediction_age_sec=0.06 predictive_target=5 proactive=True scenario=s4-hybrid-predictive target_replicas=5 upper_forecasts=[130.61448669433594, 140.01565551757812, 142.30514526367188, 143.7957000732422, 145.12673950195312, 144.81890869140625, 145.23085021972656, 147.0182647705078, 147.926025390625]
2026-09-12 13:32:16 [debug    ] Decision loop completed        action=MAINTAIN latency_ms=105.42 p99=99.46406250000001
2026-09-12 13:32:32 [debug    ] GRU prediction received        confidence=0.6 latency_ms=3.14 predicted=143
2026-09-12 13:32:32 [debug    ] Using GRU prediction           confidence=0.6 forecast_capacity_signal=77.0 predicted=143 required_steps=3
2026-09-12 13:32:32 [info     ] algorithm2_scaling_decision    action=MAINTAIN alpha=0.060060060060060066 beta=0.0 buffer=1.0 current_replicas=6 predicted_load=77.01400756835938 required_resources=4.625 target_replicas=5
2026-09-12 13:32:32 [info     ] algorithm2_decision            action=MAINTAIN applied_target=5 current_replicas=6 hold_until=1789194842.1 observed_load=48.88 observed_target=3 point_forecasts=[69.57711791992188, 74.1998291015625, 77.01400756835938, 78.48054504394531, 79.81810760498047, 79.6624526977539, 80.3659439086914, 82.14320373535156, 83.10816955566406] prediction_age_sec=0.06 predictive_target=5 proactive=True scenario=s4-hybrid-predictive target_replicas=5 upper_forecasts=[124.47373962402344, 133.92372131347656, 136.11181640625, 137.69798278808594, 139.49447631835938, 139.4038543701172, 140.49827575683594, 142.04818725585938, 143.18756103515625]
2026-09-12 13:32:32 [debug    ] Decision loop completed        action=MAINTAIN latency_ms=100.17 p99=99.46802325581396
2026-09-12 13:32:47 [debug    ] GRU prediction received        confidence=0.6 latency_ms=4.47 predicted=140
2026-09-12 13:32:47 [debug    ] Using GRU prediction           confidence=0.6 forecast_capacity_signal=73.9 predicted=140 required_steps=3
2026-09-12 13:32:47 [info     ] algorithm2_scaling_decision    action=MAINTAIN alpha=0.060060060060060066 beta=0.0 buffer=1.0 current_replicas=6 predicted_load=73.89476013183594 required_resources=4.438 target_replicas=5
2026-09-12 13:32:47 [info     ] algorithm2_decision            action=MAINTAIN applied_target=5 current_replicas=6 hold_until=1789194857.2 observed_load=47.76 observed_target=3 point_forecasts=[68.18460083007812, 71.52782440185547, 73.89476013183594, 74.8774185180664, 76.39033508300781, 76.302734375, 77.75126647949219, 78.86872100830078, 79.9552993774414] prediction_age_sec=0.06 predictive_target=5 proactive=True scenario=s4-hybrid-predictive target_replicas=5 upper_forecasts=[123.08122253417969, 131.251708984375, 132.99258422851562, 134.0948486328125, 136.06671142578125, 136.04412841796875, 137.8835906982422, 138.77369689941406, 140.03468322753906]
2026-09-12 13:32:47 [debug    ] Decision loop completed        action=MAINTAIN latency_ms=96.38 p99=99.472049689441
2026-09-12 13:33:02 [debug    ] GRU prediction received        confidence=0.6 latency_ms=3.14 predicted=137
2026-09-12 13:33:02 [debug    ] Using GRU prediction           confidence=0.6 forecast_capacity_signal=71.5 predicted=137 required_steps=3
2026-09-12 13:33:02 [info     ] algorithm2_scaling_decision    action=MAINTAIN alpha=0.060060060060060066 beta=0.0 buffer=1.0 current_replicas=6 predicted_load=71.5320053100586 required_resources=4.296 target_replicas=5
2026-09-12 13:33:02 [info     ] algorithm2_decision            action=MAINTAIN applied_target=5 current_replicas=6 hold_until=1789194872.3 observed_load=52.01 observed_target=4 point_forecasts=[66.62057495117188, 69.4234619140625, 71.5320053100586, 72.31941223144531, 73.85445404052734, 73.86868286132812, 75.32821655273438, 76.11514282226562, 77.12207794189453] prediction_age_sec=0.06 predictive_target=5 proactive=True scenario=s4-hybrid-predictive target_replicas=5 upper_forecasts=[121.51719665527344, 129.14735412597656, 130.62982177734375, 131.53684997558594, 133.53082275390625, 133.61007690429688, 135.46054077148438, 136.02012634277344, 137.2014617919922]
2026-09-12 13:33:02 [debug    ] Decision loop completed        action=MAINTAIN latency_ms=100.01 p99=99.7878205128205
2026-09-12 13:33:17 [debug    ] GRU prediction received        confidence=0.6 latency_ms=3.41 predicted=134
2026-09-12 13:33:17 [debug    ] Using GRU prediction           confidence=0.6 forecast_capacity_signal=68.9 predicted=134 required_steps=3
2026-09-12 13:33:17 [info     ] algorithm2_scaling_decision    action=MAINTAIN alpha=0.060060060060060066 beta=0.0 buffer=1.0 current_replicas=6 predicted_load=68.94338989257812 required_resources=4.141 target_replicas=5
2026-09-12 13:33:17 [info     ] algorithm2_decision            action=MAINTAIN applied_target=5 current_replicas=6 hold_until=1789194887.4 observed_load=53.2 observed_target=4 point_forecasts=[64.12197875976562, 67.09007263183594, 68.94338989257812, 69.66020965576172, 71.3409652709961, 71.19690704345703, 72.39230346679688, 73.12049865722656, 74.1068344116211] prediction_age_sec=0.06 predictive_target=5 proactive=True scenario=s4-hybrid-predictive target_replicas=5 upper_forecasts=[119.01860046386719, 126.81396484375, 128.04119873046875, 128.87765502929688, 131.017333984375, 130.9383087158203, 132.52462768554688, 133.02548217773438, 134.18621826171875]
2026-09-12 13:33:17 [debug    ] Decision loop completed        action=MAINTAIN latency_ms=102.62 p99=99.61823802163835
2026-09-12 13:33:32 [debug    ] GRU prediction received        confidence=0.6 latency_ms=3.99 predicted=131
2026-09-12 13:33:32 [debug    ] Using GRU prediction           confidence=0.6 forecast_capacity_signal=65.7 predicted=131 required_steps=3
2026-09-12 13:33:32 [info     ] algorithm2_scaling_decision    action=MAINTAIN alpha=0.060060060060060066 beta=0.0 buffer=1.0 current_replicas=6 predicted_load=68.94338989257812 required_resources=4.141 target_replicas=5
2026-09-12 13:33:32 [info     ] algorithm2_decision            action=MAINTAIN applied_target=5 current_replicas=6 hold_until=1789194887.4 observed_load=50.38 observed_target=4 point_forecasts=[60.40349578857422, 63.97505187988281, 65.66679382324219, 66.39747619628906, 68.3071060180664, 67.88170623779297, 68.79212951660156, 69.67521667480469, 70.73403930664062] prediction_age_sec=0.06 predictive_target=4 proactive=True scenario=s4-hybrid-predictive target_replicas=5 upper_forecasts=[115.30010986328125, 123.69894409179688, 124.76461029052734, 125.61491394042969, 127.98348236083984, 127.62310791015625, 128.92445373535156, 129.5802001953125, 130.81341552734375]
2026-09-12 13:33:32 [debug    ] Decision loop completed        action=MAINTAIN latency_ms=98.98 p99=99.4627118644068
2026-09-12 13:33:47 [debug    ] GRU prediction received        confidence=0.6 latency_ms=3.5 predicted=128
2026-09-12 13:33:47 [debug    ] Using GRU prediction           confidence=0.6 forecast_capacity_signal=62.6 predicted=128 required_steps=3
2026-09-12 13:33:47 [info     ] algorithm2_scaling_decision    action=SCALE_DOWN alpha=0.060060060060060066 beta=0.0 buffer=1.0 current_replicas=6 predicted_load=62.603328704833984 required_resources=3.76 target_replicas=4
2026-09-12 13:33:47 [info     ] algorithm2_decision            action=SCALE_DOWN applied_target=4 current_replicas=6 hold_until=1789194917.6 observed_load=46.49 observed_target=3 point_forecasts=[57.40714645385742, 61.079776763916016, 62.603328704833984, 63.263099670410156, 65.30204010009766, 64.59504699707031, 65.51171875, 66.49787902832031, 67.63826751708984] prediction_age_sec=0.06 predictive_target=4 proactive=True scenario=s4-hybrid-predictive target_replicas=4 upper_forecasts=[112.30376434326172, 120.80366516113281, 121.70114135742188, 122.48053741455078, 124.9784164428711, 124.3364486694336, 125.64404296875, 126.40286254882812, 127.7176513671875]
2026-09-12 13:33:47 [info     ] k8s_scale_executed             deployment=test-app-warm replicas=4
2026-09-12 13:33:47 [debug    ] Decision loop completed        action=MAINTAIN latency_ms=130.19 p99=99.4646697388633
2026-09-12 13:34:02 [debug    ] GRU prediction received        confidence=0.6 latency_ms=3.76 predicted=125
2026-09-12 13:34:02 [debug    ] Using GRU prediction           confidence=0.6 forecast_capacity_signal=60.1 predicted=125 required_steps=3
2026-09-12 13:34:02 [info     ] algorithm2_scaling_decision    action=MAINTAIN alpha=0.060060060060060066 beta=0.0 buffer=1.0 current_replicas=4 predicted_load=60.127628326416016 required_resources=3.611 target_replicas=4
2026-09-12 13:34:02 [info     ] algorithm2_decision            action=MAINTAIN applied_target=4 current_replicas=4 hold_until=1789194932.7 observed_load=44.54 observed_target=3 point_forecasts=[55.33104705810547, 58.74980545043945, 60.127628326416016, 60.631107330322266, 62.721824645996094, 61.8837890625, 62.892059326171875, 63.8909912109375, 65.07118225097656] prediction_age_sec=0.06 predictive_target=4 proactive=True scenario=s4-hybrid-predictive target_replicas=4 upper_forecasts=[110.2276611328125, 118.47369384765625, 119.22544860839844, 119.84854125976562, 122.39820098876953, 121.62519073486328, 123.02438354492188, 123.79597473144531, 125.15056610107422]
2026-09-12 13:34:02 [debug    ] Decision loop completed        action=MAINTAIN latency_ms=102.59 p99=99.81634446397189
2026-09-12 13:34:17 [debug    ] GRU prediction received        confidence=0.6 latency_ms=4.63 predicted=124
2026-09-12 13:34:17 [debug    ] Using GRU prediction           confidence=0.6 forecast_capacity_signal=59.2 predicted=124 required_steps=3
2026-09-12 13:34:17 [info     ] algorithm2_scaling_decision    action=MAINTAIN alpha=0.060060060060060066 beta=0.0 buffer=1.0 current_replicas=4 predicted_load=59.16337966918945 required_resources=3.553 target_replicas=4
2026-09-12 13:34:17 [info     ] algorithm2_decision            action=MAINTAIN applied_target=4 current_replicas=4 hold_until=1789194947.8 observed_load=45.44 observed_target=3 point_forecasts=[55.16559982299805, 57.94298553466797, 59.16337966918945, 59.43751907348633, 61.47028350830078, 60.601253509521484, 61.775856018066406, 62.63063430786133, 63.77143859863281] prediction_age_sec=0.06 predictive_target=4 proactive=True scenario=s4-hybrid-predictive target_replicas=4 upper_forecasts=[110.06221771240234, 117.6668701171875, 118.26119995117188, 118.65495300292969, 121.14665985107422, 120.3426513671875, 121.90818786621094, 122.53561401367188, 123.85082244873047]
2026-09-12 13:34:17 [debug    ] Decision loop completed        action=MAINTAIN latency_ms=97.6 p99=99.70727848101266
2026-09-12 13:34:32 [debug    ] GRU prediction received        confidence=0.6 latency_ms=3.88 predicted=123
2026-09-12 13:34:32 [debug    ] Using GRU prediction           confidence=0.6 forecast_capacity_signal=58.3 predicted=123 required_steps=3
2026-09-12 13:34:32 [info     ] algorithm2_scaling_decision    action=MAINTAIN alpha=0.060060060060060066 beta=0.0 buffer=1.0 current_replicas=4 predicted_load=58.311119079589844 required_resources=3.502 target_replicas=4
2026-09-12 13:34:32 [info     ] algorithm2_decision            action=MAINTAIN applied_target=4 current_replicas=4 hold_until=1789194962.9 observed_load=46.07 observed_target=3 point_forecasts=[54.05230712890625, 57.068275451660156, 58.311119079589844, 58.600582122802734, 60.728050231933594, 59.90371322631836, 60.90071487426758, 61.79328536987305, 62.93339157104492] prediction_age_sec=0.06 predictive_target=4 proactive=True scenario=s4-hybrid-predictive target_replicas=4 upper_forecasts=[108.94892883300781, 116.79216003417969, 117.408935546875, 117.81802368164062, 120.40442657470703, 119.64511108398438, 121.03304290771484, 121.6982650756836, 123.01277160644531]
2026-09-12 13:34:32 [debug    ] Decision loop completed        action=MAINTAIN latency_ms=98.91 p99=99.68030513176144
2026-09-12 13:34:47 [debug    ] GRU prediction received        confidence=0.6 latency_ms=3.89 predicted=122
2026-09-12 13:34:47 [debug    ] Using GRU prediction           confidence=0.6 forecast_capacity_signal=57.3 predicted=122 required_steps=3
2026-09-12 13:34:48 [info     ] algorithm2_scaling_decision    action=MAINTAIN alpha=0.060060060060060066 beta=0.0 buffer=1.0 current_replicas=4 predicted_load=57.25407791137695 required_resources=3.439 target_replicas=4
2026-09-12 13:34:48 [info     ] algorithm2_decision            action=MAINTAIN applied_target=4 current_replicas=4 hold_until=1789194978.0 observed_load=44.07 observed_target=3 point_forecasts=[52.617698669433594, 55.9747200012207, 57.25407791137695, 57.654605865478516, 59.89609909057617, 58.98115921020508, 59.895408630371094, 60.880706787109375, 62.069480895996094] prediction_age_sec=0.06 predictive_target=4 proactive=True scenario=s4-hybrid-predictive target_replicas=4 upper_forecasts=[107.51431274414062, 115.6986083984375, 116.35189819335938, 116.87203979492188, 119.57247924804688, 118.72256469726562, 120.02774047851562, 120.78569030761719, 122.14886474609375]
2026-09-12 13:34:48 [debug    ] Decision loop completed        action=MAINTAIN latency_ms=103.0 p99=101.00000000000121
2026-09-12 13:35:03 [debug    ] GRU prediction received        confidence=0.6 latency_ms=4.18 predicted=119
2026-09-12 13:35:03 [debug    ] Using GRU prediction           confidence=0.6 forecast_capacity_signal=53.3 predicted=119 required_steps=3
2026-09-12 13:35:03 [info     ] algorithm2_scaling_decision    action=MAINTAIN alpha=0.060060060060060066 beta=0.0 buffer=1.0 current_replicas=4 predicted_load=53.306251525878906 required_resources=3.202 target_replicas=4
2026-09-12 13:35:03 [info     ] algorithm2_decision            action=MAINTAIN applied_target=4 current_replicas=4 hold_until=1789194993.1 observed_load=35.76 observed_target=3 point_forecasts=[46.43812561035156, 51.688316345214844, 53.306251525878906, 54.26228332519531, 56.98699951171875, 55.989688873291016, 56.428585052490234, 57.97847366333008, 59.41282653808594] prediction_age_sec=0.06 predictive_target=4 proactive=True scenario=s4-hybrid-predictive target_replicas=4 upper_forecasts=[101.33474731445312, 111.41220092773438, 112.40406799316406, 113.47972106933594, 116.66337585449219, 115.73109436035156, 116.5609130859375, 117.88345336914062, 119.4922103881836]
2026-09-12 13:35:03 [debug    ] Decision loop completed        action=MAINTAIN latency_ms=103.88 p99=0.99
2026-09-12 13:35:18 [debug    ] GRU prediction received        confidence=0.6 latency_ms=3.61 predicted=115
2026-09-12 13:35:18 [debug    ] Using GRU prediction           confidence=0.6 forecast_capacity_signal=47.4 predicted=115 required_steps=3
2026-09-12 13:35:18 [info     ] algorithm2_scaling_decision    action=MAINTAIN alpha=0.060060060060060066 beta=0.0 buffer=1.0 current_replicas=4 predicted_load=53.306251525878906 required_resources=3.202 target_replicas=4
2026-09-12 13:35:18 [info     ] algorithm2_decision            action=MAINTAIN applied_target=4 current_replicas=4 hold_until=1789194993.1 observed_load=20.66 observed_target=3 point_forecasts=[38.49066162109375, 45.34712219238281, 47.35688018798828, 49.00720977783203, 52.34528350830078, 51.02309799194336, 51.38621139526367, 53.67107009887695, 55.352272033691406] prediction_age_sec=0.06 predictive_target=3 proactive=True scenario=s4-hybrid-predictive target_replicas=4 upper_forecasts=[93.38728332519531, 105.07101440429688, 106.45469665527344, 108.22464752197266, 112.02165985107422, 110.76449584960938, 111.51853942871094, 113.5760498046875, 115.43165588378906]
2026-09-12 13:35:18 [debug    ] Decision loop completed        action=MAINTAIN latency_ms=99.23 p99=0.99
2026-09-12 13:35:33 [debug    ] GRU prediction received        confidence=0.6 latency_ms=3.09 predicted=111
2026-09-12 13:35:33 [debug    ] Using GRU prediction           confidence=0.6 forecast_capacity_signal=41.5 predicted=111 required_steps=3
2026-09-12 13:35:33 [info     ] algorithm2_scaling_decision    action=MAINTAIN alpha=0.060060060060060066 beta=0.0 buffer=1.0 current_replicas=4 predicted_load=53.306251525878906 required_resources=3.202 target_replicas=4
2026-09-12 13:35:33 [info     ] algorithm2_decision            action=MAINTAIN applied_target=4 current_replicas=4 hold_until=1789194993.1 observed_load=7.51 observed_target=3 point_forecasts=[32.02070617675781, 39.252803802490234, 41.53074645996094, 43.67123794555664, 47.43610382080078, 45.96514129638672, 46.68278121948242, 49.39878845214844, 51.12914276123047] prediction_age_sec=0.06 predictive_target=3 proactive=True scenario=s4-hybrid-predictive target_replicas=4 upper_forecasts=[86.91732788085938, 98.97669219970703, 100.6285629272461, 102.888671875, 107.11248016357422, 105.70654296875, 106.81510925292969, 109.30377197265625, 111.20852661132812]
2026-09-12 13:35:33 [debug    ] Decision loop completed        action=MAINTAIN latency_ms=102.08 p99=0.99
2026-09-12 13:35:40 [info     ] Received shutdown signal
2026-09-12 13:35:40 [info     ] Stopping routing daemon...
2026-09-12 13:35:40 [info     ] Routing daemon stopped
