2026-07-11 22:55:34 [info     ] SLOMonitor initialized         threshold_ms=200.0 violation_window=30
2026-07-11 22:55:34 [info     ] Algorithm1ControllerV3 initialized max_knative=50 r_saturation=33.3 target_cpu_util=0.5 total_budget=1000
2026-07-11 22:55:34 [info     ] Using V3 controller (Capacity-Driven) scenario=s4-hybrid-predictive version=v3
2026-07-11 22:55:34 [info     ] HAProxyWeightAdjuster initialized backend=servers host=localhost port=19999
2026-07-11 22:55:34 [info     ] GRUClient initialized          base_url=http://localhost:8090
2026-07-11 22:55:34 [info     ] K8sScaler initialized          deployment=test-app-warm namespace=default
2026-07-11 22:55:34 [info     ] RoutingDaemon initialized      decision_interval=15 description='Algorithm 1 with GRU predictions (Algorithm 2)' scenario=s4-hybrid-predictive use_algorithm=True use_predictions=True
2026-07-11 22:55:34 [info     ] Starting routing daemon        interval=15 scenario=s4-hybrid-predictive
2026-07-11 22:55:34 [info     ] Weights updated                k3s=80 knative=20
2026-07-11 22:55:34 [info     ] Initial weights applied        k3s=80 knative=20
2026-07-11 22:55:34 [debug    ] HAProxy fallback primed        total_requests=0
2026-07-11 22:55:35 [info     ] algorithm2_scaling_decision    action=MAINTAIN alpha=0.030030030030030033 beta=0.0 buffer=1.2 current_replicas=3 predicted_load=0.0 required_resources=0.0 target_replicas=3
2026-07-11 22:55:35 [info     ] algorithm2_decision            action=MAINTAIN applied_target=3 current_replicas=3 hold_until=0.0 observed_load=0.0 observed_target=3 point_forecasts=None prediction_age_sec=None predictive_target=3 proactive=False scenario=s4-hybrid-predictive target_replicas=3 upper_forecasts=None
2026-07-11 22:55:35 [debug    ] Decision loop completed        action=MAINTAIN latency_ms=113.8 p99=0.0
2026-07-11 22:55:50 [info     ] algorithm2_scaling_decision    action=MAINTAIN alpha=0.030030030030030033 beta=0.0 buffer=1.2 current_replicas=3 predicted_load=0.0 required_resources=0.0 target_replicas=3
2026-07-11 22:55:50 [info     ] algorithm2_decision            action=MAINTAIN applied_target=3 current_replicas=3 hold_until=0.0 observed_load=0.0 observed_target=3 point_forecasts=None prediction_age_sec=None predictive_target=3 proactive=False scenario=s4-hybrid-predictive target_replicas=3 upper_forecasts=None
2026-07-11 22:55:50 [debug    ] Decision loop completed        action=MAINTAIN latency_ms=114.28 p99=0.0
2026-07-11 22:56:05 [info     ] algorithm2_scaling_decision    action=MAINTAIN alpha=0.030030030030030033 beta=0.0 buffer=1.2 current_replicas=3 predicted_load=0.0 required_resources=0.0 target_replicas=3
2026-07-11 22:56:05 [info     ] algorithm2_decision            action=MAINTAIN applied_target=3 current_replicas=3 hold_until=0.0 observed_load=0.0 observed_target=3 point_forecasts=None prediction_age_sec=None predictive_target=3 proactive=False scenario=s4-hybrid-predictive target_replicas=3 upper_forecasts=None
2026-07-11 22:56:05 [debug    ] Decision loop completed        action=MAINTAIN latency_ms=108.22 p99=0.0
2026-07-11 22:56:20 [debug    ] HAProxy fallback latency       delta_requests=641 interval_avg_ms=64.0 max_rtime_ms=79.0 p99_est=79.0
2026-07-11 22:56:20 [info     ] controller_decision_v3         action=RECOVERY available_replicas=3 budget_remaining=1000 burn_adjustment=0 burst_ratio=0 capacity_deficit=False confidence=0 current_load=42.30259818228713 decision_id=c6fcfc6e k8s_capacity=49.9 k8s_weight=100 knative_weight=0 p99=79.0 predicted_load=0 r_effective=16.6 serverless_enabled=False total_load=42.3 weights_after={'k3s': 100, 'knative': 0} weights_before={'k3s': 80, 'knative': 20}
2026-07-11 22:56:20 [info     ] Weights updated                k3s=100 knative=0
2026-07-11 22:56:20 [info     ] Weights updated                action=RECOVERY reason='load=42RPS | k8s_cap=50RPS | (reducing-serverless)' weights={'k3s': 100, 'knative': 0}
2026-07-11 22:56:20 [info     ] algorithm2_scaling_decision    action=MAINTAIN alpha=0.030030030030030033 beta=0.0 buffer=1.2 current_replicas=3 predicted_load=21.151299091143564 required_resources=0.635 target_replicas=3
2026-07-11 22:56:20 [info     ] algorithm2_decision            action=MAINTAIN applied_target=3 current_replicas=3 hold_until=0.0 observed_load=21.15 observed_target=3 point_forecasts=None prediction_age_sec=None predictive_target=3 proactive=False scenario=s4-hybrid-predictive target_replicas=3 upper_forecasts=None
2026-07-11 22:56:20 [debug    ] Decision loop completed        action=RECOVERY latency_ms=146.24 p99=79.0
2026-07-11 22:56:35 [debug    ] HAProxy fallback latency       delta_requests=666 interval_avg_ms=64.0 max_rtime_ms=112.0 p99_est=112.0
2026-07-11 22:56:35 [info     ] algorithm2_scaling_decision    action=MAINTAIN alpha=0.030030030030030033 beta=0.0 buffer=1.2 current_replicas=3 predicted_load=43.16868554970223 required_resources=1.296 target_replicas=3
2026-07-11 22:56:35 [info     ] algorithm2_decision            action=MAINTAIN applied_target=3 current_replicas=3 hold_until=0.0 observed_load=43.17 observed_target=3 point_forecasts=None prediction_age_sec=None predictive_target=3 proactive=False scenario=s4-hybrid-predictive target_replicas=3 upper_forecasts=None
2026-07-11 22:56:35 [debug    ] Decision loop completed        action=MAINTAIN latency_ms=107.65 p99=112.0
2026-07-11 22:56:50 [debug    ] HAProxy fallback latency       delta_requests=716 interval_avg_ms=66.83 max_rtime_ms=127.0 p99_est=127.0
2026-07-11 22:56:50 [debug    ] GRU prediction received        confidence=0.8 latency_ms=2.52 predicted=62
2026-07-11 22:56:50 [debug    ] Using GRU prediction           confidence=0.8 predicted=62
2026-07-11 22:56:50 [info     ] algorithm2_scaling_decision    action=MAINTAIN alpha=0.030030030030030033 beta=0.0 buffer=1.2 current_replicas=3 predicted_load=45.71424136389929 required_resources=1.373 target_replicas=3
2026-07-11 22:56:50 [info     ] algorithm2_decision            action=MAINTAIN applied_target=3 current_replicas=3 hold_until=0.0 observed_load=45.71 observed_target=3 point_forecasts=[47.77216339111328, 47.27775955200195, 47.147254943847656, 48.03184509277344, 46.941925048828125] prediction_age_sec=0.07 predictive_target=3 proactive=False scenario=s4-hybrid-predictive target_replicas=3 upper_forecasts=[61.83982849121094, 60.90325927734375, 61.29990005493164, 62.399986267089844, 61.62104034423828]
2026-07-11 22:56:50 [debug    ] Decision loop completed        action=MAINTAIN latency_ms=113.16 p99=127.0
2026-07-11 22:57:05 [debug    ] HAProxy fallback latency       delta_requests=823 interval_avg_ms=65.0 max_rtime_ms=127.0 p99_est=127.0
2026-07-11 22:57:05 [debug    ] GRU prediction received        confidence=0.8 latency_ms=1.86 predicted=63
2026-07-11 22:57:05 [debug    ] Using GRU prediction           confidence=0.8 predicted=63
2026-07-11 22:57:05 [debug    ] Proactive amplification        amplified=74.5 approach_ratio=1.09 load_trend=4.0 raw_pred=63
2026-07-11 22:57:05 [info     ] Knative pre-warm OK            cold_start_ms=2.6
2026-07-11 22:57:05 [info     ] controller_decision_v3         action=PREDICTIVE available_replicas=3 budget_remaining=1000 burn_adjustment=0 burst_ratio=0.0816 capacity_deficit=False confidence=0.8 current_load=54.388211406481915 decision_id=004082c4 k8s_capacity=49.9 k8s_weight=91 knative_weight=9 p99=127.0 predicted_load=63 r_effective=16.6 serverless_enabled=True total_load=54.4 weights_after={'k3s': 91, 'knative': 9} weights_before={'k3s': 100, 'knative': 0}
2026-07-11 22:57:05 [info     ] Weights updated                k3s=91 knative=9
2026-07-11 22:57:05 [info     ] Weights updated                action=PREDICTIVE reason='load=54RPS | k8s_cap=50RPS | (prediction-driven)' weights={'k3s': 91, 'knative': 9}
2026-07-11 22:57:05 [info     ] algorithm2_scaling_decision    action=MAINTAIN alpha=0.030030030030030033 beta=0.0 buffer=1.2 current_replicas=3 predicted_load=50.89096060858158 required_resources=1.528 target_replicas=3
2026-07-11 22:57:05 [info     ] algorithm2_decision            action=MAINTAIN applied_target=3 current_replicas=3 hold_until=0.0 observed_load=50.89 observed_target=3 point_forecasts=[47.91472625732422, 47.730308532714844, 47.6187629699707, 48.46644592285156, 47.49517059326172] prediction_age_sec=0.07 predictive_target=3 proactive=False scenario=s4-hybrid-predictive target_replicas=3 upper_forecasts=[61.982391357421875, 61.355812072753906, 61.77140808105469, 62.83458709716797, 62.174285888671875]
2026-07-11 22:57:05 [debug    ] Decision loop completed        action=PREDICTIVE latency_ms=107.92 p99=127.0
2026-07-11 22:57:20 [debug    ] HAProxy fallback latency       delta_requests=767 interval_avg_ms=65.0 max_rtime_ms=127.0 p99_est=127.0
2026-07-11 22:57:20 [debug    ] GRU prediction received        confidence=0.8 latency_ms=2.23 predicted=63
2026-07-11 22:57:20 [debug    ] Using GRU prediction           confidence=0.8 predicted=63
2026-07-11 22:57:20 [info     ] controller_decision_v3         action=RECOVERY available_replicas=3 budget_remaining=1000 burn_adjustment=0 burst_ratio=0.0174 capacity_deficit=False confidence=0.8 current_load=50.83435850267517 decision_id=0221eb8e k8s_capacity=49.9 k8s_weight=98 knative_weight=2 p99=127.0 predicted_load=63 r_effective=16.6 serverless_enabled=True total_load=50.8 weights_after={'k3s': 98, 'knative': 2} weights_before={'k3s': 91, 'knative': 9}
2026-07-11 22:57:20 [info     ] Weights updated                k3s=98 knative=2
2026-07-11 22:57:20 [info     ] Weights updated                action=RECOVERY reason='load=51RPS | k8s_cap=50RPS | (reducing-serverless)' weights={'k3s': 98, 'knative': 2}
2026-07-11 22:57:20 [info     ] algorithm2_scaling_decision    action=MAINTAIN alpha=0.030030030030030033 beta=0.0 buffer=1.2 current_replicas=3 predicted_load=52.611284954578544 required_resources=1.58 target_replicas=3
2026-07-11 22:57:20 [info     ] algorithm2_decision            action=MAINTAIN applied_target=3 current_replicas=3 hold_until=0.0 observed_load=52.61 observed_target=3 point_forecasts=[47.830440521240234, 47.82331085205078, 47.69574737548828, 48.57538604736328, 47.672603607177734] prediction_age_sec=0.1 predictive_target=3 proactive=False scenario=s4-hybrid-predictive target_replicas=3 upper_forecasts=[61.898109436035156, 61.448814392089844, 61.848392486572266, 62.94352722167969, 62.351715087890625]
2026-07-11 22:57:20 [debug    ] Decision loop completed        action=RECOVERY latency_ms=144.57 p99=127.0
2026-07-11 22:57:35 [debug    ] HAProxy fallback latency       delta_requests=548 interval_avg_ms=72.59 max_rtime_ms=127.0 p99_est=127.0
2026-07-11 22:57:35 [debug    ] GRU prediction received        confidence=0.8 latency_ms=1.7 predicted=61
2026-07-11 22:57:35 [debug    ] Using GRU prediction           confidence=0.8 predicted=61
2026-07-11 22:57:35 [info     ] controller_decision_v3         action=RECOVERY available_replicas=3 budget_remaining=1000 burn_adjustment=0 burst_ratio=0 capacity_deficit=False confidence=0.8 current_load=36.18386315335426 decision_id=d2eae84e k8s_capacity=49.9 k8s_weight=100 knative_weight=0 p99=127.0 predicted_load=61 r_effective=16.6 serverless_enabled=False total_load=36.2 weights_after={'k3s': 100, 'knative': 0} weights_before={'k3s': 98, 'knative': 2}
2026-07-11 22:57:35 [info     ] Weights updated                k3s=100 knative=0
2026-07-11 22:57:35 [info     ] Weights updated                action=RECOVERY reason='load=36RPS | k8s_cap=50RPS | (reducing-serverless)' weights={'k3s': 100, 'knative': 0}
2026-07-11 22:57:35 [info     ] algorithm2_scaling_decision    action=MAINTAIN alpha=0.030030030030030033 beta=0.0 buffer=1.2 current_replicas=3 predicted_load=43.50911082801471 required_resources=1.307 target_replicas=3
2026-07-11 22:57:35 [info     ] algorithm2_decision            action=MAINTAIN applied_target=3 current_replicas=3 hold_until=0.0 observed_load=43.51 observed_target=3 point_forecasts=[46.072967529296875, 46.012977600097656, 45.972412109375, 46.82753372192383, 45.94769287109375] prediction_age_sec=0.1 predictive_target=3 proactive=False scenario=s4-hybrid-predictive target_replicas=3 upper_forecasts=[60.14063262939453, 59.63848114013672, 60.125057220458984, 61.195674896240234, 60.626808166503906]
2026-07-11 22:57:35 [debug    ] Decision loop completed        action=RECOVERY latency_ms=140.86 p99=127.0
2026-07-11 22:57:51 [debug    ] HAProxy fallback latency       delta_requests=411 interval_avg_ms=54.88 max_rtime_ms=127.0 p99_est=109.75
2026-07-11 22:57:51 [debug    ] GRU prediction received        confidence=0.8 latency_ms=2.35 predicted=59
2026-07-11 22:57:51 [debug    ] Using GRU prediction           confidence=0.8 predicted=59
2026-07-11 22:57:51 [info     ] algorithm2_scaling_decision    action=MAINTAIN alpha=0.030030030030030033 beta=0.0 buffer=1.2 current_replicas=3 predicted_load=31.664683788693182 required_resources=0.951 target_replicas=3
2026-07-11 22:57:51 [info     ] algorithm2_decision            action=MAINTAIN applied_target=3 current_replicas=3 hold_until=0.0 observed_load=31.66 observed_target=3 point_forecasts=[43.44426727294922, 43.32727813720703, 43.320472717285156, 44.138450622558594, 43.326393127441406] prediction_age_sec=0.06 predictive_target=3 proactive=False scenario=s4-hybrid-predictive target_replicas=3 upper_forecasts=[57.511932373046875, 56.952781677246094, 57.47311782836914, 58.506591796875, 58.00550842285156]
2026-07-11 22:57:51 [debug    ] Decision loop completed        action=MAINTAIN latency_ms=109.56 p99=109.75182481751825
2026-07-11 22:58:06 [debug    ] HAProxy fallback latency       delta_requests=358 interval_avg_ms=65.0 max_rtime_ms=127.0 p99_est=127.0
2026-07-11 22:58:06 [debug    ] GRU prediction received        confidence=0.8 latency_ms=1.66 predicted=56
2026-07-11 22:58:06 [debug    ] Using GRU prediction           confidence=0.8 predicted=56
2026-07-11 22:58:06 [info     ] algorithm2_scaling_decision    action=MAINTAIN alpha=0.030030030030030033 beta=0.0 buffer=1.2 current_replicas=3 predicted_load=25.41920448964664 required_resources=0.763 target_replicas=3
2026-07-11 22:58:06 [info     ] algorithm2_decision            action=MAINTAIN applied_target=3 current_replicas=3 hold_until=0.0 observed_load=25.42 observed_target=3 point_forecasts=[40.722129821777344, 40.593875885009766, 40.60639572143555, 41.388328552246094, 40.65024948120117] prediction_age_sec=0.07 predictive_target=3 proactive=False scenario=s4-hybrid-predictive target_replicas=3 upper_forecasts=[54.789794921875, 54.21937561035156, 54.75904083251953, 55.7564697265625, 55.32936096191406]
2026-07-11 22:58:06 [debug    ] Decision loop completed        action=MAINTAIN latency_ms=108.28 p99=127.0
2026-07-11 22:58:21 [debug    ] HAProxy fallback latency       delta_requests=485 interval_avg_ms=53.84 max_rtime_ms=127.0 p99_est=107.67
2026-07-11 22:58:21 [debug    ] GRU prediction received        confidence=0.8 latency_ms=2.43 predicted=54
2026-07-11 22:58:21 [debug    ] Using GRU prediction           confidence=0.8 predicted=54
2026-07-11 22:58:21 [info     ] algorithm2_scaling_decision    action=MAINTAIN alpha=0.030030030030030033 beta=0.0 buffer=1.2 current_replicas=3 predicted_load=27.89733568725458 required_resources=0.838 target_replicas=3
2026-07-11 22:58:21 [info     ] algorithm2_decision            action=MAINTAIN applied_target=3 current_replicas=3 hold_until=0.0 observed_load=27.9 observed_target=3 point_forecasts=[39.298099517822266, 39.28131866455078, 39.29779052734375, 40.06989288330078, 39.385162353515625] prediction_age_sec=0.07 predictive_target=3 proactive=False scenario=s4-hybrid-predictive target_replicas=3 upper_forecasts=[53.36576843261719, 52.906822204589844, 53.450435638427734, 54.43803405761719, 54.06427764892578]
2026-07-11 22:58:21 [debug    ] Decision loop completed        action=MAINTAIN latency_ms=111.28 p99=107.6701030927835
2026-07-11 22:58:36 [debug    ] HAProxy fallback latency       delta_requests=774 interval_avg_ms=64.0 max_rtime_ms=127.0 p99_est=127.0
2026-07-11 22:58:36 [debug    ] GRU prediction received        confidence=0.8 latency_ms=1.78 predicted=56
2026-07-11 22:58:36 [debug    ] Using GRU prediction           confidence=0.8 predicted=56
2026-07-11 22:58:36 [debug    ] Proactive amplification        amplified=69.9 approach_ratio=1.02 load_trend=3.7 raw_pred=56
2026-07-11 22:58:36 [info     ] Knative pre-warm OK            cold_start_ms=2.6
2026-07-11 22:58:36 [info     ] controller_decision_v3         action=PREDICTIVE available_replicas=3 budget_remaining=1000 burn_adjustment=0 burst_ratio=0.0235 capacity_deficit=False confidence=0.8 current_load=51.15299032356876 decision_id=fac1c5a7 k8s_capacity=49.9 k8s_weight=97 knative_weight=3 p99=127.0 predicted_load=56 r_effective=16.6 serverless_enabled=True total_load=51.2 weights_after={'k3s': 97, 'knative': 3} weights_before={'k3s': 100, 'knative': 0}
2026-07-11 22:58:36 [info     ] Weights updated                k3s=97 knative=3
2026-07-11 22:58:36 [info     ] Weights updated                action=PREDICTIVE reason='load=51RPS | k8s_cap=50RPS | (prediction-driven)' weights={'k3s': 97, 'knative': 3}
2026-07-11 22:58:36 [info     ] algorithm2_scaling_decision    action=MAINTAIN alpha=0.030030030030030033 beta=0.0 buffer=1.2 current_replicas=3 predicted_load=41.62737857140837 required_resources=1.25 target_replicas=3
2026-07-11 22:58:36 [info     ] algorithm2_decision            action=MAINTAIN applied_target=3 current_replicas=3 hold_until=0.0 observed_load=41.63 observed_target=3 point_forecasts=[40.335052490234375, 40.56913757324219, 40.571529388427734, 41.38300323486328, 40.705013275146484] prediction_age_sec=0.07 predictive_target=3 proactive=False scenario=s4-hybrid-predictive target_replicas=3 upper_forecasts=[54.40271759033203, 54.19464111328125, 54.72417449951172, 55.75114440917969, 55.384124755859375]
2026-07-11 22:58:36 [debug    ] Decision loop completed        action=PREDICTIVE latency_ms=108.94 p99=127.0
2026-07-11 22:58:51 [debug    ] HAProxy fallback latency       delta_requests=812 interval_avg_ms=72.62 max_rtime_ms=127.0 p99_est=127.0
2026-07-11 22:58:51 [debug    ] GRU prediction received        confidence=0.8 latency_ms=2.48 predicted=57
2026-07-11 22:58:51 [debug    ] Using GRU prediction           confidence=0.8 predicted=57
2026-07-11 22:58:51 [debug    ] Proactive amplification        amplified=87.0 approach_ratio=1.08 load_trend=6.6 raw_pred=57
2026-07-11 22:58:51 [info     ] controller_decision_v3         action=PREDICTIVE available_replicas=3 budget_remaining=1000 burn_adjustment=0 burst_ratio=0.0706 capacity_deficit=False confidence=0.8 current_load=53.74231733477417 decision_id=1705cc51 k8s_capacity=49.9 k8s_weight=92 knative_weight=8 p99=127.0 predicted_load=57 r_effective=16.6 serverless_enabled=True total_load=53.7 weights_after={'k3s': 92, 'knative': 8} weights_before={'k3s': 97, 'knative': 3}
2026-07-11 22:58:51 [info     ] Weights updated                k3s=92 knative=8
2026-07-11 22:58:51 [info     ] Weights updated                action=PREDICTIVE reason='load=54RPS | k8s_cap=50RPS | (prediction-driven)' weights={'k3s': 92, 'knative': 8}
2026-07-11 22:58:51 [info     ] algorithm2_scaling_decision    action=SCALE_UP alpha=0.030030030030030033 beta=0.0 buffer=1.2 current_replicas=3 predicted_load=86.98833347320175 required_resources=2.612 target_replicas=4
2026-07-11 22:58:51 [info     ] algorithm2_decision            action=SCALE_UP applied_target=4 current_replicas=3 hold_until=1783785621.5 observed_load=52.45 observed_target=3 point_forecasts=[41.76548767089844, 42.211036682128906, 42.131107330322266, 42.99504852294922, 42.37680435180664] prediction_age_sec=0.07 predictive_target=4 proactive=True scenario=s4-hybrid-predictive target_replicas=4 upper_forecasts=[55.833152770996094, 55.83654022216797, 56.28375244140625, 57.363189697265625, 57.05591583251953]
2026-07-11 22:58:51 [info     ] k8s_scale_executed             deployment=test-app-warm replicas=4
2026-07-11 22:58:51 [debug    ] Decision loop completed        action=PREDICTIVE latency_ms=145.69 p99=127.0
2026-07-11 22:59:06 [debug    ] HAProxy fallback latency       delta_requests=638 interval_avg_ms=53.03 max_rtime_ms=127.0 p99_est=106.05
2026-07-11 22:59:06 [debug    ] GRU prediction received        confidence=0.8 latency_ms=1.71 predicted=57
2026-07-11 22:59:06 [debug    ] Using GRU prediction           confidence=0.8 predicted=57
2026-07-11 22:59:06 [info     ] controller_decision_v3         action=RECOVERY available_replicas=4 budget_remaining=1000 burn_adjustment=0 burst_ratio=0 capacity_deficit=False confidence=0.8 current_load=42.19105406990794 decision_id=89e51e12 k8s_capacity=66.6 k8s_weight=100 knative_weight=0 p99=106.1 predicted_load=57 r_effective=16.6 serverless_enabled=False total_load=42.2 weights_after={'k3s': 100, 'knative': 0} weights_before={'k3s': 92, 'knative': 8}
2026-07-11 22:59:06 [info     ] Weights updated                k3s=100 knative=0
2026-07-11 22:59:06 [info     ] Weights updated                action=RECOVERY reason='load=42RPS | k8s_cap=67RPS | (reducing-serverless)' weights={'k3s': 100, 'knative': 0}
2026-07-11 22:59:06 [info     ] algorithm2_scaling_decision    action=MAINTAIN alpha=0.030030030030030033 beta=0.0 buffer=1.2 current_replicas=4 predicted_load=86.98833347320175 required_resources=2.612 target_replicas=4
2026-07-11 22:59:06 [info     ] algorithm2_decision            action=MAINTAIN applied_target=4 current_replicas=4 hold_until=1783785621.5 observed_load=47.97 observed_target=3 point_forecasts=[41.74177169799805, 42.17441177368164, 42.119842529296875, 42.99031066894531, 42.38690185546875] prediction_age_sec=0.1 predictive_target=3 proactive=True scenario=s4-hybrid-predictive target_replicas=4 upper_forecasts=[55.80944061279297, 55.79991149902344, 56.27248764038086, 57.35845184326172, 57.066017150878906]
2026-07-11 22:59:06 [debug    ] Decision loop completed        action=RECOVERY latency_ms=144.27 p99=106.05329153605015
2026-07-11 22:59:21 [debug    ] HAProxy fallback latency       delta_requests=659 interval_avg_ms=64.0 max_rtime_ms=127.0 p99_est=127.0
2026-07-11 22:59:21 [debug    ] GRU prediction received        confidence=0.8 latency_ms=2.5 predicted=58
2026-07-11 22:59:21 [debug    ] Using GRU prediction           confidence=0.8 predicted=58
2026-07-11 22:59:21 [info     ] algorithm2_scaling_decision    action=MAINTAIN alpha=0.030030030030030033 beta=0.0 buffer=1.2 current_replicas=4 predicted_load=86.98833347320175 required_resources=2.612 target_replicas=4
2026-07-11 22:59:21 [info     ] algorithm2_decision            action=MAINTAIN applied_target=4 current_replicas=4 hold_until=1783785621.5 observed_load=42.82 observed_target=3 point_forecasts=[41.907005310058594, 42.35869216918945, 42.305564880371094, 43.188873291015625, 42.5940055847168] prediction_age_sec=0.06 predictive_target=3 proactive=True scenario=s4-hybrid-predictive target_replicas=4 upper_forecasts=[55.97467041015625, 55.98419189453125, 56.45820999145508, 57.55701446533203, 57.27311706542969]
2026-07-11 22:59:21 [debug    ] Decision loop completed        action=MAINTAIN latency_ms=102.75 p99=127.0
2026-07-11 22:59:36 [debug    ] HAProxy fallback latency       delta_requests=832 interval_avg_ms=64.0 max_rtime_ms=127.0 p99_est=127.0
2026-07-11 22:59:36 [debug    ] GRU prediction received        confidence=0.8 latency_ms=1.98 predicted=59
2026-07-11 22:59:36 [debug    ] Using GRU prediction           confidence=0.8 predicted=59
2026-07-11 22:59:36 [info     ] algorithm2_scaling_decision    action=MAINTAIN alpha=0.030030030030030033 beta=0.0 buffer=1.2 current_replicas=4 predicted_load=86.98833347320175 required_resources=2.612 target_replicas=4
2026-07-11 22:59:36 [info     ] algorithm2_decision            action=MAINTAIN applied_target=4 current_replicas=4 hold_until=1783785621.5 observed_load=49.24 observed_target=3 point_forecasts=[43.57447052001953, 44.194419860839844, 44.027244567871094, 44.9656982421875, 44.41719055175781] prediction_age_sec=0.07 predictive_target=3 proactive=True scenario=s4-hybrid-predictive target_replicas=4 upper_forecasts=[57.64213562011719, 57.819923400878906, 58.17988967895508, 59.333839416503906, 59.09630584716797]
2026-07-11 22:59:36 [debug    ] Decision loop completed        action=MAINTAIN latency_ms=111.89 p99=127.0
2026-07-11 22:59:51 [debug    ] HAProxy fallback latency       delta_requests=915 interval_avg_ms=64.0 max_rtime_ms=129.0 p99_est=128.0
2026-07-11 22:59:51 [debug    ] GRU prediction received        confidence=0.8 latency_ms=2.24 predicted=62
2026-07-11 22:59:51 [debug    ] Using GRU prediction           confidence=0.8 predicted=62
2026-07-11 22:59:52 [info     ] algorithm2_scaling_decision    action=MAINTAIN alpha=0.030030030030030033 beta=0.0 buffer=1.2 current_replicas=4 predicted_load=86.98833347320175 required_resources=2.612 target_replicas=4
2026-07-11 22:59:52 [info     ] algorithm2_decision            action=MAINTAIN applied_target=4 current_replicas=4 hold_until=1783785621.5 observed_load=57.82 observed_target=3 point_forecasts=[45.99965286254883, 46.76494216918945, 46.545555114746094, 47.37657928466797, 46.92307662963867] prediction_age_sec=0.07 predictive_target=3 proactive=True scenario=s4-hybrid-predictive target_replicas=4 upper_forecasts=[60.06732177734375, 60.39044189453125, 60.69820022583008, 61.744720458984375, 61.60218811035156]
2026-07-11 22:59:52 [debug    ] Decision loop completed        action=MAINTAIN latency_ms=107.34 p99=128.0
2026-07-11 23:00:07 [debug    ] HAProxy fallback latency       delta_requests=931 interval_avg_ms=64.0 max_rtime_ms=129.0 p99_est=128.0
2026-07-11 23:00:07 [debug    ] GRU prediction received        confidence=0.8 latency_ms=1.93 predicted=64
2026-07-11 23:00:07 [debug    ] Using GRU prediction           confidence=0.8 predicted=64
2026-07-11 23:00:07 [debug    ] Proactive amplification        amplified=85.9 approach_ratio=0.93 load_trend=4.9 raw_pred=64
2026-07-11 23:00:07 [info     ] algorithm2_scaling_decision    action=MAINTAIN alpha=0.030030030030030033 beta=0.0 buffer=1.2 current_replicas=4 predicted_load=85.91860080971435 required_resources=2.58 target_replicas=4
2026-07-11 23:00:07 [info     ] algorithm2_decision            action=MAINTAIN applied_target=4 current_replicas=4 hold_until=1783785697.2 observed_load=61.12 observed_target=3 point_forecasts=[48.467254638671875, 49.290077209472656, 49.05059814453125, 49.780052185058594, 49.38096237182617] prediction_age_sec=0.07 predictive_target=4 proactive=True scenario=s4-hybrid-predictive target_replicas=4 upper_forecasts=[62.53491973876953, 62.91558074951172, 63.203243255615234, 64.148193359375, 64.06007385253906]
2026-07-11 23:00:07 [debug    ] Decision loop completed        action=MAINTAIN latency_ms=114.68 p99=128.0
2026-07-11 23:00:22 [debug    ] HAProxy fallback latency       delta_requests=1005 interval_avg_ms=87.84 max_rtime_ms=169.0 p99_est=169.0
2026-07-11 23:00:22 [debug    ] GRU prediction received        confidence=0.8 latency_ms=2.67 predicted=67
2026-07-11 23:00:22 [debug    ] Using GRU prediction           confidence=0.8 predicted=67
2026-07-11 23:00:22 [debug    ] Proactive amplification        amplified=95.1 approach_ratio=1.0 load_trend=5.7 raw_pred=67
2026-07-11 23:00:22 [info     ] algorithm2_scaling_decision    action=MAINTAIN alpha=0.030030030030030033 beta=0.0 buffer=1.2 current_replicas=4 predicted_load=95.14037399377133 required_resources=2.857 target_replicas=4
2026-07-11 23:00:22 [info     ] algorithm2_decision            action=MAINTAIN applied_target=4 current_replicas=4 hold_until=1783785712.3 observed_load=64.02 observed_target=3 point_forecasts=[51.478233337402344, 52.351478576660156, 52.0821647644043, 52.700172424316406, 52.34855651855469] prediction_age_sec=0.07 predictive_target=4 proactive=True scenario=s4-hybrid-predictive target_replicas=4 upper_forecasts=[65.5458984375, 65.97698211669922, 66.23480987548828, 67.06831359863281, 67.02767181396484]
2026-07-11 23:00:22 [debug    ] Decision loop completed        action=MAINTAIN latency_ms=111.72 p99=169.0
2026-07-11 23:00:37 [debug    ] HAProxy fallback latency       delta_requests=1118 interval_avg_ms=54.28 max_rtime_ms=169.0 p99_est=108.57
2026-07-11 23:00:37 [debug    ] GRU prediction received        confidence=0.8 latency_ms=2.04 predicted=71
2026-07-11 23:00:37 [debug    ] Using GRU prediction           confidence=0.8 predicted=71
2026-07-11 23:00:37 [debug    ] Proactive amplification        amplified=97.8 approach_ratio=1.11 load_trend=4.8 raw_pred=71
2026-07-11 23:00:37 [info     ] Knative pre-warm OK            cold_start_ms=11.1
2026-07-11 23:00:37 [info     ] controller_decision_v3         action=PREDICTIVE available_replicas=4 budget_remaining=1000 burn_adjustment=0 burst_ratio=0.1006 capacity_deficit=False confidence=0.8 current_load=74.04865234697137 decision_id=9ce42e7d k8s_capacity=66.6 k8s_weight=89 knative_weight=11 p99=108.6 predicted_load=71 r_effective=16.6 serverless_enabled=True total_load=74.0 weights_after={'k3s': 89, 'knative': 11} weights_before={'k3s': 100, 'knative': 0}
2026-07-11 23:00:37 [info     ] Weights updated                k3s=89 knative=11
2026-07-11 23:00:37 [info     ] Weights updated                action=PREDICTIVE reason='load=74RPS | k8s_cap=67RPS | (prediction-driven)' weights={'k3s': 89, 'knative': 11}
2026-07-11 23:00:37 [info     ] algorithm2_scaling_decision    action=MAINTAIN alpha=0.030030030030030033 beta=0.0 buffer=1.2 current_replicas=4 predicted_load=97.83333824462602 required_resources=2.938 target_replicas=4
2026-07-11 23:00:37 [info     ] algorithm2_decision            action=MAINTAIN applied_target=4 current_replicas=4 hold_until=1783785727.4 observed_load=70.24 observed_target=3 point_forecasts=[55.38784408569336, 56.58869171142578, 56.333473205566406, 56.923126220703125, 56.526878356933594] prediction_age_sec=0.08 predictive_target=4 proactive=True scenario=s4-hybrid-predictive target_replicas=4 upper_forecasts=[69.45551300048828, 70.21419525146484, 70.48611450195312, 71.29126739501953, 71.20599365234375]
2026-07-11 23:00:37 [debug    ] Decision loop completed        action=PREDICTIVE latency_ms=118.79 p99=108.56708407871199
2026-07-11 23:00:52 [debug    ] HAProxy fallback latency       delta_requests=1276 interval_avg_ms=87.53 max_rtime_ms=169.0 p99_est=169.0
2026-07-11 23:00:52 [debug    ] GRU prediction received        confidence=0.8 latency_ms=2.31 predicted=78
2026-07-11 23:00:52 [debug    ] Using GRU prediction           confidence=0.8 predicted=78
2026-07-11 23:00:52 [debug    ] Proactive amplification        amplified=113.8 approach_ratio=1.27 load_trend=5.9 raw_pred=78
2026-07-11 23:00:52 [info     ] controller_decision_v3         action=PREDICTIVE available_replicas=4 budget_remaining=1000 burn_adjustment=0 burst_ratio=0.2096 capacity_deficit=False confidence=0.8 current_load=84.26360476007689 decision_id=f4bdd66e k8s_capacity=66.6 k8s_weight=79 knative_weight=21 p99=169.0 predicted_load=78 r_effective=16.6 serverless_enabled=True total_load=84.3 weights_after={'k3s': 79, 'knative': 21} weights_before={'k3s': 89, 'knative': 11}
2026-07-11 23:00:52 [info     ] Weights updated                k3s=79 knative=21
2026-07-11 23:00:52 [info     ] Weights updated                action=PREDICTIVE reason='load=84RPS | k8s_cap=67RPS | (prediction-driven)' weights={'k3s': 79, 'knative': 21}
2026-07-11 23:00:52 [info     ] algorithm2_scaling_decision    action=SCALE_UP alpha=0.030030030030030033 beta=0.0 buffer=1.2 current_replicas=4 predicted_load=113.82733522558141 required_resources=3.418 target_replicas=5
2026-07-11 23:00:52 [info     ] algorithm2_decision            action=SCALE_UP applied_target=5 current_replicas=4 hold_until=1783785742.5 observed_load=79.16 observed_target=3 point_forecasts=[60.94586944580078, 62.294883728027344, 62.354591369628906, 63.16872024536133, 62.40444564819336] prediction_age_sec=0.07 predictive_target=5 proactive=True scenario=s4-hybrid-predictive target_replicas=5 upper_forecasts=[75.01353454589844, 75.9203872680664, 76.50723266601562, 77.536865234375, 77.08355712890625]
2026-07-11 23:00:52 [info     ] k8s_scale_executed             deployment=test-app-warm replicas=5
2026-07-11 23:00:52 [debug    ] Decision loop completed        action=PREDICTIVE latency_ms=154.29 p99=169.0
2026-07-11 23:01:07 [debug    ] HAProxy fallback latency       delta_requests=1461 interval_avg_ms=56.16 max_rtime_ms=169.0 p99_est=112.32
2026-07-11 23:01:07 [debug    ] GRU prediction received        confidence=0.8 latency_ms=1.87 predicted=87
2026-07-11 23:01:07 [debug    ] Using GRU prediction           confidence=0.8 predicted=87
2026-07-11 23:01:07 [debug    ] Proactive amplification        amplified=139.9 approach_ratio=1.16 load_trend=8.7 raw_pred=87
2026-07-11 23:01:07 [info     ] controller_decision_v3         action=RECOVERY available_replicas=5 budget_remaining=1000 burn_adjustment=0 burst_ratio=0.1365 capacity_deficit=False confidence=0.8 current_load=96.40952863519057 decision_id=3329488d k8s_capacity=83.2 k8s_weight=86 knative_weight=14 p99=112.3 predicted_load=87 r_effective=16.6 serverless_enabled=True total_load=96.4 weights_after={'k3s': 86, 'knative': 14} weights_before={'k3s': 79, 'knative': 21}
2026-07-11 23:01:07 [info     ] Weights updated                k3s=86 knative=14
2026-07-11 23:01:07 [info     ] Weights updated                action=RECOVERY reason='load=96RPS | k8s_cap=83RPS | (reducing-serverless)' weights={'k3s': 86, 'knative': 14}
2026-07-11 23:01:07 [info     ] algorithm2_scaling_decision    action=SCALE_UP alpha=0.030030030030030033 beta=0.0 buffer=1.2 current_replicas=5 predicted_load=139.88954031967918 required_resources=4.201 target_replicas=6
2026-07-11 23:01:07 [info     ] algorithm2_decision            action=SCALE_UP applied_target=6 current_replicas=5 hold_until=1783785757.7 observed_load=90.34 observed_target=4 point_forecasts=[69.76679229736328, 71.06342315673828, 72.543212890625, 72.47772216796875, 72.60253143310547] prediction_age_sec=0.11 predictive_target=6 proactive=True scenario=s4-hybrid-predictive target_replicas=6 upper_forecasts=[83.83445739746094, 84.68892669677734, 86.69586181640625, 86.84586334228516, 87.28164672851562]
2026-07-11 23:01:07 [info     ] k8s_scale_executed             deployment=test-app-warm replicas=6
2026-07-11 23:01:07 [debug    ] Decision loop completed        action=RECOVERY latency_ms=189.15 p99=112.32169746748802
2026-07-11 23:01:22 [debug    ] HAProxy fallback latency       delta_requests=1678 interval_avg_ms=97.31 max_rtime_ms=206.0 p99_est=194.62
2026-07-11 23:01:22 [debug    ] GRU prediction received        confidence=0.8 latency_ms=2.45 predicted=101
2026-07-11 23:01:22 [debug    ] Using GRU prediction           confidence=0.8 predicted=101
2026-07-11 23:01:22 [debug    ] Proactive amplification        amplified=165.5 approach_ratio=1.11 load_trend=11.0 raw_pred=101
2026-07-11 23:01:22 [info     ] controller_decision_v3         action=RECOVERY available_replicas=6 budget_remaining=1000 burn_adjustment=0 burst_ratio=0.0957 capacity_deficit=False confidence=0.8 current_load=110.47406908298704 decision_id=dea46ff1 k8s_capacity=99.9 k8s_weight=90 knative_weight=10 p99=194.6 predicted_load=101 r_effective=16.6 serverless_enabled=True total_load=110.5 weights_after={'k3s': 90, 'knative': 10} weights_before={'k3s': 86, 'knative': 14}
2026-07-11 23:01:22 [info     ] Weights updated                k3s=90 knative=10
2026-07-11 23:01:22 [info     ] Weights updated                action=RECOVERY reason='load=110RPS | k8s_cap=100RPS | (reducing-serverless)' weights={'k3s': 90, 'knative': 10}
2026-07-11 23:01:22 [info     ] algorithm2_scaling_decision    action=MAINTAIN alpha=0.030030030030030033 beta=0.0 buffer=1.2 current_replicas=6 predicted_load=165.5372575475978 required_resources=4.971 target_replicas=6
2026-07-11 23:01:22 [info     ] algorithm2_decision            action=MAINTAIN applied_target=6 current_replicas=6 hold_until=1783785772.9 observed_load=103.44 observed_target=4 point_forecasts=[84.38452911376953, 84.71234130859375, 86.18495178222656, 85.47360229492188, 86.77239990234375] prediction_age_sec=0.12 predictive_target=6 proactive=True scenario=s4-hybrid-predictive target_replicas=6 upper_forecasts=[98.45219421386719, 98.33784484863281, 100.33760070800781, 99.84174346923828, 101.4515151977539]
2026-07-11 23:01:22 [debug    ] Decision loop completed        action=RECOVERY latency_ms=161.28 p99=194.62455303933254
2026-07-11 23:01:37 [debug    ] HAProxy fallback latency       delta_requests=1898 interval_avg_ms=69.0 max_rtime_ms=227.0 p99_est=138.0
2026-07-11 23:01:37 [debug    ] GRU prediction received        confidence=0.8 latency_ms=1.96 predicted=114
2026-07-11 23:01:37 [debug    ] Using GRU prediction           confidence=0.8 predicted=114
2026-07-11 23:01:37 [debug    ] Proactive amplification        amplified=189.0 approach_ratio=1.25 load_trend=12.8 raw_pred=114
2026-07-11 23:01:37 [info     ] controller_decision_v3         action=PREDICTIVE available_replicas=6 budget_remaining=1000 burn_adjustment=0 burst_ratio=0.2016 capacity_deficit=False confidence=0.8 current_load=125.1178287709965 decision_id=e611783e k8s_capacity=99.9 k8s_weight=79 knative_weight=21 p99=138.0 predicted_load=114 r_effective=16.6 serverless_enabled=True total_load=125.1 weights_after={'k3s': 79, 'knative': 21} weights_before={'k3s': 90, 'knative': 10}
2026-07-11 23:01:37 [info     ] Weights updated                k3s=79 knative=21
2026-07-11 23:01:37 [info     ] Weights updated                action=PREDICTIVE reason='load=125RPS | k8s_cap=100RPS | (prediction-driven)' weights={'k3s': 79, 'knative': 21}
2026-07-11 23:01:38 [info     ] algorithm2_scaling_decision    action=MAINTAIN alpha=0.030030030030030033 beta=0.0 buffer=1.2 current_replicas=6 predicted_load=188.9542993010279 required_resources=5.674 target_replicas=6
2026-07-11 23:01:38 [info     ] algorithm2_decision            action=MAINTAIN applied_target=6 current_replicas=6 hold_until=1783785788.0 observed_load=117.8 observed_target=5 point_forecasts=[99.54029846191406, 99.12641906738281, 100.19004821777344, 98.89910888671875, 99.68878173828125] prediction_age_sec=0.07 predictive_target=6 proactive=True scenario=s4-hybrid-predictive target_replicas=6 upper_forecasts=[113.60796356201172, 112.75192260742188, 114.34269714355469, 113.26725006103516, 114.3678970336914]
2026-07-11 23:01:38 [debug    ] Decision loop completed        action=PREDICTIVE latency_ms=110.77 p99=138.0
2026-07-11 23:01:53 [debug    ] HAProxy fallback latency       delta_requests=1714 interval_avg_ms=32.02 max_rtime_ms=227.0 p99_est=64.05
2026-07-11 23:01:53 [debug    ] GRU prediction received        confidence=0.8 latency_ms=2.08 predicted=121
2026-07-11 23:01:53 [debug    ] Using GRU prediction           confidence=0.8 predicted=121
2026-07-11 23:01:53 [debug    ] Proactive amplification        amplified=150.0 approach_ratio=1.14 load_trend=7.3 raw_pred=121
2026-07-11 23:01:53 [info     ] controller_decision_v3         action=RECOVERY available_replicas=6 budget_remaining=1000 burn_adjustment=0 burst_ratio=0.1198 capacity_deficit=False confidence=0.8 current_load=113.49158839488406 decision_id=be58059f k8s_capacity=99.9 k8s_weight=88 knative_weight=12 p99=64.0 predicted_load=121 r_effective=16.6 serverless_enabled=True total_load=113.5 weights_after={'k3s': 88, 'knative': 12} weights_before={'k3s': 79, 'knative': 21}
2026-07-11 23:01:53 [info     ] Weights updated                k3s=88 knative=12
2026-07-11 23:01:53 [info     ] Weights updated                action=RECOVERY reason='load=113RPS | k8s_cap=100RPS | (reducing-serverless)' weights={'k3s': 88, 'knative': 12}
2026-07-11 23:01:53 [info     ] algorithm2_scaling_decision    action=MAINTAIN alpha=0.030030030030030033 beta=0.0 buffer=1.2 current_replicas=6 predicted_load=150.02656793839304 required_resources=4.505 target_replicas=6
2026-07-11 23:01:53 [info     ] algorithm2_decision            action=MAINTAIN applied_target=6 current_replicas=6 hold_until=1783785803.2 observed_load=119.3 observed_target=5 point_forecasts=[106.67982482910156, 106.34651947021484, 106.8128890991211, 105.97811889648438, 105.98309326171875] prediction_age_sec=0.11 predictive_target=6 proactive=True scenario=s4-hybrid-predictive target_replicas=6 upper_forecasts=[120.74748992919922, 119.9720230102539, 120.96553039550781, 120.34626007080078, 120.6622085571289]
2026-07-11 23:01:53 [debug    ] Decision loop completed        action=RECOVERY latency_ms=153.88 p99=64.04667444574096
2026-07-11 23:02:08 [debug    ] HAProxy fallback latency       delta_requests=1310 interval_avg_ms=48.87 max_rtime_ms=227.0 p99_est=97.75
2026-07-11 23:02:08 [debug    ] GRU prediction received        confidence=0.8 latency_ms=1.71 predicted=117
2026-07-11 23:02:08 [debug    ] Using GRU prediction           confidence=0.8 predicted=117
2026-07-11 23:02:08 [info     ] controller_decision_v3         action=RECOVERY available_replicas=6 budget_remaining=1000 burn_adjustment=0 burst_ratio=0 capacity_deficit=False confidence=0.8 current_load=86.51560807099138 decision_id=9ab7a208 k8s_capacity=99.9 k8s_weight=100 knative_weight=0 p99=97.7 predicted_load=117 r_effective=16.6 serverless_enabled=False total_load=86.5 weights_after={'k3s': 100, 'knative': 0} weights_before={'k3s': 88, 'knative': 12}
2026-07-11 23:02:08 [info     ] Weights updated                k3s=100 knative=0
2026-07-11 23:02:08 [info     ] Weights updated                action=RECOVERY reason='load=87RPS | k8s_cap=100RPS | (reducing-serverless)' weights={'k3s': 100, 'knative': 0}
2026-07-11 23:02:08 [info     ] algorithm2_scaling_decision    action=MAINTAIN alpha=0.030030030030030033 beta=0.0 buffer=1.2 current_replicas=6 predicted_load=117.0 required_resources=3.514 target_replicas=5
2026-07-11 23:02:08 [info     ] algorithm2_decision            action=MAINTAIN applied_target=5 current_replicas=6 hold_until=1783785818.3 observed_load=100.0 observed_target=4 point_forecasts=[103.29681396484375, 103.55892181396484, 102.99800872802734, 102.80838012695312, 102.58332824707031] prediction_age_sec=0.11 predictive_target=5 proactive=True scenario=s4-hybrid-predictive target_replicas=5 upper_forecasts=[117.3644790649414, 117.1844253540039, 117.15065002441406, 117.17652130126953, 117.26244354248047]
2026-07-11 23:02:08 [debug    ] Decision loop completed        action=RECOVERY latency_ms=147.17 p99=97.74656488549618
2026-07-11 23:02:23 [debug    ] HAProxy fallback latency       delta_requests=1131 interval_avg_ms=44.16 max_rtime_ms=227.0 p99_est=88.33
2026-07-11 23:02:23 [debug    ] GRU prediction received        confidence=0.8 latency_ms=3.08 predicted=110
2026-07-11 23:02:23 [debug    ] Using GRU prediction           confidence=0.8 predicted=110
2026-07-11 23:02:23 [info     ] algorithm2_scaling_decision    action=MAINTAIN alpha=0.030030030030030033 beta=0.0 buffer=1.2 current_replicas=6 predicted_load=110.0 required_resources=3.303 target_replicas=4
2026-07-11 23:02:23 [info     ] algorithm2_decision            action=MAINTAIN applied_target=4 current_replicas=6 hold_until=1783785833.4 observed_load=80.59 observed_target=3 point_forecasts=[96.08352661132812, 96.69674682617188, 95.44425964355469, 95.81463623046875, 95.64212036132812] prediction_age_sec=0.07 predictive_target=4 proactive=True scenario=s4-hybrid-predictive target_replicas=4 upper_forecasts=[110.15119171142578, 110.32225036621094, 109.59690856933594, 110.18277740478516, 110.32123565673828]
2026-07-11 23:02:23 [debug    ] Decision loop completed        action=MAINTAIN latency_ms=112.21 p99=88.32537577365163
2026-07-11 23:02:38 [debug    ] HAProxy fallback latency       delta_requests=1073 interval_avg_ms=86.96 max_rtime_ms=227.0 p99_est=173.93
2026-07-11 23:02:38 [debug    ] GRU prediction received        confidence=0.8 latency_ms=1.85 predicted=104
2026-07-11 23:02:38 [debug    ] Using GRU prediction           confidence=0.8 predicted=104
2026-07-11 23:02:38 [info     ] algorithm2_scaling_decision    action=MAINTAIN alpha=0.030030030030030033 beta=0.0 buffer=1.2 current_replicas=6 predicted_load=104.0 required_resources=3.123 target_replicas=4
2026-07-11 23:02:38 [info     ] algorithm2_decision            action=MAINTAIN applied_target=4 current_replicas=6 hold_until=1783785848.5 observed_load=72.83 observed_target=3 point_forecasts=[89.08621978759766, 89.78317260742188, 88.29866027832031, 88.93177032470703, 88.92636108398438] prediction_age_sec=0.07 predictive_target=4 proactive=True scenario=s4-hybrid-predictive target_replicas=4 upper_forecasts=[103.15388488769531, 103.40867614746094, 102.45130920410156, 103.29991149902344, 103.60547637939453]
2026-07-11 23:02:38 [debug    ] Decision loop completed        action=MAINTAIN latency_ms=111.14 p99=173.9273066169618
2026-07-11 23:02:53 [debug    ] HAProxy fallback latency       delta_requests=944 interval_avg_ms=37.9 max_rtime_ms=227.0 p99_est=75.8
2026-07-11 23:02:53 [debug    ] GRU prediction received        confidence=0.8 latency_ms=2.63 predicted=96
2026-07-11 23:02:53 [debug    ] Using GRU prediction           confidence=0.8 predicted=96
2026-07-11 23:02:53 [info     ] algorithm2_scaling_decision    action=MAINTAIN alpha=0.030030030030030033 beta=0.0 buffer=1.2 current_replicas=6 predicted_load=96.0 required_resources=2.883 target_replicas=4
2026-07-11 23:02:53 [info     ] algorithm2_decision            action=MAINTAIN applied_target=4 current_replicas=6 hold_until=1783785863.7 observed_load=66.74 observed_target=3 point_forecasts=[82.10006713867188, 82.27104187011719, 81.37397003173828, 81.42581176757812, 81.40879821777344] prediction_age_sec=0.07 predictive_target=4 proactive=True scenario=s4-hybrid-predictive target_replicas=4 upper_forecasts=[96.16773223876953, 95.89654541015625, 95.526611328125, 95.79395294189453, 96.0879135131836]
2026-07-11 23:02:53 [debug    ] Decision loop completed        action=MAINTAIN latency_ms=116.87 p99=75.79661016949153
2026-07-11 23:03:08 [debug    ] HAProxy fallback latency       delta_requests=792 interval_avg_ms=64.0 max_rtime_ms=227.0 p99_est=128.0
2026-07-11 23:03:08 [debug    ] GRU prediction received        confidence=0.8 latency_ms=2.2 predicted=88
2026-07-11 23:03:08 [debug    ] Using GRU prediction           confidence=0.8 predicted=88
2026-07-11 23:03:08 [info     ] algorithm2_scaling_decision    action=MAINTAIN alpha=0.030030030030030033 beta=0.0 buffer=1.2 current_replicas=6 predicted_load=88.0 required_resources=2.643 target_replicas=4
2026-07-11 23:03:08 [info     ] algorithm2_decision            action=MAINTAIN applied_target=4 current_replicas=6 hold_until=1783785878.8 observed_load=57.5 observed_target=3 point_forecasts=[74.29461669921875, 73.29214477539062, 73.0096435546875, 73.97528839111328, 72.2193603515625] prediction_age_sec=0.07 predictive_target=4 proactive=True scenario=s4-hybrid-predictive target_replicas=4 upper_forecasts=[88.3622817993164, 86.91764831542969, 87.16229248046875, 88.34342956542969, 86.89847564697266]
2026-07-11 23:03:08 [debug    ] Decision loop completed        action=MAINTAIN latency_ms=107.06 p99=128.0
2026-07-11 23:03:23 [debug    ] HAProxy fallback latency       delta_requests=1208 interval_avg_ms=155.34 max_rtime_ms=227.0 p99_est=227.0
2026-07-11 23:03:23 [debug    ] GRU prediction received        confidence=0.8 latency_ms=2.33 predicted=88
2026-07-11 23:03:23 [debug    ] Using GRU prediction           confidence=0.8 predicted=88
2026-07-11 23:03:23 [info     ] algorithm2_scaling_decision    action=MAINTAIN alpha=0.030030030030030033 beta=0.0 buffer=1.2 current_replicas=6 predicted_load=88.0 required_resources=2.643 target_replicas=4
2026-07-11 23:03:23 [info     ] algorithm2_decision            action=MAINTAIN applied_target=4 current_replicas=6 hold_until=1783785893.9 observed_load=66.14 observed_target=3 point_forecasts=[73.73356628417969, 73.34803009033203, 73.21585083007812, 73.8437271118164, 72.72592163085938] prediction_age_sec=0.07 predictive_target=4 proactive=True scenario=s4-hybrid-predictive target_replicas=4 upper_forecasts=[87.80123138427734, 86.9735336303711, 87.36849975585938, 88.21186828613281, 87.40503692626953]
2026-07-11 23:03:23 [debug    ] Decision loop completed        action=MAINTAIN latency_ms=109.35 p99=227.0
2026-07-11 23:03:38 [debug    ] HAProxy fallback latency       delta_requests=1876 interval_avg_ms=162.22 max_rtime_ms=227.0 p99_est=227.0
2026-07-11 23:03:38 [debug    ] GRU prediction received        confidence=0.8 latency_ms=2.26 predicted=101
2026-07-11 23:03:38 [debug    ] Using GRU prediction           confidence=0.8 predicted=101
2026-07-11 23:03:38 [debug    ] Proactive amplification        amplified=190.4 approach_ratio=1.24 load_trend=13.3 raw_pred=101
2026-07-11 23:03:38 [info     ] Knative pre-warm OK            cold_start_ms=2.9
2026-07-11 23:03:38 [info     ] controller_decision_v3         action=PREDICTIVE available_replicas=6 budget_remaining=998 burn_adjustment=0 burst_ratio=0.1949 capacity_deficit=False confidence=0.8 current_load=124.08933001573034 decision_id=fe2d22c4 k8s_capacity=99.9 k8s_weight=80 knative_weight=20 p99=227.0 predicted_load=101 r_effective=16.6 serverless_enabled=True total_load=124.1 weights_after={'k3s': 80, 'knative': 20} weights_before={'k3s': 100, 'knative': 0}
2026-07-11 23:03:38 [info     ] Weights updated                k3s=80 knative=20
2026-07-11 23:03:38 [info     ] Weights updated                action=PREDICTIVE reason='load=124RPS | k8s_cap=100RPS | (prediction-driven)' weights={'k3s': 80, 'knative': 20}
2026-07-11 23:03:38 [info     ] algorithm2_scaling_decision    action=MAINTAIN alpha=0.030030030030030033 beta=0.0 buffer=1.2 current_replicas=6 predicted_load=190.44482366472005 required_resources=5.719 target_replicas=6
2026-07-11 23:03:38 [info     ] algorithm2_decision            action=MAINTAIN applied_target=6 current_replicas=6 hold_until=1783785909.0 observed_load=101.93 observed_target=4 point_forecasts=[85.7970199584961, 85.90113830566406, 85.767822265625, 85.42247772216797, 86.2273178100586] prediction_age_sec=0.07 predictive_target=6 proactive=True scenario=s4-hybrid-predictive target_replicas=6 upper_forecasts=[99.86468505859375, 99.52664184570312, 99.92047119140625, 99.79061889648438, 100.90643310546875]
2026-07-11 23:03:38 [debug    ] Decision loop completed        action=PREDICTIVE latency_ms=118.4 p99=227.0
2026-07-11 23:03:54 [debug    ] GRU prediction received        confidence=0.8 latency_ms=2.35 predicted=110
2026-07-11 23:03:54 [debug    ] Using GRU prediction           confidence=0.8 predicted=110
2026-07-11 23:03:54 [debug    ] Proactive amplification        amplified=192.0 approach_ratio=1.2 load_trend=14.4 raw_pred=110
2026-07-11 23:03:54 [info     ] controller_decision_v3         action=RECOVERY available_replicas=6 budget_remaining=997 burn_adjustment=0 burst_ratio=0.1679 capacity_deficit=False confidence=0.8 current_load=120.05605871927848 decision_id=c1276405 k8s_capacity=99.9 k8s_weight=83 knative_weight=17 p99=227.0 predicted_load=110 r_effective=16.6 serverless_enabled=True total_load=120.1 weights_after={'k3s': 83, 'knative': 17} weights_before={'k3s': 80, 'knative': 20}
2026-07-11 23:03:54 [info     ] Weights updated                k3s=83 knative=17
2026-07-11 23:03:54 [info     ] Weights updated                action=RECOVERY reason='load=120RPS | k8s_cap=100RPS | (reducing-serverless)' weights={'k3s': 83, 'knative': 17}
2026-07-11 23:03:54 [info     ] algorithm2_scaling_decision    action=MAINTAIN alpha=0.030030030030030033 beta=0.0 buffer=1.2 current_replicas=6 predicted_load=192.04210679533415 required_resources=5.767 target_replicas=6
2026-07-11 23:03:54 [info     ] algorithm2_decision            action=MAINTAIN applied_target=6 current_replicas=6 hold_until=1783785924.1 observed_load=122.07 observed_target=5 point_forecasts=[96.16761779785156, 96.01919555664062, 95.98961639404297, 95.51437377929688, 95.76065063476562] prediction_age_sec=0.11 predictive_target=6 proactive=True scenario=s4-hybrid-predictive target_replicas=6 upper_forecasts=[110.23528289794922, 109.64469909667969, 110.14225769042969, 109.88251495361328, 110.43976593017578]
2026-07-11 23:03:54 [debug    ] Decision loop completed        action=RECOVERY latency_ms=152.57 p99=227.0
2026-07-11 23:04:09 [debug    ] HAProxy fallback latency       delta_requests=1422 interval_avg_ms=45.01 max_rtime_ms=227.0 p99_est=90.01
2026-07-11 23:04:09 [debug    ] GRU prediction received        confidence=0.8 latency_ms=1.92 predicted=112
2026-07-11 23:04:09 [debug    ] Using GRU prediction           confidence=0.8 predicted=112
2026-07-11 23:04:09 [debug    ] Proactive amplification        amplified=145.6 approach_ratio=0.94 load_trend=10.3 raw_pred=112
2026-07-11 23:04:09 [info     ] controller_decision_v3         action=RECOVERY available_replicas=6 budget_remaining=997 burn_adjustment=0 burst_ratio=0 capacity_deficit=False confidence=0.8 current_load=93.9104348693529 decision_id=95413f1a k8s_capacity=99.9 k8s_weight=100 knative_weight=0 p99=90.0 predicted_load=112 r_effective=16.6 serverless_enabled=False total_load=93.9 weights_after={'k3s': 100, 'knative': 0} weights_before={'k3s': 83, 'knative': 17}
2026-07-11 23:04:09 [info     ] Weights updated                k3s=100 knative=0
2026-07-11 23:04:09 [info     ] Weights updated                action=RECOVERY reason='load=94RPS | k8s_cap=100RPS | (reducing-serverless)' weights={'k3s': 100, 'knative': 0}
2026-07-11 23:04:09 [info     ] algorithm2_scaling_decision    action=MAINTAIN alpha=0.030030030030030033 beta=0.0 buffer=1.2 current_replicas=6 predicted_load=145.64338453954286 required_resources=4.374 target_replicas=6
2026-07-11 23:04:09 [info     ] algorithm2_decision            action=MAINTAIN applied_target=6 current_replicas=6 hold_until=1783785939.3 observed_load=106.98 observed_target=4 point_forecasts=[97.4370346069336, 97.59678649902344, 97.1494369506836, 96.96368408203125, 96.9447021484375] prediction_age_sec=0.1 predictive_target=6 proactive=True scenario=s4-hybrid-predictive target_replicas=6 upper_forecasts=[111.50469970703125, 111.2222900390625, 111.30207824707031, 111.33182525634766, 111.62381744384766]
2026-07-11 23:04:09 [debug    ] Decision loop completed        action=RECOVERY latency_ms=148.0 p99=90.014064697609
2026-07-11 23:04:24 [debug    ] HAProxy fallback latency       delta_requests=1230 interval_avg_ms=67.0 max_rtime_ms=227.0 p99_est=134.0
2026-07-11 23:04:24 [debug    ] GRU prediction received        confidence=0.8 latency_ms=2.58 predicted=109
2026-07-11 23:04:24 [debug    ] Using GRU prediction           confidence=0.8 predicted=109
2026-07-11 23:04:24 [info     ] algorithm2_scaling_decision    action=MAINTAIN alpha=0.030030030030030033 beta=0.0 buffer=1.2 current_replicas=6 predicted_load=145.64338453954286 required_resources=4.374 target_replicas=6
2026-07-11 23:04:24 [info     ] algorithm2_decision            action=MAINTAIN applied_target=6 current_replicas=6 hold_until=1783785939.3 observed_load=87.55 observed_target=4 point_forecasts=[94.22955322265625, 94.70664978027344, 93.75736999511719, 93.94361877441406, 93.88932037353516] prediction_age_sec=0.07 predictive_target=4 proactive=True scenario=s4-hybrid-predictive target_replicas=6 upper_forecasts=[108.2972183227539, 108.3321533203125, 107.91001892089844, 108.31175994873047, 108.56843566894531]
2026-07-11 23:04:24 [debug    ] Decision loop completed        action=MAINTAIN latency_ms=110.24 p99=134.0
2026-07-11 23:04:39 [debug    ] HAProxy fallback latency       delta_requests=1147 interval_avg_ms=5.84 max_rtime_ms=227.0 p99_est=11.69
2026-07-11 23:04:39 [debug    ] GRU prediction received        confidence=0.8 latency_ms=1.76 predicted=104
2026-07-11 23:04:39 [debug    ] Using GRU prediction           confidence=0.8 predicted=104
2026-07-11 23:04:39 [info     ] algorithm2_scaling_decision    action=MAINTAIN alpha=0.030030030030030033 beta=0.0 buffer=1.2 current_replicas=6 predicted_load=104.0 required_resources=3.123 target_replicas=4
2026-07-11 23:04:39 [info     ] algorithm2_decision            action=MAINTAIN applied_target=4 current_replicas=6 hold_until=1783785969.5 observed_load=78.55 observed_target=3 point_forecasts=[89.76223754882812, 90.38888549804688, 89.18722534179688, 89.54608917236328, 89.63263702392578] prediction_age_sec=0.07 predictive_target=4 proactive=True scenario=s4-hybrid-predictive target_replicas=4 upper_forecasts=[103.82990264892578, 104.01438903808594, 103.33987426757812, 103.91423034667969, 104.31175231933594]
2026-07-11 23:04:39 [debug    ] Decision loop completed        action=MAINTAIN latency_ms=111.09 p99=11.687881429816914
2026-07-11 23:04:54 [debug    ] HAProxy fallback latency       delta_requests=1495 interval_avg_ms=162.84 max_rtime_ms=227.0 p99_est=227.0
2026-07-11 23:04:54 [debug    ] GRU prediction received        confidence=0.8 latency_ms=2.06 predicted=107
2026-07-11 23:04:54 [debug    ] Using GRU prediction           confidence=0.8 predicted=107
2026-07-11 23:04:54 [info     ] algorithm2_scaling_decision    action=MAINTAIN alpha=0.030030030030030033 beta=0.0 buffer=1.2 current_replicas=6 predicted_load=87.38892815382323 required_resources=2.624 target_replicas=4
2026-07-11 23:04:54 [info     ] algorithm2_decision            action=MAINTAIN applied_target=4 current_replicas=6 hold_until=1783785969.5 observed_load=87.39 observed_target=4 point_forecasts=[92.26232147216797, 92.58490753173828, 91.64070892333984, 91.85554504394531, 91.90685272216797] prediction_age_sec=0.07 predictive_target=4 proactive=False scenario=s4-hybrid-predictive target_replicas=4 upper_forecasts=[106.32998657226562, 106.21041107177734, 105.79335021972656, 106.22368621826172, 106.58596801757812]
2026-07-11 23:04:54 [debug    ] Decision loop completed        action=MAINTAIN latency_ms=109.98 p99=227.0
2026-07-11 23:05:09 [debug    ] HAProxy fallback latency       delta_requests=2008 interval_avg_ms=1183.25 max_rtime_ms=492.0 p99_est=492.0
2026-07-11 23:05:09 [debug    ] GRU prediction received        confidence=0.8 latency_ms=1.72 predicted=118
2026-07-11 23:05:09 [debug    ] Using GRU prediction           confidence=0.8 predicted=118
2026-07-11 23:05:09 [debug    ] Proactive amplification        amplified=181.5 approach_ratio=1.33 load_trend=9.7 raw_pred=118
2026-07-11 23:05:09 [info     ] Knative pre-warm OK            cold_start_ms=2.4
2026-07-11 23:05:09 [info     ] controller_decision_v3         action=PREDICTIVE available_replicas=6 budget_remaining=995 burn_adjustment=0 burst_ratio=0.2479 capacity_deficit=False confidence=0.8 current_load=132.82074233001882 decision_id=2f43b8ee k8s_capacity=99.9 k8s_weight=75 knative_weight=25 p99=492.0 predicted_load=118 r_effective=16.6 serverless_enabled=True total_load=132.8 weights_after={'k3s': 75, 'knative': 25} weights_before={'k3s': 100, 'knative': 0}
2026-07-11 23:05:09 [info     ] Weights updated                k3s=75 knative=25
2026-07-11 23:05:09 [info     ] Weights updated                action=PREDICTIVE reason='load=133RPS | k8s_cap=100RPS | (prediction-driven)' weights={'k3s': 75, 'knative': 25}
2026-07-11 23:05:09 [info     ] algorithm2_scaling_decision    action=MAINTAIN alpha=0.030030030030030033 beta=0.0 buffer=1.2 current_replicas=6 predicted_load=181.45862665585122 required_resources=5.449 target_replicas=6
2026-07-11 23:05:09 [info     ] algorithm2_decision            action=MAINTAIN applied_target=6 current_replicas=6 hold_until=1783785999.7 observed_load=115.84 observed_target=5 point_forecasts=[103.83615112304688, 103.43997192382812, 103.17227172851562, 102.96172332763672, 102.63603210449219] prediction_age_sec=0.07 predictive_target=6 proactive=True scenario=s4-hybrid-predictive target_replicas=6 upper_forecasts=[117.90381622314453, 117.06547546386719, 117.32492065429688, 117.32986450195312, 117.31514739990234]
2026-07-11 23:05:09 [debug    ] Decision loop completed        action=PREDICTIVE latency_ms=116.69 p99=492.0
2026-07-11 23:05:24 [debug    ] GRU prediction received        confidence=0.8 latency_ms=2.03 predicted=133
2026-07-11 23:05:24 [debug    ] Using GRU prediction           confidence=0.8 predicted=133
2026-07-11 23:05:24 [debug    ] Proactive amplification        amplified=236.8 approach_ratio=1.51 load_trend=17.3 raw_pred=133
2026-07-11 23:05:24 [info     ] controller_decision_v3         action=PREDICTIVE available_replicas=6 budget_remaining=994 burn_adjustment=0 burst_ratio=0.3356 capacity_deficit=False confidence=0.8 current_load=150.36965313234273 decision_id=8b5533b7 k8s_capacity=99.9 k8s_weight=66 knative_weight=34 p99=492.0 predicted_load=133 r_effective=16.6 serverless_enabled=True total_load=150.4 weights_after={'k3s': 66, 'knative': 34} weights_before={'k3s': 75, 'knative': 25}
2026-07-11 23:05:24 [info     ] Weights updated                k3s=66 knative=34
2026-07-11 23:05:24 [info     ] Weights updated                action=PREDICTIVE reason='load=150RPS | k8s_cap=100RPS | (prediction-driven)' weights={'k3s': 66, 'knative': 34}
2026-07-11 23:05:24 [info     ] algorithm2_scaling_decision    action=MAINTAIN alpha=0.030030030030030033 beta=0.0 buffer=1.2 current_replicas=6 predicted_load=141.59519773118078 required_resources=4.252 target_replicas=6
2026-07-11 23:05:24 [info     ] algorithm2_decision            action=MAINTAIN applied_target=6 current_replicas=6 hold_until=1783785999.7 observed_load=141.6 observed_target=6 point_forecasts=[118.99433898925781, 117.99034118652344, 118.22063446044922, 117.66631317138672, 116.71814727783203] prediction_age_sec=0.07 predictive_target=6 proactive=False scenario=s4-hybrid-predictive target_replicas=6 upper_forecasts=[133.06201171875, 131.6158447265625, 132.37327575683594, 132.03445434570312, 131.3972625732422]
2026-07-11 23:05:24 [debug    ] Decision loop completed        action=PREDICTIVE latency_ms=112.36 p99=492.0
2026-07-11 23:05:39 [debug    ] HAProxy fallback latency       delta_requests=2421 interval_avg_ms=20.38 max_rtime_ms=492.0 p99_est=40.76
2026-07-11 23:05:39 [debug    ] GRU prediction received        confidence=0.8 latency_ms=1.73 predicted=148
2026-07-11 23:05:39 [debug    ] Using GRU prediction           confidence=0.8 predicted=148
2026-07-11 23:05:39 [debug    ] Proactive amplification        amplified=265.5 approach_ratio=1.6 load_trend=21.1 raw_pred=148
2026-07-11 23:05:39 [info     ] controller_decision_v3         action=PREDICTIVE available_replicas=6 budget_remaining=994 burn_adjustment=0 burst_ratio=0.3764 capacity_deficit=False confidence=0.8 current_load=160.19198131259455 decision_id=0600cb0e k8s_capacity=99.9 k8s_weight=62 knative_weight=38 p99=40.8 predicted_load=148 r_effective=16.6 serverless_enabled=True total_load=160.2 weights_after={'k3s': 62, 'knative': 38} weights_before={'k3s': 66, 'knative': 34}
2026-07-11 23:05:39 [info     ] Weights updated                k3s=62 knative=38
2026-07-11 23:05:39 [info     ] Weights updated                action=PREDICTIVE reason='load=160RPS | k8s_cap=100RPS | (prediction-driven)' weights={'k3s': 62, 'knative': 38}
2026-07-11 23:05:39 [info     ] algorithm2_scaling_decision    action=MAINTAIN alpha=0.030030030030030033 beta=0.0 buffer=1.2 current_replicas=6 predicted_load=155.28081722246864 required_resources=4.663 target_replicas=6
2026-07-11 23:05:39 [info     ] algorithm2_decision            action=MAINTAIN applied_target=6 current_replicas=6 hold_until=1783785999.7 observed_load=155.28 observed_target=6 point_forecasts=[134.33157348632812, 132.9520263671875, 133.316162109375, 132.64430236816406, 130.98727416992188] prediction_age_sec=0.07 predictive_target=6 proactive=False scenario=s4-hybrid-predictive target_replicas=6 upper_forecasts=[148.3992462158203, 146.57752990722656, 147.46881103515625, 147.012451171875, 145.6663818359375]
2026-07-11 23:05:39 [debug    ] Decision loop completed        action=PREDICTIVE latency_ms=115.38 p99=40.76084262701363
2026-07-11 23:05:55 [debug    ] HAProxy fallback latency       delta_requests=2195 interval_avg_ms=8.86 max_rtime_ms=492.0 p99_est=17.72
2026-07-11 23:05:55 [debug    ] GRU prediction received        confidence=0.8 latency_ms=2.48 predicted=155
2026-07-11 23:05:55 [debug    ] Using GRU prediction           confidence=0.8 predicted=155
2026-07-11 23:05:55 [debug    ] Proactive amplification        amplified=203.3 approach_ratio=1.45 load_trend=11.6 raw_pred=155
2026-07-11 23:05:55 [info     ] controller_decision_v3         action=RECOVERY available_replicas=6 budget_remaining=994 burn_adjustment=0 burst_ratio=0.3124 capacity_deficit=False confidence=0.8 current_load=145.28046779006357 decision_id=3a9fdd75 k8s_capacity=99.9 k8s_weight=68 knative_weight=32 p99=17.7 predicted_load=155 r_effective=16.6 serverless_enabled=True total_load=145.3 weights_after={'k3s': 68, 'knative': 32} weights_before={'k3s': 62, 'knative': 38}
2026-07-11 23:05:55 [info     ] Weights updated                k3s=68 knative=32
2026-07-11 23:05:55 [info     ] Weights updated                action=RECOVERY reason='load=145RPS | k8s_cap=100RPS | (reducing-serverless)' weights={'k3s': 68, 'knative': 32}
2026-07-11 23:05:55 [info     ] algorithm2_scaling_decision    action=MAINTAIN alpha=0.030030030030030033 beta=0.0 buffer=1.2 current_replicas=6 predicted_load=152.73622455132906 required_resources=4.587 target_replicas=6
2026-07-11 23:05:55 [info     ] algorithm2_decision            action=MAINTAIN applied_target=6 current_replicas=6 hold_until=1783785999.7 observed_load=152.74 observed_target=6 point_forecasts=[140.87448120117188, 139.70452880859375, 139.57220458984375, 139.19906616210938, 137.14007568359375] prediction_age_sec=0.1 predictive_target=6 proactive=False scenario=s4-hybrid-predictive target_replicas=6 upper_forecasts=[154.94215393066406, 153.3300323486328, 153.724853515625, 153.56719970703125, 151.81918334960938]
2026-07-11 23:05:55 [debug    ] Decision loop completed        action=RECOVERY latency_ms=147.5 p99=17.719362186788153
2026-07-11 23:06:10 [debug    ] GRU prediction received        confidence=0.8 latency_ms=1.97 predicted=151
2026-07-11 23:06:10 [debug    ] Using GRU prediction           confidence=0.8 predicted=151
2026-07-11 23:06:10 [info     ] controller_decision_v3         action=RECOVERY available_replicas=6 budget_remaining=994 burn_adjustment=0 burst_ratio=0.1825 capacity_deficit=False confidence=0.8 current_load=122.20113660267204 decision_id=d0ac19d9 k8s_capacity=99.9 k8s_weight=81 knative_weight=19 p99=17.7 predicted_load=151 r_effective=16.6 serverless_enabled=True total_load=122.2 weights_after={'k3s': 81, 'knative': 19} weights_before={'k3s': 68, 'knative': 32}
2026-07-11 23:06:10 [info     ] Weights updated                k3s=81 knative=19
2026-07-11 23:06:10 [info     ] Weights updated                action=RECOVERY reason='load=122RPS | k8s_cap=100RPS | (reducing-serverless)' weights={'k3s': 81, 'knative': 19}
2026-07-11 23:06:10 [info     ] algorithm2_scaling_decision    action=MAINTAIN alpha=0.030030030030030033 beta=0.0 buffer=1.2 current_replicas=6 predicted_load=151.0 required_resources=4.535 target_replicas=6
2026-07-11 23:06:10 [info     ] algorithm2_decision            action=MAINTAIN applied_target=6 current_replicas=6 hold_until=1783786060.3 observed_load=133.74 observed_target=5 point_forecasts=[136.72622680664062, 136.0471649169922, 135.17733764648438, 135.2940216064453, 133.33111572265625] prediction_age_sec=0.11 predictive_target=6 proactive=True scenario=s4-hybrid-predictive target_replicas=6 upper_forecasts=[150.7938995361328, 149.67266845703125, 149.32998657226562, 149.66217041015625, 148.01022338867188]
2026-07-11 23:06:10 [debug    ] Decision loop completed        action=RECOVERY latency_ms=149.53 p99=17.719362186788153
2026-07-11 23:06:25 [debug    ] HAProxy fallback latency       delta_requests=1788 interval_avg_ms=92.46 max_rtime_ms=492.0 p99_est=184.93
2026-07-11 23:06:25 [debug    ] GRU prediction received        confidence=0.8 latency_ms=2.12 predicted=145
2026-07-11 23:06:25 [debug    ] Using GRU prediction           confidence=0.8 predicted=145
2026-07-11 23:06:25 [info     ] controller_decision_v3         action=RECOVERY available_replicas=6 budget_remaining=994 burn_adjustment=0 burst_ratio=0.1535 capacity_deficit=False confidence=0.8 current_load=118.02088405381019 decision_id=7fd55b9d k8s_capacity=99.9 k8s_weight=84 knative_weight=16 p99=184.9 predicted_load=145 r_effective=16.6 serverless_enabled=True total_load=118.0 weights_after={'k3s': 84, 'knative': 16} weights_before={'k3s': 81, 'knative': 19}
2026-07-11 23:06:25 [info     ] Weights updated                k3s=84 knative=16
2026-07-11 23:06:25 [info     ] Weights updated                action=RECOVERY reason='load=118RPS | k8s_cap=100RPS | (reducing-serverless)' weights={'k3s': 84, 'knative': 16}
2026-07-11 23:06:25 [info     ] algorithm2_scaling_decision    action=MAINTAIN alpha=0.030030030030030033 beta=0.0 buffer=1.2 current_replicas=6 predicted_load=145.0 required_resources=4.354 target_replicas=6
2026-07-11 23:06:25 [info     ] algorithm2_decision            action=MAINTAIN applied_target=6 current_replicas=6 hold_until=1783786075.4 observed_load=120.11 observed_target=5 point_forecasts=[131.0811309814453, 130.5587921142578, 129.4005126953125, 129.68016052246094, 128.06057739257812] prediction_age_sec=0.1 predictive_target=6 proactive=True scenario=s4-hybrid-predictive target_replicas=6 upper_forecasts=[145.1488037109375, 144.18429565429688, 143.55316162109375, 144.04830932617188, 142.73968505859375]
2026-07-11 23:06:25 [debug    ] Decision loop completed        action=RECOVERY latency_ms=143.34 p99=184.9261744966443
2026-07-11 23:06:40 [debug    ] HAProxy fallback latency       delta_requests=1822 interval_avg_ms=93.95 max_rtime_ms=492.0 p99_est=187.9
2026-07-11 23:06:40 [debug    ] GRU prediction received        confidence=0.8 latency_ms=1.85 predicted=141
2026-07-11 23:06:40 [debug    ] Using GRU prediction           confidence=0.8 predicted=141
2026-07-11 23:06:40 [info     ] controller_decision_v3         action=PREDICTIVE available_replicas=6 budget_remaining=994 burn_adjustment=0 burst_ratio=0.1697 capacity_deficit=False confidence=0.8 current_load=120.31590009425769 decision_id=57c2bf87 k8s_capacity=99.9 k8s_weight=83 knative_weight=17 p99=187.9 predicted_load=141 r_effective=16.6 serverless_enabled=True total_load=120.3 weights_after={'k3s': 83, 'knative': 17} weights_before={'k3s': 84, 'knative': 16}
2026-07-11 23:06:40 [info     ] Weights updated                k3s=83 knative=17
2026-07-11 23:06:40 [info     ] Weights updated                action=PREDICTIVE reason='load=120RPS | k8s_cap=100RPS | (prediction-driven)' weights={'k3s': 83, 'knative': 17}
2026-07-11 23:06:40 [info     ] algorithm2_scaling_decision    action=MAINTAIN alpha=0.030030030030030033 beta=0.0 buffer=1.2 current_replicas=6 predicted_load=141.0 required_resources=4.234 target_replicas=6
2026-07-11 23:06:40 [info     ] algorithm2_decision            action=MAINTAIN applied_target=6 current_replicas=6 hold_until=1783786090.5 observed_load=119.17 observed_target=5 point_forecasts=[127.29451751708984, 126.77835083007812, 125.62393188476562, 125.83671569824219, 124.55485534667969] prediction_age_sec=0.07 predictive_target=6 proactive=True scenario=s4-hybrid-predictive target_replicas=6 upper_forecasts=[141.3621826171875, 140.4038543701172, 139.77658081054688, 140.20486450195312, 139.2339630126953]
2026-07-11 23:06:40 [debug    ] Decision loop completed        action=PREDICTIVE latency_ms=110.56 p99=187.90120746432493
2026-07-11 23:06:55 [debug    ] HAProxy fallback latency       delta_requests=1817 interval_avg_ms=37.97 max_rtime_ms=492.0 p99_est=75.94
2026-07-11 23:06:55 [debug    ] GRU prediction received        confidence=0.8 latency_ms=2.19 predicted=139
2026-07-11 23:06:55 [debug    ] Using GRU prediction           confidence=0.8 predicted=139
2026-07-11 23:06:55 [info     ] algorithm2_scaling_decision    action=MAINTAIN alpha=0.030030030030030033 beta=0.0 buffer=1.2 current_replicas=6 predicted_load=139.0 required_resources=4.174 target_replicas=6
2026-07-11 23:06:55 [info     ] algorithm2_decision            action=MAINTAIN applied_target=6 current_replicas=6 hold_until=1783786105.6 observed_load=120.25 observed_target=5 point_forecasts=[124.51966857910156, 124.0387954711914, 122.9200439453125, 123.05638122558594, 122.01884460449219] prediction_age_sec=0.07 predictive_target=6 proactive=True scenario=s4-hybrid-predictive target_replicas=6 upper_forecasts=[138.58734130859375, 137.66429138183594, 137.07269287109375, 137.42453002929688, 136.6979522705078]
2026-07-11 23:06:55 [debug    ] Decision loop completed        action=MAINTAIN latency_ms=111.1 p99=75.94496422674739
2026-07-11 23:07:10 [debug    ] HAProxy fallback latency       delta_requests=1785 interval_avg_ms=157.64 max_rtime_ms=492.0 p99_est=315.29
2026-07-11 23:07:10 [debug    ] GRU prediction received        confidence=0.8 latency_ms=1.8 predicted=136
2026-07-11 23:07:10 [debug    ] Using GRU prediction           confidence=0.8 predicted=136
2026-07-11 23:07:10 [info     ] controller_decision_v3         action=RECOVERY available_replicas=6 budget_remaining=993 burn_adjustment=0 burst_ratio=0.1547 capacity_deficit=False confidence=0.8 current_load=118.18875747964036 decision_id=4b6a87c7 k8s_capacity=99.9 k8s_weight=84 knative_weight=16 p99=315.3 predicted_load=136 r_effective=16.6 serverless_enabled=True total_load=118.2 weights_after={'k3s': 84, 'knative': 16} weights_before={'k3s': 83, 'knative': 17}
2026-07-11 23:07:10 [info     ] Weights updated                k3s=84 knative=16
2026-07-11 23:07:10 [info     ] Weights updated                action=RECOVERY reason='load=118RPS | k8s_cap=100RPS | (reducing-serverless)' weights={'k3s': 84, 'knative': 16}
2026-07-11 23:07:10 [info     ] algorithm2_scaling_decision    action=MAINTAIN alpha=0.030030030030030033 beta=0.0 buffer=1.2 current_replicas=6 predicted_load=139.0 required_resources=4.174 target_replicas=6
2026-07-11 23:07:10 [info     ] algorithm2_decision            action=MAINTAIN applied_target=6 current_replicas=6 hold_until=1783786105.6 observed_load=119.18 observed_target=5 point_forecasts=[122.01298522949219, 121.59867095947266, 120.48524475097656, 120.59565734863281, 119.72151184082031] prediction_age_sec=0.1 predictive_target=5 proactive=True scenario=s4-hybrid-predictive target_replicas=6 upper_forecasts=[136.08065795898438, 135.2241668701172, 134.6378936767578, 134.96380615234375, 134.40061950683594]
2026-07-11 23:07:10 [debug    ] Decision loop completed        action=RECOVERY latency_ms=145.65 p99=315.28739495798317
2026-07-11 23:07:25 [debug    ] HAProxy fallback latency       delta_requests=1549 interval_avg_ms=32.8 max_rtime_ms=492.0 p99_est=65.6
2026-07-11 23:07:25 [debug    ] GRU prediction received        confidence=0.8 latency_ms=2.42 predicted=129
2026-07-11 23:07:25 [debug    ] Using GRU prediction           confidence=0.8 predicted=129
2026-07-11 23:07:25 [info     ] controller_decision_v3         action=RECOVERY available_replicas=6 budget_remaining=993 burn_adjustment=0 burst_ratio=0.0239 capacity_deficit=False confidence=0.8 current_load=102.34202477757803 decision_id=004fd808 k8s_capacity=99.9 k8s_weight=97 knative_weight=3 p99=65.6 predicted_load=129 r_effective=16.6 serverless_enabled=True total_load=102.3 weights_after={'k3s': 97, 'knative': 3} weights_before={'k3s': 84, 'knative': 16}
2026-07-11 23:07:25 [info     ] Weights updated                k3s=97 knative=3
2026-07-11 23:07:25 [info     ] Weights updated                action=RECOVERY reason='load=102RPS | k8s_cap=100RPS | (reducing-serverless)' weights={'k3s': 97, 'knative': 3}
2026-07-11 23:07:25 [info     ] algorithm2_scaling_decision    action=MAINTAIN alpha=0.030030030030030033 beta=0.0 buffer=1.2 current_replicas=6 predicted_load=129.0 required_resources=3.874 target_replicas=5
2026-07-11 23:07:25 [info     ] algorithm2_decision            action=MAINTAIN applied_target=5 current_replicas=6 hold_until=1783786135.9 observed_load=110.27 observed_target=4 point_forecasts=[115.32726287841797, 115.26234436035156, 113.86888885498047, 114.17326354980469, 113.53592681884766] prediction_age_sec=0.1 predictive_target=5 proactive=True scenario=s4-hybrid-predictive target_replicas=5 upper_forecasts=[129.39492797851562, 128.88784790039062, 128.0215301513672, 128.54141235351562, 128.2150421142578]
2026-07-11 23:07:25 [debug    ] Decision loop completed        action=RECOVERY latency_ms=143.88 p99=65.59586830213041
2026-07-11 23:07:40 [debug    ] HAProxy fallback latency       delta_requests=1257 interval_avg_ms=250.45 max_rtime_ms=492.0 p99_est=492.0
2026-07-11 23:07:40 [debug    ] GRU prediction received        confidence=0.8 latency_ms=2.05 predicted=119
2026-07-11 23:07:40 [debug    ] Using GRU prediction           confidence=0.8 predicted=119
2026-07-11 23:07:40 [info     ] controller_decision_v3         action=RECOVERY available_replicas=6 budget_remaining=992 burn_adjustment=0 burst_ratio=0 capacity_deficit=False confidence=0.8 current_load=83.00009590545423 decision_id=67a89055 k8s_capacity=99.9 k8s_weight=100 knative_weight=0 p99=492.0 predicted_load=119 r_effective=16.6 serverless_enabled=False total_load=83.0 weights_after={'k3s': 100, 'knative': 0} weights_before={'k3s': 97, 'knative': 3}
2026-07-11 23:07:41 [info     ] Weights updated                k3s=100 knative=0
2026-07-11 23:07:41 [info     ] Weights updated                action=RECOVERY reason='load=83RPS | k8s_cap=100RPS | (reducing-serverless)' weights={'k3s': 100, 'knative': 0}
2026-07-11 23:07:41 [info     ] algorithm2_scaling_decision    action=MAINTAIN alpha=0.030030030030030033 beta=0.0 buffer=1.2 current_replicas=6 predicted_load=119.0 required_resources=3.574 target_replicas=5
2026-07-11 23:07:41 [info     ] algorithm2_decision            action=MAINTAIN applied_target=5 current_replicas=6 hold_until=1783786151.1 observed_load=92.67 observed_target=4 point_forecasts=[104.46769714355469, 104.84590148925781, 103.03793334960938, 103.76246643066406, 103.39978790283203] prediction_age_sec=0.11 predictive_target=5 proactive=True scenario=s4-hybrid-predictive target_replicas=5 upper_forecasts=[118.53536224365234, 118.47140502929688, 117.19058227539062, 118.13060760498047, 118.07890319824219]
2026-07-11 23:07:41 [debug    ] Decision loop completed        action=RECOVERY latency_ms=154.65 p99=492.0
2026-07-11 23:07:56 [debug    ] GRU prediction received        confidence=0.8 latency_ms=2.07 predicted=108
2026-07-11 23:07:56 [debug    ] Using GRU prediction           confidence=0.8 predicted=108
2026-07-11 23:07:56 [info     ] algorithm2_scaling_decision    action=MAINTAIN alpha=0.030030030030030033 beta=0.0 buffer=1.2 current_replicas=6 predicted_load=108.0 required_resources=3.243 target_replicas=4
2026-07-11 23:07:56 [info     ] algorithm2_decision            action=MAINTAIN applied_target=4 current_replicas=6 hold_until=1783786166.2 observed_load=78.45 observed_target=3 point_forecasts=[94.12811279296875, 94.61376190185547, 92.77159118652344, 93.63874053955078, 93.53736877441406] prediction_age_sec=0.07 predictive_target=4 proactive=True scenario=s4-hybrid-predictive target_replicas=4 upper_forecasts=[108.1957778930664, 108.23926544189453, 106.92424011230469, 108.00688171386719, 108.21648406982422]
2026-07-11 23:07:56 [debug    ] Decision loop completed        action=MAINTAIN latency_ms=111.11 p99=492.0
2026-07-11 23:08:11 [debug    ] HAProxy fallback latency       delta_requests=1044 interval_avg_ms=11.01 max_rtime_ms=492.0 p99_est=22.02
2026-07-11 23:08:11 [debug    ] GRU prediction received        confidence=0.8 latency_ms=2.65 predicted=100
2026-07-11 23:08:11 [debug    ] Using GRU prediction           confidence=0.8 predicted=100
2026-07-11 23:08:11 [info     ] algorithm2_scaling_decision    action=MAINTAIN alpha=0.030030030030030033 beta=0.0 buffer=1.2 current_replicas=6 predicted_load=100.0 required_resources=3.003 target_replicas=4
2026-07-11 23:08:11 [info     ] algorithm2_decision            action=MAINTAIN applied_target=4 current_replicas=6 hold_until=1783786181.3 observed_load=71.46 observed_target=3 point_forecasts=[85.8863754272461, 86.14018249511719, 84.65516662597656, 85.17171478271484, 85.39663696289062] prediction_age_sec=0.07 predictive_target=4 proactive=True scenario=s4-hybrid-predictive target_replicas=4 upper_forecasts=[99.95404052734375, 99.76568603515625, 98.80781555175781, 99.53985595703125, 100.07575225830078]
2026-07-11 23:08:11 [debug    ] Decision loop completed        action=MAINTAIN latency_ms=114.38 p99=22.021072796934867
2026-07-11 23:08:26 [debug    ] HAProxy fallback latency       delta_requests=1177 interval_avg_ms=67.0 max_rtime_ms=492.0 p99_est=134.0
2026-07-11 23:08:26 [debug    ] GRU prediction received        confidence=0.8 latency_ms=2.46 predicted=97
2026-07-11 23:08:26 [debug    ] Using GRU prediction           confidence=0.8 predicted=97
2026-07-11 23:08:26 [info     ] algorithm2_scaling_decision    action=MAINTAIN alpha=0.030030030030030033 beta=0.0 buffer=1.2 current_replicas=6 predicted_load=97.0 required_resources=2.913 target_replicas=4
2026-07-11 23:08:26 [info     ] algorithm2_decision            action=MAINTAIN applied_target=4 current_replicas=6 hold_until=1783786196.4 observed_load=73.45 observed_target=3 point_forecasts=[82.59231567382812, 82.66226196289062, 81.85736846923828, 81.81752014160156, 82.13531494140625] prediction_age_sec=0.07 predictive_target=4 proactive=True scenario=s4-hybrid-predictive target_replicas=4 upper_forecasts=[96.65998077392578, 96.28776550292969, 96.010009765625, 96.18566131591797, 96.8144302368164]
2026-07-11 23:08:26 [debug    ] Decision loop completed        action=MAINTAIN latency_ms=107.59 p99=134.0
2026-07-11 23:08:41 [debug    ] HAProxy fallback latency       delta_requests=1329 interval_avg_ms=160.31 max_rtime_ms=492.0 p99_est=320.62
2026-07-11 23:08:41 [debug    ] GRU prediction received        confidence=0.8 latency_ms=1.74 predicted=98
2026-07-11 23:08:41 [debug    ] Using GRU prediction           confidence=0.8 predicted=98
2026-07-11 23:08:41 [info     ] algorithm2_scaling_decision    action=MAINTAIN alpha=0.030030030030030033 beta=0.0 buffer=1.2 current_replicas=6 predicted_load=98.0 required_resources=2.943 target_replicas=4
2026-07-11 23:08:41 [info     ] algorithm2_decision            action=MAINTAIN applied_target=4 current_replicas=6 hold_until=1783786211.5 observed_load=82.92 observed_target=3 point_forecasts=[82.85841369628906, 83.16000366210938, 82.60101318359375, 82.23798370361328, 82.95232391357422] prediction_age_sec=0.07 predictive_target=4 proactive=True scenario=s4-hybrid-predictive target_replicas=4 upper_forecasts=[96.92607879638672, 96.78550720214844, 96.753662109375, 96.60612487792969, 97.63143920898438]
2026-07-11 23:08:41 [debug    ] Decision loop completed        action=MAINTAIN latency_ms=113.87 p99=320.6155003762227
2026-07-11 23:08:56 [debug    ] GRU prediction received        confidence=0.8 latency_ms=2.12 predicted=94
2026-07-11 23:08:56 [debug    ] Using GRU prediction           confidence=0.8 predicted=94
2026-07-11 23:08:56 [info     ] algorithm2_scaling_decision    action=MAINTAIN alpha=0.030030030030030033 beta=0.0 buffer=1.2 current_replicas=6 predicted_load=94.0 required_resources=2.823 target_replicas=4
2026-07-11 23:08:56 [info     ] algorithm2_decision            action=MAINTAIN applied_target=4 current_replicas=6 hold_until=1783786226.6 observed_load=80.04 observed_target=3 point_forecasts=[79.61274719238281, 79.70230865478516, 79.73657989501953, 79.42996215820312, 79.60330200195312] prediction_age_sec=0.07 predictive_target=4 proactive=True scenario=s4-hybrid-predictive target_replicas=4 upper_forecasts=[93.68041229248047, 93.32781219482422, 93.88922119140625, 93.79810333251953, 94.28241729736328]
2026-07-11 23:08:56 [debug    ] Decision loop completed        action=MAINTAIN latency_ms=112.29 p99=320.6155003762227
2026-07-11 23:09:11 [debug    ] GRU prediction received        confidence=0.8 latency_ms=1.85 predicted=87
2026-07-11 23:09:11 [debug    ] Using GRU prediction           confidence=0.8 predicted=87
2026-07-11 23:09:11 [info     ] algorithm2_scaling_decision    action=MAINTAIN alpha=0.030030030030030033 beta=0.0 buffer=1.2 current_replicas=6 predicted_load=87.0 required_resources=2.613 target_replicas=4
2026-07-11 23:09:11 [info     ] algorithm2_decision            action=MAINTAIN applied_target=4 current_replicas=6 hold_until=1783786241.7 observed_load=61.63 observed_target=3 point_forecasts=[72.54048919677734, 71.68421936035156, 71.51524353027344, 72.6181640625, 70.85790252685547] prediction_age_sec=0.07 predictive_target=4 proactive=True scenario=s4-hybrid-predictive target_replicas=4 upper_forecasts=[86.608154296875, 85.30972290039062, 85.66789245605469, 86.9863052368164, 85.53701782226562]
2026-07-11 23:09:11 [debug    ] Decision loop completed        action=MAINTAIN latency_ms=113.37 p99=320.6155003762227
2026-07-11 23:09:26 [debug    ] GRU prediction received        confidence=0.8 latency_ms=2.32 predicted=82
2026-07-11 23:09:26 [debug    ] Using GRU prediction           confidence=0.8 predicted=82
2026-07-11 23:09:26 [info     ] algorithm2_scaling_decision    action=MAINTAIN alpha=0.030030030030030033 beta=0.0 buffer=1.2 current_replicas=6 predicted_load=87.0 required_resources=2.613 target_replicas=4
2026-07-11 23:09:26 [info     ] algorithm2_decision            action=MAINTAIN applied_target=4 current_replicas=6 hold_until=1783786241.7 observed_load=48.87 observed_target=3 point_forecasts=[67.4504165649414, 66.02133178710938, 65.84526062011719, 67.02169799804688, 65.27094268798828] prediction_age_sec=0.07 predictive_target=3 proactive=True scenario=s4-hybrid-predictive target_replicas=4 upper_forecasts=[81.51808166503906, 79.64683532714844, 79.99790954589844, 81.38983917236328, 79.95005798339844]
2026-07-11 23:09:26 [debug    ] Decision loop completed        action=MAINTAIN latency_ms=110.27 p99=320.6155003762227
2026-07-11 23:09:41 [debug    ] GRU prediction received        confidence=0.8 latency_ms=1.78 predicted=77
2026-07-11 23:09:41 [debug    ] Using GRU prediction           confidence=0.8 predicted=77
2026-07-11 23:09:41 [info     ] algorithm2_scaling_decision    action=MAINTAIN alpha=0.030030030030030033 beta=0.0 buffer=1.2 current_replicas=6 predicted_load=87.0 required_resources=2.613 target_replicas=4
2026-07-11 23:09:41 [info     ] algorithm2_decision            action=MAINTAIN applied_target=4 current_replicas=6 hold_until=1783786241.7 observed_load=46.19 observed_target=3 point_forecasts=[63.276119232177734, 61.95296096801758, 61.84250259399414, 62.979984283447266, 61.27676010131836] prediction_age_sec=0.07 predictive_target=3 proactive=True scenario=s4-hybrid-predictive target_replicas=4 upper_forecasts=[77.34378814697266, 75.57846069335938, 75.99514770507812, 77.34812927246094, 75.95587158203125]
2026-07-11 23:09:41 [debug    ] Decision loop completed        action=MAINTAIN latency_ms=116.1 p99=320.6155003762227
2026-07-11 23:09:57 [debug    ] HAProxy fallback latency       delta_requests=654 interval_avg_ms=163.79 max_rtime_ms=492.0 p99_est=327.57
2026-07-11 23:09:57 [debug    ] GRU prediction received        confidence=0.8 latency_ms=1.98 predicted=74
2026-07-11 23:09:57 [debug    ] Using GRU prediction           confidence=0.8 predicted=74
2026-07-11 23:09:57 [info     ] algorithm2_scaling_decision    action=MAINTAIN alpha=0.030030030030030033 beta=0.0 buffer=1.2 current_replicas=6 predicted_load=87.0 required_resources=2.613 target_replicas=4
2026-07-11 23:09:57 [info     ] algorithm2_decision            action=MAINTAIN applied_target=4 current_replicas=6 hold_until=1783786241.7 observed_load=44.53 observed_target=3 point_forecasts=[59.51572036743164, 58.35364532470703, 58.28992462158203, 59.357452392578125, 57.7496337890625] prediction_age_sec=0.06 predictive_target=3 proactive=True scenario=s4-hybrid-predictive target_replicas=4 upper_forecasts=[73.58338928222656, 71.9791488647461, 72.44256591796875, 73.72559356689453, 72.42874908447266]
2026-07-11 23:09:57 [debug    ] Decision loop completed        action=MAINTAIN latency_ms=104.72 p99=327.5749235474006
2026-07-11 23:10:12 [debug    ] HAProxy fallback latency       delta_requests=634 interval_avg_ms=64.0 max_rtime_ms=492.0 p99_est=128.0
2026-07-11 23:10:12 [debug    ] GRU prediction received        confidence=0.8 latency_ms=1.99 predicted=71
2026-07-11 23:10:12 [debug    ] Using GRU prediction           confidence=0.8 predicted=71
2026-07-11 23:10:12 [info     ] algorithm2_scaling_decision    action=MAINTAIN alpha=0.030030030030030033 beta=0.0 buffer=1.2 current_replicas=6 predicted_load=87.0 required_resources=2.613 target_replicas=4
2026-07-11 23:10:12 [info     ] algorithm2_decision            action=MAINTAIN applied_target=4 current_replicas=6 hold_until=1783786241.7 observed_load=42.62 observed_target=3 point_forecasts=[56.259132385253906, 55.282859802246094, 55.235252380371094, 56.245689392089844, 54.76103973388672] prediction_age_sec=0.07 predictive_target=3 proactive=True scenario=s4-hybrid-predictive target_replicas=4 upper_forecasts=[70.32679748535156, 68.90836334228516, 69.38789367675781, 70.61383056640625, 69.44015502929688]
2026-07-11 23:10:12 [debug    ] Decision loop completed        action=MAINTAIN latency_ms=108.17 p99=128.0
2026-07-11 23:10:27 [debug    ] HAProxy fallback latency       delta_requests=836 interval_avg_ms=144.6 max_rtime_ms=492.0 p99_est=289.21
2026-07-11 23:10:27 [debug    ] GRU prediction received        confidence=0.8 latency_ms=2.26 predicted=70
2026-07-11 23:10:27 [debug    ] Using GRU prediction           confidence=0.8 predicted=70
2026-07-11 23:10:27 [info     ] algorithm2_scaling_decision    action=MAINTAIN alpha=0.030030030030030033 beta=0.0 buffer=1.2 current_replicas=6 predicted_load=87.0 required_resources=2.613 target_replicas=4
2026-07-11 23:10:27 [info     ] algorithm2_decision            action=MAINTAIN applied_target=4 current_replicas=6 hold_until=1783786241.7 observed_load=48.65 observed_target=3 point_forecasts=[55.29724884033203, 54.70500946044922, 54.58161163330078, 55.511474609375, 54.25779724121094] prediction_age_sec=0.07 predictive_target=3 proactive=True scenario=s4-hybrid-predictive target_replicas=4 upper_forecasts=[69.36491394042969, 68.33051300048828, 68.7342529296875, 69.8796157836914, 68.9369125366211]
2026-07-11 23:10:27 [debug    ] Decision loop completed        action=MAINTAIN latency_ms=109.24 p99=289.2081339712919
2026-07-11 23:10:42 [debug    ] HAProxy fallback latency       delta_requests=1060 interval_avg_ms=129.57 max_rtime_ms=492.0 p99_est=259.14
2026-07-11 23:10:42 [debug    ] GRU prediction received        confidence=0.8 latency_ms=2.16 predicted=72
2026-07-11 23:10:42 [debug    ] Using GRU prediction           confidence=0.8 predicted=72
2026-07-11 23:10:42 [info     ] algorithm2_scaling_decision    action=MAINTAIN alpha=0.030030030030030033 beta=0.0 buffer=1.2 current_replicas=6 predicted_load=62.743560232298655 required_resources=1.884 target_replicas=3
2026-07-11 23:10:42 [info     ] algorithm2_decision            action=MAINTAIN applied_target=3 current_replicas=6 hold_until=1783786241.7 observed_load=62.74 observed_target=3 point_forecasts=[56.658782958984375, 56.55022430419922, 56.2063102722168, 57.18120193481445, 56.144996643066406] prediction_age_sec=0.07 predictive_target=3 proactive=False scenario=s4-hybrid-predictive target_replicas=3 upper_forecasts=[70.72644805908203, 70.17572784423828, 70.35895538330078, 71.54934692382812, 70.82411193847656]
2026-07-11 23:10:42 [debug    ] Decision loop completed        action=MAINTAIN latency_ms=111.65 p99=259.14150943396226
2026-07-11 23:10:57 [debug    ] HAProxy fallback latency       delta_requests=1075 interval_avg_ms=1.33 max_rtime_ms=492.0 p99_est=2.66
2026-07-11 23:10:57 [debug    ] GRU prediction received        confidence=0.8 latency_ms=2.27 predicted=73
2026-07-11 23:10:57 [debug    ] Using GRU prediction           confidence=0.8 predicted=73
2026-07-11 23:10:57 [info     ] algorithm2_scaling_decision    action=MAINTAIN alpha=0.030030030030030033 beta=0.0 buffer=1.2 current_replicas=6 predicted_load=70.64565967233355 required_resources=2.121 target_replicas=3
2026-07-11 23:10:57 [info     ] algorithm2_decision            action=MAINTAIN applied_target=3 current_replicas=6 hold_until=1783786241.7 observed_load=70.65 observed_target=3 point_forecasts=[58.496246337890625, 58.660362243652344, 58.275146484375, 59.07938766479492, 58.226707458496094] prediction_age_sec=0.07 predictive_target=3 proactive=False scenario=s4-hybrid-predictive target_replicas=3 upper_forecasts=[72.56391143798828, 72.2858657836914, 72.42779541015625, 73.44752502441406, 72.90582275390625]
2026-07-11 23:10:57 [debug    ] Decision loop completed        action=MAINTAIN latency_ms=114.57 p99=2.66046511627907
2026-07-11 23:11:12 [debug    ] HAProxy fallback latency       delta_requests=1051 interval_avg_ms=65.0 max_rtime_ms=492.0 p99_est=130.0
2026-07-11 23:11:12 [debug    ] GRU prediction received        confidence=0.8 latency_ms=2.36 predicted=75
2026-07-11 23:11:12 [debug    ] Using GRU prediction           confidence=0.8 predicted=75
2026-07-11 23:11:12 [info     ] algorithm2_scaling_decision    action=MAINTAIN alpha=0.030030030030030033 beta=0.0 buffer=1.2 current_replicas=6 predicted_load=70.30301013100245 required_resources=2.111 target_replicas=3
2026-07-11 23:11:12 [info     ] algorithm2_decision            action=MAINTAIN applied_target=3 current_replicas=6 hold_until=1783786241.7 observed_load=70.3 observed_target=3 point_forecasts=[60.161190032958984, 60.556732177734375, 60.20090866088867, 60.936058044433594, 60.13240051269531] prediction_age_sec=0.07 predictive_target=3 proactive=False scenario=s4-hybrid-predictive target_replicas=3 upper_forecasts=[74.2288589477539, 74.18223571777344, 74.35355377197266, 75.30419921875, 74.81151580810547]
2026-07-11 23:11:12 [debug    ] Decision loop completed        action=MAINTAIN latency_ms=117.99 p99=130.0
2026-07-11 23:11:27 [debug    ] HAProxy fallback latency       delta_requests=1072 interval_avg_ms=65.0 max_rtime_ms=492.0 p99_est=130.0
2026-07-11 23:11:27 [debug    ] GRU prediction received        confidence=0.8 latency_ms=2.75 predicted=77
2026-07-11 23:11:27 [debug    ] Using GRU prediction           confidence=0.8 predicted=77
2026-07-11 23:11:27 [info     ] algorithm2_scaling_decision    action=MAINTAIN alpha=0.030030030030030033 beta=0.0 buffer=1.2 current_replicas=6 predicted_load=70.18725903572361 required_resources=2.108 target_replicas=3
2026-07-11 23:11:27 [info     ] algorithm2_decision            action=MAINTAIN applied_target=3 current_replicas=6 hold_until=1783786241.7 observed_load=70.19 observed_target=3 point_forecasts=[61.99211883544922, 62.629268646240234, 62.32038116455078, 63.02907180786133, 62.21612548828125] prediction_age_sec=0.07 predictive_target=3 proactive=False scenario=s4-hybrid-predictive target_replicas=3 upper_forecasts=[76.05978393554688, 76.25476837158203, 76.4730224609375, 77.397216796875, 76.8952407836914]
2026-07-11 23:11:27 [debug    ] Decision loop completed        action=MAINTAIN latency_ms=116.49 p99=130.0
2026-07-11 23:11:42 [debug    ] HAProxy fallback latency       delta_requests=1133 interval_avg_ms=65.0 max_rtime_ms=492.0 p99_est=130.0
2026-07-11 23:11:42 [debug    ] GRU prediction received        confidence=0.8 latency_ms=1.83 predicted=80
2026-07-11 23:11:42 [debug    ] Using GRU prediction           confidence=0.8 predicted=80
2026-07-11 23:11:42 [info     ] algorithm2_scaling_decision    action=MAINTAIN alpha=0.030030030030030033 beta=0.0 buffer=1.2 current_replicas=6 predicted_load=72.92987175027054 required_resources=2.19 target_replicas=3
2026-07-11 23:11:42 [info     ] algorithm2_decision            action=MAINTAIN applied_target=3 current_replicas=6 hold_until=1783786241.7 observed_load=72.93 observed_target=3 point_forecasts=[64.45491790771484, 65.18343353271484, 65.02729797363281, 65.84226989746094, 64.84306335449219] prediction_age_sec=0.06 predictive_target=3 proactive=False scenario=s4-hybrid-predictive target_replicas=3 upper_forecasts=[78.5225830078125, 78.8089370727539, 79.17994689941406, 80.21041107177734, 79.52217864990234]
2026-07-11 23:11:42 [debug    ] Decision loop completed        action=MAINTAIN latency_ms=108.08 p99=130.0
2026-07-11 23:11:57 [debug    ] HAProxy fallback latency       delta_requests=1397 interval_avg_ms=118.09 max_rtime_ms=492.0 p99_est=236.19
2026-07-11 23:11:57 [debug    ] GRU prediction received        confidence=0.8 latency_ms=2.34 predicted=87
2026-07-11 23:11:57 [debug    ] Using GRU prediction           confidence=0.8 predicted=87
2026-07-11 23:11:57 [debug    ] Proactive amplification        amplified=119.0 approach_ratio=0.92 load_trend=5.3 raw_pred=87
2026-07-11 23:11:57 [info     ] algorithm2_scaling_decision    action=MAINTAIN alpha=0.030030030030030033 beta=0.0 buffer=1.2 current_replicas=6 predicted_load=118.98310276980445 required_resources=3.573 target_replicas=5
2026-07-11 23:11:57 [info     ] algorithm2_decision            action=MAINTAIN applied_target=5 current_replicas=6 hold_until=1783786408.0 observed_load=83.68 observed_target=4 point_forecasts=[70.6771011352539, 71.55086517333984, 72.45426177978516, 72.56593322753906, 72.27669525146484] prediction_age_sec=0.07 predictive_target=5 proactive=True scenario=s4-hybrid-predictive target_replicas=5 upper_forecasts=[84.74476623535156, 85.1763687133789, 86.60690307617188, 86.93407440185547, 86.955810546875]
2026-07-11 23:11:57 [debug    ] Decision loop completed        action=MAINTAIN latency_ms=112.77 p99=236.18897637795277
2026-07-11 23:12:13 [debug    ] HAProxy fallback latency       delta_requests=1636 interval_avg_ms=158.68 max_rtime_ms=492.0 p99_est=317.35
2026-07-11 23:12:13 [debug    ] GRU prediction received        confidence=0.8 latency_ms=1.75 predicted=99
2026-07-11 23:12:13 [debug    ] Using GRU prediction           confidence=0.8 predicted=99
2026-07-11 23:12:13 [debug    ] Proactive amplification        amplified=156.7 approach_ratio=1.08 load_trend=9.7 raw_pred=99
2026-07-11 23:12:13 [info     ] Knative pre-warm OK            cold_start_ms=2.9
2026-07-11 23:12:13 [info     ] controller_decision_v3         action=PREDICTIVE available_replicas=6 budget_remaining=981 burn_adjustment=0 burst_ratio=0.0771 capacity_deficit=False confidence=0.8 current_load=108.2481029475875 decision_id=d7dad5e5 k8s_capacity=99.9 k8s_weight=92 knative_weight=8 p99=317.4 predicted_load=99 r_effective=16.6 serverless_enabled=True total_load=108.2 weights_after={'k3s': 92, 'knative': 8} weights_before={'k3s': 100, 'knative': 0}
2026-07-11 23:12:13 [info     ] Weights updated                k3s=92 knative=8
2026-07-11 23:12:13 [info     ] Weights updated                action=PREDICTIVE reason='load=108RPS | k8s_cap=100RPS | (prediction-driven)' weights={'k3s': 92, 'knative': 8}
2026-07-11 23:12:13 [info     ] algorithm2_scaling_decision    action=MAINTAIN alpha=0.030030030030030033 beta=0.0 buffer=1.2 current_replicas=6 predicted_load=156.72398164011642 required_resources=4.706 target_replicas=6
2026-07-11 23:12:13 [info     ] algorithm2_decision            action=MAINTAIN applied_target=6 current_replicas=6 hold_until=1783786423.1 observed_load=100.33 observed_target=4 point_forecasts=[82.60187530517578, 82.98039245605469, 83.97337341308594, 83.4669189453125, 84.46854400634766] prediction_age_sec=0.07 predictive_target=6 proactive=True scenario=s4-hybrid-predictive target_replicas=6 upper_forecasts=[96.66954040527344, 96.60589599609375, 98.12602233886719, 97.8350601196289, 99.14765930175781]
2026-07-11 23:12:13 [debug    ] Decision loop completed        action=PREDICTIVE latency_ms=114.63 p99=317.35207823960883
2026-07-11 23:12:28 [debug    ] GRU prediction received        confidence=0.8 latency_ms=2.18 predicted=105
2026-07-11 23:12:28 [debug    ] Using GRU prediction           confidence=0.8 predicted=105
2026-07-11 23:12:28 [debug    ] Proactive amplification        amplified=126.8 approach_ratio=0.96 load_trend=6.2 raw_pred=105
2026-07-11 23:12:28 [info     ] controller_decision_v3         action=RECOVERY available_replicas=6 budget_remaining=980 burn_adjustment=0 burst_ratio=0 capacity_deficit=False confidence=0.8 current_load=95.73257535001893 decision_id=c21a8f35 k8s_capacity=99.9 k8s_weight=100 knative_weight=0 p99=317.4 predicted_load=105 r_effective=16.6 serverless_enabled=False total_load=95.7 weights_after={'k3s': 100, 'knative': 0} weights_before={'k3s': 92, 'knative': 8}
2026-07-11 23:12:28 [info     ] Weights updated                k3s=100 knative=0
2026-07-11 23:12:28 [info     ] Weights updated                action=RECOVERY reason='load=96RPS | k8s_cap=100RPS | (reducing-serverless)' weights={'k3s': 100, 'knative': 0}
2026-07-11 23:12:28 [info     ] algorithm2_scaling_decision    action=MAINTAIN alpha=0.030030030030030033 beta=0.0 buffer=1.2 current_replicas=6 predicted_load=126.76439694018902 required_resources=3.807 target_replicas=5
2026-07-11 23:12:28 [info     ] algorithm2_decision            action=MAINTAIN applied_target=5 current_replicas=6 hold_until=1783786438.2 observed_load=101.99 observed_target=4 point_forecasts=[89.20535278320312, 89.43475341796875, 89.78650665283203, 89.01171112060547, 89.97273254394531] prediction_age_sec=0.11 predictive_target=5 proactive=True scenario=s4-hybrid-predictive target_replicas=5 upper_forecasts=[103.27301788330078, 103.06025695800781, 103.93914794921875, 103.37985229492188, 104.65184783935547]
2026-07-11 23:12:28 [debug    ] Decision loop completed        action=RECOVERY latency_ms=148.02 p99=317.35207823960883
2026-07-11 23:12:43 [debug    ] GRU prediction received        confidence=0.8 latency_ms=1.75 predicted=103
2026-07-11 23:12:43 [debug    ] Using GRU prediction           confidence=0.8 predicted=103
2026-07-11 23:12:43 [info     ] algorithm2_scaling_decision    action=MAINTAIN alpha=0.030030030030030033 beta=0.0 buffer=1.2 current_replicas=6 predicted_load=126.76439694018902 required_resources=3.807 target_replicas=5
2026-07-11 23:12:43 [info     ] algorithm2_decision            action=MAINTAIN applied_target=5 current_replicas=6 hold_until=1783786438.2 observed_load=86.91 observed_target=4 point_forecasts=[88.0770263671875, 88.6073226928711, 88.31967163085938, 87.9082260131836, 88.62611389160156] prediction_age_sec=0.07 predictive_target=4 proactive=True scenario=s4-hybrid-predictive target_replicas=5 upper_forecasts=[102.14469146728516, 102.23282623291016, 102.47232055664062, 102.2763671875, 103.30522918701172]
2026-07-11 23:12:43 [debug    ] Decision loop completed        action=MAINTAIN latency_ms=108.5 p99=317.35207823960883
2026-07-11 23:12:58 [debug    ] HAProxy fallback latency       delta_requests=920 interval_avg_ms=65.0 max_rtime_ms=492.0 p99_est=130.0
2026-07-11 23:12:58 [debug    ] GRU prediction received        confidence=0.8 latency_ms=2.31 predicted=97
2026-07-11 23:12:58 [debug    ] Using GRU prediction           confidence=0.8 predicted=97
2026-07-11 23:12:58 [info     ] algorithm2_scaling_decision    action=MAINTAIN alpha=0.030030030030030033 beta=0.0 buffer=1.2 current_replicas=6 predicted_load=97.0 required_resources=2.913 target_replicas=4
2026-07-11 23:12:58 [info     ] algorithm2_decision            action=MAINTAIN applied_target=4 current_replicas=6 hold_until=1783786468.5 observed_load=69.53 observed_target=3 point_forecasts=[82.00485229492188, 82.59951782226562, 82.4183120727539, 81.74458312988281, 82.35816955566406] prediction_age_sec=0.07 predictive_target=4 proactive=True scenario=s4-hybrid-predictive target_replicas=4 upper_forecasts=[96.07251739501953, 96.22502136230469, 96.57095336914062, 96.11272430419922, 97.03728485107422]
2026-07-11 23:12:58 [debug    ] Decision loop completed        action=MAINTAIN latency_ms=112.16 p99=130.0
2026-07-11 23:13:13 [debug    ] GRU prediction received        confidence=0.8 latency_ms=1.8 predicted=88
2026-07-11 23:13:13 [debug    ] Using GRU prediction           confidence=0.8 predicted=88
2026-07-11 23:13:13 [info     ] algorithm2_scaling_decision    action=MAINTAIN alpha=0.030030030030030033 beta=0.0 buffer=1.2 current_replicas=6 predicted_load=88.0 required_resources=2.643 target_replicas=4
2026-07-11 23:13:13 [info     ] algorithm2_decision            action=MAINTAIN applied_target=4 current_replicas=6 hold_until=1783786483.6 observed_load=53.44 observed_target=3 point_forecasts=[73.20681762695312, 72.49647521972656, 72.38080596923828, 73.23473358154297, 71.61001586914062] prediction_age_sec=0.07 predictive_target=4 proactive=True scenario=s4-hybrid-predictive target_replicas=4 upper_forecasts=[87.27448272705078, 86.12197875976562, 86.533447265625, 87.60287475585938, 86.28913116455078]
2026-07-11 23:13:13 [debug    ] Decision loop completed        action=MAINTAIN latency_ms=114.17 p99=130.0
2026-07-11 23:13:28 [debug    ] HAProxy fallback latency       delta_requests=657 interval_avg_ms=186.84 max_rtime_ms=492.0 p99_est=373.69
2026-07-11 23:13:28 [debug    ] GRU prediction received        confidence=0.8 latency_ms=2.12 predicted=82
2026-07-11 23:13:28 [debug    ] Using GRU prediction           confidence=0.8 predicted=82
2026-07-11 23:13:28 [info     ] algorithm2_scaling_decision    action=MAINTAIN alpha=0.030030030030030033 beta=0.0 buffer=1.2 current_replicas=6 predicted_load=88.0 required_resources=2.643 target_replicas=4
2026-07-11 23:13:28 [info     ] algorithm2_decision            action=MAINTAIN applied_target=4 current_replicas=6 hold_until=1783786483.6 observed_load=44.73 observed_target=3 point_forecasts=[67.51688385009766, 65.96759033203125, 65.84303283691406, 66.9791259765625, 65.17401885986328] prediction_age_sec=0.06 predictive_target=3 proactive=True scenario=s4-hybrid-predictive target_replicas=4 upper_forecasts=[81.58454895019531, 79.59309387207031, 79.99568176269531, 81.3472671508789, 79.85313415527344]
2026-07-11 23:13:28 [debug    ] Decision loop completed        action=MAINTAIN latency_ms=108.89 p99=373.689497716895
2026-07-11 23:13:43 [debug    ] GRU prediction received        confidence=0.8 latency_ms=2.26 predicted=77
2026-07-11 23:13:43 [debug    ] Using GRU prediction           confidence=0.8 predicted=77
2026-07-11 23:13:43 [info     ] algorithm2_scaling_decision    action=MAINTAIN alpha=0.030030030030030033 beta=0.0 buffer=1.2 current_replicas=6 predicted_load=88.0 required_resources=2.643 target_replicas=4
2026-07-11 23:13:43 [info     ] algorithm2_decision            action=MAINTAIN applied_target=4 current_replicas=6 hold_until=1783786483.6 observed_load=43.84 observed_target=3 point_forecasts=[63.06761932373047, 61.63127517700195, 61.56465148925781, 62.681949615478516, 60.92729568481445] prediction_age_sec=0.07 predictive_target=3 proactive=True scenario=s4-hybrid-predictive target_replicas=4 upper_forecasts=[77.13528442382812, 75.25677490234375, 75.71730041503906, 77.05009460449219, 75.60640716552734]
2026-07-11 23:13:43 [debug    ] Decision loop completed        action=MAINTAIN latency_ms=112.14 p99=373.689497716895
2026-07-11 23:13:58 [debug    ] HAProxy fallback latency       delta_requests=775 interval_avg_ms=170.0 max_rtime_ms=492.0 p99_est=340.01
2026-07-11 23:13:58 [debug    ] GRU prediction received        confidence=0.8 latency_ms=2.56 predicted=75
2026-07-11 23:13:58 [debug    ] Using GRU prediction           confidence=0.8 predicted=75
2026-07-11 23:13:58 [info     ] algorithm2_scaling_decision    action=MAINTAIN alpha=0.030030030030030033 beta=0.0 buffer=1.2 current_replicas=6 predicted_load=88.0 required_resources=2.643 target_replicas=4
2026-07-11 23:13:58 [info     ] algorithm2_decision            action=MAINTAIN applied_target=4 current_replicas=6 hold_until=1783786483.6 observed_load=47.72 observed_target=3 point_forecasts=[60.35054397583008, 59.26287078857422, 59.15032196044922, 60.17052459716797, 58.626014709472656] prediction_age_sec=0.07 predictive_target=3 proactive=True scenario=s4-hybrid-predictive target_replicas=4 upper_forecasts=[74.418212890625, 72.88837432861328, 73.30296325683594, 74.53866577148438, 73.30513000488281]
2026-07-11 23:13:58 [debug    ] Decision loop completed        action=MAINTAIN latency_ms=116.3 p99=340.0051612903226
2026-07-11 23:14:13 [debug    ] HAProxy fallback latency       delta_requests=855 interval_avg_ms=65.0 max_rtime_ms=492.0 p99_est=130.0
2026-07-11 23:14:13 [debug    ] GRU prediction received        confidence=0.8 latency_ms=2.21 predicted=73
2026-07-11 23:14:13 [debug    ] Using GRU prediction           confidence=0.8 predicted=73
2026-07-11 23:14:14 [info     ] algorithm2_scaling_decision    action=MAINTAIN alpha=0.030030030030030033 beta=0.0 buffer=1.2 current_replicas=6 predicted_load=88.0 required_resources=2.643 target_replicas=4
2026-07-11 23:14:14 [info     ] algorithm2_decision            action=MAINTAIN applied_target=4 current_replicas=6 hold_until=1783786483.6 observed_load=53.92 observed_target=3 point_forecasts=[58.938201904296875, 58.209197998046875, 58.025840759277344, 58.983497619628906, 57.65167999267578] prediction_age_sec=0.07 predictive_target=3 proactive=True scenario=s4-hybrid-predictive target_replicas=4 upper_forecasts=[73.00586700439453, 71.83470153808594, 72.17848205566406, 73.35163879394531, 72.33079528808594]
2026-07-11 23:14:14 [debug    ] Decision loop completed        action=MAINTAIN latency_ms=114.0 p99=130.0
2026-07-11 23:14:29 [debug    ] GRU prediction received        confidence=0.8 latency_ms=2.15 predicted=71
2026-07-11 23:14:29 [debug    ] Using GRU prediction           confidence=0.8 predicted=71
2026-07-11 23:14:29 [info     ] algorithm2_scaling_decision    action=MAINTAIN alpha=0.030030030030030033 beta=0.0 buffer=1.2 current_replicas=6 predicted_load=88.0 required_resources=2.643 target_replicas=4
2026-07-11 23:14:29 [info     ] algorithm2_decision            action=MAINTAIN applied_target=4 current_replicas=6 hold_until=1783786483.6 observed_load=52.0 observed_target=3 point_forecasts=[56.74574279785156, 56.11648941040039, 55.977054595947266, 56.92308044433594, 55.6500358581543] prediction_age_sec=0.07 predictive_target=3 proactive=True scenario=s4-hybrid-predictive target_replicas=4 upper_forecasts=[70.81340789794922, 69.74198913574219, 70.12969970703125, 71.29122161865234, 70.32914733886719]
2026-07-11 23:14:29 [debug    ] Decision loop completed        action=MAINTAIN latency_ms=108.14 p99=130.0
2026-07-11 23:14:44 [debug    ] HAProxy fallback latency       delta_requests=579 interval_avg_ms=64.0 max_rtime_ms=492.0 p99_est=128.0
2026-07-11 23:14:44 [debug    ] GRU prediction received        confidence=0.8 latency_ms=1.76 predicted=68
2026-07-11 23:14:44 [debug    ] Using GRU prediction           confidence=0.8 predicted=68
2026-07-11 23:14:44 [info     ] algorithm2_scaling_decision    action=MAINTAIN alpha=0.030030030030030033 beta=0.0 buffer=1.2 current_replicas=6 predicted_load=42.881372043969805 required_resources=1.288 target_replicas=3
2026-07-11 23:14:44 [info     ] algorithm2_decision            action=MAINTAIN applied_target=3 current_replicas=6 hold_until=1783786483.6 observed_load=42.88 observed_target=3 point_forecasts=[53.75225067138672, 53.10146713256836, 53.0507926940918, 54.00193786621094, 52.72547149658203] prediction_age_sec=0.07 predictive_target=3 proactive=False scenario=s4-hybrid-predictive target_replicas=3 upper_forecasts=[67.81991577148438, 66.72696685791016, 67.20343780517578, 68.37007904052734, 67.40458679199219]
2026-07-11 23:14:44 [debug    ] Decision loop completed        action=MAINTAIN latency_ms=109.57 p99=128.0
2026-07-11 23:14:59 [debug    ] HAProxy fallback latency       delta_requests=583 interval_avg_ms=64.0 max_rtime_ms=492.0 p99_est=128.0
2026-07-11 23:14:59 [debug    ] GRU prediction received        confidence=0.8 latency_ms=2.26 predicted=66
2026-07-11 23:14:59 [debug    ] Using GRU prediction           confidence=0.8 predicted=66
2026-07-11 23:14:59 [info     ] algorithm2_scaling_decision    action=MAINTAIN alpha=0.030030030030030033 beta=0.0 buffer=1.2 current_replicas=6 predicted_load=38.45358368515956 required_resources=1.155 target_replicas=3
2026-07-11 23:14:59 [info     ] algorithm2_decision            action=MAINTAIN applied_target=3 current_replicas=6 hold_until=1783786483.6 observed_load=38.45 observed_target=3 point_forecasts=[51.218284606933594, 50.6649169921875, 50.61044692993164, 51.54233169555664, 50.360416412353516] prediction_age_sec=0.07 predictive_target=3 proactive=False scenario=s4-hybrid-predictive target_replicas=3 upper_forecasts=[65.28594970703125, 64.29042053222656, 64.76309204101562, 65.91047668457031, 65.0395278930664]
2026-07-11 23:14:59 [debug    ] Decision loop completed        action=MAINTAIN latency_ms=113.43 p99=128.0
2026-07-11 23:15:14 [debug    ] HAProxy fallback latency       delta_requests=606 interval_avg_ms=64.0 max_rtime_ms=492.0 p99_est=128.0
2026-07-11 23:15:14 [debug    ] GRU prediction received        confidence=0.8 latency_ms=1.84 predicted=64
2026-07-11 23:15:14 [debug    ] Using GRU prediction           confidence=0.8 predicted=64
2026-07-11 23:15:14 [info     ] algorithm2_scaling_decision    action=MAINTAIN alpha=0.030030030030030033 beta=0.0 buffer=1.2 current_replicas=6 predicted_load=39.34111857279211 required_resources=1.181 target_replicas=3
2026-07-11 23:15:14 [info     ] algorithm2_decision            action=MAINTAIN applied_target=3 current_replicas=6 hold_until=1783786483.6 observed_load=39.34 observed_target=3 point_forecasts=[49.25140380859375, 48.83362579345703, 48.7824592590332, 49.672462463378906, 48.59831619262695] prediction_age_sec=0.07 predictive_target=3 proactive=False scenario=s4-hybrid-predictive target_replicas=3 upper_forecasts=[63.319068908691406, 62.459129333496094, 62.93510437011719, 64.04060363769531, 63.277427673339844]
2026-07-11 23:15:14 [debug    ] Decision loop completed        action=MAINTAIN latency_ms=109.29 p99=128.0
2026-07-11 23:15:29 [debug    ] GRU prediction received        confidence=0.8 latency_ms=2.32 predicted=63
2026-07-11 23:15:29 [debug    ] Using GRU prediction           confidence=0.8 predicted=63
2026-07-11 23:15:29 [info     ] algorithm2_scaling_decision    action=MAINTAIN alpha=0.030030030030030033 beta=0.0 buffer=1.2 current_replicas=6 predicted_load=40.86276663973 required_resources=1.227 target_replicas=3
2026-07-11 23:15:29 [info     ] algorithm2_decision            action=MAINTAIN applied_target=3 current_replicas=6 hold_until=1783786483.6 observed_load=40.86 observed_target=3 point_forecasts=[47.78952407836914, 47.513648986816406, 47.47160339355469, 48.32061767578125, 47.34492492675781] prediction_age_sec=0.07 predictive_target=3 proactive=False scenario=s4-hybrid-predictive target_replicas=3 upper_forecasts=[61.85719299316406, 61.13915252685547, 61.62424850463867, 62.688758850097656, 62.02404022216797]
2026-07-11 23:15:29 [debug    ] Decision loop completed        action=MAINTAIN latency_ms=107.42 p99=128.0
2026-07-11 23:15:44 [debug    ] HAProxy fallback latency       delta_requests=663 interval_avg_ms=193.89 max_rtime_ms=492.0 p99_est=387.79
2026-07-11 23:15:44 [debug    ] GRU prediction received        confidence=0.8 latency_ms=2.23 predicted=62
2026-07-11 23:15:44 [debug    ] Using GRU prediction           confidence=0.8 predicted=62
2026-07-11 23:15:44 [info     ] algorithm2_scaling_decision    action=MAINTAIN alpha=0.030030030030030033 beta=0.0 buffer=1.2 current_replicas=6 predicted_load=42.72399486752598 required_resources=1.283 target_replicas=3
2026-07-11 23:15:44 [info     ] algorithm2_decision            action=MAINTAIN applied_target=3 current_replicas=6 hold_until=1783786483.6 observed_load=42.72 observed_target=3 point_forecasts=[46.8426628112793, 46.69790267944336, 46.66071319580078, 47.517555236816406, 46.591766357421875] prediction_age_sec=0.07 predictive_target=3 proactive=False scenario=s4-hybrid-predictive target_replicas=3 upper_forecasts=[60.91033172607422, 60.323402404785156, 60.813358306884766, 61.88569641113281, 61.27088165283203]
2026-07-11 23:15:44 [debug    ] Decision loop completed        action=MAINTAIN latency_ms=111.34 p99=387.788838612368
2026-07-11 23:15:59 [debug    ] HAProxy fallback latency       delta_requests=740 interval_avg_ms=182.27 max_rtime_ms=492.0 p99_est=364.55
2026-07-11 23:15:59 [debug    ] GRU prediction received        confidence=0.8 latency_ms=2.39 predicted=62
2026-07-11 23:15:59 [debug    ] Using GRU prediction           confidence=0.8 predicted=62
2026-07-11 23:15:59 [info     ] algorithm2_scaling_decision    action=MAINTAIN alpha=0.030030030030030033 beta=0.0 buffer=1.2 current_replicas=6 predicted_load=46.42787956237966 required_resources=1.394 target_replicas=3
2026-07-11 23:15:59 [info     ] algorithm2_decision            action=MAINTAIN applied_target=3 current_replicas=6 hold_until=1783786483.6 observed_load=46.43 observed_target=3 point_forecasts=[46.75047302246094, 46.766197204589844, 46.71027374267578, 47.59093475341797, 46.70996856689453] prediction_age_sec=0.07 predictive_target=3 proactive=False scenario=s4-hybrid-predictive target_replicas=3 upper_forecasts=[60.818138122558594, 60.391700744628906, 60.862918853759766, 61.959075927734375, 61.38908386230469]
2026-07-11 23:15:59 [debug    ] Decision loop completed        action=MAINTAIN latency_ms=110.45 p99=364.5486486486486
2026-07-11 23:16:14 [debug    ] HAProxy fallback latency       delta_requests=317 interval_avg_ms=65.0 max_rtime_ms=492.0 p99_est=130.0
2026-07-11 23:16:14 [debug    ] GRU prediction received        confidence=0.8 latency_ms=1.81 predicted=58
2026-07-11 23:16:14 [debug    ] Using GRU prediction           confidence=0.8 predicted=58
2026-07-11 23:16:14 [info     ] algorithm2_scaling_decision    action=MAINTAIN alpha=0.030030030030030033 beta=0.0 buffer=1.2 current_replicas=6 predicted_load=35.03982876610482 required_resources=1.052 target_replicas=3
2026-07-11 23:16:14 [info     ] algorithm2_decision            action=MAINTAIN applied_target=3 current_replicas=6 hold_until=1783786483.6 observed_load=35.04 observed_target=3 point_forecasts=[43.348121643066406, 43.19637680053711, 43.20797348022461, 44.02314758300781, 43.211456298828125] prediction_age_sec=0.07 predictive_target=3 proactive=False scenario=s4-hybrid-predictive target_replicas=3 upper_forecasts=[57.41578674316406, 56.821876525878906, 57.360618591308594, 58.39128875732422, 57.89057159423828]
2026-07-11 23:16:14 [debug    ] Decision loop completed        action=MAINTAIN latency_ms=111.35 p99=130.0
2026-07-11 23:16:29 [debug    ] GRU prediction received        confidence=0.8 latency_ms=2.23 predicted=53
2026-07-11 23:16:29 [debug    ] Using GRU prediction           confidence=0.8 predicted=53
2026-07-11 23:16:30 [info     ] algorithm2_scaling_decision    action=MAINTAIN alpha=0.030030030030030033 beta=0.0 buffer=1.2 current_replicas=6 predicted_load=10.521909542269697 required_resources=0.316 target_replicas=3
2026-07-11 23:16:30 [info     ] algorithm2_decision            action=MAINTAIN applied_target=3 current_replicas=6 hold_until=1783786483.6 observed_load=10.52 observed_target=3 point_forecasts=[37.94252014160156, 37.562889099121094, 37.57220458984375, 38.44718933105469, 37.64522171020508] prediction_age_sec=0.06 predictive_target=3 proactive=False scenario=s4-hybrid-predictive target_replicas=3 upper_forecasts=[52.01018524169922, 51.188392639160156, 51.724849700927734, 52.815330505371094, 52.32433319091797]
2026-07-11 23:16:30 [debug    ] Decision loop completed        action=MAINTAIN latency_ms=105.8 p99=130.0
2026-07-11 23:16:45 [debug    ] GRU prediction received        confidence=0.8 latency_ms=1.7 predicted=48
2026-07-11 23:16:45 [debug    ] Using GRU prediction           confidence=0.8 predicted=48
2026-07-11 23:16:45 [info     ] algorithm2_scaling_decision    action=MAINTAIN alpha=0.030030030030030033 beta=0.0 buffer=1.2 current_replicas=6 predicted_load=0.0 required_resources=0.0 target_replicas=3
2026-07-11 23:16:45 [info     ] algorithm2_decision            action=MAINTAIN applied_target=3 current_replicas=6 hold_until=1783786483.6 observed_load=0.0 observed_target=3 point_forecasts=[33.33290100097656, 32.92046356201172, 32.91872024536133, 33.79145431518555, 33.05986022949219] prediction_age_sec=0.07 predictive_target=3 proactive=False scenario=s4-hybrid-predictive target_replicas=3 upper_forecasts=[47.40056610107422, 46.54596710205078, 47.07136535644531, 48.15959548950195, 47.738975524902344]
2026-07-11 23:16:45 [debug    ] Decision loop completed        action=MAINTAIN latency_ms=114.48 p99=130.0
2026-07-11 23:17:00 [debug    ] GRU prediction received        confidence=0.8 latency_ms=2.18 predicted=44
2026-07-11 23:17:00 [debug    ] Using GRU prediction           confidence=0.8 predicted=44
2026-07-11 23:17:00 [info     ] algorithm2_scaling_decision    action=MAINTAIN alpha=0.030030030030030033 beta=0.0 buffer=1.2 current_replicas=6 predicted_load=0.0 required_resources=0.0 target_replicas=3
2026-07-11 23:17:00 [info     ] algorithm2_decision            action=MAINTAIN applied_target=3 current_replicas=6 hold_until=1783786483.6 observed_load=0.0 observed_target=3 point_forecasts=[29.42693328857422, 29.0604248046875, 29.061813354492188, 29.88338851928711, 29.260818481445312] prediction_age_sec=0.06 predictive_target=3 proactive=False scenario=s4-hybrid-predictive target_replicas=3 upper_forecasts=[43.494598388671875, 42.68592834472656, 43.21445846557617, 44.251529693603516, 43.93993377685547]
2026-07-11 23:17:00 [debug    ] Decision loop completed        action=MAINTAIN latency_ms=105.94 p99=130.0
2026-07-11 23:17:06 [info     ] Received shutdown signal
2026-07-11 23:17:06 [info     ] Stopping routing daemon...
2026-07-11 23:17:06 [info     ] Routing daemon stopped
