2026-07-13 23:32:55 [info     ] SLOMonitor initialized         threshold_ms=200.0 violation_window=30
2026-07-13 23:32:55 [info     ] Algorithm1ControllerV3 initialized max_knative=50 r_saturation=33.3 target_cpu_util=0.5 total_budget=1000
2026-07-13 23:32:55 [info     ] Using V3 controller (Capacity-Driven) scenario=s4-hybrid-predictive version=v3
2026-07-13 23:32:55 [info     ] HAProxyWeightAdjuster initialized backend=servers host=localhost port=19999
2026-07-13 23:32:55 [info     ] GRUClient initialized          base_url=http://localhost:8090
2026-07-13 23:32:55 [info     ] K8sScaler initialized          deployment=test-app-warm namespace=default
2026-07-13 23:32:55 [info     ] RoutingDaemon initialized      decision_interval=15 description='Algorithm 1 with GRU predictions (Algorithm 2)' scenario=s4-hybrid-predictive use_algorithm=True use_predictions=True
2026-07-13 23:32:55 [info     ] Starting routing daemon        interval=15 scenario=s4-hybrid-predictive
2026-07-13 23:32:55 [info     ] Weights updated                k3s=80 knative=20
2026-07-13 23:32:55 [info     ] Initial weights applied        k3s=80 knative=20
2026-07-13 23:32:55 [debug    ] HAProxy fallback primed        total_requests=0
2026-07-13 23:32:55 [info     ] Model status validated         prediction_horizon=9 sample_interval_sec=15 sequence_length=30
2026-07-13 23:32:55 [info     ] Model status validated on first eligible cycle prediction_horizon=9 sequence_length=30
2026-07-13 23:32:55 [info     ] algorithm2_scaling_decision    action=MAINTAIN alpha=0.060060060060060066 beta=0.0 buffer=1.0 current_replicas=3 predicted_load=0.0 required_resources=0.0 target_replicas=3
2026-07-13 23:32:55 [info     ] algorithm2_decision            action=MAINTAIN applied_target=3 current_replicas=3 hold_until=0.0 observed_load=0.0 observed_target=3 point_forecasts=None prediction_age_sec=None predictive_target=3 proactive=False scenario=s4-hybrid-predictive target_replicas=3 upper_forecasts=None
2026-07-13 23:32:55 [debug    ] Decision loop completed        action=MAINTAIN latency_ms=143.73 p99=0.0
2026-07-13 23:33:10 [info     ] algorithm2_scaling_decision    action=MAINTAIN alpha=0.060060060060060066 beta=0.0 buffer=1.0 current_replicas=3 predicted_load=0.0 required_resources=0.0 target_replicas=3
2026-07-13 23:33:10 [info     ] algorithm2_decision            action=MAINTAIN applied_target=3 current_replicas=3 hold_until=0.0 observed_load=0.0 observed_target=3 point_forecasts=None prediction_age_sec=None predictive_target=3 proactive=False scenario=s4-hybrid-predictive target_replicas=3 upper_forecasts=None
2026-07-13 23:33:10 [debug    ] Decision loop completed        action=MAINTAIN latency_ms=141.01 p99=0.0
2026-07-13 23:33:25 [info     ] algorithm2_scaling_decision    action=MAINTAIN alpha=0.060060060060060066 beta=0.0 buffer=1.0 current_replicas=3 predicted_load=0.0 required_resources=0.0 target_replicas=3
2026-07-13 23:33:25 [info     ] algorithm2_decision            action=MAINTAIN applied_target=3 current_replicas=3 hold_until=0.0 observed_load=0.0 observed_target=3 point_forecasts=None prediction_age_sec=None predictive_target=3 proactive=False scenario=s4-hybrid-predictive target_replicas=3 upper_forecasts=None
2026-07-13 23:33:25 [debug    ] Decision loop completed        action=MAINTAIN latency_ms=137.78 p99=0.0
2026-07-13 23:33:40 [debug    ] HAProxy fallback latency       delta_requests=648 interval_avg_ms=65.0 max_rtime_ms=101.0 p99_est=101.0
2026-07-13 23:33:40 [info     ] controller_decision_v3         action=RECOVERY available_replicas=3 budget_remaining=1000 burn_adjustment=0 burst_ratio=0 capacity_deficit=False confidence=0 current_load=42.67170493998714 decision_id=d9fff623 k8s_capacity=49.9 k8s_weight=100 knative_weight=0 p99=101.0 predicted_load=0 r_effective=16.6 serverless_enabled=False total_load=42.7 weights_after={'k3s': 100, 'knative': 0} weights_before={'k3s': 80, 'knative': 20}
2026-07-13 23:33:40 [info     ] Weights updated                k3s=100 knative=0
2026-07-13 23:33:40 [info     ] Weights updated                action=RECOVERY reason='load=43RPS | k8s_cap=50RPS | (reducing-serverless)' weights={'k3s': 100, 'knative': 0}
2026-07-13 23:33:40 [info     ] algorithm2_scaling_decision    action=MAINTAIN alpha=0.060060060060060066 beta=0.0 buffer=1.0 current_replicas=3 predicted_load=21.33585246999357 required_resources=1.281 target_replicas=3
2026-07-13 23:33:40 [info     ] algorithm2_decision            action=MAINTAIN applied_target=3 current_replicas=3 hold_until=0.0 observed_load=21.34 observed_target=3 point_forecasts=None prediction_age_sec=None predictive_target=3 proactive=False scenario=s4-hybrid-predictive target_replicas=3 upper_forecasts=None
2026-07-13 23:33:40 [debug    ] Decision loop completed        action=RECOVERY latency_ms=180.37 p99=101.0
2026-07-13 23:33:55 [debug    ] HAProxy fallback latency       delta_requests=668 interval_avg_ms=65.0 max_rtime_ms=112.0 p99_est=112.0
2026-07-13 23:33:55 [info     ] algorithm2_scaling_decision    action=MAINTAIN alpha=0.060060060060060066 beta=0.0 buffer=1.0 current_replicas=3 predicted_load=43.337779703371766 required_resources=2.603 target_replicas=3
2026-07-13 23:33:55 [info     ] algorithm2_decision            action=MAINTAIN applied_target=3 current_replicas=3 hold_until=0.0 observed_load=43.34 observed_target=3 point_forecasts=None prediction_age_sec=None predictive_target=3 proactive=False scenario=s4-hybrid-predictive target_replicas=3 upper_forecasts=None
2026-07-13 23:33:55 [debug    ] Decision loop completed        action=MAINTAIN latency_ms=143.47 p99=112.0
2026-07-13 23:34:11 [debug    ] HAProxy fallback latency       delta_requests=718 interval_avg_ms=73.5 max_rtime_ms=117.0 p99_est=117.0
2026-07-13 23:34:11 [info     ] algorithm2_scaling_decision    action=MAINTAIN alpha=0.060060060060060066 beta=0.0 buffer=1.0 current_replicas=3 predicted_load=45.71041555178175 required_resources=2.745 target_replicas=3
2026-07-13 23:34:11 [info     ] algorithm2_decision            action=MAINTAIN applied_target=3 current_replicas=3 hold_until=0.0 observed_load=45.71 observed_target=3 point_forecasts=None prediction_age_sec=None predictive_target=3 proactive=False scenario=s4-hybrid-predictive target_replicas=3 upper_forecasts=None
2026-07-13 23:34:11 [debug    ] Decision loop completed        action=MAINTAIN latency_ms=135.26 p99=117.0
2026-07-13 23:34:26 [debug    ] HAProxy fallback latency       delta_requests=826 interval_avg_ms=64.54 max_rtime_ms=117.0 p99_est=117.0
2026-07-13 23:34:26 [info     ] Knative pre-warm OK            cold_start_ms=3.8
2026-07-13 23:34:26 [info     ] controller_decision_v3         action=REACTIVE available_replicas=3 budget_remaining=1000 burn_adjustment=0 burst_ratio=0.0847 capacity_deficit=False confidence=0 current_load=54.574699826518525 decision_id=82e0d936 k8s_capacity=49.9 k8s_weight=91 knative_weight=9 p99=117.0 predicted_load=0 r_effective=16.6 serverless_enabled=True total_load=54.6 weights_after={'k3s': 91, 'knative': 9} weights_before={'k3s': 100, 'knative': 0}
2026-07-13 23:34:26 [info     ] Weights updated                k3s=91 knative=9
2026-07-13 23:34:26 [info     ] Weights updated                action=REACTIVE reason='load=55RPS | k8s_cap=50RPS | (burst-routing)' weights={'k3s': 91, 'knative': 9}
2026-07-13 23:34:26 [info     ] algorithm2_scaling_decision    action=SCALE_UP alpha=0.060060060060060066 beta=0.0 buffer=1.0 current_replicas=3 predicted_load=50.995838231662816 required_resources=3.063 target_replicas=4
2026-07-13 23:34:26 [info     ] algorithm2_decision            action=SCALE_UP applied_target=4 current_replicas=3 hold_until=0.0 observed_load=51.0 observed_target=4 point_forecasts=None prediction_age_sec=None predictive_target=3 proactive=False scenario=s4-hybrid-predictive target_replicas=4 upper_forecasts=None
2026-07-13 23:34:26 [info     ] k8s_scale_executed             deployment=test-app-warm replicas=4
2026-07-13 23:34:26 [debug    ] Decision loop completed        action=REACTIVE latency_ms=186.32 p99=117.0
2026-07-13 23:34:41 [debug    ] HAProxy fallback latency       delta_requests=767 interval_avg_ms=67.0 max_rtime_ms=117.0 p99_est=117.0
2026-07-13 23:34:41 [info     ] controller_decision_v3         action=RECOVERY available_replicas=4 budget_remaining=1000 burn_adjustment=0 burst_ratio=0 capacity_deficit=False confidence=0 current_load=50.50333722253929 decision_id=855e2bf0 k8s_capacity=66.6 k8s_weight=100 knative_weight=0 p99=117.0 predicted_load=0 r_effective=16.6 serverless_enabled=False total_load=50.5 weights_after={'k3s': 100, 'knative': 0} weights_before={'k3s': 91, 'knative': 9}
2026-07-13 23:34:41 [info     ] Weights updated                k3s=100 knative=0
2026-07-13 23:34:41 [info     ] Weights updated                action=RECOVERY reason='load=51RPS | k8s_cap=67RPS | (reducing-serverless)' weights={'k3s': 100, 'knative': 0}
2026-07-13 23:34:41 [info     ] Scale readiness observed       elapsed_sec=15.2 ewma_delay=46.6 samples=1 target=4
2026-07-13 23:34:41 [info     ] algorithm2_scaling_decision    action=MAINTAIN alpha=0.060060060060060066 beta=0.0 buffer=1.0 current_replicas=4 predicted_load=52.539018524528906 required_resources=3.155 target_replicas=4
2026-07-13 23:34:41 [info     ] algorithm2_decision            action=MAINTAIN applied_target=4 current_replicas=4 hold_until=0.0 observed_load=52.54 observed_target=4 point_forecasts=None prediction_age_sec=None predictive_target=3 proactive=False scenario=s4-hybrid-predictive target_replicas=4 upper_forecasts=None
2026-07-13 23:34:41 [debug    ] Decision loop completed        action=RECOVERY latency_ms=191.63 p99=117.0
2026-07-13 23:34:56 [debug    ] HAProxy fallback latency       delta_requests=544 interval_avg_ms=59.33 max_rtime_ms=117.0 p99_est=117.0
2026-07-13 23:34:56 [info     ] algorithm2_scaling_decision    action=MAINTAIN alpha=0.060060060060060066 beta=0.0 buffer=1.0 current_replicas=4 predicted_load=43.18956709542607 required_resources=2.594 target_replicas=3
2026-07-13 23:34:56 [info     ] algorithm2_decision            action=MAINTAIN applied_target=3 current_replicas=4 hold_until=0.0 observed_load=43.19 observed_target=3 point_forecasts=None prediction_age_sec=None predictive_target=3 proactive=False scenario=s4-hybrid-predictive target_replicas=3 upper_forecasts=None
2026-07-13 23:34:56 [debug    ] Decision loop completed        action=MAINTAIN latency_ms=143.97 p99=117.0
2026-07-13 23:35:11 [debug    ] HAProxy fallback latency       delta_requests=411 interval_avg_ms=54.85 max_rtime_ms=117.0 p99_est=109.7
2026-07-13 23:35:11 [info     ] algorithm2_scaling_decision    action=MAINTAIN alpha=0.060060060060060066 beta=0.0 buffer=1.0 current_replicas=4 predicted_load=31.507147508342115 required_resources=1.892 target_replicas=3
2026-07-13 23:35:11 [info     ] algorithm2_decision            action=MAINTAIN applied_target=3 current_replicas=4 hold_until=0.0 observed_load=31.51 observed_target=3 point_forecasts=None prediction_age_sec=None predictive_target=3 proactive=False scenario=s4-hybrid-predictive target_replicas=3 upper_forecasts=None
2026-07-13 23:35:11 [debug    ] Decision loop completed        action=MAINTAIN latency_ms=143.02 p99=109.70316301703163
2026-07-13 23:35:26 [debug    ] HAProxy fallback latency       delta_requests=357 interval_avg_ms=65.0 max_rtime_ms=117.0 p99_est=117.0
2026-07-13 23:35:26 [info     ] algorithm2_scaling_decision    action=MAINTAIN alpha=0.060060060060060066 beta=0.0 buffer=1.0 current_replicas=4 predicted_load=25.356855569046672 required_resources=1.523 target_replicas=3
2026-07-13 23:35:26 [info     ] algorithm2_decision            action=MAINTAIN applied_target=3 current_replicas=4 hold_until=0.0 observed_load=25.36 observed_target=3 point_forecasts=None prediction_age_sec=None predictive_target=3 proactive=False scenario=s4-hybrid-predictive target_replicas=3 upper_forecasts=None
2026-07-13 23:35:26 [debug    ] Decision loop completed        action=MAINTAIN latency_ms=142.35 p99=117.0
2026-07-13 23:35:41 [debug    ] HAProxy fallback latency       delta_requests=495 interval_avg_ms=65.0 max_rtime_ms=117.0 p99_est=117.0
2026-07-13 23:35:42 [info     ] algorithm2_scaling_decision    action=MAINTAIN alpha=0.060060060060060066 beta=0.0 buffer=1.0 current_replicas=4 predicted_load=28.099999134872572 required_resources=1.688 target_replicas=3
2026-07-13 23:35:42 [info     ] algorithm2_decision            action=MAINTAIN applied_target=3 current_replicas=4 hold_until=0.0 observed_load=28.1 observed_target=3 point_forecasts=None prediction_age_sec=None predictive_target=3 proactive=False scenario=s4-hybrid-predictive target_replicas=3 upper_forecasts=None
2026-07-13 23:35:42 [debug    ] Decision loop completed        action=MAINTAIN latency_ms=134.62 p99=117.0
2026-07-13 23:35:57 [debug    ] HAProxy fallback latency       delta_requests=783 interval_avg_ms=72.94 max_rtime_ms=117.0 p99_est=117.0
2026-07-13 23:35:57 [info     ] algorithm2_scaling_decision    action=MAINTAIN alpha=0.060060060060060066 beta=0.0 buffer=1.0 current_replicas=4 predicted_load=42.14598332888152 required_resources=2.531 target_replicas=3
2026-07-13 23:35:57 [info     ] algorithm2_decision            action=MAINTAIN applied_target=3 current_replicas=4 hold_until=0.0 observed_load=42.15 observed_target=3 point_forecasts=None prediction_age_sec=None predictive_target=3 proactive=False scenario=s4-hybrid-predictive target_replicas=3 upper_forecasts=None
2026-07-13 23:35:57 [debug    ] Decision loop completed        action=MAINTAIN latency_ms=139.14 p99=117.0
2026-07-13 23:36:12 [debug    ] HAProxy fallback latency       delta_requests=808 interval_avg_ms=66.0 max_rtime_ms=117.0 p99_est=117.0
2026-07-13 23:36:12 [info     ] algorithm2_scaling_decision    action=MAINTAIN alpha=0.060060060060060066 beta=0.0 buffer=1.0 current_replicas=4 predicted_load=52.520353877767164 required_resources=3.154 target_replicas=4
2026-07-13 23:36:12 [info     ] algorithm2_decision            action=MAINTAIN applied_target=4 current_replicas=4 hold_until=0.0 observed_load=52.52 observed_target=4 point_forecasts=None prediction_age_sec=None predictive_target=3 proactive=False scenario=s4-hybrid-predictive target_replicas=4 upper_forecasts=None
2026-07-13 23:36:12 [debug    ] Decision loop completed        action=MAINTAIN latency_ms=137.68 p99=117.0
2026-07-13 23:36:27 [debug    ] HAProxy fallback latency       delta_requests=633 interval_avg_ms=66.0 max_rtime_ms=117.0 p99_est=117.0
2026-07-13 23:36:27 [info     ] algorithm2_scaling_decision    action=MAINTAIN alpha=0.060060060060060066 beta=0.0 buffer=1.0 current_replicas=4 predicted_load=47.62705535013231 required_resources=2.86 target_replicas=3
2026-07-13 23:36:27 [info     ] algorithm2_decision            action=MAINTAIN applied_target=3 current_replicas=4 hold_until=0.0 observed_load=47.63 observed_target=3 point_forecasts=None prediction_age_sec=None predictive_target=3 proactive=False scenario=s4-hybrid-predictive target_replicas=3 upper_forecasts=None
2026-07-13 23:36:27 [debug    ] Decision loop completed        action=MAINTAIN latency_ms=141.6 p99=117.0
2026-07-13 23:36:42 [debug    ] HAProxy fallback latency       delta_requests=664 interval_avg_ms=66.0 max_rtime_ms=117.0 p99_est=117.0
2026-07-13 23:36:42 [info     ] algorithm2_scaling_decision    action=MAINTAIN alpha=0.060060060060060066 beta=0.0 buffer=1.0 current_replicas=4 predicted_load=42.86406604486159 required_resources=2.574 target_replicas=3
2026-07-13 23:36:42 [info     ] algorithm2_decision            action=MAINTAIN applied_target=3 current_replicas=4 hold_until=0.0 observed_load=42.86 observed_target=3 point_forecasts=None prediction_age_sec=None predictive_target=3 proactive=False scenario=s4-hybrid-predictive target_replicas=3 upper_forecasts=None
2026-07-13 23:36:42 [debug    ] Decision loop completed        action=MAINTAIN latency_ms=148.35 p99=117.0
2026-07-13 23:36:57 [debug    ] HAProxy fallback latency       delta_requests=839 interval_avg_ms=55.08 max_rtime_ms=117.0 p99_est=110.16
2026-07-13 23:36:57 [info     ] algorithm2_scaling_decision    action=MAINTAIN alpha=0.060060060060060066 beta=0.0 buffer=1.0 current_replicas=4 predicted_load=49.61821084230207 required_resources=2.98 target_replicas=3
2026-07-13 23:36:57 [info     ] algorithm2_decision            action=MAINTAIN applied_target=3 current_replicas=4 hold_until=0.0 observed_load=49.62 observed_target=3 point_forecasts=None prediction_age_sec=None predictive_target=3 proactive=False scenario=s4-hybrid-predictive target_replicas=3 upper_forecasts=None
2026-07-13 23:36:57 [debug    ] Decision loop completed        action=MAINTAIN latency_ms=139.77 p99=110.16209773539929
2026-07-13 23:37:12 [debug    ] HAProxy fallback latency       delta_requests=918 interval_avg_ms=65.0 max_rtime_ms=117.0 p99_est=117.0
2026-07-13 23:37:12 [info     ] algorithm2_scaling_decision    action=MAINTAIN alpha=0.060060060060060066 beta=0.0 buffer=1.0 current_replicas=4 predicted_load=57.978424036890495 required_resources=3.482 target_replicas=4
2026-07-13 23:37:12 [info     ] algorithm2_decision            action=MAINTAIN applied_target=4 current_replicas=4 hold_until=0.0 observed_load=57.98 observed_target=4 point_forecasts=None prediction_age_sec=None predictive_target=3 proactive=False scenario=s4-hybrid-predictive target_replicas=4 upper_forecasts=None
2026-07-13 23:37:12 [debug    ] Decision loop completed        action=MAINTAIN latency_ms=141.09 p99=117.0
2026-07-13 23:37:27 [debug    ] HAProxy fallback latency       delta_requests=934 interval_avg_ms=88.58 max_rtime_ms=128.0 p99_est=128.0
2026-07-13 23:37:28 [info     ] algorithm2_scaling_decision    action=MAINTAIN alpha=0.060060060060060066 beta=0.0 buffer=1.0 current_replicas=4 predicted_load=61.128520555225364 required_resources=3.671 target_replicas=4
2026-07-13 23:37:28 [info     ] algorithm2_decision            action=MAINTAIN applied_target=4 current_replicas=4 hold_until=0.0 observed_load=61.13 observed_target=4 point_forecasts=None prediction_age_sec=None predictive_target=3 proactive=False scenario=s4-hybrid-predictive target_replicas=4 upper_forecasts=None
2026-07-13 23:37:28 [debug    ] Decision loop completed        action=MAINTAIN latency_ms=144.41 p99=128.0
2026-07-13 23:37:43 [debug    ] HAProxy fallback latency       delta_requests=1011 interval_avg_ms=67.0 max_rtime_ms=141.0 p99_est=134.0
2026-07-13 23:37:43 [info     ] Knative pre-warm OK            cold_start_ms=3.6
2026-07-13 23:37:43 [info     ] controller_decision_v3         action=REACTIVE available_replicas=4 budget_remaining=1000 burn_adjustment=0 burst_ratio=0.0023 capacity_deficit=False confidence=0 current_load=66.75674442540414 decision_id=959aa2bb k8s_capacity=66.6 k8s_weight=99 knative_weight=1 p99=134.0 predicted_load=0 r_effective=16.6 serverless_enabled=True total_load=66.8 weights_after={'k3s': 99, 'knative': 1} weights_before={'k3s': 100, 'knative': 0}
2026-07-13 23:37:43 [info     ] Weights updated                k3s=99 knative=1
2026-07-13 23:37:43 [info     ] Weights updated                action=REACTIVE reason='load=67RPS | k8s_cap=67RPS | (burst-routing)' weights={'k3s': 99, 'knative': 1}
2026-07-13 23:37:43 [info     ] algorithm2_scaling_decision    action=MAINTAIN alpha=0.060060060060060066 beta=0.0 buffer=1.0 current_replicas=4 predicted_load=64.2229057397125 required_resources=3.857 target_replicas=4
2026-07-13 23:37:43 [info     ] algorithm2_decision            action=MAINTAIN applied_target=4 current_replicas=4 hold_until=0.0 observed_load=64.22 observed_target=4 point_forecasts=None prediction_age_sec=None predictive_target=3 proactive=False scenario=s4-hybrid-predictive target_replicas=4 upper_forecasts=None
2026-07-13 23:37:43 [debug    ] Decision loop completed        action=REACTIVE latency_ms=145.96 p99=134.0
2026-07-13 23:37:58 [debug    ] HAProxy fallback latency       delta_requests=1128 interval_avg_ms=78.66 max_rtime_ms=141.0 p99_est=141.0
2026-07-13 23:37:58 [info     ] controller_decision_v3         action=REACTIVE available_replicas=4 budget_remaining=1000 burn_adjustment=0 burst_ratio=0.1041 capacity_deficit=False confidence=0 current_load=74.3350833429529 decision_id=67129cbc k8s_capacity=66.6 k8s_weight=89 knative_weight=11 p99=141.0 predicted_load=0 r_effective=16.6 serverless_enabled=True total_load=74.3 weights_after={'k3s': 89, 'knative': 11} weights_before={'k3s': 99, 'knative': 1}
2026-07-13 23:37:58 [info     ] Weights updated                k3s=89 knative=11
2026-07-13 23:37:58 [info     ] Weights updated                action=REACTIVE reason='load=74RPS | k8s_cap=67RPS | (burst-routing)' weights={'k3s': 89, 'knative': 11}
2026-07-13 23:37:58 [info     ] algorithm2_scaling_decision    action=SCALE_UP alpha=0.060060060060060066 beta=0.0 buffer=1.0 current_replicas=4 predicted_load=70.54591388417852 required_resources=4.237 target_replicas=5
2026-07-13 23:37:58 [info     ] algorithm2_decision            action=SCALE_UP applied_target=5 current_replicas=4 hold_until=0.0 observed_load=70.55 observed_target=5 point_forecasts=None prediction_age_sec=None predictive_target=3 proactive=False scenario=s4-hybrid-predictive target_replicas=5 upper_forecasts=None
2026-07-13 23:37:58 [info     ] k8s_scale_executed             deployment=test-app-warm replicas=5
2026-07-13 23:37:58 [debug    ] Decision loop completed        action=REACTIVE latency_ms=214.74 p99=141.0
2026-07-13 23:38:13 [debug    ] HAProxy fallback latency       delta_requests=1290 interval_avg_ms=90.39 max_rtime_ms=145.0 p99_est=145.0
2026-07-13 23:38:13 [info     ] controller_decision_v3         action=RECOVERY available_replicas=5 budget_remaining=1000 burn_adjustment=0 burst_ratio=0.0189 capacity_deficit=False confidence=0 current_load=84.85737154086708 decision_id=bfc752a6 k8s_capacity=83.2 k8s_weight=98 knative_weight=2 p99=145.0 predicted_load=0 r_effective=16.6 serverless_enabled=True total_load=84.9 weights_after={'k3s': 98, 'knative': 2} weights_before={'k3s': 89, 'knative': 11}
2026-07-13 23:38:13 [info     ] Weights updated                k3s=98 knative=2
2026-07-13 23:38:13 [info     ] Weights updated                action=RECOVERY reason='load=85RPS | k8s_cap=83RPS | (reducing-serverless)' weights={'k3s': 98, 'knative': 2}
2026-07-13 23:38:13 [info     ] Scale readiness observed       elapsed_sec=15.2 ewma_delay=37.1 samples=2 target=5
2026-07-13 23:38:13 [info     ] algorithm2_scaling_decision    action=MAINTAIN alpha=0.060060060060060066 beta=0.0 buffer=1.0 current_replicas=5 predicted_load=79.59622744190999 required_resources=4.781 target_replicas=5
2026-07-13 23:38:13 [info     ] algorithm2_decision            action=MAINTAIN applied_target=5 current_replicas=5 hold_until=0.0 observed_load=79.6 observed_target=5 point_forecasts=None prediction_age_sec=None predictive_target=3 proactive=False scenario=s4-hybrid-predictive target_replicas=5 upper_forecasts=None
2026-07-13 23:38:13 [debug    ] Decision loop completed        action=RECOVERY latency_ms=188.84 p99=145.0
2026-07-13 23:38:28 [debug    ] HAProxy fallback latency       delta_requests=1478 interval_avg_ms=91.54 max_rtime_ms=213.0 p99_est=183.09
2026-07-13 23:38:28 [info     ] controller_decision_v3         action=REACTIVE available_replicas=5 budget_remaining=1000 burn_adjustment=0 burst_ratio=0.1422 capacity_deficit=False confidence=0 current_load=97.0537360881922 decision_id=068b2c0e k8s_capacity=83.2 k8s_weight=85 knative_weight=15 p99=183.1 predicted_load=0 r_effective=16.6 serverless_enabled=True total_load=97.1 weights_after={'k3s': 85, 'knative': 15} weights_before={'k3s': 98, 'knative': 2}
2026-07-13 23:38:28 [info     ] Weights updated                k3s=85 knative=15
2026-07-13 23:38:28 [info     ] Weights updated                action=REACTIVE reason='load=97RPS | k8s_cap=83RPS | (burst-routing)' weights={'k3s': 85, 'knative': 15}
2026-07-13 23:38:28 [info     ] algorithm2_scaling_decision    action=SCALE_UP alpha=0.060060060060060066 beta=0.0 buffer=1.0 current_replicas=5 predicted_load=90.95555381452964 required_resources=5.463 target_replicas=6
2026-07-13 23:38:28 [info     ] algorithm2_decision            action=SCALE_UP applied_target=6 current_replicas=5 hold_until=0.0 observed_load=90.96 observed_target=6 point_forecasts=None prediction_age_sec=None predictive_target=3 proactive=False scenario=s4-hybrid-predictive target_replicas=6 upper_forecasts=None
2026-07-13 23:38:28 [info     ] k8s_scale_executed             deployment=test-app-warm replicas=6
2026-07-13 23:38:28 [debug    ] Decision loop completed        action=REACTIVE latency_ms=220.55 p99=183.085250338295
2026-07-13 23:38:43 [debug    ] HAProxy fallback latency       delta_requests=1692 interval_avg_ms=61.59 max_rtime_ms=241.0 p99_est=123.18
2026-07-13 23:38:43 [info     ] controller_decision_v3         action=RECOVERY available_replicas=6 budget_remaining=1000 burn_adjustment=0 burst_ratio=0.1018 capacity_deficit=False confidence=0 current_load=111.22498032770606 decision_id=64a1b537 k8s_capacity=99.9 k8s_weight=89 knative_weight=11 p99=123.2 predicted_load=0 r_effective=16.6 serverless_enabled=True total_load=111.2 weights_after={'k3s': 89, 'knative': 11} weights_before={'k3s': 85, 'knative': 15}
2026-07-13 23:38:43 [info     ] Weights updated                k3s=89 knative=11
2026-07-13 23:38:43 [info     ] Weights updated                action=RECOVERY reason='load=111RPS | k8s_cap=100RPS | (reducing-serverless)' weights={'k3s': 89, 'knative': 11}
2026-07-13 23:38:44 [info     ] Scale readiness observed       elapsed_sec=15.2 ewma_delay=30.6 samples=3 target=6
2026-07-13 23:38:44 [info     ] algorithm2_scaling_decision    action=SCALE_UP alpha=0.060060060060060066 beta=0.0 buffer=1.0 current_replicas=6 predicted_load=104.13935820794913 required_resources=6.255 target_replicas=7
2026-07-13 23:38:44 [info     ] algorithm2_decision            action=SCALE_UP applied_target=7 current_replicas=6 hold_until=0.0 observed_load=104.14 observed_target=7 point_forecasts=None prediction_age_sec=None predictive_target=3 proactive=False scenario=s4-hybrid-predictive target_replicas=7 upper_forecasts=None
2026-07-13 23:38:44 [info     ] k8s_scale_executed             deployment=test-app-warm replicas=7
2026-07-13 23:38:44 [debug    ] Decision loop completed        action=RECOVERY latency_ms=307.21 p99=123.18203309692672
2026-07-13 23:38:59 [debug    ] HAProxy fallback latency       delta_requests=1923 interval_avg_ms=457.03 max_rtime_ms=473.0 p99_est=473.0
2026-07-13 23:38:59 [info     ] controller_decision_v3         action=REACTIVE available_replicas=6 budget_remaining=999 burn_adjustment=0 burst_ratio=0.2048 capacity_deficit=False confidence=0 current_load=125.63083886573527 decision_id=4c423712 k8s_capacity=99.9 k8s_weight=79 knative_weight=21 p99=473.0 predicted_load=0 r_effective=16.6 serverless_enabled=True total_load=125.6 weights_after={'k3s': 79, 'knative': 21} weights_before={'k3s': 89, 'knative': 11}
2026-07-13 23:38:59 [info     ] Weights updated                k3s=79 knative=21
2026-07-13 23:38:59 [info     ] Weights updated                action=REACTIVE reason='load=126RPS | k8s_cap=100RPS | (burst-routing)' weights={'k3s': 79, 'knative': 21}
2026-07-13 23:38:59 [info     ] algorithm2_scaling_decision    action=SCALE_UP alpha=0.060060060060060066 beta=0.0 buffer=1.0 current_replicas=7 predicted_load=118.42790959672067 required_resources=7.113 target_replicas=8
2026-07-13 23:38:59 [info     ] algorithm2_decision            action=SCALE_UP applied_target=8 current_replicas=7 hold_until=0.0 observed_load=118.43 observed_target=8 point_forecasts=None prediction_age_sec=None predictive_target=3 proactive=False scenario=s4-hybrid-predictive target_replicas=8 upper_forecasts=None
2026-07-13 23:38:59 [info     ] k8s_scale_executed             deployment=test-app-warm replicas=8
2026-07-13 23:38:59 [debug    ] Decision loop completed        action=REACTIVE latency_ms=219.69 p99=473.0
2026-07-13 23:39:14 [info     ] controller_decision_v3         action=RECOVERY available_replicas=6 budget_remaining=998 burn_adjustment=0 burst_ratio=0.1049 capacity_deficit=False confidence=0 current_load=111.60257139809518 decision_id=8796ff15 k8s_capacity=99.9 k8s_weight=89 knative_weight=11 p99=473.0 predicted_load=0 r_effective=16.6 serverless_enabled=True total_load=111.6 weights_after={'k3s': 89, 'knative': 11} weights_before={'k3s': 79, 'knative': 21}
2026-07-13 23:39:14 [info     ] Weights updated                k3s=89 knative=11
2026-07-13 23:39:14 [info     ] Weights updated                action=RECOVERY reason='load=112RPS | k8s_cap=100RPS | (reducing-serverless)' weights={'k3s': 89, 'knative': 11}
2026-07-13 23:39:14 [info     ] algorithm2_scaling_decision    action=MAINTAIN alpha=0.060060060060060066 beta=0.0 buffer=1.0 current_replicas=8 predicted_load=118.61670513191523 required_resources=7.124 target_replicas=8
2026-07-13 23:39:14 [info     ] algorithm2_decision            action=MAINTAIN applied_target=8 current_replicas=8 hold_until=0.0 observed_load=118.62 observed_target=8 point_forecasts=None prediction_age_sec=None predictive_target=3 proactive=False scenario=s4-hybrid-predictive target_replicas=8 upper_forecasts=None
2026-07-13 23:39:14 [debug    ] Decision loop completed        action=RECOVERY latency_ms=277.83 p99=473.0
2026-07-13 23:39:29 [debug    ] HAProxy fallback latency       delta_requests=1290 interval_avg_ms=2.15 max_rtime_ms=476.0 p99_est=4.29
2026-07-13 23:39:29 [info     ] controller_decision_v3         action=RECOVERY available_replicas=6 budget_remaining=998 burn_adjustment=0 burst_ratio=0 capacity_deficit=False confidence=0 current_load=84.85328937363056 decision_id=9c58cf83 k8s_capacity=99.9 k8s_weight=100 knative_weight=0 p99=4.3 predicted_load=0 r_effective=16.6 serverless_enabled=False total_load=84.9 weights_after={'k3s': 100, 'knative': 0} weights_before={'k3s': 89, 'knative': 11}
2026-07-13 23:39:29 [info     ] Weights updated                k3s=100 knative=0
2026-07-13 23:39:29 [info     ] Weights updated                action=RECOVERY reason='load=85RPS | k8s_cap=100RPS | (reducing-serverless)' weights={'k3s': 100, 'knative': 0}
2026-07-13 23:39:29 [info     ] algorithm2_scaling_decision    action=MAINTAIN alpha=0.060060060060060066 beta=0.0 buffer=1.0 current_replicas=8 predicted_load=98.22793038586286 required_resources=5.9 target_replicas=6
2026-07-13 23:39:29 [info     ] algorithm2_decision            action=MAINTAIN applied_target=6 current_replicas=8 hold_until=0.0 observed_load=98.23 observed_target=6 point_forecasts=None prediction_age_sec=None predictive_target=3 proactive=False scenario=s4-hybrid-predictive target_replicas=6 upper_forecasts=None
2026-07-13 23:39:29 [debug    ] Decision loop completed        action=RECOVERY latency_ms=198.94 p99=4.291472868217054
2026-07-13 23:39:44 [debug    ] HAProxy fallback latency       delta_requests=1130 interval_avg_ms=88.94 max_rtime_ms=476.0 p99_est=177.87
2026-07-13 23:39:44 [info     ] algorithm2_scaling_decision    action=MAINTAIN alpha=0.060060060060060066 beta=0.0 buffer=1.0 current_replicas=8 predicted_load=79.59565607666876 required_resources=4.781 target_replicas=5
2026-07-13 23:39:44 [info     ] algorithm2_decision            action=MAINTAIN applied_target=5 current_replicas=8 hold_until=0.0 observed_load=79.6 observed_target=5 point_forecasts=None prediction_age_sec=None predictive_target=3 proactive=False scenario=s4-hybrid-predictive target_replicas=5 upper_forecasts=None
2026-07-13 23:39:44 [debug    ] Decision loop completed        action=MAINTAIN latency_ms=142.01 p99=177.87256637168142
2026-07-13 23:39:59 [debug    ] HAProxy fallback latency       delta_requests=1068 interval_avg_ms=22.7 max_rtime_ms=476.0 p99_est=45.39
2026-07-13 23:40:00 [info     ] algorithm2_scaling_decision    action=MAINTAIN alpha=0.060060060060060066 beta=0.0 buffer=1.0 current_replicas=8 predicted_load=72.4698729753542 required_resources=4.353 target_replicas=5
2026-07-13 23:40:00 [info     ] algorithm2_decision            action=MAINTAIN applied_target=5 current_replicas=8 hold_until=0.0 observed_load=72.47 observed_target=5 point_forecasts=None prediction_age_sec=None predictive_target=3 proactive=False scenario=s4-hybrid-predictive target_replicas=5 upper_forecasts=None
2026-07-13 23:40:00 [debug    ] Decision loop completed        action=MAINTAIN latency_ms=148.66 p99=45.39325842696629
2026-07-13 23:40:15 [debug    ] HAProxy fallback latency       delta_requests=932 interval_avg_ms=39.47 max_rtime_ms=476.0 p99_est=78.94
2026-07-13 23:40:15 [info     ] algorithm2_scaling_decision    action=MAINTAIN alpha=0.060060060060060066 beta=0.0 buffer=1.0 current_replicas=8 predicted_load=66.06197872322275 required_resources=3.968 target_replicas=4
2026-07-13 23:40:15 [info     ] algorithm2_decision            action=MAINTAIN applied_target=4 current_replicas=8 hold_until=0.0 observed_load=66.06 observed_target=4 point_forecasts=None prediction_age_sec=None predictive_target=3 proactive=False scenario=s4-hybrid-predictive target_replicas=4 upper_forecasts=None
2026-07-13 23:40:15 [debug    ] Decision loop completed        action=MAINTAIN latency_ms=146.93 p99=78.93991416309012
2026-07-13 23:40:30 [debug    ] HAProxy fallback latency       delta_requests=798 interval_avg_ms=66.0 max_rtime_ms=476.0 p99_est=132.0
2026-07-13 23:40:30 [debug    ] GRU prediction received        confidence=0.8 latency_ms=7.5 predicted=86
2026-07-13 23:40:30 [debug    ] Using GRU prediction           confidence=0.8 forecast_capacity_signal=86.0 predicted=86 required_steps=4
2026-07-13 23:40:30 [info     ] algorithm2_scaling_decision    action=MAINTAIN alpha=0.060060060060060066 beta=0.0 buffer=1.0 current_replicas=8 predicted_load=86.0 required_resources=5.165 target_replicas=6
2026-07-13 23:40:30 [info     ] algorithm2_decision            action=MAINTAIN applied_target=6 current_replicas=8 hold_until=1783960920.4 observed_load=57.1 observed_target=4 point_forecasts=[75.7049331665039, 73.67047882080078, 75.47640991210938, 73.88609313964844, 74.52015686035156, 74.830810546875, 75.17948913574219, 74.22022247314453, 73.33722686767578] prediction_age_sec=0.09 predictive_target=6 proactive=True scenario=s4-hybrid-predictive target_replicas=6 upper_forecasts=[85.34591674804688, 83.95856475830078, 85.21939086914062, 84.46237182617188, 84.81437683105469, 85.42247772216797, 86.1369400024414, 84.88921356201172, 84.45597076416016]
2026-07-13 23:40:30 [debug    ] Decision loop completed        action=MAINTAIN latency_ms=150.55 p99=132.0
2026-07-13 23:40:45 [debug    ] HAProxy fallback latency       delta_requests=1274 interval_avg_ms=131.3 max_rtime_ms=476.0 p99_est=262.6
2026-07-13 23:40:45 [debug    ] GRU prediction received        confidence=0.8 latency_ms=6.66 predicted=86
2026-07-13 23:40:45 [debug    ] Using GRU prediction           confidence=0.8 forecast_capacity_signal=86.0 predicted=86 required_steps=4
2026-07-13 23:40:45 [info     ] algorithm2_scaling_decision    action=MAINTAIN alpha=0.060060060060060066 beta=0.0 buffer=1.0 current_replicas=8 predicted_load=86.0 required_resources=5.165 target_replicas=6
2026-07-13 23:40:45 [info     ] algorithm2_decision            action=MAINTAIN applied_target=6 current_replicas=8 hold_until=1783960935.5 observed_load=68.32 observed_target=5 point_forecasts=[75.85555267333984, 74.47154998779297, 75.58929443359375, 74.54090118408203, 75.0025405883789, 75.2539291381836, 75.31443786621094, 74.83061981201172, 74.29296875] prediction_age_sec=0.09 predictive_target=6 proactive=True scenario=s4-hybrid-predictive target_replicas=6 upper_forecasts=[85.49653625488281, 84.75963592529297, 85.332275390625, 85.11717987060547, 85.29676055908203, 85.84559631347656, 86.27188873291016, 85.4996109008789, 85.41171264648438]
2026-07-13 23:40:45 [debug    ] Decision loop completed        action=MAINTAIN latency_ms=149.22 p99=262.596546310832
2026-07-13 23:41:00 [debug    ] HAProxy fallback latency       delta_requests=1922 interval_avg_ms=9341.04 max_rtime_ms=2960.0 p99_est=2960.0
2026-07-13 23:41:00 [debug    ] GRU prediction received        confidence=0.8 latency_ms=8.26 predicted=98
2026-07-13 23:41:00 [debug    ] Using GRU prediction           confidence=0.8 forecast_capacity_signal=98.0 predicted=98 required_steps=4
2026-07-13 23:41:00 [debug    ] Proactive amplification        amplified=196.6 approach_ratio=0.95 load_trend=14.0 raw_pred=98
2026-07-13 23:41:00 [info     ] Scale readiness observed       elapsed_sec=121.4 ewma_delay=57.8 samples=4 target=8
2026-07-13 23:41:00 [info     ] algorithm2_scaling_decision    action=MAINTAIN alpha=0.060060060060060066 beta=0.0 buffer=1.0 current_replicas=8 predicted_load=105.2729204509655 required_resources=6.323 target_replicas=7
2026-07-13 23:41:00 [info     ] algorithm2_decision            action=MAINTAIN applied_target=7 current_replicas=8 hold_until=1783960935.5 observed_load=105.27 observed_target=7 point_forecasts=[85.99827575683594, 86.3868408203125, 86.62747955322266, 87.28655242919922, 86.53135681152344, 86.64269256591797, 85.69456481933594, 86.34476470947266, 86.87059020996094] prediction_age_sec=0.13 predictive_target=6 proactive=False scenario=s4-hybrid-predictive target_replicas=7 upper_forecasts=[95.6392593383789, 96.6749267578125, 96.3704605102539, 97.86283111572266, 96.82557678222656, 97.23435974121094, 96.65201568603516, 97.01375579833984, 97.98933410644531]
2026-07-13 23:41:00 [debug    ] Decision loop completed        action=MAINTAIN latency_ms=220.11 p99=2960.0
2026-07-13 23:41:15 [debug    ] GRU prediction received        confidence=0.8 latency_ms=7.55 predicted=107
2026-07-13 23:41:15 [debug    ] Using GRU prediction           confidence=0.8 forecast_capacity_signal=107.0 predicted=107 required_steps=5
2026-07-13 23:41:15 [debug    ] Proactive amplification        amplified=187.4 approach_ratio=0.88 load_trend=14.0 raw_pred=107
2026-07-13 23:41:15 [info     ] algorithm2_scaling_decision    action=MAINTAIN alpha=0.060060060060060066 beta=0.0 buffer=1.0 current_replicas=8 predicted_load=122.03607219105143 required_resources=7.329 target_replicas=8
2026-07-13 23:41:15 [info     ] algorithm2_decision            action=MAINTAIN applied_target=8 current_replicas=8 hold_until=1783960935.5 observed_load=122.04 observed_target=8 point_forecasts=[94.24986267089844, 94.86599731445312, 95.1865234375, 95.79393005371094, 95.38938903808594, 94.98550415039062, 94.71369934082031, 94.90599822998047, 95.91340637207031] prediction_age_sec=0.11 predictive_target=7 proactive=False scenario=s4-hybrid-predictive target_replicas=8 upper_forecasts=[103.8908462524414, 105.15408325195312, 104.92950439453125, 106.37020874023438, 105.68360900878906, 105.5771713256836, 105.67115020751953, 105.57498931884766, 107.03215026855469]
2026-07-13 23:41:15 [debug    ] Decision loop completed        action=MAINTAIN latency_ms=177.07 p99=2960.0
2026-07-13 23:41:31 [debug    ] GRU prediction received        confidence=0.8 latency_ms=6.84 predicted=108
2026-07-13 23:41:31 [debug    ] Using GRU prediction           confidence=0.8 forecast_capacity_signal=108.0 predicted=108 required_steps=5
2026-07-13 23:41:31 [info     ] algorithm2_scaling_decision    action=MAINTAIN alpha=0.060060060060060066 beta=0.0 buffer=1.0 current_replicas=8 predicted_load=104.57228956054941 required_resources=6.281 target_replicas=7
2026-07-13 23:41:31 [info     ] algorithm2_decision            action=MAINTAIN applied_target=7 current_replicas=8 hold_until=1783960935.5 observed_load=104.57 observed_target=7 point_forecasts=[95.09894561767578, 95.66938781738281, 96.0845947265625, 96.23928833007812, 96.41241455078125, 95.94625091552734, 95.79169464111328, 95.75414276123047, 96.48070526123047] prediction_age_sec=0.09 predictive_target=7 proactive=False scenario=s4-hybrid-predictive target_replicas=7 upper_forecasts=[104.73992919921875, 105.95747375488281, 105.82757568359375, 106.81556701660156, 106.70663452148438, 106.53791809082031, 106.7491455078125, 106.42313385009766, 107.59944915771484]
2026-07-13 23:41:31 [debug    ] Decision loop completed        action=MAINTAIN latency_ms=151.76 p99=2960.0
2026-07-13 23:41:46 [debug    ] GRU prediction received        confidence=0.8 latency_ms=8.06 predicted=105
2026-07-13 23:41:46 [debug    ] Using GRU prediction           confidence=0.8 forecast_capacity_signal=105.0 predicted=105 required_steps=5
2026-07-13 23:41:46 [info     ] algorithm2_scaling_decision    action=MAINTAIN alpha=0.060060060060060066 beta=0.0 buffer=1.0 current_replicas=8 predicted_load=105.0 required_resources=6.306 target_replicas=7
2026-07-13 23:41:46 [info     ] algorithm2_decision            action=MAINTAIN applied_target=7 current_replicas=8 hold_until=1783960996.3 observed_load=86.12 observed_target=6 point_forecasts=[93.09791564941406, 93.25894927978516, 93.86563110351562, 93.65144348144531, 93.94889831542969, 93.78008270263672, 93.52709197998047, 93.49978637695312, 93.80593872070312] prediction_age_sec=0.1 predictive_target=7 proactive=True scenario=s4-hybrid-predictive target_replicas=7 upper_forecasts=[102.73889923095703, 103.54703521728516, 103.60861206054688, 104.22772216796875, 104.24311828613281, 104.37174987792969, 104.48454284667969, 104.16877746582031, 104.9246826171875]
2026-07-13 23:41:46 [debug    ] Decision loop completed        action=MAINTAIN latency_ms=164.27 p99=2960.0
2026-07-13 23:42:01 [debug    ] HAProxy fallback latency       delta_requests=1161 interval_avg_ms=9.35 max_rtime_ms=2960.0 p99_est=18.7
2026-07-13 23:42:01 [debug    ] GRU prediction received        confidence=0.8 latency_ms=6.57 predicted=101
2026-07-13 23:42:01 [debug    ] Using GRU prediction           confidence=0.8 forecast_capacity_signal=101.0 predicted=101 required_steps=5
2026-07-13 23:42:01 [info     ] algorithm2_scaling_decision    action=MAINTAIN alpha=0.060060060060060066 beta=0.0 buffer=1.0 current_replicas=8 predicted_load=101.0 required_resources=6.066 target_replicas=7
2026-07-13 23:42:01 [info     ] algorithm2_decision            action=MAINTAIN applied_target=7 current_replicas=8 hold_until=1783961011.4 observed_load=78.57 observed_target=5 point_forecasts=[89.77375030517578, 89.69963073730469, 90.33861541748047, 90.00899505615234, 90.2101821899414, 90.15666961669922, 89.84403228759766, 89.8857192993164, 89.67961883544922] prediction_age_sec=0.09 predictive_target=7 proactive=True scenario=s4-hybrid-predictive target_replicas=7 upper_forecasts=[99.41473388671875, 99.98771667480469, 100.08159637451172, 100.58527374267578, 100.50440216064453, 100.74833679199219, 100.80148315429688, 100.5547103881836, 100.7983627319336]
2026-07-13 23:42:01 [debug    ] Decision loop completed        action=MAINTAIN latency_ms=153.16 p99=18.697674418604652
2026-07-13 23:42:16 [debug    ] HAProxy fallback latency       delta_requests=1556 interval_avg_ms=186.14 max_rtime_ms=2960.0 p99_est=372.27
2026-07-13 23:42:16 [debug    ] GRU prediction received        confidence=0.8 latency_ms=6.66 predicted=104
2026-07-13 23:42:16 [debug    ] Using GRU prediction           confidence=0.8 forecast_capacity_signal=104.0 predicted=104 required_steps=5
2026-07-13 23:42:16 [info     ] algorithm2_scaling_decision    action=MAINTAIN alpha=0.060060060060060066 beta=0.0 buffer=1.0 current_replicas=8 predicted_load=104.0 required_resources=6.246 target_replicas=7
2026-07-13 23:42:16 [info     ] algorithm2_decision            action=MAINTAIN applied_target=7 current_replicas=8 hold_until=1783961026.5 observed_load=89.56 observed_target=6 point_forecasts=[92.18860626220703, 92.13397979736328, 92.86296844482422, 92.60813903808594, 92.8485107421875, 92.79957580566406, 92.48841857910156, 92.47045135498047, 92.74382781982422] prediction_age_sec=0.08 predictive_target=7 proactive=True scenario=s4-hybrid-predictive target_replicas=7 upper_forecasts=[101.82958984375, 102.42206573486328, 102.60594940185547, 103.18441772460938, 103.14273071289062, 103.39124298095703, 103.44586944580078, 103.13944244384766, 103.8625717163086]
2026-07-13 23:42:16 [debug    ] Decision loop completed        action=MAINTAIN latency_ms=138.81 p99=372.2724935732648
2026-07-13 23:42:31 [debug    ] HAProxy fallback latency       delta_requests=2057 interval_avg_ms=318.34 max_rtime_ms=2960.0 p99_est=636.69
2026-07-13 23:42:31 [debug    ] GRU prediction received        confidence=0.8 latency_ms=5.55 predicted=114
2026-07-13 23:42:31 [debug    ] Using GRU prediction           confidence=0.8 forecast_capacity_signal=114.0 predicted=114 required_steps=5
2026-07-13 23:42:31 [debug    ] Proactive amplification        amplified=191.0 approach_ratio=1.02 load_trend=11.0 raw_pred=114
2026-07-13 23:42:31 [info     ] Knative pre-warm OK            cold_start_ms=2.8
2026-07-13 23:42:31 [info     ] controller_decision_v3         action=PREDICTIVE available_replicas=8 budget_remaining=991 burn_adjustment=0 burst_ratio=0.0192 capacity_deficit=False confidence=0.8 current_load=135.80266023946905 decision_id=ba211846 k8s_capacity=133.2 k8s_weight=98 knative_weight=2 p99=636.7 predicted_load=114 r_effective=16.6 serverless_enabled=True total_load=135.8 weights_after={'k3s': 98, 'knative': 2} weights_before={'k3s': 100, 'knative': 0}
2026-07-13 23:42:31 [info     ] Weights updated                k3s=98 knative=2
2026-07-13 23:42:31 [info     ] Weights updated                action=PREDICTIVE reason='load=136RPS | k8s_cap=133RPS | (prediction-driven)' weights={'k3s': 98, 'knative': 2}
2026-07-13 23:42:31 [info     ] algorithm2_scaling_decision    action=MAINTAIN alpha=0.060060060060060066 beta=0.0 buffer=1.0 current_replicas=8 predicted_load=119.18142546024092 required_resources=7.158 target_replicas=8
2026-07-13 23:42:31 [info     ] algorithm2_decision            action=MAINTAIN applied_target=8 current_replicas=8 hold_until=1783961026.5 observed_load=119.18 observed_target=8 point_forecasts=[101.74076080322266, 102.18153381347656, 102.83979797363281, 102.69593811035156, 103.165283203125, 102.98638916015625, 102.71898651123047, 102.37308502197266, 102.90595245361328] prediction_age_sec=0.09 predictive_target=7 proactive=False scenario=s4-hybrid-predictive target_replicas=8 upper_forecasts=[111.38174438476562, 112.46961975097656, 112.58277893066406, 113.272216796875, 113.45950317382812, 113.57805633544922, 113.67643737792969, 113.04207611083984, 114.02469635009766]
2026-07-13 23:42:31 [debug    ] Decision loop completed        action=PREDICTIVE latency_ms=143.31 p99=636.688381137579
2026-07-13 23:42:46 [debug    ] HAProxy fallback latency       delta_requests=2296 interval_avg_ms=14.37 max_rtime_ms=2960.0 p99_est=28.74
2026-07-13 23:42:46 [debug    ] GRU prediction received        confidence=0.8 latency_ms=6.44 predicted=126
2026-07-13 23:42:46 [debug    ] Using GRU prediction           confidence=0.8 forecast_capacity_signal=126.0 predicted=126 required_steps=5
2026-07-13 23:42:46 [debug    ] Proactive amplification        amplified=240.4 approach_ratio=1.14 load_trend=17.8 raw_pred=126
2026-07-13 23:42:46 [info     ] controller_decision_v3         action=PREDICTIVE available_replicas=8 budget_remaining=991 burn_adjustment=0 burst_ratio=0.1215 capacity_deficit=False confidence=0.8 current_load=151.62194273300742 decision_id=f36b8bdf k8s_capacity=133.2 k8s_weight=87 knative_weight=13 p99=28.7 predicted_load=126 r_effective=16.6 serverless_enabled=True total_load=151.6 weights_after={'k3s': 87, 'knative': 13} weights_before={'k3s': 98, 'knative': 2}
2026-07-13 23:42:46 [info     ] Weights updated                k3s=87 knative=13
2026-07-13 23:42:46 [info     ] Weights updated                action=PREDICTIVE reason='load=152RPS | k8s_cap=133RPS | (prediction-driven)' weights={'k3s': 87, 'knative': 13}
2026-07-13 23:42:46 [info     ] algorithm2_scaling_decision    action=SCALE_UP alpha=0.060060060060060066 beta=0.0 buffer=1.0 current_replicas=8 predicted_load=143.71230148623823 required_resources=8.631 target_replicas=9
2026-07-13 23:42:46 [info     ] algorithm2_decision            action=SCALE_UP applied_target=9 current_replicas=8 hold_until=1783961026.5 observed_load=143.71 observed_target=9 point_forecasts=[113.73278045654297, 114.20745849609375, 114.51443481445312, 115.03349304199219, 114.62846374511719, 114.64875030517578, 114.09628295898438, 114.24116516113281, 114.75128173828125] prediction_age_sec=0.08 predictive_target=8 proactive=False scenario=s4-hybrid-predictive target_replicas=9 upper_forecasts=[123.37376403808594, 124.49554443359375, 124.25741577148438, 125.60977172851562, 124.92268371582031, 125.24041748046875, 125.0537338256836, 124.91015625, 125.87002563476562]
2026-07-13 23:42:46 [info     ] k8s_scale_executed             deployment=test-app-warm replicas=9
2026-07-13 23:42:46 [debug    ] Decision loop completed        action=PREDICTIVE latency_ms=177.45 p99=28.735191637630663
2026-07-13 23:43:01 [debug    ] GRU prediction received        confidence=0.8 latency_ms=5.79 predicted=138
2026-07-13 23:43:01 [debug    ] Using GRU prediction           confidence=0.8 forecast_capacity_signal=138.0 predicted=138 required_steps=5
2026-07-13 23:43:01 [debug    ] Proactive amplification        amplified=264.5 approach_ratio=1.07 load_trend=20.9 raw_pred=138
2026-07-13 23:43:01 [info     ] controller_decision_v3         action=RECOVERY available_replicas=9 budget_remaining=991 burn_adjustment=0 burst_ratio=0.0641 capacity_deficit=False confidence=0.8 current_load=160.10878430737165 decision_id=2e07c87a k8s_capacity=149.8 k8s_weight=93 knative_weight=7 p99=28.7 predicted_load=138 r_effective=16.6 serverless_enabled=True total_load=160.1 weights_after={'k3s': 93, 'knative': 7} weights_before={'k3s': 87, 'knative': 13}
2026-07-13 23:43:01 [info     ] Weights updated                k3s=93 knative=7
2026-07-13 23:43:01 [info     ] Weights updated                action=RECOVERY reason='load=160RPS | k8s_cap=150RPS | (reducing-serverless)' weights={'k3s': 93, 'knative': 7}
2026-07-13 23:43:02 [info     ] Scale readiness observed       elapsed_sec=15.2 ewma_delay=45.0 samples=5 target=9
2026-07-13 23:43:02 [info     ] algorithm2_scaling_decision    action=SCALE_UP alpha=0.060060060060060066 beta=0.0 buffer=1.0 current_replicas=9 predicted_load=155.86536352018953 required_resources=9.361 target_replicas=10
2026-07-13 23:43:02 [info     ] algorithm2_decision            action=SCALE_UP applied_target=10 current_replicas=9 hold_until=1783961026.5 observed_load=155.87 observed_target=10 point_forecasts=[125.42890930175781, 125.95314025878906, 125.85256958007812, 127.04625701904297, 125.89173889160156, 125.88417053222656, 125.0213623046875, 125.9011459350586, 126.39209747314453] prediction_age_sec=0.11 predictive_target=9 proactive=False scenario=s4-hybrid-predictive target_replicas=10 upper_forecasts=[135.06988525390625, 136.24122619628906, 135.59555053710938, 137.62252807617188, 136.1859588623047, 136.475830078125, 135.9788055419922, 136.5701446533203, 137.51083374023438]
2026-07-13 23:43:02 [info     ] k8s_scale_executed             deployment=test-app-warm replicas=10
2026-07-13 23:43:02 [debug    ] Decision loop completed        action=RECOVERY latency_ms=199.03 p99=28.735191637630663
2026-07-13 23:43:17 [debug    ] HAProxy fallback latency       delta_requests=2163 interval_avg_ms=173.66 max_rtime_ms=2960.0 p99_est=347.32
2026-07-13 23:43:17 [debug    ] GRU prediction received        confidence=0.8 latency_ms=6.23 predicted=143
2026-07-13 23:43:17 [debug    ] Using GRU prediction           confidence=0.8 forecast_capacity_signal=143.0 predicted=143 required_steps=5
2026-07-13 23:43:17 [debug    ] Proactive amplification        amplified=192.3 approach_ratio=0.95 load_trend=10.0 raw_pred=143
2026-07-13 23:43:17 [info     ] controller_decision_v3         action=RECOVERY available_replicas=9 budget_remaining=990 burn_adjustment=0 burst_ratio=0 capacity_deficit=False confidence=0.8 current_load=142.43918792233424 decision_id=15fb4637 k8s_capacity=149.8 k8s_weight=100 knative_weight=0 p99=347.3 predicted_load=143 r_effective=16.6 serverless_enabled=False total_load=142.4 weights_after={'k3s': 100, 'knative': 0} weights_before={'k3s': 93, 'knative': 7}
2026-07-13 23:43:17 [info     ] Weights updated                k3s=100 knative=0
2026-07-13 23:43:17 [info     ] Weights updated                action=RECOVERY reason='load=142RPS | k8s_cap=150RPS | (reducing-serverless)' weights={'k3s': 100, 'knative': 0}
2026-07-13 23:43:17 [info     ] algorithm2_scaling_decision    action=MAINTAIN alpha=0.060060060060060066 beta=0.0 buffer=1.0 current_replicas=10 predicted_load=151.27398611485296 required_resources=9.086 target_replicas=10
2026-07-13 23:43:17 [info     ] algorithm2_decision            action=MAINTAIN applied_target=10 current_replicas=10 hold_until=1783961026.5 observed_load=151.27 observed_target=10 point_forecasts=[131.05404663085938, 131.51345825195312, 131.2608184814453, 132.55694580078125, 131.26876831054688, 131.16827392578125, 130.205078125, 131.50802612304688, 131.69708251953125] prediction_age_sec=0.11 predictive_target=9 proactive=False scenario=s4-hybrid-predictive target_replicas=10 upper_forecasts=[140.6950225830078, 141.80154418945312, 141.00379943847656, 143.1332244873047, 141.56298828125, 141.75994873046875, 141.1625213623047, 142.17701721191406, 142.81582641601562]
2026-07-13 23:43:17 [debug    ] Decision loop completed        action=RECOVERY latency_ms=163.11 p99=347.3222376329172
2026-07-13 23:43:32 [debug    ] HAProxy fallback latency       delta_requests=1826 interval_avg_ms=99.03 max_rtime_ms=2960.0 p99_est=198.06
2026-07-13 23:43:32 [debug    ] GRU prediction received        confidence=0.8 latency_ms=5.98 predicted=142
2026-07-13 23:43:32 [debug    ] Using GRU prediction           confidence=0.8 forecast_capacity_signal=142.0 predicted=142 required_steps=5
2026-07-13 23:43:32 [info     ] algorithm2_scaling_decision    action=MAINTAIN alpha=0.060060060060060066 beta=0.0 buffer=1.0 current_replicas=10 predicted_load=142.0 required_resources=8.529 target_replicas=9
2026-07-13 23:43:32 [info     ] algorithm2_decision            action=MAINTAIN applied_target=9 current_replicas=10 hold_until=1783961102.4 observed_load=131.4 observed_target=8 point_forecasts=[130.21945190429688, 130.5377197265625, 130.3961944580078, 131.1836395263672, 130.2972412109375, 130.26519775390625, 129.35121154785156, 130.60211181640625, 130.35293579101562] prediction_age_sec=0.07 predictive_target=9 proactive=True scenario=s4-hybrid-predictive target_replicas=9 upper_forecasts=[139.8604278564453, 140.8258056640625, 140.13917541503906, 141.75991821289062, 140.59146118164062, 140.85687255859375, 140.30865478515625, 141.27110290527344, 141.4716796875]
2026-07-13 23:43:32 [debug    ] Decision loop completed        action=MAINTAIN latency_ms=122.29 p99=198.0646221248631
2026-07-13 23:43:47 [debug    ] GRU prediction received        confidence=0.8 latency_ms=6.02 predicted=139
2026-07-13 23:43:47 [debug    ] Using GRU prediction           confidence=0.8 forecast_capacity_signal=139.0 predicted=139 required_steps=5
2026-07-13 23:43:47 [info     ] algorithm2_scaling_decision    action=MAINTAIN alpha=0.060060060060060066 beta=0.0 buffer=1.0 current_replicas=10 predicted_load=139.0 required_resources=8.348 target_replicas=9
2026-07-13 23:43:47 [info     ] algorithm2_decision            action=MAINTAIN applied_target=9 current_replicas=10 hold_until=1783961117.5 observed_load=119.33 observed_target=8 point_forecasts=[128.2055206298828, 128.36322021484375, 128.4071044921875, 128.76385498046875, 128.21815490722656, 128.27935791015625, 127.41067504882812, 128.49769592285156, 128.0552520751953] prediction_age_sec=0.07 predictive_target=9 proactive=True scenario=s4-hybrid-predictive target_replicas=9 upper_forecasts=[137.84649658203125, 138.65130615234375, 138.15008544921875, 139.3401336669922, 138.5123748779297, 138.87103271484375, 138.3681182861328, 139.16668701171875, 139.1739959716797]
2026-07-13 23:43:47 [debug    ] Decision loop completed        action=MAINTAIN latency_ms=121.04 p99=198.0646221248631
2026-07-13 23:44:02 [debug    ] HAProxy fallback latency       delta_requests=1822 interval_avg_ms=67.0 max_rtime_ms=2960.0 p99_est=134.0
2026-07-13 23:44:02 [debug    ] GRU prediction received        confidence=0.8 latency_ms=5.94 predicted=138
2026-07-13 23:44:02 [debug    ] Using GRU prediction           confidence=0.8 forecast_capacity_signal=138.0 predicted=138 required_steps=5
2026-07-13 23:44:02 [info     ] algorithm2_scaling_decision    action=MAINTAIN alpha=0.060060060060060066 beta=0.0 buffer=1.0 current_replicas=10 predicted_load=138.0 required_resources=8.288 target_replicas=9
2026-07-13 23:44:02 [info     ] algorithm2_decision            action=MAINTAIN applied_target=9 current_replicas=10 hold_until=1783961132.6 observed_load=119.4 observed_target=8 point_forecasts=[126.621337890625, 126.66734313964844, 126.84996032714844, 126.96614074707031, 126.615478515625, 126.74374389648438, 125.90202331542969, 126.8519287109375, 126.36419677734375] prediction_age_sec=0.07 predictive_target=9 proactive=True scenario=s4-hybrid-predictive target_replicas=9 upper_forecasts=[136.26231384277344, 136.95542907714844, 136.5929412841797, 137.54241943359375, 136.90969848632812, 137.33541870117188, 136.85946655273438, 137.5209197998047, 137.48294067382812]
2026-07-13 23:44:02 [debug    ] Decision loop completed        action=MAINTAIN latency_ms=122.0 p99=134.0
2026-07-13 23:44:17 [debug    ] HAProxy fallback latency       delta_requests=1815 interval_avg_ms=67.0 max_rtime_ms=2960.0 p99_est=134.0
2026-07-13 23:44:17 [debug    ] GRU prediction received        confidence=0.8 latency_ms=6.23 predicted=136
2026-07-13 23:44:17 [debug    ] Using GRU prediction           confidence=0.8 forecast_capacity_signal=136.0 predicted=136 required_steps=5
2026-07-13 23:44:17 [info     ] algorithm2_scaling_decision    action=MAINTAIN alpha=0.060060060060060066 beta=0.0 buffer=1.0 current_replicas=10 predicted_load=136.0 required_resources=8.168 target_replicas=9
2026-07-13 23:44:17 [info     ] algorithm2_decision            action=MAINTAIN applied_target=9 current_replicas=10 hold_until=1783961147.7 observed_load=120.29 observed_target=8 point_forecasts=[125.16275787353516, 125.1450424194336, 125.41766357421875, 125.36773681640625, 125.1678237915039, 125.34510803222656, 124.53228759765625, 125.35868835449219, 124.85003662109375] prediction_age_sec=0.08 predictive_target=9 proactive=True scenario=s4-hybrid-predictive target_replicas=9 upper_forecasts=[134.80374145507812, 135.43312072753906, 135.16064453125, 135.9440155029297, 135.4620361328125, 135.936767578125, 135.48973083496094, 136.02767944335938, 135.96878051757812]
2026-07-13 23:44:17 [debug    ] Decision loop completed        action=MAINTAIN latency_ms=126.57 p99=134.0
2026-07-13 23:44:32 [debug    ] HAProxy fallback latency       delta_requests=1772 interval_avg_ms=67.0 max_rtime_ms=2960.0 p99_est=134.0
2026-07-13 23:44:32 [debug    ] GRU prediction received        confidence=0.8 latency_ms=6.47 predicted=134
2026-07-13 23:44:32 [debug    ] Using GRU prediction           confidence=0.8 forecast_capacity_signal=134.0 predicted=134 required_steps=5
2026-07-13 23:44:32 [info     ] algorithm2_scaling_decision    action=MAINTAIN alpha=0.060060060060060066 beta=0.0 buffer=1.0 current_replicas=10 predicted_load=134.0 required_resources=8.048 target_replicas=9
2026-07-13 23:44:32 [info     ] algorithm2_decision            action=MAINTAIN applied_target=9 current_replicas=10 hold_until=1783961162.9 observed_load=118.62 observed_target=8 point_forecasts=[123.36129760742188, 123.30343627929688, 123.65071105957031, 123.4183578491211, 123.39633178710938, 123.62216186523438, 122.8519515991211, 123.53233337402344, 122.9847183227539] prediction_age_sec=0.08 predictive_target=9 proactive=True scenario=s4-hybrid-predictive target_replicas=9 upper_forecasts=[133.0022735595703, 133.59152221679688, 133.39369201660156, 133.99462890625, 133.6905517578125, 134.21383666992188, 133.8094024658203, 134.20132446289062, 134.10345458984375]
2026-07-13 23:44:32 [debug    ] Decision loop completed        action=MAINTAIN latency_ms=128.72 p99=134.0
2026-07-13 23:44:47 [debug    ] HAProxy fallback latency       delta_requests=1511 interval_avg_ms=67.0 max_rtime_ms=2960.0 p99_est=134.0
2026-07-13 23:44:47 [debug    ] GRU prediction received        confidence=0.8 latency_ms=6.16 predicted=129
2026-07-13 23:44:47 [debug    ] Using GRU prediction           confidence=0.8 forecast_capacity_signal=129.0 predicted=129 required_steps=5
2026-07-13 23:44:47 [info     ] algorithm2_scaling_decision    action=MAINTAIN alpha=0.060060060060060066 beta=0.0 buffer=1.0 current_replicas=10 predicted_load=129.0 required_resources=7.748 target_replicas=8
2026-07-13 23:44:47 [info     ] algorithm2_decision            action=MAINTAIN applied_target=8 current_replicas=10 hold_until=1783961178.0 observed_load=108.51 observed_target=7 point_forecasts=[118.2753677368164, 118.12115478515625, 118.66545867919922, 117.92617797851562, 118.43196105957031, 118.7017822265625, 118.07780456542969, 118.41203308105469, 117.6907958984375] prediction_age_sec=0.07 predictive_target=8 proactive=True scenario=s4-hybrid-predictive target_replicas=8 upper_forecasts=[127.91635131835938, 128.40924072265625, 128.408447265625, 128.50245666503906, 128.72618103027344, 129.29345703125, 129.03524780273438, 129.08102416992188, 128.80953979492188]
2026-07-13 23:44:47 [debug    ] Decision loop completed        action=MAINTAIN latency_ms=121.34 p99=134.0
2026-07-13 23:45:03 [debug    ] GRU prediction received        confidence=0.8 latency_ms=5.57 predicted=121
2026-07-13 23:45:03 [debug    ] Using GRU prediction           confidence=0.8 forecast_capacity_signal=121.0 predicted=121 required_steps=5
2026-07-13 23:45:03 [info     ] algorithm2_scaling_decision    action=MAINTAIN alpha=0.060060060060060066 beta=0.0 buffer=1.0 current_replicas=10 predicted_load=121.0 required_resources=7.267 target_replicas=8
2026-07-13 23:45:03 [info     ] algorithm2_decision            action=MAINTAIN applied_target=8 current_replicas=10 hold_until=1783961193.1 observed_load=90.57 observed_target=6 point_forecasts=[109.98455810546875, 109.6404037475586, 110.54151916503906, 109.11868286132812, 110.42546081542969, 110.64013671875, 110.25995635986328, 110.09393310546875, 109.21751403808594] prediction_age_sec=0.07 predictive_target=8 proactive=True scenario=s4-hybrid-predictive target_replicas=8 upper_forecasts=[119.62554168701172, 119.9284896850586, 120.28450012207031, 119.69496154785156, 120.71968078613281, 121.23180389404297, 121.2174072265625, 120.76292419433594, 120.33625793457031]
2026-07-13 23:45:03 [debug    ] Decision loop completed        action=MAINTAIN latency_ms=139.2 p99=134.0
2026-07-13 23:45:18 [debug    ] HAProxy fallback latency       delta_requests=1107 interval_avg_ms=65.0 max_rtime_ms=2960.0 p99_est=130.0
2026-07-13 23:45:18 [debug    ] GRU prediction received        confidence=0.8 latency_ms=6.04 predicted=113
2026-07-13 23:45:18 [debug    ] Using GRU prediction           confidence=0.8 forecast_capacity_signal=113.0 predicted=113 required_steps=5
2026-07-13 23:45:18 [info     ] Scale readiness observed       elapsed_sec=136.2 ewma_delay=72.4 samples=6 target=10
2026-07-13 23:45:18 [info     ] algorithm2_scaling_decision    action=MAINTAIN alpha=0.060060060060060066 beta=0.0 buffer=1.0 current_replicas=10 predicted_load=113.0 required_resources=6.787 target_replicas=7
2026-07-13 23:45:18 [info     ] algorithm2_decision            action=MAINTAIN applied_target=7 current_replicas=10 hold_until=1783961208.2 observed_load=77.23 observed_target=5 point_forecasts=[101.19660949707031, 100.68867492675781, 101.9306411743164, 100.04088592529297, 101.97569274902344, 102.11708068847656, 101.95745849609375, 101.32653045654297, 100.44660949707031] prediction_age_sec=0.07 predictive_target=7 proactive=True scenario=s4-hybrid-predictive target_replicas=7 upper_forecasts=[110.83759307861328, 110.97676086425781, 111.67362213134766, 110.6171646118164, 112.26991271972656, 112.70874786376953, 112.91490936279297, 111.99552154541016, 111.56535339355469]
2026-07-13 23:45:18 [debug    ] Decision loop completed        action=MAINTAIN latency_ms=119.3 p99=130.0
2026-07-13 23:45:33 [debug    ] HAProxy fallback latency       delta_requests=1047 interval_avg_ms=65.0 max_rtime_ms=2960.0 p99_est=130.0
2026-07-13 23:45:33 [debug    ] GRU prediction received        confidence=0.8 latency_ms=6.58 predicted=104
2026-07-13 23:45:33 [debug    ] Using GRU prediction           confidence=0.8 forecast_capacity_signal=104.0 predicted=104 required_steps=6
2026-07-13 23:45:33 [info     ] algorithm2_scaling_decision    action=MAINTAIN alpha=0.060060060060060066 beta=0.0 buffer=1.0 current_replicas=10 predicted_load=104.0 required_resources=6.246 target_replicas=7
2026-07-13 23:45:33 [info     ] algorithm2_decision            action=MAINTAIN applied_target=7 current_replicas=10 hold_until=1783961223.4 observed_load=71.22 observed_target=5 point_forecasts=[92.32525634765625, 91.62321472167969, 92.78730010986328, 91.39936828613281, 92.86653900146484, 92.58419036865234, 92.87007904052734, 92.2183837890625, 91.47383880615234] prediction_age_sec=0.08 predictive_target=7 proactive=True scenario=s4-hybrid-predictive target_replicas=7 upper_forecasts=[101.96623992919922, 101.91130065917969, 102.53028106689453, 101.97564697265625, 103.16075897216797, 103.17585754394531, 103.82752990722656, 102.88737487792969, 102.59258270263672]
2026-07-13 23:45:33 [debug    ] Decision loop completed        action=MAINTAIN latency_ms=131.4 p99=130.0
2026-07-13 23:45:48 [debug    ] HAProxy fallback latency       delta_requests=1201 interval_avg_ms=115.65 max_rtime_ms=2960.0 p99_est=231.3
2026-07-13 23:45:48 [debug    ] GRU prediction received        confidence=0.8 latency_ms=6.37 predicted=99
2026-07-13 23:45:48 [debug    ] Using GRU prediction           confidence=0.8 forecast_capacity_signal=99.0 predicted=99 required_steps=6
2026-07-13 23:45:48 [info     ] algorithm2_scaling_decision    action=MAINTAIN alpha=0.060060060060060066 beta=0.0 buffer=1.0 current_replicas=10 predicted_load=99.0 required_resources=5.946 target_replicas=6
2026-07-13 23:45:48 [info     ] algorithm2_decision            action=MAINTAIN applied_target=6 current_replicas=10 hold_until=1783961238.5 observed_load=74.31 observed_target=5 point_forecasts=[88.07878112792969, 87.35076904296875, 88.34886932373047, 87.42689514160156, 88.21985626220703, 87.95450592041016, 88.13943481445312, 87.75958251953125, 86.76361846923828] prediction_age_sec=0.07 predictive_target=6 proactive=True scenario=s4-hybrid-predictive target_replicas=6 upper_forecasts=[97.71976470947266, 97.63885498046875, 98.09185028076172, 98.003173828125, 98.51407623291016, 98.54617309570312, 99.09688568115234, 98.42857360839844, 97.88236236572266]
2026-07-13 23:45:48 [debug    ] Decision loop completed        action=MAINTAIN latency_ms=119.96 p99=231.2955870108243
2026-07-13 23:46:03 [debug    ] HAProxy fallback latency       delta_requests=1324 interval_avg_ms=66.0 max_rtime_ms=2960.0 p99_est=132.0
2026-07-13 23:46:03 [debug    ] GRU prediction received        confidence=0.8 latency_ms=6.02 predicted=98
2026-07-13 23:46:03 [debug    ] Using GRU prediction           confidence=0.8 forecast_capacity_signal=98.0 predicted=98 required_steps=6
2026-07-13 23:46:03 [info     ] algorithm2_scaling_decision    action=MAINTAIN alpha=0.060060060060060066 beta=0.0 buffer=1.0 current_replicas=10 predicted_load=83.46757639482868 required_resources=5.013 target_replicas=6
2026-07-13 23:46:03 [info     ] algorithm2_decision            action=MAINTAIN applied_target=6 current_replicas=10 hold_until=1783961238.5 observed_load=83.47 observed_target=6 point_forecasts=[86.62882995605469, 85.97560119628906, 86.96658325195312, 86.38014221191406, 86.68437957763672, 86.56719970703125, 86.5688247680664, 86.35381317138672, 85.63792419433594] prediction_age_sec=0.07 predictive_target=6 proactive=False scenario=s4-hybrid-predictive target_replicas=6 upper_forecasts=[96.26981353759766, 96.26368713378906, 96.70956420898438, 96.9564208984375, 96.97859954833984, 97.15886688232422, 97.52627563476562, 97.0228042602539, 96.75666809082031]
2026-07-13 23:46:03 [debug    ] Decision loop completed        action=MAINTAIN latency_ms=120.44 p99=132.0
2026-07-13 23:46:18 [debug    ] GRU prediction received        confidence=0.8 latency_ms=5.93 predicted=93
2026-07-13 23:46:18 [debug    ] Using GRU prediction           confidence=0.8 forecast_capacity_signal=93.0 predicted=93 required_steps=6
2026-07-13 23:46:18 [info     ] algorithm2_scaling_decision    action=MAINTAIN alpha=0.060060060060060066 beta=0.0 buffer=1.0 current_replicas=10 predicted_load=93.0 required_resources=5.586 target_replicas=6
2026-07-13 23:46:18 [info     ] algorithm2_decision            action=MAINTAIN applied_target=6 current_replicas=10 hold_until=1783961268.7 observed_load=78.5 observed_target=5 point_forecasts=[82.23129272460938, 81.10017395019531, 82.26781463623047, 81.71931457519531, 81.75179290771484, 81.88907623291016, 81.90440368652344, 81.4969711303711, 80.8530044555664] prediction_age_sec=0.07 predictive_target=6 proactive=True scenario=s4-hybrid-predictive target_replicas=6 upper_forecasts=[91.87227630615234, 91.38825988769531, 92.01079559326172, 92.29559326171875, 92.04601287841797, 92.48074340820312, 92.86185455322266, 92.16596221923828, 91.97174835205078]
2026-07-13 23:46:18 [debug    ] Decision loop completed        action=MAINTAIN latency_ms=118.65 p99=132.0
2026-07-13 23:46:33 [debug    ] GRU prediction received        confidence=0.8 latency_ms=5.57 predicted=85
2026-07-13 23:46:33 [debug    ] Using GRU prediction           confidence=0.8 forecast_capacity_signal=85.0 predicted=85 required_steps=6
2026-07-13 23:46:33 [info     ] algorithm2_scaling_decision    action=MAINTAIN alpha=0.060060060060060066 beta=0.0 buffer=1.0 current_replicas=10 predicted_load=85.0 required_resources=5.105 target_replicas=6
2026-07-13 23:46:33 [info     ] algorithm2_decision            action=MAINTAIN applied_target=6 current_replicas=10 hold_until=1783961283.8 observed_load=59.52 observed_target=4 point_forecasts=[74.8829574584961, 72.855712890625, 74.69283294677734, 73.10868835449219, 73.77544403076172, 74.09437561035156, 74.4229965209961, 73.43489074707031, 72.52403259277344] prediction_age_sec=0.07 predictive_target=6 proactive=True scenario=s4-hybrid-predictive target_replicas=6 upper_forecasts=[84.52394104003906, 83.143798828125, 84.4358139038086, 83.68496704101562, 84.06966400146484, 84.68604278564453, 85.38044738769531, 84.1038818359375, 83.64277648925781]
2026-07-13 23:46:33 [debug    ] Decision loop completed        action=MAINTAIN latency_ms=120.17 p99=132.0
2026-07-13 23:46:48 [debug    ] HAProxy fallback latency       delta_requests=703 interval_avg_ms=154.97 max_rtime_ms=2960.0 p99_est=309.94
2026-07-13 23:46:48 [debug    ] GRU prediction received        confidence=0.8 latency_ms=6.15 predicted=79
2026-07-13 23:46:48 [debug    ] Using GRU prediction           confidence=0.8 forecast_capacity_signal=79.0 predicted=79 required_steps=6
2026-07-13 23:46:48 [info     ] algorithm2_scaling_decision    action=MAINTAIN alpha=0.060060060060060066 beta=0.0 buffer=1.0 current_replicas=10 predicted_load=79.0 required_resources=4.745 target_replicas=5
2026-07-13 23:46:48 [info     ] algorithm2_decision            action=MAINTAIN applied_target=5 current_replicas=10 hold_until=1783961299.0 observed_load=48.05 observed_target=3 point_forecasts=[68.49453735351562, 66.41435241699219, 68.421142578125, 66.85801696777344, 67.41363525390625, 67.9122314453125, 68.29344940185547, 67.00444030761719, 66.20071411132812] prediction_age_sec=0.07 predictive_target=5 proactive=True scenario=s4-hybrid-predictive target_replicas=5 upper_forecasts=[78.1355209350586, 76.70243835449219, 78.16412353515625, 77.43429565429688, 77.70785522460938, 78.50389862060547, 79.25090026855469, 77.67343139648438, 77.3194580078125]
2026-07-13 23:46:48 [debug    ] Decision loop completed        action=MAINTAIN latency_ms=121.73 p99=309.93741109530583
2026-07-13 23:47:04 [debug    ] HAProxy fallback latency       delta_requests=690 interval_avg_ms=64.0 max_rtime_ms=2960.0 p99_est=128.0
2026-07-13 23:47:04 [debug    ] GRU prediction received        confidence=0.8 latency_ms=5.87 predicted=74
2026-07-13 23:47:04 [debug    ] Using GRU prediction           confidence=0.8 forecast_capacity_signal=74.0 predicted=74 required_steps=6
2026-07-13 23:47:04 [info     ] algorithm2_scaling_decision    action=MAINTAIN alpha=0.060060060060060066 beta=0.0 buffer=1.0 current_replicas=10 predicted_load=74.0 required_resources=4.444 target_replicas=5
2026-07-13 23:47:04 [info     ] algorithm2_decision            action=MAINTAIN applied_target=5 current_replicas=10 hold_until=1783961314.1 observed_load=46.06 observed_target=3 point_forecasts=[63.110084533691406, 61.31288146972656, 63.10593795776367, 61.826072692871094, 62.154945373535156, 62.737327575683594, 63.055301666259766, 61.70378112792969, 61.09068298339844] prediction_age_sec=0.07 predictive_target=5 proactive=True scenario=s4-hybrid-predictive target_replicas=5 upper_forecasts=[72.75106811523438, 71.60096740722656, 72.84892272949219, 72.40235137939453, 72.44916534423828, 73.32899475097656, 74.01274871826172, 72.37277221679688, 72.20942687988281]
2026-07-13 23:47:04 [debug    ] Decision loop completed        action=MAINTAIN latency_ms=120.55 p99=128.0
2026-07-13 23:47:19 [debug    ] GRU prediction received        confidence=0.8 latency_ms=6.28 predicted=69
2026-07-13 23:47:19 [debug    ] Using GRU prediction           confidence=0.8 forecast_capacity_signal=69.0 predicted=69 required_steps=6
2026-07-13 23:47:19 [info     ] algorithm2_scaling_decision    action=MAINTAIN alpha=0.060060060060060066 beta=0.0 buffer=1.0 current_replicas=10 predicted_load=69.0 required_resources=4.144 target_replicas=5
2026-07-13 23:47:19 [info     ] algorithm2_decision            action=MAINTAIN applied_target=5 current_replicas=10 hold_until=1783961329.2 observed_load=44.24 observed_target=3 point_forecasts=[58.35499572753906, 56.83010482788086, 58.40550231933594, 57.38917541503906, 57.526161193847656, 58.15669250488281, 58.402671813964844, 57.04410934448242, 56.628265380859375] prediction_age_sec=0.07 predictive_target=5 proactive=True scenario=s4-hybrid-predictive target_replicas=5 upper_forecasts=[67.99597930908203, 67.1181869506836, 68.14848327636719, 67.9654541015625, 67.82038116455078, 68.74835968017578, 69.36012268066406, 67.71310424804688, 67.74700927734375]
2026-07-13 23:47:19 [debug    ] Decision loop completed        action=MAINTAIN latency_ms=120.67 p99=128.0
2026-07-13 23:47:34 [debug    ] HAProxy fallback latency       delta_requests=647 interval_avg_ms=63.0 max_rtime_ms=2960.0 p99_est=126.0
2026-07-13 23:47:34 [debug    ] GRU prediction received        confidence=0.8 latency_ms=5.61 predicted=66
2026-07-13 23:47:34 [debug    ] Using GRU prediction           confidence=0.8 forecast_capacity_signal=66.0 predicted=66 required_steps=6
2026-07-13 23:47:34 [info     ] algorithm2_scaling_decision    action=SCALE_DOWN alpha=0.060060060060060066 beta=0.0 buffer=1.0 current_replicas=10 predicted_load=66.0 required_resources=3.964 target_replicas=4
2026-07-13 23:47:34 [info     ] algorithm2_decision            action=SCALE_DOWN applied_target=4 current_replicas=10 hold_until=1783961344.3 observed_load=42.82 observed_target=3 point_forecasts=[54.6046142578125, 53.3281135559082, 54.700477600097656, 53.89426803588867, 53.91575241088867, 54.5399055480957, 54.693660736083984, 53.41934585571289, 53.16463088989258] prediction_age_sec=0.07 predictive_target=4 proactive=True scenario=s4-hybrid-predictive target_replicas=4 upper_forecasts=[64.24559783935547, 63.61619567871094, 64.4434585571289, 64.47055053710938, 64.20997619628906, 65.13157653808594, 65.65110778808594, 64.08834075927734, 64.28337097167969]
2026-07-13 23:47:34 [info     ] k8s_scale_executed             deployment=test-app-warm replicas=4
2026-07-13 23:47:34 [debug    ] Decision loop completed        action=MAINTAIN latency_ms=159.18 p99=126.0
2026-07-13 23:47:49 [debug    ] HAProxy fallback latency       delta_requests=872 interval_avg_ms=372.68 max_rtime_ms=2960.0 p99_est=745.37
2026-07-13 23:47:49 [debug    ] GRU prediction received        confidence=0.8 latency_ms=5.84 predicted=65
2026-07-13 23:47:49 [debug    ] Using GRU prediction           confidence=0.8 forecast_capacity_signal=65.0 predicted=65 required_steps=6
2026-07-13 23:47:49 [info     ] algorithm2_scaling_decision    action=MAINTAIN alpha=0.060060060060060066 beta=0.0 buffer=1.0 current_replicas=4 predicted_load=50.15505903498952 required_resources=3.012 target_replicas=4
2026-07-13 23:47:49 [info     ] algorithm2_decision            action=MAINTAIN applied_target=4 current_replicas=4 hold_until=1783961344.3 observed_load=50.16 observed_target=4 point_forecasts=[54.15096664428711, 53.13238525390625, 54.29451370239258, 53.522605895996094, 53.69727325439453, 54.21371078491211, 54.11041259765625, 53.21858215332031, 53.13154602050781] prediction_age_sec=0.08 predictive_target=4 proactive=False scenario=s4-hybrid-predictive target_replicas=4 upper_forecasts=[63.79194641113281, 63.420467376708984, 64.03749084472656, 64.09888458251953, 63.991493225097656, 64.80537414550781, 65.06786346435547, 63.8875732421875, 64.25028991699219]
2026-07-13 23:47:49 [debug    ] Decision loop completed        action=MAINTAIN latency_ms=124.73 p99=745.3669724770642
2026-07-13 23:48:04 [debug    ] HAProxy fallback latency       delta_requests=160 interval_avg_ms=489.94 max_rtime_ms=2960.0 p99_est=979.89
2026-07-13 23:48:04 [debug    ] GRU prediction received        confidence=0.8 latency_ms=5.35 predicted=58
2026-07-13 23:48:04 [debug    ] Using GRU prediction           confidence=0.8 forecast_capacity_signal=58.0 predicted=58 required_steps=6
2026-07-13 23:48:04 [info     ] algorithm2_scaling_decision    action=MAINTAIN alpha=0.060060060060060066 beta=0.0 buffer=1.0 current_replicas=4 predicted_load=58.0 required_resources=3.483 target_replicas=4
2026-07-13 23:48:04 [info     ] algorithm2_decision            action=MAINTAIN applied_target=4 current_replicas=4 hold_until=1783961374.6 observed_load=34.11 observed_target=3 point_forecasts=[46.723876953125, 45.60739517211914, 46.773258209228516, 46.462242126464844, 46.0034294128418, 46.688941955566406, 46.995521545410156, 45.46385955810547, 45.407711029052734] prediction_age_sec=0.07 predictive_target=4 proactive=True scenario=s4-hybrid-predictive target_replicas=4 upper_forecasts=[56.36486053466797, 55.895477294921875, 56.516239166259766, 57.03852081298828, 56.29764938354492, 57.280609130859375, 57.952972412109375, 56.132850646972656, 56.526451110839844]
2026-07-13 23:48:04 [debug    ] Decision loop completed        action=MAINTAIN latency_ms=118.31 p99=979.8875
2026-07-13 23:48:19 [debug    ] GRU prediction received        confidence=0.8 latency_ms=6.23 predicted=50
2026-07-13 23:48:19 [debug    ] Using GRU prediction           confidence=0.8 forecast_capacity_signal=50.0 predicted=50 required_steps=6
2026-07-13 23:48:19 [info     ] algorithm2_scaling_decision    action=MAINTAIN alpha=0.060060060060060066 beta=0.0 buffer=1.0 current_replicas=4 predicted_load=50.0 required_resources=3.003 target_replicas=4
2026-07-13 23:48:19 [info     ] algorithm2_decision            action=MAINTAIN applied_target=4 current_replicas=4 hold_until=1783961389.7 observed_load=5.36 observed_target=3 point_forecasts=[38.62036895751953, 37.57435989379883, 38.636680603027344, 38.741519927978516, 37.81201934814453, 38.59485626220703, 39.1510009765625, 37.217315673828125, 37.21805191040039] prediction_age_sec=0.07 predictive_target=4 proactive=True scenario=s4-hybrid-predictive target_replicas=4 upper_forecasts=[48.2613525390625, 47.86244201660156, 48.379661560058594, 49.31779861450195, 48.106239318847656, 49.1865234375, 50.10845184326172, 47.88630676269531, 48.3367919921875]
2026-07-13 23:48:19 [debug    ] Decision loop completed        action=MAINTAIN latency_ms=115.36 p99=979.8875
2026-07-13 23:48:34 [debug    ] GRU prediction received        confidence=0.8 latency_ms=6.12 predicted=43
2026-07-13 23:48:34 [debug    ] Using GRU prediction           confidence=0.8 forecast_capacity_signal=43.0 predicted=43 required_steps=6
2026-07-13 23:48:34 [info     ] algorithm2_scaling_decision    action=MAINTAIN alpha=0.060060060060060066 beta=0.0 buffer=1.0 current_replicas=4 predicted_load=50.0 required_resources=3.003 target_replicas=4
2026-07-13 23:48:34 [info     ] algorithm2_decision            action=MAINTAIN applied_target=4 current_replicas=4 hold_until=1783961389.7 observed_load=0.0 observed_target=3 point_forecasts=[31.855056762695312, 30.99435043334961, 31.875568389892578, 32.30756378173828, 31.124492645263672, 31.860172271728516, 32.5063591003418, 30.525524139404297, 30.519428253173828] prediction_age_sec=0.07 predictive_target=3 proactive=True scenario=s4-hybrid-predictive target_replicas=4 upper_forecasts=[41.49604034423828, 41.282432556152344, 41.61854934692383, 42.88384246826172, 41.4187126159668, 42.451839447021484, 43.46380615234375, 41.19451904296875, 41.63816833496094]
2026-07-13 23:48:34 [debug    ] Decision loop completed        action=MAINTAIN latency_ms=121.42 p99=979.8875
2026-07-13 23:48:49 [debug    ] GRU prediction received        confidence=0.8 latency_ms=6.13 predicted=38
2026-07-13 23:48:49 [debug    ] Using GRU prediction           confidence=0.8 forecast_capacity_signal=38.0 predicted=38 required_steps=6
2026-07-13 23:48:49 [info     ] algorithm2_scaling_decision    action=MAINTAIN alpha=0.060060060060060066 beta=0.0 buffer=1.0 current_replicas=4 predicted_load=50.0 required_resources=3.003 target_replicas=4
2026-07-13 23:48:49 [info     ] algorithm2_decision            action=MAINTAIN applied_target=4 current_replicas=4 hold_until=1783961389.7 observed_load=0.0 observed_target=3 point_forecasts=[26.362136840820312, 25.679153442382812, 26.368915557861328, 27.091957092285156, 25.753639221191406, 26.347698211669922, 27.02884292602539, 25.15522003173828, 25.120075225830078] prediction_age_sec=0.07 predictive_target=3 proactive=True scenario=s4-hybrid-predictive target_replicas=4 upper_forecasts=[36.00312042236328, 35.96723556518555, 36.11189651489258, 37.668235778808594, 36.04785919189453, 36.93936538696289, 37.986289978027344, 35.82421112060547, 36.23881530761719]
2026-07-13 23:48:49 [debug    ] Decision loop completed        action=MAINTAIN latency_ms=120.12 p99=979.8875
2026-07-13 23:49:05 [debug    ] GRU prediction received        confidence=0.8 latency_ms=5.46 predicted=34
2026-07-13 23:49:05 [debug    ] Using GRU prediction           confidence=0.8 forecast_capacity_signal=34.0 predicted=34 required_steps=6
2026-07-13 23:49:05 [info     ] algorithm2_scaling_decision    action=MAINTAIN alpha=0.060060060060060066 beta=0.0 buffer=1.0 current_replicas=4 predicted_load=50.0 required_resources=3.003 target_replicas=4
2026-07-13 23:49:05 [info     ] algorithm2_decision            action=MAINTAIN applied_target=4 current_replicas=4 hold_until=1783961389.7 observed_load=0.0 observed_target=3 point_forecasts=[21.933624267578125, 21.397720336914062, 21.90795135498047, 22.895732879638672, 21.4508056640625, 21.86255645751953, 22.561477661132812, 20.854354858398438, 20.789939880371094] prediction_age_sec=0.07 predictive_target=3 proactive=True scenario=s4-hybrid-predictive target_replicas=4 upper_forecasts=[31.57460594177246, 31.685802459716797, 31.65093231201172, 33.47201156616211, 31.745025634765625, 32.4542236328125, 33.51892852783203, 31.523347854614258, 31.908679962158203]
2026-07-13 23:49:05 [debug    ] Decision loop completed        action=MAINTAIN latency_ms=121.22 p99=979.8875
2026-07-13 23:49:20 [debug    ] GRU prediction received        confidence=0.8 latency_ms=5.77 predicted=30
2026-07-13 23:49:20 [debug    ] Using GRU prediction           confidence=0.8 forecast_capacity_signal=30.0 predicted=30 required_steps=6
2026-07-13 23:49:20 [info     ] algorithm2_scaling_decision    action=MAINTAIN alpha=0.060060060060060066 beta=0.0 buffer=1.0 current_replicas=4 predicted_load=50.0 required_resources=3.003 target_replicas=4
2026-07-13 23:49:20 [info     ] algorithm2_decision            action=MAINTAIN applied_target=4 current_replicas=4 hold_until=1783961389.7 observed_load=0.0 observed_target=3 point_forecasts=[18.375152587890625, 17.95458984375, 18.298385620117188, 19.521820068359375, 18.001609802246094, 18.23078155517578, 18.933761596679688, 17.407310485839844, 17.325523376464844] prediction_age_sec=0.07 predictive_target=3 proactive=True scenario=s4-hybrid-predictive target_replicas=4 upper_forecasts=[28.01613426208496, 28.242671966552734, 28.041366577148438, 30.098098754882812, 28.29582977294922, 28.82244873046875, 29.891210556030273, 28.076303482055664, 28.444263458251953]
2026-07-13 23:49:20 [debug    ] Decision loop completed        action=MAINTAIN latency_ms=112.2 p99=979.8875
2026-07-13 23:49:35 [debug    ] GRU prediction received        confidence=0.8 latency_ms=6.8 predicted=27
2026-07-13 23:49:35 [debug    ] Using GRU prediction           confidence=0.8 forecast_capacity_signal=27.0 predicted=27 required_steps=6
2026-07-13 23:49:35 [info     ] algorithm2_scaling_decision    action=MAINTAIN alpha=0.060060060060060066 beta=0.0 buffer=1.0 current_replicas=4 predicted_load=50.0 required_resources=3.003 target_replicas=4
2026-07-13 23:49:35 [info     ] algorithm2_decision            action=MAINTAIN applied_target=4 current_replicas=4 hold_until=1783961389.7 observed_load=0.0 observed_target=3 point_forecasts=[15.53057861328125, 15.191314697265625, 15.376518249511719, 16.804534912109375, 15.228965759277344, 15.308769226074219, 15.997840881347656, 14.635772705078125, 14.563697814941406] prediction_age_sec=0.09 predictive_target=3 proactive=True scenario=s4-hybrid-predictive target_replicas=4 upper_forecasts=[25.171560287475586, 25.47939682006836, 25.11949920654297, 27.380813598632812, 25.52318572998047, 25.900436401367188, 26.955289840698242, 25.304765701293945, 25.682437896728516]
2026-07-13 23:49:35 [debug    ] Decision loop completed        action=MAINTAIN latency_ms=149.92 p99=979.8875
2026-07-13 23:49:50 [debug    ] GRU prediction received        confidence=0.8 latency_ms=6.0 predicted=25
2026-07-13 23:49:50 [debug    ] Using GRU prediction           confidence=0.8 forecast_capacity_signal=25.0 predicted=25 required_steps=6
2026-07-13 23:49:50 [info     ] algorithm2_scaling_decision    action=MAINTAIN alpha=0.060060060060060066 beta=0.0 buffer=1.0 current_replicas=4 predicted_load=0.0 required_resources=0.0 target_replicas=3
2026-07-13 23:49:50 [info     ] algorithm2_decision            action=MAINTAIN applied_target=3 current_replicas=4 hold_until=1783961389.7 observed_load=0.0 observed_target=3 point_forecasts=[13.250007629394531, 12.970321655273438, 13.022010803222656, 14.626670837402344, 13.00567626953125, 12.9532470703125, 13.634765625, 12.405548095703125, 12.364295959472656] prediction_age_sec=0.07 predictive_target=3 proactive=False scenario=s4-hybrid-predictive target_replicas=3 upper_forecasts=[22.890989303588867, 23.258403778076172, 22.764991760253906, 25.20294952392578, 23.299896240234375, 23.54491424560547, 24.592214584350586, 23.074541091918945, 23.483036041259766]
2026-07-13 23:49:50 [debug    ] Decision loop completed        action=MAINTAIN latency_ms=124.18 p99=979.8875
2026-07-13 23:50:05 [debug    ] GRU prediction received        confidence=0.8 latency_ms=6.86 predicted=23
2026-07-13 23:50:05 [debug    ] Using GRU prediction           confidence=0.8 forecast_capacity_signal=23.0 predicted=23 required_steps=6
2026-07-13 23:50:05 [info     ] algorithm2_scaling_decision    action=MAINTAIN alpha=0.060060060060060066 beta=0.0 buffer=1.0 current_replicas=4 predicted_load=0.0 required_resources=0.0 target_replicas=3
2026-07-13 23:50:05 [info     ] algorithm2_decision            action=MAINTAIN applied_target=3 current_replicas=4 hold_until=1783961389.7 observed_load=0.0 observed_target=3 point_forecasts=[11.416374206542969, 11.18743896484375, 11.12896728515625, 12.882026672363281, 11.229454040527344, 11.052886962890625, 11.730804443359375, 10.618927001953125, 10.605056762695312] prediction_age_sec=0.1 predictive_target=3 proactive=False scenario=s4-hybrid-predictive target_replicas=3 upper_forecasts=[21.057355880737305, 21.475521087646484, 20.8719482421875, 23.45830535888672, 21.52367401123047, 21.644554138183594, 22.68825340270996, 21.287919998168945, 21.723796844482422]
2026-07-13 23:50:05 [debug    ] Decision loop completed        action=MAINTAIN latency_ms=181.49 p99=979.8875
2026-07-13 23:50:20 [debug    ] GRU prediction received        confidence=0.8 latency_ms=5.69 predicted=22
2026-07-13 23:50:20 [debug    ] Using GRU prediction           confidence=0.8 forecast_capacity_signal=22.0 predicted=22 required_steps=6
2026-07-13 23:50:20 [info     ] algorithm2_scaling_decision    action=MAINTAIN alpha=0.060060060060060066 beta=0.0 buffer=1.0 current_replicas=4 predicted_load=0.0 required_resources=0.0 target_replicas=3
2026-07-13 23:50:20 [info     ] algorithm2_decision            action=MAINTAIN applied_target=3 current_replicas=4 hold_until=1783961389.7 observed_load=0.0 observed_target=3 point_forecasts=[9.94287109375, 9.757362365722656, 9.608444213867188, 11.484733581542969, 9.810806274414062, 9.521659851074219, 10.198585510253906, 9.187713623046875, 9.197723388671875] prediction_age_sec=0.07 predictive_target=3 proactive=False scenario=s4-hybrid-predictive target_replicas=3 upper_forecasts=[19.583852767944336, 20.04544448852539, 19.351425170898438, 22.061012268066406, 20.105026245117188, 20.113327026367188, 21.156034469604492, 19.856706619262695, 20.316463470458984]
2026-07-13 23:50:20 [debug    ] Decision loop completed        action=MAINTAIN latency_ms=120.6 p99=979.8875
2026-07-13 23:50:35 [debug    ] GRU prediction received        confidence=0.8 latency_ms=6.52 predicted=21
2026-07-13 23:50:35 [debug    ] Using GRU prediction           confidence=0.8 forecast_capacity_signal=21.0 predicted=21 required_steps=6
2026-07-13 23:50:35 [info     ] algorithm2_scaling_decision    action=MAINTAIN alpha=0.060060060060060066 beta=0.0 buffer=1.0 current_replicas=4 predicted_load=0.0 required_resources=0.0 target_replicas=3
2026-07-13 23:50:35 [info     ] algorithm2_decision            action=MAINTAIN applied_target=3 current_replicas=4 hold_until=1783961389.7 observed_load=0.0 observed_target=3 point_forecasts=[8.7593994140625, 8.611076354980469, 8.388099670410156, 10.3658447265625, 8.678009033203125, 8.289283752441406, 8.966697692871094, 8.041305541992188, 8.071800231933594] prediction_age_sec=0.09 predictive_target=3 proactive=False scenario=s4-hybrid-predictive target_replicas=3 upper_forecasts=[18.400381088256836, 18.899158477783203, 18.131080627441406, 20.942123413085938, 18.97222900390625, 18.880950927734375, 19.92414665222168, 18.710298538208008, 19.190540313720703]
2026-07-13 23:50:35 [debug    ] Decision loop completed        action=MAINTAIN latency_ms=143.07 p99=979.8875
2026-07-13 23:50:50 [debug    ] GRU prediction received        confidence=0.8 latency_ms=6.93 predicted=20
2026-07-13 23:50:50 [debug    ] Using GRU prediction           confidence=0.8 forecast_capacity_signal=20.0 predicted=20 required_steps=6
2026-07-13 23:50:51 [info     ] algorithm2_scaling_decision    action=MAINTAIN alpha=0.060060060060060066 beta=0.0 buffer=1.0 current_replicas=4 predicted_load=0.0 required_resources=0.0 target_replicas=3
2026-07-13 23:50:51 [info     ] algorithm2_decision            action=MAINTAIN applied_target=3 current_replicas=4 hold_until=1783961389.7 observed_load=0.0 observed_target=3 point_forecasts=[7.808845520019531, 7.692298889160156, 7.4087371826171875, 9.469505310058594, 7.7730712890625, 7.297767639160156, 7.976470947265625, 7.1226806640625, 7.17047119140625] prediction_age_sec=0.08 predictive_target=3 proactive=False scenario=s4-hybrid-predictive target_replicas=3 upper_forecasts=[17.449827194213867, 17.98038101196289, 17.151718139648438, 20.04578399658203, 18.067291259765625, 17.889434814453125, 18.93391990661621, 17.79167366027832, 18.28921127319336]
2026-07-13 23:50:51 [debug    ] Decision loop completed        action=MAINTAIN latency_ms=140.47 p99=979.8875
2026-07-13 23:51:06 [debug    ] GRU prediction received        confidence=0.8 latency_ms=6.45 predicted=19
2026-07-13 23:51:06 [debug    ] Using GRU prediction           confidence=0.8 forecast_capacity_signal=19.0 predicted=19 required_steps=6
2026-07-13 23:51:06 [info     ] algorithm2_scaling_decision    action=MAINTAIN alpha=0.060060060060060066 beta=0.0 buffer=1.0 current_replicas=4 predicted_load=0.0 required_resources=0.0 target_replicas=3
2026-07-13 23:51:06 [info     ] algorithm2_decision            action=MAINTAIN applied_target=3 current_replicas=4 hold_until=1783961389.7 observed_load=0.0 observed_target=3 point_forecasts=[7.045135498046875, 6.9557037353515625, 6.622589111328125, 8.751014709472656, 7.049705505371094, 6.5001068115234375, 7.1803741455078125, 6.3861846923828125, 6.4484100341796875] prediction_age_sec=0.08 predictive_target=3 proactive=False scenario=s4-hybrid-predictive target_replicas=3 upper_forecasts=[16.68611717224121, 17.243785858154297, 16.365570068359375, 19.327293395996094, 17.34392547607422, 17.091773986816406, 18.1378231048584, 17.055177688598633, 17.567150115966797]
2026-07-13 23:51:06 [debug    ] Decision loop completed        action=MAINTAIN latency_ms=135.62 p99=979.8875
2026-07-13 23:51:21 [debug    ] GRU prediction received        confidence=0.8 latency_ms=7.27 predicted=19
2026-07-13 23:51:21 [debug    ] Using GRU prediction           confidence=0.8 forecast_capacity_signal=19.0 predicted=19 required_steps=6
2026-07-13 23:51:21 [info     ] algorithm2_scaling_decision    action=MAINTAIN alpha=0.060060060060060066 beta=0.0 buffer=1.0 current_replicas=4 predicted_load=0.0 required_resources=0.0 target_replicas=3
2026-07-13 23:51:21 [info     ] algorithm2_decision            action=MAINTAIN applied_target=3 current_replicas=4 hold_until=1783961389.7 observed_load=0.0 observed_target=3 point_forecasts=[6.432029724121094, 6.3657379150390625, 5.992095947265625, 8.175399780273438, 6.471794128417969, 5.859077453613281, 6.540931701660156, 5.796112060546875, 5.870262145996094] prediction_age_sec=0.08 predictive_target=3 proactive=False scenario=s4-hybrid-predictive target_replicas=3 upper_forecasts=[16.07301139831543, 16.653820037841797, 15.735076904296875, 18.751678466796875, 16.766014099121094, 16.45074462890625, 17.498380661010742, 16.465105056762695, 16.989002227783203]
2026-07-13 23:51:21 [debug    ] Decision loop completed        action=MAINTAIN latency_ms=129.71 p99=979.8875
2026-07-13 23:51:36 [debug    ] GRU prediction received        confidence=0.8 latency_ms=6.47 predicted=18
2026-07-13 23:51:36 [debug    ] Using GRU prediction           confidence=0.8 forecast_capacity_signal=18.0 predicted=18 required_steps=6
2026-07-13 23:51:36 [info     ] algorithm2_scaling_decision    action=MAINTAIN alpha=0.060060060060060066 beta=0.0 buffer=1.0 current_replicas=4 predicted_load=0.0 required_resources=0.0 target_replicas=3
2026-07-13 23:51:36 [info     ] algorithm2_decision            action=MAINTAIN applied_target=3 current_replicas=4 hold_until=1783961389.7 observed_load=0.0 observed_target=3 point_forecasts=[5.940155029296875, 5.893516540527344, 5.486724853515625, 7.7144317626953125, 6.010284423828125, 5.3443756103515625, 6.027626037597656, 5.323600769042969, 5.407508850097656] prediction_age_sec=0.08 predictive_target=3 proactive=False scenario=s4-hybrid-predictive target_replicas=3 upper_forecasts=[15.581136703491211, 16.181598663330078, 15.229705810546875, 18.29071044921875, 16.30450439453125, 15.936042785644531, 16.985074996948242, 15.992593765258789, 16.526248931884766]
2026-07-13 23:51:36 [debug    ] Decision loop completed        action=MAINTAIN latency_ms=133.29 p99=979.8875
2026-07-13 23:51:51 [debug    ] GRU prediction received        confidence=0.8 latency_ms=6.3 predicted=18
2026-07-13 23:51:51 [debug    ] Using GRU prediction           confidence=0.8 forecast_capacity_signal=18.0 predicted=18 required_steps=6
2026-07-13 23:51:51 [info     ] algorithm2_scaling_decision    action=MAINTAIN alpha=0.060060060060060066 beta=0.0 buffer=1.0 current_replicas=4 predicted_load=0.0 required_resources=0.0 target_replicas=3
2026-07-13 23:51:51 [info     ] algorithm2_decision            action=MAINTAIN applied_target=3 current_replicas=4 hold_until=1783961389.7 observed_load=0.0 observed_target=3 point_forecasts=[5.545501708984375, 5.51556396484375, 5.081657409667969, 7.345184326171875, 5.641639709472656, 4.931182861328125, 5.615623474121094, 4.945220947265625, 5.0370330810546875] prediction_age_sec=0.08 predictive_target=3 proactive=False scenario=s4-hybrid-predictive target_replicas=3 upper_forecasts=[15.186483383178711, 15.8036470413208, 14.824638366699219, 17.921463012695312, 15.935859680175781, 15.522850036621094, 16.57307243347168, 15.614213943481445, 16.155773162841797]
2026-07-13 23:51:51 [debug    ] Decision loop completed        action=MAINTAIN latency_ms=125.7 p99=979.8875
2026-07-13 23:52:06 [debug    ] GRU prediction received        confidence=0.8 latency_ms=6.04 predicted=18
2026-07-13 23:52:06 [debug    ] Using GRU prediction           confidence=0.8 forecast_capacity_signal=18.0 predicted=18 required_steps=6
2026-07-13 23:52:06 [info     ] algorithm2_scaling_decision    action=MAINTAIN alpha=0.060060060060060066 beta=0.0 buffer=1.0 current_replicas=4 predicted_load=0.0 required_resources=0.0 target_replicas=3
2026-07-13 23:52:06 [info     ] algorithm2_decision            action=MAINTAIN applied_target=3 current_replicas=4 hold_until=1783961389.7 observed_load=0.0 observed_target=3 point_forecasts=[5.228706359863281, 5.212890625, 4.756797790527344, 7.0492095947265625, 5.346954345703125, 4.599334716796875, 5.284736633300781, 4.642051696777344, 4.7402191162109375] prediction_age_sec=0.08 predictive_target=3 proactive=False scenario=s4-hybrid-predictive target_replicas=3 upper_forecasts=[14.869688034057617, 15.50097370147705, 14.499778747558594, 17.62548828125, 15.64117431640625, 15.191001892089844, 16.242185592651367, 15.311044692993164, 15.858960151672363]
2026-07-13 23:52:06 [debug    ] Decision loop completed        action=MAINTAIN latency_ms=129.81 p99=979.8875
2026-07-13 23:52:21 [debug    ] GRU prediction received        confidence=0.8 latency_ms=6.38 predicted=17
2026-07-13 23:52:21 [debug    ] Using GRU prediction           confidence=0.8 forecast_capacity_signal=17.0 predicted=17 required_steps=6
2026-07-13 23:52:21 [info     ] algorithm2_scaling_decision    action=MAINTAIN alpha=0.060060060060060066 beta=0.0 buffer=1.0 current_replicas=4 predicted_load=0.0 required_resources=0.0 target_replicas=3
2026-07-13 23:52:21 [info     ] algorithm2_decision            action=MAINTAIN applied_target=3 current_replicas=4 hold_until=1783961389.7 observed_load=0.0 observed_target=3 point_forecasts=[4.973609924316406, 4.96978759765625, 4.495460510253906, 6.811210632324219, 5.110618591308594, 4.332069396972656, 5.018218994140625, 4.39837646484375, 4.5016326904296875] prediction_age_sec=0.08 predictive_target=3 proactive=False scenario=s4-hybrid-predictive target_replicas=3 upper_forecasts=[14.614591598510742, 15.2578706741333, 14.238441467285156, 17.387489318847656, 15.404838562011719, 14.923736572265625, 15.975667953491211, 15.06736946105957, 15.620373725891113]
2026-07-13 23:52:21 [debug    ] Decision loop completed        action=MAINTAIN latency_ms=133.58 p99=979.8875
2026-07-13 23:52:36 [debug    ] GRU prediction received        confidence=0.8 latency_ms=6.27 predicted=17
2026-07-13 23:52:36 [debug    ] Using GRU prediction           confidence=0.8 forecast_capacity_signal=17.0 predicted=17 required_steps=6
2026-07-13 23:52:36 [info     ] algorithm2_scaling_decision    action=MAINTAIN alpha=0.060060060060060066 beta=0.0 buffer=1.0 current_replicas=4 predicted_load=0.0 required_resources=0.0 target_replicas=3
2026-07-13 23:52:36 [info     ] algorithm2_decision            action=MAINTAIN applied_target=3 current_replicas=4 hold_until=1783961389.7 observed_load=0.0 observed_target=3 point_forecasts=[4.768302917480469, 4.774620056152344, 4.285316467285156, 6.6198272705078125, 4.921051025390625, 4.116905212402344, 4.8036346435546875, 4.2025909423828125, 4.30987548828125] prediction_age_sec=0.08 predictive_target=3 proactive=False scenario=s4-hybrid-predictive target_replicas=3 upper_forecasts=[14.409284591674805, 15.062703132629395, 14.028297424316406, 17.19610595703125, 15.21527099609375, 14.708572387695312, 15.761083602905273, 14.871583938598633, 15.428616523742676]
2026-07-13 23:52:36 [debug    ] Decision loop completed        action=MAINTAIN latency_ms=134.41 p99=979.8875
2026-07-13 23:52:52 [debug    ] GRU prediction received        confidence=0.8 latency_ms=6.17 predicted=17
2026-07-13 23:52:52 [debug    ] Using GRU prediction           confidence=0.8 forecast_capacity_signal=17.0 predicted=17 required_steps=6
2026-07-13 23:52:52 [info     ] algorithm2_scaling_decision    action=MAINTAIN alpha=0.060060060060060066 beta=0.0 buffer=1.0 current_replicas=4 predicted_load=0.0 required_resources=0.0 target_replicas=3
2026-07-13 23:52:52 [info     ] algorithm2_decision            action=MAINTAIN applied_target=3 current_replicas=4 hold_until=1783961389.7 observed_load=0.0 observed_target=3 point_forecasts=[4.603752136230469, 4.618560791015625, 4.1170501708984375, 6.4666290283203125, 4.7696990966796875, 3.9444580078125, 4.6315765380859375, 4.0459442138671875, 4.156410217285156] prediction_age_sec=0.08 predictive_target=3 proactive=False scenario=s4-hybrid-predictive target_replicas=3 upper_forecasts=[14.244733810424805, 14.906643867492676, 13.860031127929688, 17.04290771484375, 15.063919067382812, 14.536125183105469, 15.589025497436523, 14.714937210083008, 15.275151252746582]
2026-07-13 23:52:52 [debug    ] Decision loop completed        action=MAINTAIN latency_ms=127.22 p99=979.8875
2026-07-13 23:53:07 [debug    ] GRU prediction received        confidence=0.8 latency_ms=6.34 predicted=17
2026-07-13 23:53:07 [debug    ] Using GRU prediction           confidence=0.8 forecast_capacity_signal=17.0 predicted=17 required_steps=6
2026-07-13 23:53:07 [info     ] algorithm2_scaling_decision    action=MAINTAIN alpha=0.060060060060060066 beta=0.0 buffer=1.0 current_replicas=4 predicted_load=0.0 required_resources=0.0 target_replicas=3
2026-07-13 23:53:07 [info     ] algorithm2_decision            action=MAINTAIN applied_target=3 current_replicas=4 hold_until=1783961389.7 observed_load=0.0 observed_target=3 point_forecasts=[4.472282409667969, 4.494209289550781, 3.98272705078125, 6.344352722167969, 4.64923095703125, 3.806671142578125, 4.49407958984375, 3.9210281372070312, 4.034019470214844] prediction_age_sec=0.07 predictive_target=3 proactive=False scenario=s4-hybrid-predictive target_replicas=3 upper_forecasts=[14.113264083862305, 14.782292366027832, 13.7257080078125, 16.920631408691406, 14.943450927734375, 14.398338317871094, 15.451528549194336, 14.590021133422852, 15.15276050567627]
2026-07-13 23:53:07 [debug    ] Decision loop completed        action=MAINTAIN latency_ms=125.86 p99=979.8875
2026-07-13 23:53:22 [debug    ] GRU prediction received        confidence=0.8 latency_ms=6.15 predicted=17
2026-07-13 23:53:22 [debug    ] Using GRU prediction           confidence=0.8 forecast_capacity_signal=17.0 predicted=17 required_steps=6
2026-07-13 23:53:22 [info     ] algorithm2_scaling_decision    action=MAINTAIN alpha=0.060060060060060066 beta=0.0 buffer=1.0 current_replicas=4 predicted_load=0.0 required_resources=0.0 target_replicas=3
2026-07-13 23:53:22 [info     ] algorithm2_decision            action=MAINTAIN applied_target=3 current_replicas=4 hold_until=1783961389.7 observed_load=0.0 observed_target=3 point_forecasts=[4.3671722412109375, 4.395072937011719, 3.8754425048828125, 6.246696472167969, 4.5532684326171875, 3.696502685546875, 4.384086608886719, 3.821380615234375, 3.9363327026367188] prediction_age_sec=0.08 predictive_target=3 proactive=False scenario=s4-hybrid-predictive target_replicas=3 upper_forecasts=[14.008153915405273, 14.68315601348877, 13.618423461914062, 16.822975158691406, 14.847488403320312, 14.288169860839844, 15.341535568237305, 14.490373611450195, 15.055073738098145]
2026-07-13 23:53:22 [debug    ] Decision loop completed        action=MAINTAIN latency_ms=126.9 p99=979.8875
2026-07-13 23:53:37 [debug    ] GRU prediction received        confidence=0.8 latency_ms=6.19 predicted=17
2026-07-13 23:53:37 [debug    ] Using GRU prediction           confidence=0.8 forecast_capacity_signal=17.0 predicted=17 required_steps=6
2026-07-13 23:53:37 [info     ] algorithm2_scaling_decision    action=MAINTAIN alpha=0.060060060060060066 beta=0.0 buffer=1.0 current_replicas=4 predicted_load=0.0 required_resources=0.0 target_replicas=3
2026-07-13 23:53:37 [info     ] algorithm2_decision            action=MAINTAIN applied_target=3 current_replicas=4 hold_until=1783961389.7 observed_load=0.0 observed_target=3 point_forecasts=[4.282844543457031, 4.3157806396484375, 3.7894668579101562, 6.168418884277344, 4.476600646972656, 3.6081085205078125, 4.2957763671875, 3.7416152954101562, 3.8581085205078125] prediction_age_sec=0.08 predictive_target=3 proactive=False scenario=s4-hybrid-predictive target_replicas=3 upper_forecasts=[13.923826217651367, 14.603863716125488, 13.532447814941406, 16.74469757080078, 14.770820617675781, 14.199775695800781, 15.253225326538086, 14.410608291625977, 14.976849555969238]
2026-07-13 23:53:37 [debug    ] Decision loop completed        action=MAINTAIN latency_ms=125.01 p99=979.8875
2026-07-13 23:53:52 [debug    ] GRU prediction received        confidence=0.8 latency_ms=7.51 predicted=17
2026-07-13 23:53:52 [debug    ] Using GRU prediction           confidence=0.8 forecast_capacity_signal=17.0 predicted=17 required_steps=6
2026-07-13 23:53:52 [info     ] algorithm2_scaling_decision    action=MAINTAIN alpha=0.060060060060060066 beta=0.0 buffer=1.0 current_replicas=4 predicted_load=0.0 required_resources=0.0 target_replicas=3
2026-07-13 23:53:52 [info     ] algorithm2_decision            action=MAINTAIN applied_target=3 current_replicas=4 hold_until=1783961389.7 observed_load=0.0 observed_target=3 point_forecasts=[4.216972351074219, 4.253929138183594, 3.7223052978515625, 6.1072998046875, 4.416831970214844, 3.539093017578125, 4.226799011230469, 3.679351806640625, 3.7970123291015625] prediction_age_sec=0.12 predictive_target=3 proactive=False scenario=s4-hybrid-predictive target_replicas=3 upper_forecasts=[13.857954025268555, 14.542012214660645, 13.465286254882812, 16.683578491210938, 14.711051940917969, 14.130760192871094, 15.184247970581055, 14.348344802856445, 14.915753364562988]
2026-07-13 23:53:52 [debug    ] Decision loop completed        action=MAINTAIN latency_ms=205.11 p99=979.8875
2026-07-13 23:54:07 [debug    ] GRU prediction received        confidence=0.8 latency_ms=8.09 predicted=17
2026-07-13 23:54:07 [debug    ] Using GRU prediction           confidence=0.8 forecast_capacity_signal=17.0 predicted=17 required_steps=6
2026-07-13 23:54:07 [info     ] algorithm2_scaling_decision    action=MAINTAIN alpha=0.060060060060060066 beta=0.0 buffer=1.0 current_replicas=4 predicted_load=0.0 required_resources=0.0 target_replicas=3
2026-07-13 23:54:07 [info     ] algorithm2_decision            action=MAINTAIN applied_target=3 current_replicas=4 hold_until=1783961389.7 observed_load=0.0 observed_target=3 point_forecasts=[4.1667327880859375, 4.2068023681640625, 3.671142578125, 6.060722351074219, 4.371269226074219, 3.4864730834960938, 4.174201965332031, 3.6319046020507812, 3.7504501342773438] prediction_age_sec=0.08 predictive_target=3 proactive=False scenario=s4-hybrid-predictive target_replicas=3 upper_forecasts=[13.807714462280273, 14.494885444641113, 13.41412353515625, 16.637001037597656, 14.665489196777344, 14.078140258789062, 15.131650924682617, 14.300897598266602, 14.86919116973877]
2026-07-13 23:54:07 [debug    ] Decision loop completed        action=MAINTAIN latency_ms=183.06 p99=979.8875
2026-07-13 23:54:22 [debug    ] GRU prediction received        confidence=0.8 latency_ms=6.95 predicted=17
2026-07-13 23:54:22 [debug    ] Using GRU prediction           confidence=0.8 forecast_capacity_signal=17.0 predicted=17 required_steps=6
2026-07-13 23:54:23 [info     ] algorithm2_scaling_decision    action=MAINTAIN alpha=0.060060060060060066 beta=0.0 buffer=1.0 current_replicas=4 predicted_load=0.0 required_resources=0.0 target_replicas=3
2026-07-13 23:54:23 [info     ] algorithm2_decision            action=MAINTAIN applied_target=3 current_replicas=4 hold_until=1783961389.7 observed_load=0.0 observed_target=3 point_forecasts=[4.127685546875, 4.1702423095703125, 3.6313858032226562, 6.024513244628906, 4.335975646972656, 3.4455337524414062, 4.133308410644531, 3.5950775146484375, 3.7142791748046875] prediction_age_sec=0.08 predictive_target=3 proactive=False scenario=s4-hybrid-predictive target_replicas=3 upper_forecasts=[13.768667221069336, 14.458325386047363, 13.374366760253906, 16.600791931152344, 14.630195617675781, 14.037200927734375, 15.090757369995117, 14.264070510864258, 14.833020210266113]
2026-07-13 23:54:23 [debug    ] Decision loop completed        action=MAINTAIN latency_ms=130.54 p99=979.8875
2026-07-13 23:54:38 [debug    ] GRU prediction received        confidence=0.8 latency_ms=6.16 predicted=17
2026-07-13 23:54:38 [debug    ] Using GRU prediction           confidence=0.8 forecast_capacity_signal=17.0 predicted=17 required_steps=6
2026-07-13 23:54:38 [info     ] algorithm2_scaling_decision    action=MAINTAIN alpha=0.060060060060060066 beta=0.0 buffer=1.0 current_replicas=4 predicted_load=0.0 required_resources=0.0 target_replicas=3
2026-07-13 23:54:38 [info     ] algorithm2_decision            action=MAINTAIN applied_target=3 current_replicas=4 hold_until=1783961389.7 observed_load=0.0 observed_target=3 point_forecasts=[4.0973968505859375, 4.1419677734375, 3.6005706787109375, 5.9964752197265625, 4.308685302734375, 3.4138107299804688, 4.101570129394531, 3.5665817260742188, 3.6862945556640625] prediction_age_sec=0.07 predictive_target=3 proactive=False scenario=s4-hybrid-predictive target_replicas=3 upper_forecasts=[13.738378524780273, 14.43005084991455, 13.343551635742188, 16.57275390625, 14.6029052734375, 14.005477905273438, 15.059019088745117, 14.235574722290039, 14.805035591125488]
2026-07-13 23:54:38 [debug    ] Decision loop completed        action=MAINTAIN latency_ms=124.76 p99=979.8875
2026-07-13 23:54:53 [debug    ] GRU prediction received        confidence=0.8 latency_ms=6.36 predicted=17
2026-07-13 23:54:53 [debug    ] Using GRU prediction           confidence=0.8 forecast_capacity_signal=17.0 predicted=17 required_steps=6
2026-07-13 23:54:53 [info     ] algorithm2_scaling_decision    action=MAINTAIN alpha=0.060060060060060066 beta=0.0 buffer=1.0 current_replicas=4 predicted_load=0.0 required_resources=0.0 target_replicas=3
2026-07-13 23:54:53 [info     ] algorithm2_decision            action=MAINTAIN applied_target=3 current_replicas=4 hold_until=1783961389.7 observed_load=0.0 observed_target=3 point_forecasts=[4.07452392578125, 4.1206817626953125, 3.5773162841796875, 5.975311279296875, 4.28814697265625, 3.389862060546875, 4.0775909423828125, 3.5450973510742188, 3.665191650390625] prediction_age_sec=0.07 predictive_target=3 proactive=False scenario=s4-hybrid-predictive target_replicas=3 upper_forecasts=[13.715505599975586, 14.408764839172363, 13.320297241210938, 16.551589965820312, 14.582366943359375, 13.981529235839844, 15.035039901733398, 14.214090347290039, 14.78393268585205]
2026-07-13 23:54:53 [debug    ] Decision loop completed        action=MAINTAIN latency_ms=127.52 p99=979.8875
2026-07-13 23:55:08 [debug    ] GRU prediction received        confidence=0.8 latency_ms=6.85 predicted=17
2026-07-13 23:55:08 [debug    ] Using GRU prediction           confidence=0.8 forecast_capacity_signal=17.0 predicted=17 required_steps=6
2026-07-13 23:55:08 [info     ] algorithm2_scaling_decision    action=MAINTAIN alpha=0.060060060060060066 beta=0.0 buffer=1.0 current_replicas=4 predicted_load=0.0 required_resources=0.0 target_replicas=3
2026-07-13 23:55:08 [info     ] algorithm2_decision            action=MAINTAIN applied_target=3 current_replicas=4 hold_until=1783961389.7 observed_load=0.0 observed_target=3 point_forecasts=[4.0572357177734375, 4.104644775390625, 3.559783935546875, 5.9593353271484375, 4.2726898193359375, 3.3717498779296875, 4.0594482421875, 3.5288848876953125, 3.6492691040039062] prediction_age_sec=0.08 predictive_target=3 proactive=False scenario=s4-hybrid-predictive target_replicas=3 upper_forecasts=[13.698217391967773, 14.392727851867676, 13.302764892578125, 16.535614013671875, 14.566909790039062, 13.963417053222656, 15.016897201538086, 14.197877883911133, 14.768010139465332]
2026-07-13 23:55:08 [debug    ] Decision loop completed        action=MAINTAIN latency_ms=132.27 p99=979.8875
