2026-09-12 09:47:20 [info     ] SLOMonitor initialized         threshold_ms=200.0 violation_window=30
2026-09-12 09:47:20 [info     ] Algorithm1ControllerV3 initialized max_knative=50 r_saturation=33.3 target_cpu_util=0.5 total_budget=1000
2026-09-12 09:47:20 [info     ] Using V3 controller (Capacity-Driven) scenario=s4-hybrid-predictive version=v3
2026-09-12 09:47:20 [info     ] HAProxyWeightAdjuster initialized backend=servers host=localhost port=19999
2026-09-12 09:47:20 [info     ] GRUClient initialized          base_url=http://localhost:8090
2026-09-12 09:47:20 [info     ] K8sScaler initialized          deployment=test-app-warm namespace=default
2026-09-12 09:47:20 [info     ] RoutingDaemon initialized      decision_interval=15 description='Algorithm 1 with GRU predictions (Algorithm 2)' scenario=s4-hybrid-predictive use_algorithm=True use_predictions=True
2026-09-12 09:47:20 [info     ] Starting routing daemon        interval=15 scenario=s4-hybrid-predictive
2026-09-12 09:47:20 [info     ] Weights updated                k3s=80 knative=20
2026-09-12 09:47:20 [info     ] Initial weights applied        k3s=80 knative=20
2026-09-12 09:47:20 [debug    ] HAProxy fallback primed        total_requests=0
2026-09-12 09:47:20 [info     ] Model status validated         prediction_horizon=9 sample_interval_sec=15 sequence_length=30
2026-09-12 09:47:20 [info     ] Model status validated on first eligible cycle prediction_horizon=9 sequence_length=30
2026-09-12 09:47:20 [info     ] algorithm2_scaling_decision    action=MAINTAIN alpha=0.060060060060060066 beta=0.0 buffer=1.0 current_replicas=3 predicted_load=0.0 required_resources=0.0 target_replicas=3
2026-09-12 09:47:20 [info     ] algorithm2_decision            action=MAINTAIN applied_target=3 current_replicas=3 hold_until=0.0 observed_load=0.0 observed_target=3 point_forecasts=None prediction_age_sec=None predictive_target=3 proactive=False scenario=s4-hybrid-predictive target_replicas=3 upper_forecasts=None
2026-09-12 09:47:20 [debug    ] Decision loop completed        action=MAINTAIN latency_ms=106.89 p99=0.0
2026-09-12 09:47:35 [info     ] algorithm2_scaling_decision    action=MAINTAIN alpha=0.060060060060060066 beta=0.0 buffer=1.0 current_replicas=3 predicted_load=0.0 required_resources=0.0 target_replicas=3
2026-09-12 09:47:35 [info     ] algorithm2_decision            action=MAINTAIN applied_target=3 current_replicas=3 hold_until=0.0 observed_load=0.0 observed_target=3 point_forecasts=None prediction_age_sec=None predictive_target=3 proactive=False scenario=s4-hybrid-predictive target_replicas=3 upper_forecasts=None
2026-09-12 09:47:35 [debug    ] Decision loop completed        action=MAINTAIN latency_ms=96.4 p99=0.0
2026-09-12 09:47:50 [info     ] algorithm2_scaling_decision    action=MAINTAIN alpha=0.060060060060060066 beta=0.0 buffer=1.0 current_replicas=3 predicted_load=0.0 required_resources=0.0 target_replicas=3
2026-09-12 09:47:50 [info     ] algorithm2_decision            action=MAINTAIN applied_target=3 current_replicas=3 hold_until=0.0 observed_load=0.0 observed_target=3 point_forecasts=None prediction_age_sec=None predictive_target=3 proactive=False scenario=s4-hybrid-predictive target_replicas=3 upper_forecasts=None
2026-09-12 09:47:50 [debug    ] Decision loop completed        action=MAINTAIN latency_ms=101.97 p99=0.0
2026-09-12 09:48:06 [debug    ] HAProxy fallback latency       delta_requests=638 interval_avg_ms=65.0 max_rtime_ms=128.0 p99_est=128.0
2026-09-12 09:48:06 [info     ] controller_decision_v3         action=RECOVERY available_replicas=3 budget_remaining=1000 burn_adjustment=0 burst_ratio=0 capacity_deficit=False confidence=0 current_load=42.185832379373615 decision_id=cb6ae029 k8s_capacity=49.9 k8s_weight=100 knative_weight=0 p99=128.0 predicted_load=0 r_effective=16.6 serverless_enabled=False total_load=42.2 weights_after={'k3s': 100, 'knative': 0} weights_before={'k3s': 80, 'knative': 20}
2026-09-12 09:48:06 [info     ] Weights updated                k3s=100 knative=0
2026-09-12 09:48:06 [info     ] Weights updated                action=RECOVERY reason='load=42RPS | k8s_cap=50RPS | (reducing-serverless)' weights={'k3s': 100, 'knative': 0}
2026-09-12 09:48:06 [info     ] algorithm2_scaling_decision    action=MAINTAIN alpha=0.060060060060060066 beta=0.0 buffer=1.0 current_replicas=3 predicted_load=21.092916189686807 required_resources=1.267 target_replicas=3
2026-09-12 09:48:06 [info     ] algorithm2_decision            action=MAINTAIN applied_target=3 current_replicas=3 hold_until=0.0 observed_load=21.09 observed_target=3 point_forecasts=None prediction_age_sec=None predictive_target=3 proactive=False scenario=s4-hybrid-predictive target_replicas=3 upper_forecasts=None
2026-09-12 09:48:06 [debug    ] Decision loop completed        action=RECOVERY latency_ms=122.85 p99=128.0
2026-09-12 09:48:21 [debug    ] HAProxy fallback latency       delta_requests=666 interval_avg_ms=65.0 max_rtime_ms=128.0 p99_est=128.0
2026-09-12 09:48:21 [info     ] algorithm2_scaling_decision    action=MAINTAIN alpha=0.060060060060060066 beta=0.0 buffer=1.0 current_replicas=3 predicted_load=43.07883438555917 required_resources=2.587 target_replicas=3
2026-09-12 09:48:21 [info     ] algorithm2_decision            action=MAINTAIN applied_target=3 current_replicas=3 hold_until=0.0 observed_load=43.08 observed_target=3 point_forecasts=None prediction_age_sec=None predictive_target=3 proactive=False scenario=s4-hybrid-predictive target_replicas=3 upper_forecasts=None
2026-09-12 09:48:21 [debug    ] Decision loop completed        action=MAINTAIN latency_ms=92.58 p99=128.0
2026-09-12 09:48:36 [debug    ] HAProxy fallback latency       delta_requests=714 interval_avg_ms=70.65 max_rtime_ms=128.0 p99_est=128.0
2026-09-12 09:48:36 [info     ] algorithm2_scaling_decision    action=MAINTAIN alpha=0.060060060060060066 beta=0.0 buffer=1.0 current_replicas=3 predicted_load=45.64038328369851 required_resources=2.741 target_replicas=3
2026-09-12 09:48:36 [info     ] algorithm2_decision            action=MAINTAIN applied_target=3 current_replicas=3 hold_until=0.0 observed_load=45.64 observed_target=3 point_forecasts=None prediction_age_sec=None predictive_target=3 proactive=False scenario=s4-hybrid-predictive target_replicas=3 upper_forecasts=None
2026-09-12 09:48:36 [debug    ] Decision loop completed        action=MAINTAIN latency_ms=95.97 p99=128.0
2026-09-12 09:48:51 [debug    ] HAProxy fallback latency       delta_requests=821 interval_avg_ms=67.0 max_rtime_ms=162.0 p99_est=134.0
2026-09-12 09:48:51 [warning  ] Knative pre-warm non-200       status=404
2026-09-12 09:48:51 [info     ] controller_decision_v3         action=REACTIVE available_replicas=3 budget_remaining=1000 burn_adjustment=0 burst_ratio=0.0815 capacity_deficit=False confidence=0 current_load=54.38309562284698 decision_id=9b024b7a k8s_capacity=49.9 k8s_weight=91 knative_weight=9 p99=134.0 predicted_load=0 r_effective=16.6 serverless_enabled=True total_load=54.4 weights_after={'k3s': 91, 'knative': 9} weights_before={'k3s': 100, 'knative': 0}
2026-09-12 09:48:51 [info     ] Weights updated                k3s=91 knative=9
2026-09-12 09:48:51 [info     ] Weights updated                action=REACTIVE reason='load=54RPS | k8s_cap=50RPS | (burst-routing)' weights={'k3s': 91, 'knative': 9}
2026-09-12 09:48:51 [info     ] algorithm2_scaling_decision    action=SCALE_UP alpha=0.060060060060060066 beta=0.0 buffer=1.0 current_replicas=3 predicted_load=50.846012899249644 required_resources=3.054 target_replicas=4
2026-09-12 09:48:51 [info     ] algorithm2_decision            action=SCALE_UP applied_target=4 current_replicas=3 hold_until=0.0 observed_load=50.85 observed_target=4 point_forecasts=None prediction_age_sec=None predictive_target=3 proactive=False scenario=s4-hybrid-predictive target_replicas=4 upper_forecasts=None
2026-09-12 09:48:51 [info     ] k8s_scale_executed             deployment=test-app-warm replicas=4
2026-09-12 09:48:51 [debug    ] Decision loop completed        action=REACTIVE latency_ms=135.12 p99=134.0
2026-09-12 09:49:06 [debug    ] HAProxy fallback latency       delta_requests=770 interval_avg_ms=62.31 max_rtime_ms=162.0 p99_est=124.63
2026-09-12 09:49:06 [info     ] controller_decision_v3         action=RECOVERY available_replicas=3 budget_remaining=1000 burn_adjustment=0 burst_ratio=0.0195 capacity_deficit=False confidence=0 current_load=50.940939695806286 decision_id=5f55f04a k8s_capacity=49.9 k8s_weight=98 knative_weight=2 p99=124.6 predicted_load=0 r_effective=16.6 serverless_enabled=True total_load=50.9 weights_after={'k3s': 98, 'knative': 2} weights_before={'k3s': 91, 'knative': 9}
2026-09-12 09:49:06 [info     ] Weights updated                k3s=98 knative=2
2026-09-12 09:49:06 [info     ] Weights updated                action=RECOVERY reason='load=51RPS | k8s_cap=50RPS | (reducing-serverless)' weights={'k3s': 98, 'knative': 2}
2026-09-12 09:49:06 [info     ] algorithm2_scaling_decision    action=MAINTAIN alpha=0.060060060060060066 beta=0.0 buffer=1.0 current_replicas=4 predicted_load=52.66201765932664 required_resources=3.163 target_replicas=4
2026-09-12 09:49:06 [info     ] algorithm2_decision            action=MAINTAIN applied_target=4 current_replicas=4 hold_until=0.0 observed_load=52.66 observed_target=4 point_forecasts=None prediction_age_sec=None predictive_target=3 proactive=False scenario=s4-hybrid-predictive target_replicas=4 upper_forecasts=None
2026-09-12 09:49:06 [debug    ] Decision loop completed        action=RECOVERY latency_ms=125.76 p99=124.62597402597403
2026-09-12 09:49:21 [debug    ] HAProxy fallback latency       delta_requests=548 interval_avg_ms=73.59 max_rtime_ms=162.0 p99_est=147.17
2026-09-12 09:49:21 [info     ] controller_decision_v3         action=RECOVERY available_replicas=3 budget_remaining=1000 burn_adjustment=0 burst_ratio=0 capacity_deficit=False confidence=0 current_load=36.23016851890432 decision_id=a5d1554a k8s_capacity=49.9 k8s_weight=100 knative_weight=0 p99=147.2 predicted_load=0 r_effective=16.6 serverless_enabled=False total_load=36.2 weights_after={'k3s': 100, 'knative': 0} weights_before={'k3s': 98, 'knative': 2}
2026-09-12 09:49:21 [info     ] Weights updated                k3s=100 knative=0
2026-09-12 09:49:21 [info     ] Weights updated                action=RECOVERY reason='load=36RPS | k8s_cap=50RPS | (reducing-serverless)' weights={'k3s': 100, 'knative': 0}
2026-09-12 09:49:21 [info     ] algorithm2_scaling_decision    action=MAINTAIN alpha=0.060060060060060066 beta=0.0 buffer=1.0 current_replicas=4 predicted_load=43.58555410735531 required_resources=2.618 target_replicas=3
2026-09-12 09:49:21 [info     ] algorithm2_decision            action=MAINTAIN applied_target=3 current_replicas=4 hold_until=0.0 observed_load=43.59 observed_target=3 point_forecasts=None prediction_age_sec=None predictive_target=3 proactive=False scenario=s4-hybrid-predictive target_replicas=3 upper_forecasts=None
2026-09-12 09:49:21 [debug    ] Decision loop completed        action=RECOVERY latency_ms=128.78 p99=147.17153284671534
2026-09-12 09:49:36 [debug    ] HAProxy fallback latency       delta_requests=412 interval_avg_ms=55.91 max_rtime_ms=162.0 p99_est=111.82
2026-09-12 09:49:36 [info     ] algorithm2_scaling_decision    action=MAINTAIN alpha=0.060060060060060066 beta=0.0 buffer=1.0 current_replicas=4 predicted_load=31.731184776964653 required_resources=1.906 target_replicas=3
2026-09-12 09:49:36 [info     ] algorithm2_decision            action=MAINTAIN applied_target=3 current_replicas=4 hold_until=0.0 observed_load=31.73 observed_target=3 point_forecasts=None prediction_age_sec=None predictive_target=3 proactive=False scenario=s4-hybrid-predictive target_replicas=3 upper_forecasts=None
2026-09-12 09:49:36 [debug    ] Decision loop completed        action=MAINTAIN latency_ms=100.63 p99=111.82038834951456
2026-09-12 09:49:51 [debug    ] HAProxy fallback latency       delta_requests=358 interval_avg_ms=66.0 max_rtime_ms=162.0 p99_est=132.0
2026-09-12 09:49:51 [info     ] algorithm2_scaling_decision    action=MAINTAIN alpha=0.060060060060060066 beta=0.0 buffer=1.0 current_replicas=4 predicted_load=25.469664076168876 required_resources=1.53 target_replicas=3
2026-09-12 09:49:51 [info     ] algorithm2_decision            action=MAINTAIN applied_target=3 current_replicas=4 hold_until=0.0 observed_load=25.47 observed_target=3 point_forecasts=None prediction_age_sec=None predictive_target=3 proactive=False scenario=s4-hybrid-predictive target_replicas=3 upper_forecasts=None
2026-09-12 09:49:51 [debug    ] Decision loop completed        action=MAINTAIN latency_ms=98.33 p99=132.0
2026-09-12 09:50:06 [debug    ] HAProxy fallback latency       delta_requests=482 interval_avg_ms=77.22 max_rtime_ms=162.0 p99_est=154.44
2026-09-12 09:50:06 [info     ] algorithm2_scaling_decision    action=MAINTAIN alpha=0.060060060060060066 beta=0.0 buffer=1.0 current_replicas=4 predicted_load=27.81553252464414 required_resources=1.671 target_replicas=3
2026-09-12 09:50:06 [info     ] algorithm2_decision            action=MAINTAIN applied_target=3 current_replicas=4 hold_until=0.0 observed_load=27.82 observed_target=3 point_forecasts=None prediction_age_sec=None predictive_target=3 proactive=False scenario=s4-hybrid-predictive target_replicas=3 upper_forecasts=None
2026-09-12 09:50:06 [debug    ] Decision loop completed        action=MAINTAIN latency_ms=96.89 p99=154.44398340248964
2026-09-12 09:50:22 [debug    ] HAProxy fallback latency       delta_requests=771 interval_avg_ms=75.02 max_rtime_ms=237.0 p99_est=150.03
2026-09-12 09:50:22 [warning  ] Knative pre-warm non-200       status=404
2026-09-12 09:50:22 [info     ] controller_decision_v3         action=REACTIVE available_replicas=3 budget_remaining=1000 burn_adjustment=0 burst_ratio=0.0207 capacity_deficit=False confidence=0 current_load=51.00486666682249 decision_id=bd53ce97 k8s_capacity=49.9 k8s_weight=97 knative_weight=3 p99=150.0 predicted_load=0 r_effective=16.6 serverless_enabled=True total_load=51.0 weights_after={'k3s': 97, 'knative': 3} weights_before={'k3s': 100, 'knative': 0}
2026-09-12 09:50:22 [info     ] Weights updated                k3s=97 knative=3
2026-09-12 09:50:22 [info     ] Weights updated                action=REACTIVE reason='load=51RPS | k8s_cap=50RPS | (burst-routing)' weights={'k3s': 97, 'knative': 3}
2026-09-12 09:50:22 [info     ] algorithm2_scaling_decision    action=MAINTAIN alpha=0.060060060060060066 beta=0.0 buffer=1.0 current_replicas=4 predicted_load=41.464402299399 required_resources=2.49 target_replicas=3
2026-09-12 09:50:22 [info     ] algorithm2_decision            action=MAINTAIN applied_target=3 current_replicas=4 hold_until=0.0 observed_load=41.46 observed_target=3 point_forecasts=None prediction_age_sec=None predictive_target=3 proactive=False scenario=s4-hybrid-predictive target_replicas=3 upper_forecasts=None
2026-09-12 09:50:22 [debug    ] Decision loop completed        action=REACTIVE latency_ms=130.43 p99=150.03112840466926
2026-09-12 09:50:37 [debug    ] HAProxy fallback latency       delta_requests=814 interval_avg_ms=59.41 max_rtime_ms=237.0 p99_est=118.82
2026-09-12 09:50:37 [info     ] controller_decision_v3         action=RECOVERY available_replicas=4 budget_remaining=1000 burn_adjustment=0 burst_ratio=0 capacity_deficit=False confidence=0 current_load=53.86541456499162 decision_id=679fec6e k8s_capacity=66.6 k8s_weight=100 knative_weight=0 p99=118.8 predicted_load=0 r_effective=16.6 serverless_enabled=False total_load=53.9 weights_after={'k3s': 100, 'knative': 0} weights_before={'k3s': 97, 'knative': 3}
2026-09-12 09:50:37 [info     ] Weights updated                k3s=100 knative=0
2026-09-12 09:50:37 [info     ] Weights updated                action=RECOVERY reason='load=54RPS | k8s_cap=67RPS | (reducing-serverless)' weights={'k3s': 100, 'knative': 0}
2026-09-12 09:50:37 [info     ] Scale readiness observed       elapsed_sec=105.8 ewma_delay=73.7 samples=1 target=4
2026-09-12 09:50:37 [info     ] algorithm2_scaling_decision    action=MAINTAIN alpha=0.060060060060060066 beta=0.0 buffer=1.0 current_replicas=4 predicted_load=52.43514061590705 required_resources=3.149 target_replicas=4
2026-09-12 09:50:37 [info     ] algorithm2_decision            action=MAINTAIN applied_target=4 current_replicas=4 hold_until=0.0 observed_load=52.44 observed_target=4 point_forecasts=None prediction_age_sec=None predictive_target=3 proactive=False scenario=s4-hybrid-predictive target_replicas=4 upper_forecasts=None
2026-09-12 09:50:37 [debug    ] Decision loop completed        action=RECOVERY latency_ms=133.59 p99=118.81572481572482
2026-09-12 09:50:52 [debug    ] HAProxy fallback latency       delta_requests=640 interval_avg_ms=43.14 max_rtime_ms=237.0 p99_est=86.29
2026-09-12 09:50:52 [info     ] algorithm2_scaling_decision    action=MAINTAIN alpha=0.060060060060060066 beta=0.0 buffer=1.0 current_replicas=4 predicted_load=48.04336834332533 required_resources=2.885 target_replicas=3
2026-09-12 09:50:52 [info     ] algorithm2_decision            action=MAINTAIN applied_target=3 current_replicas=4 hold_until=0.0 observed_load=48.04 observed_target=3 point_forecasts=None prediction_age_sec=None predictive_target=3 proactive=False scenario=s4-hybrid-predictive target_replicas=3 upper_forecasts=None
2026-09-12 09:50:52 [debug    ] Decision loop completed        action=MAINTAIN latency_ms=97.07 p99=86.2875
2026-09-12 09:51:07 [debug    ] HAProxy fallback latency       delta_requests=655 interval_avg_ms=65.0 max_rtime_ms=237.0 p99_est=130.0
2026-09-12 09:51:07 [info     ] algorithm2_scaling_decision    action=MAINTAIN alpha=0.060060060060060066 beta=0.0 buffer=1.0 current_replicas=4 predicted_load=42.80350419456677 required_resources=2.571 target_replicas=3
2026-09-12 09:51:07 [info     ] algorithm2_decision            action=MAINTAIN applied_target=3 current_replicas=4 hold_until=0.0 observed_load=42.8 observed_target=3 point_forecasts=None prediction_age_sec=None predictive_target=3 proactive=False scenario=s4-hybrid-predictive target_replicas=3 upper_forecasts=None
2026-09-12 09:51:07 [debug    ] Decision loop completed        action=MAINTAIN latency_ms=114.23 p99=130.0
2026-09-12 09:51:22 [debug    ] HAProxy fallback latency       delta_requests=830 interval_avg_ms=65.0 max_rtime_ms=237.0 p99_est=130.0
2026-09-12 09:51:22 [info     ] algorithm2_scaling_decision    action=MAINTAIN alpha=0.060060060060060066 beta=0.0 buffer=1.0 current_replicas=4 predicted_load=49.15042917463214 required_resources=2.952 target_replicas=3
2026-09-12 09:51:22 [info     ] algorithm2_decision            action=MAINTAIN applied_target=3 current_replicas=4 hold_until=0.0 observed_load=49.15 observed_target=3 point_forecasts=None prediction_age_sec=None predictive_target=3 proactive=False scenario=s4-hybrid-predictive target_replicas=3 upper_forecasts=None
2026-09-12 09:51:22 [debug    ] Decision loop completed        action=MAINTAIN latency_ms=107.95 p99=130.0
2026-09-12 09:51:37 [debug    ] HAProxy fallback latency       delta_requests=915 interval_avg_ms=54.03 max_rtime_ms=237.0 p99_est=108.07
2026-09-12 09:51:37 [info     ] algorithm2_scaling_decision    action=MAINTAIN alpha=0.060060060060060066 beta=0.0 buffer=1.0 current_replicas=4 predicted_load=57.738970866281036 required_resources=3.468 target_replicas=4
2026-09-12 09:51:37 [info     ] algorithm2_decision            action=MAINTAIN applied_target=4 current_replicas=4 hold_until=0.0 observed_load=57.74 observed_target=4 point_forecasts=None prediction_age_sec=None predictive_target=3 proactive=False scenario=s4-hybrid-predictive target_replicas=4 upper_forecasts=None
2026-09-12 09:51:37 [debug    ] Decision loop completed        action=MAINTAIN latency_ms=108.83 p99=108.06775956284153
2026-09-12 09:51:52 [debug    ] HAProxy fallback latency       delta_requests=930 interval_avg_ms=64.0 max_rtime_ms=237.0 p99_est=128.0
2026-09-12 09:51:52 [info     ] algorithm2_scaling_decision    action=MAINTAIN alpha=0.060060060060060066 beta=0.0 buffer=1.0 current_replicas=4 predicted_load=61.058011918967765 required_resources=3.667 target_replicas=4
2026-09-12 09:51:52 [info     ] algorithm2_decision            action=MAINTAIN applied_target=4 current_replicas=4 hold_until=0.0 observed_load=61.06 observed_target=4 point_forecasts=None prediction_age_sec=None predictive_target=3 proactive=False scenario=s4-hybrid-predictive target_replicas=4 upper_forecasts=None
2026-09-12 09:51:52 [debug    ] Decision loop completed        action=MAINTAIN latency_ms=107.63 p99=128.0
2026-09-12 09:52:07 [debug    ] HAProxy fallback latency       delta_requests=1003 interval_avg_ms=87.86 max_rtime_ms=237.0 p99_est=175.72
2026-09-12 09:52:07 [info     ] algorithm2_scaling_decision    action=MAINTAIN alpha=0.060060060060060066 beta=0.0 buffer=1.0 current_replicas=4 predicted_load=63.97156565336167 required_resources=3.842 target_replicas=4
2026-09-12 09:52:07 [info     ] algorithm2_decision            action=MAINTAIN applied_target=4 current_replicas=4 hold_until=0.0 observed_load=63.97 observed_target=4 point_forecasts=None prediction_age_sec=None predictive_target=3 proactive=False scenario=s4-hybrid-predictive target_replicas=4 upper_forecasts=None
2026-09-12 09:52:07 [debug    ] Decision loop completed        action=MAINTAIN latency_ms=94.89 p99=175.7248255234297
2026-09-12 09:52:22 [debug    ] HAProxy fallback latency       delta_requests=1116 interval_avg_ms=89.45 max_rtime_ms=237.0 p99_est=178.89
2026-09-12 09:52:22 [warning  ] Knative pre-warm non-200       status=404
2026-09-12 09:52:22 [info     ] controller_decision_v3         action=REACTIVE available_replicas=4 budget_remaining=1000 burn_adjustment=0 burst_ratio=0.0992 capacity_deficit=False confidence=0 current_load=73.93146173964548 decision_id=dc69c131 k8s_capacity=66.6 k8s_weight=90 knative_weight=10 p99=178.9 predicted_load=0 r_effective=16.6 serverless_enabled=True total_load=73.9 weights_after={'k3s': 90, 'knative': 10} weights_before={'k3s': 100, 'knative': 0}
2026-09-12 09:52:22 [info     ] Weights updated                k3s=90 knative=10
2026-09-12 09:52:22 [info     ] Weights updated                action=REACTIVE reason='load=74RPS | k8s_cap=67RPS | (burst-routing)' weights={'k3s': 90, 'knative': 10}
2026-09-12 09:52:22 [info     ] algorithm2_scaling_decision    action=SCALE_UP alpha=0.060060060060060066 beta=0.0 buffer=1.0 current_replicas=4 predicted_load=70.16066942960279 required_resources=4.214 target_replicas=5
2026-09-12 09:52:22 [info     ] algorithm2_decision            action=SCALE_UP applied_target=5 current_replicas=4 hold_until=0.0 observed_load=70.16 observed_target=5 point_forecasts=None prediction_age_sec=None predictive_target=3 proactive=False scenario=s4-hybrid-predictive target_replicas=5 upper_forecasts=None
2026-09-12 09:52:23 [info     ] k8s_scale_executed             deployment=test-app-warm replicas=5
2026-09-12 09:52:23 [debug    ] Decision loop completed        action=REACTIVE latency_ms=148.34 p99=178.89247311827958
2026-09-12 09:52:38 [debug    ] HAProxy fallback latency       delta_requests=1275 interval_avg_ms=56.74 max_rtime_ms=237.0 p99_est=113.48
2026-09-12 09:52:38 [info     ] controller_decision_v3         action=RECOVERY available_replicas=5 budget_remaining=1000 burn_adjustment=0 burst_ratio=0.0101 capacity_deficit=False confidence=0 current_load=84.10164161737627 decision_id=0c855e8c k8s_capacity=83.2 k8s_weight=98 knative_weight=2 p99=113.5 predicted_load=0 r_effective=16.6 serverless_enabled=True total_load=84.1 weights_after={'k3s': 98, 'knative': 2} weights_before={'k3s': 90, 'knative': 10}
2026-09-12 09:52:38 [info     ] Weights updated                k3s=98 knative=2
2026-09-12 09:52:38 [info     ] Weights updated                action=RECOVERY reason='load=84RPS | k8s_cap=83RPS | (reducing-serverless)' weights={'k3s': 98, 'knative': 2}
2026-09-12 09:52:38 [info     ] Scale readiness observed       elapsed_sec=15.1 ewma_delay=56.2 samples=2 target=5
2026-09-12 09:52:38 [info     ] algorithm2_scaling_decision    action=MAINTAIN alpha=0.060060060060060066 beta=0.0 buffer=1.0 current_replicas=5 predicted_load=79.01655167851088 required_resources=4.746 target_replicas=5
2026-09-12 09:52:38 [info     ] algorithm2_decision            action=MAINTAIN applied_target=5 current_replicas=5 hold_until=0.0 observed_load=79.02 observed_target=5 point_forecasts=None prediction_age_sec=None predictive_target=3 proactive=False scenario=s4-hybrid-predictive target_replicas=5 upper_forecasts=None
2026-09-12 09:52:38 [debug    ] Decision loop completed        action=RECOVERY latency_ms=144.04 p99=113.47764705882354
2026-09-12 09:52:53 [debug    ] HAProxy fallback latency       delta_requests=1459 interval_avg_ms=121.2 max_rtime_ms=237.0 p99_est=237.0
2026-09-12 09:52:53 [info     ] controller_decision_v3         action=REACTIVE available_replicas=5 budget_remaining=999 burn_adjustment=0 burst_ratio=0.1353 capacity_deficit=False confidence=0 current_load=96.27399272550102 decision_id=1fbe5aa6 k8s_capacity=83.2 k8s_weight=86 knative_weight=14 p99=237.0 predicted_load=0 r_effective=16.6 serverless_enabled=True total_load=96.3 weights_after={'k3s': 86, 'knative': 14} weights_before={'k3s': 98, 'knative': 2}
2026-09-12 09:52:53 [info     ] Weights updated                k3s=86 knative=14
2026-09-12 09:52:53 [info     ] Weights updated                action=REACTIVE reason='load=96RPS | k8s_cap=83RPS | (burst-routing)' weights={'k3s': 86, 'knative': 14}
2026-09-12 09:52:53 [info     ] algorithm2_scaling_decision    action=SCALE_UP alpha=0.060060060060060066 beta=0.0 buffer=1.0 current_replicas=5 predicted_load=90.18781717143864 required_resources=5.417 target_replicas=6
2026-09-12 09:52:53 [info     ] algorithm2_decision            action=SCALE_UP applied_target=6 current_replicas=5 hold_until=0.0 observed_load=90.19 observed_target=6 point_forecasts=None prediction_age_sec=None predictive_target=3 proactive=False scenario=s4-hybrid-predictive target_replicas=6 upper_forecasts=None
2026-09-12 09:52:53 [info     ] k8s_scale_executed             deployment=test-app-warm replicas=6
2026-09-12 09:52:53 [debug    ] Decision loop completed        action=REACTIVE latency_ms=148.25 p99=237.0
2026-09-12 09:53:08 [debug    ] HAProxy fallback latency       delta_requests=1670 interval_avg_ms=72.0 max_rtime_ms=290.0 p99_est=144.0
2026-09-12 09:53:08 [info     ] controller_decision_v3         action=RECOVERY available_replicas=6 budget_remaining=999 burn_adjustment=0 burst_ratio=0.0938 capacity_deficit=False confidence=0 current_load=110.24344966329062 decision_id=7c8fcfea k8s_capacity=99.9 k8s_weight=90 knative_weight=10 p99=144.0 predicted_load=0 r_effective=16.6 serverless_enabled=True total_load=110.2 weights_after={'k3s': 90, 'knative': 10} weights_before={'k3s': 86, 'knative': 14}
2026-09-12 09:53:08 [info     ] Weights updated                k3s=90 knative=10
2026-09-12 09:53:08 [info     ] Weights updated                action=RECOVERY reason='load=110RPS | k8s_cap=100RPS | (reducing-serverless)' weights={'k3s': 90, 'knative': 10}
2026-09-12 09:53:08 [info     ] Scale readiness observed       elapsed_sec=15.1 ewma_delay=43.9 samples=3 target=6
2026-09-12 09:53:08 [info     ] algorithm2_scaling_decision    action=MAINTAIN alpha=0.060060060060060066 beta=0.0 buffer=1.0 current_replicas=6 predicted_load=103.25872119439582 required_resources=6.202 target_replicas=6
2026-09-12 09:53:08 [info     ] algorithm2_decision            action=MAINTAIN applied_target=6 current_replicas=6 hold_until=0.0 observed_load=103.26 observed_target=6 point_forecasts=None prediction_age_sec=None predictive_target=3 proactive=False scenario=s4-hybrid-predictive target_replicas=6 upper_forecasts=None
2026-09-12 09:53:08 [debug    ] Decision loop completed        action=RECOVERY latency_ms=126.56 p99=144.0
2026-09-12 09:53:23 [debug    ] HAProxy fallback latency       delta_requests=1891 interval_avg_ms=82.25 max_rtime_ms=290.0 p99_est=164.49
2026-09-12 09:53:23 [info     ] controller_decision_v3         action=REACTIVE available_replicas=6 budget_remaining=999 burn_adjustment=0 burst_ratio=0.2009 capacity_deficit=False confidence=0 current_load=125.01249488356774 decision_id=8341081e k8s_capacity=99.9 k8s_weight=79 knative_weight=21 p99=164.5 predicted_load=0 r_effective=16.6 serverless_enabled=True total_load=125.0 weights_after={'k3s': 79, 'knative': 21} weights_before={'k3s': 90, 'knative': 10}
2026-09-12 09:53:23 [info     ] Weights updated                k3s=79 knative=21
2026-09-12 09:53:23 [info     ] Weights updated                action=REACTIVE reason='load=125RPS | k8s_cap=100RPS | (burst-routing)' weights={'k3s': 79, 'knative': 21}
2026-09-12 09:53:23 [info     ] algorithm2_scaling_decision    action=MAINTAIN alpha=0.060060060060060066 beta=0.0 buffer=1.0 current_replicas=6 predicted_load=117.62797227342918 required_resources=7.065 target_replicas=6
2026-09-12 09:53:23 [info     ] algorithm2_decision            action=MAINTAIN applied_target=6 current_replicas=6 hold_until=0.0 observed_load=117.63 observed_target=6 point_forecasts=None prediction_age_sec=None predictive_target=3 proactive=False scenario=s4-hybrid-predictive target_replicas=6 upper_forecasts=None
2026-09-12 09:53:23 [debug    ] Decision loop completed        action=REACTIVE latency_ms=100.44 p99=164.49497620306715
2026-09-12 09:53:38 [info     ] controller_decision_v3         action=RECOVERY available_replicas=6 budget_remaining=999 burn_adjustment=0 burst_ratio=0.1234 capacity_deficit=False confidence=0 current_load=113.96869882505969 decision_id=a18ba278 k8s_capacity=99.9 k8s_weight=87 knative_weight=13 p99=164.5 predicted_load=0 r_effective=16.6 serverless_enabled=True total_load=114.0 weights_after={'k3s': 87, 'knative': 13} weights_before={'k3s': 79, 'knative': 21}
2026-09-12 09:53:38 [info     ] Weights updated                k3s=87 knative=13
2026-09-12 09:53:38 [info     ] Weights updated                action=RECOVERY reason='load=114RPS | k8s_cap=100RPS | (reducing-serverless)' weights={'k3s': 87, 'knative': 13}
2026-09-12 09:53:38 [info     ] algorithm2_scaling_decision    action=MAINTAIN alpha=0.060060060060060066 beta=0.0 buffer=1.0 current_replicas=6 predicted_load=119.49059685431371 required_resources=7.177 target_replicas=6
2026-09-12 09:53:38 [info     ] algorithm2_decision            action=MAINTAIN applied_target=6 current_replicas=6 hold_until=0.0 observed_load=119.49 observed_target=6 point_forecasts=None prediction_age_sec=None predictive_target=3 proactive=False scenario=s4-hybrid-predictive target_replicas=6 upper_forecasts=None
2026-09-12 09:53:38 [debug    ] Decision loop completed        action=RECOVERY latency_ms=133.7 p99=164.49497620306715
2026-09-12 09:53:53 [debug    ] HAProxy fallback latency       delta_requests=1316 interval_avg_ms=32.94 max_rtime_ms=290.0 p99_est=65.87
2026-09-12 09:53:53 [info     ] controller_decision_v3         action=RECOVERY available_replicas=6 budget_remaining=999 burn_adjustment=0 burst_ratio=0 capacity_deficit=False confidence=0 current_load=86.95513780158726 decision_id=c66ac805 k8s_capacity=99.9 k8s_weight=100 knative_weight=0 p99=65.9 predicted_load=0 r_effective=16.6 serverless_enabled=False total_load=87.0 weights_after={'k3s': 100, 'knative': 0} weights_before={'k3s': 87, 'knative': 13}
2026-09-12 09:53:53 [info     ] Weights updated                k3s=100 knative=0
2026-09-12 09:53:53 [info     ] Weights updated                action=RECOVERY reason='load=87RPS | k8s_cap=100RPS | (reducing-serverless)' weights={'k3s': 100, 'knative': 0}
2026-09-12 09:53:53 [info     ] algorithm2_scaling_decision    action=MAINTAIN alpha=0.060060060060060066 beta=0.0 buffer=1.0 current_replicas=6 predicted_load=100.46191831332348 required_resources=6.034 target_replicas=6
2026-09-12 09:53:53 [info     ] algorithm2_decision            action=MAINTAIN applied_target=6 current_replicas=6 hold_until=0.0 observed_load=100.46 observed_target=6 point_forecasts=None prediction_age_sec=None predictive_target=3 proactive=False scenario=s4-hybrid-predictive target_replicas=6 upper_forecasts=None
2026-09-12 09:53:53 [debug    ] Decision loop completed        action=RECOVERY latency_ms=132.15 p99=65.87234042553192
2026-09-12 09:54:08 [debug    ] HAProxy fallback latency       delta_requests=1130 interval_avg_ms=44.16 max_rtime_ms=290.0 p99_est=88.33
2026-09-12 09:54:08 [info     ] algorithm2_scaling_decision    action=MAINTAIN alpha=0.060060060060060066 beta=0.0 buffer=1.0 current_replicas=6 predicted_load=80.84847807019537 required_resources=4.856 target_replicas=5
2026-09-12 09:54:08 [info     ] algorithm2_decision            action=MAINTAIN applied_target=5 current_replicas=6 hold_until=0.0 observed_load=80.85 observed_target=5 point_forecasts=None prediction_age_sec=None predictive_target=3 proactive=False scenario=s4-hybrid-predictive target_replicas=5 upper_forecasts=None
2026-09-12 09:54:08 [debug    ] Decision loop completed        action=MAINTAIN latency_ms=100.0 p99=88.32920353982301
2026-09-12 09:54:23 [debug    ] HAProxy fallback latency       delta_requests=1074 interval_avg_ms=64.0 max_rtime_ms=290.0 p99_est=128.0
2026-09-12 09:54:24 [info     ] algorithm2_scaling_decision    action=MAINTAIN alpha=0.060060060060060066 beta=0.0 buffer=1.0 current_replicas=6 predicted_load=72.9344640001658 required_resources=4.38 target_replicas=5
2026-09-12 09:54:24 [info     ] algorithm2_decision            action=MAINTAIN applied_target=5 current_replicas=6 hold_until=0.0 observed_load=72.93 observed_target=5 point_forecasts=None prediction_age_sec=None predictive_target=3 proactive=False scenario=s4-hybrid-predictive target_replicas=5 upper_forecasts=None
2026-09-12 09:54:24 [debug    ] Decision loop completed        action=MAINTAIN latency_ms=99.28 p99=128.0
2026-09-12 09:54:39 [debug    ] HAProxy fallback latency       delta_requests=947 interval_avg_ms=64.0 max_rtime_ms=290.0 p99_est=128.0
2026-09-12 09:54:39 [info     ] algorithm2_scaling_decision    action=MAINTAIN alpha=0.060060060060060066 beta=0.0 buffer=1.0 current_replicas=6 predicted_load=66.92234240898878 required_resources=4.019 target_replicas=5
2026-09-12 09:54:39 [info     ] algorithm2_decision            action=MAINTAIN applied_target=5 current_replicas=6 hold_until=0.0 observed_load=66.92 observed_target=5 point_forecasts=None prediction_age_sec=None predictive_target=3 proactive=False scenario=s4-hybrid-predictive target_replicas=5 upper_forecasts=None
2026-09-12 09:54:39 [debug    ] Decision loop completed        action=MAINTAIN latency_ms=98.32 p99=128.0
2026-09-12 09:54:54 [debug    ] HAProxy fallback latency       delta_requests=792 interval_avg_ms=30.72 max_rtime_ms=290.0 p99_est=61.44
2026-09-12 09:54:54 [debug    ] GRU prediction received        confidence=0.6 latency_ms=3.16 predicted=117
2026-09-12 09:54:54 [debug    ] Using GRU prediction           confidence=0.6 forecast_capacity_signal=117.0 predicted=117 required_steps=4
2026-09-12 09:54:54 [info     ] algorithm2_scaling_decision    action=MAINTAIN alpha=0.060060060060060066 beta=0.0 buffer=1.0 current_replicas=6 predicted_load=117.0 required_resources=7.027 target_replicas=6
2026-09-12 09:54:54 [info     ] algorithm2_decision            action=MAINTAIN applied_target=6 current_replicas=6 hold_until=1789181784.2 observed_load=57.59 observed_target=4 point_forecasts=[56.91751480102539, 57.56569290161133, 56.45658493041992, 53.85308074951172, 54.60606384277344, 52.94932174682617, 53.214996337890625, 53.83061599731445, 54.45206069946289] prediction_age_sec=0.06 predictive_target=6 proactive=True scenario=s4-hybrid-predictive target_replicas=6 upper_forecasts=[111.81413269042969, 117.28958129882812, 115.55439758300781, 113.07051849365234, 114.28244018554688, 112.69071960449219, 113.34732055664062, 113.735595703125, 114.53144836425781]
2026-09-12 09:54:54 [debug    ] Decision loop completed        action=MAINTAIN latency_ms=100.29 p99=61.44191919191919
2026-09-12 09:55:09 [debug    ] HAProxy fallback latency       delta_requests=1190 interval_avg_ms=132.45 max_rtime_ms=290.0 p99_est=264.89
2026-09-12 09:55:09 [debug    ] GRU prediction received        confidence=0.6 latency_ms=4.21 predicted=124
2026-09-12 09:55:09 [debug    ] Using GRU prediction           confidence=0.6 forecast_capacity_signal=124.0 predicted=124 required_steps=4
2026-09-12 09:55:09 [info     ] algorithm2_scaling_decision    action=MAINTAIN alpha=0.060060060060060066 beta=0.0 buffer=1.0 current_replicas=6 predicted_load=124.0 required_resources=7.447 target_replicas=6
2026-09-12 09:55:09 [info     ] algorithm2_decision            action=MAINTAIN applied_target=6 current_replicas=6 hold_until=1789181799.3 observed_load=65.6 observed_target=4 point_forecasts=[67.4345703125, 63.798583984375, 61.96123123168945, 59.62567138671875, 59.42293930053711, 57.806907653808594, 59.06281661987305, 58.94589614868164, 59.265262603759766] prediction_age_sec=0.06 predictive_target=6 proactive=True scenario=s4-hybrid-predictive target_replicas=6 upper_forecasts=[122.33119201660156, 123.52247619628906, 121.05905151367188, 118.84310913085938, 119.09931945800781, 117.54830932617188, 119.19514465332031, 118.85087585449219, 119.34465026855469]
2026-09-12 09:55:09 [debug    ] Decision loop completed        action=MAINTAIN latency_ms=101.47 p99=264.8924369747899
2026-09-12 09:55:24 [debug    ] HAProxy fallback latency       delta_requests=1864 interval_avg_ms=365.79 max_rtime_ms=333.0 p99_est=333.0
2026-09-12 09:55:24 [debug    ] GRU prediction received        confidence=0.6 latency_ms=3.75 predicted=141
2026-09-12 09:55:24 [debug    ] Using GRU prediction           confidence=0.6 forecast_capacity_signal=141.0 predicted=141 required_steps=4
2026-09-12 09:55:24 [debug    ] Proactive amplification        amplified=240.7 approach_ratio=1.23 load_trend=13.0 raw_pred=141
2026-09-12 09:55:24 [warning  ] Knative pre-warm non-200       status=404
2026-09-12 09:55:24 [info     ] controller_decision_v3         action=PREDICTIVE available_replicas=6 budget_remaining=997 burn_adjustment=0 burst_ratio=0.1897 capacity_deficit=False confidence=0.6 current_load=123.29128802205864 decision_id=38a6fd07 k8s_capacity=99.9 k8s_weight=81 knative_weight=19 p99=333.0 predicted_load=141 r_effective=16.6 serverless_enabled=True total_load=123.3 weights_after={'k3s': 81, 'knative': 19} weights_before={'k3s': 100, 'knative': 0}
2026-09-12 09:55:24 [info     ] Weights updated                k3s=81 knative=19
2026-09-12 09:55:24 [info     ] Weights updated                action=PREDICTIVE reason='load=123RPS | k8s_cap=100RPS | (prediction-driven)' weights={'k3s': 81, 'knative': 19}
2026-09-12 09:55:24 [info     ] algorithm2_scaling_decision    action=MAINTAIN alpha=0.060060060060060066 beta=0.0 buffer=1.0 current_replicas=6 predicted_load=101.0177031211202 required_resources=6.067 target_replicas=6
2026-09-12 09:55:24 [info     ] algorithm2_decision            action=MAINTAIN applied_target=6 current_replicas=6 hold_until=1789181799.3 observed_load=101.02 observed_target=6 point_forecasts=[85.75486755371094, 76.12543487548828, 72.87228393554688, 70.81298065185547, 69.93840789794922, 68.67533874511719, 68.39469909667969, 67.21463012695312, 66.99317932128906] prediction_age_sec=0.06 predictive_target=6 proactive=False scenario=s4-hybrid-predictive target_replicas=6 upper_forecasts=[140.6514892578125, 135.8493194580078, 131.9700927734375, 130.03042602539062, 129.61477661132812, 128.416748046875, 128.5270233154297, 127.11961364746094, 127.07256317138672]
2026-09-12 09:55:24 [debug    ] Decision loop completed        action=PREDICTIVE latency_ms=107.57 p99=333.0
2026-09-12 09:55:39 [debug    ] HAProxy fallback latency       delta_requests=1826 interval_avg_ms=136.32 max_rtime_ms=333.0 p99_est=272.64
2026-09-12 09:55:39 [debug    ] GRU prediction received        confidence=0.6 latency_ms=6.75 predicted=144
2026-09-12 09:55:39 [debug    ] Using GRU prediction           confidence=0.6 forecast_capacity_signal=144.0 predicted=144 required_steps=4
2026-09-12 09:55:39 [debug    ] Proactive amplification        amplified=251.3 approach_ratio=1.21 load_trend=14.5 raw_pred=144
2026-09-12 09:55:39 [info     ] controller_decision_v3         action=RECOVERY available_replicas=6 budget_remaining=996 burn_adjustment=0 burst_ratio=0.1726 capacity_deficit=False confidence=0.6 current_load=120.7334934094649 decision_id=a9653294 k8s_capacity=99.9 k8s_weight=82 knative_weight=18 p99=272.6 predicted_load=144 r_effective=16.6 serverless_enabled=True total_load=120.7 weights_after={'k3s': 82, 'knative': 18} weights_before={'k3s': 81, 'knative': 19}
2026-09-12 09:55:39 [info     ] Weights updated                k3s=82 knative=18
2026-09-12 09:55:39 [info     ] Weights updated                action=RECOVERY reason='load=121RPS | k8s_cap=100RPS | (reducing-serverless)' weights={'k3s': 82, 'knative': 18}
2026-09-12 09:55:39 [info     ] algorithm2_scaling_decision    action=MAINTAIN alpha=0.060060060060060066 beta=0.0 buffer=1.0 current_replicas=6 predicted_load=122.01239071576177 required_resources=7.328 target_replicas=6
2026-09-12 09:55:39 [info     ] algorithm2_decision            action=MAINTAIN applied_target=6 current_replicas=6 hold_until=1789181799.3 observed_load=122.01 observed_target=6 point_forecasts=[89.44692993164062, 80.75916290283203, 77.2740478515625, 76.0197982788086, 75.26776123046875, 72.6607437133789, 71.79765319824219, 70.88996887207031, 69.67277526855469] prediction_age_sec=0.14 predictive_target=6 proactive=False scenario=s4-hybrid-predictive target_replicas=6 upper_forecasts=[144.3435516357422, 140.48304748535156, 136.37185668945312, 135.23724365234375, 134.9441375732422, 132.4021453857422, 131.9299774169922, 130.79495239257812, 129.75216674804688]
2026-09-12 09:55:39 [debug    ] Decision loop completed        action=RECOVERY latency_ms=208.72 p99=272.6407447973713
2026-09-12 09:55:54 [debug    ] GRU prediction received        confidence=0.6 latency_ms=3.26 predicted=140
2026-09-12 09:55:54 [debug    ] Using GRU prediction           confidence=0.6 forecast_capacity_signal=140.0 predicted=140 required_steps=4
2026-09-12 09:55:54 [debug    ] Proactive amplification        amplified=188.6 approach_ratio=0.94 load_trend=10.5 raw_pred=140
2026-09-12 09:55:54 [info     ] controller_decision_v3         action=RECOVERY available_replicas=6 budget_remaining=995 burn_adjustment=0 burst_ratio=0 capacity_deficit=False confidence=0.6 current_load=94.355852765128 decision_id=da246905 k8s_capacity=99.9 k8s_weight=100 knative_weight=0 p99=272.6 predicted_load=140 r_effective=16.6 serverless_enabled=False total_load=94.4 weights_after={'k3s': 100, 'knative': 0} weights_before={'k3s': 82, 'knative': 18}
2026-09-12 09:55:54 [info     ] Weights updated                k3s=100 knative=0
2026-09-12 09:55:54 [info     ] Weights updated                action=RECOVERY reason='load=94RPS | k8s_cap=100RPS | (reducing-serverless)' weights={'k3s': 100, 'knative': 0}
2026-09-12 09:55:54 [info     ] algorithm2_scaling_decision    action=MAINTAIN alpha=0.060060060060060066 beta=0.0 buffer=1.0 current_replicas=6 predicted_load=107.54467308729645 required_resources=6.459 target_replicas=6
2026-09-12 09:55:54 [info     ] algorithm2_decision            action=MAINTAIN applied_target=6 current_replicas=6 hold_until=1789181799.3 observed_load=107.54 observed_target=6 point_forecasts=[82.49861145019531, 79.77996826171875, 77.68816375732422, 75.88999938964844, 75.56793212890625, 72.70244598388672, 72.07365417480469, 71.91192626953125, 71.19320678710938] prediction_age_sec=0.09 predictive_target=6 proactive=False scenario=s4-hybrid-predictive target_replicas=6 upper_forecasts=[137.39523315429688, 139.5038604736328, 136.78598022460938, 135.10743713378906, 135.2443084716797, 132.44384765625, 132.2059783935547, 131.81690979003906, 131.2725830078125]
2026-09-12 09:55:54 [debug    ] Decision loop completed        action=RECOVERY latency_ms=132.6 p99=272.6407447973713
2026-09-12 09:56:09 [debug    ] HAProxy fallback latency       delta_requests=1231 interval_avg_ms=11.92 max_rtime_ms=333.0 p99_est=23.85
2026-09-12 09:56:09 [debug    ] GRU prediction received        confidence=0.6 latency_ms=4.03 predicted=139
2026-09-12 09:56:09 [debug    ] Using GRU prediction           confidence=0.6 forecast_capacity_signal=139.0 predicted=139 required_steps=4
2026-09-12 09:56:09 [info     ] algorithm2_scaling_decision    action=MAINTAIN alpha=0.060060060060060066 beta=0.0 buffer=1.0 current_replicas=6 predicted_load=87.88506718947657 required_resources=5.278 target_replicas=6
2026-09-12 09:56:09 [info     ] algorithm2_decision            action=MAINTAIN applied_target=6 current_replicas=6 hold_until=1789181799.3 observed_load=87.89 observed_target=6 point_forecasts=[80.10665893554688, 79.63622283935547, 77.84268188476562, 75.81001281738281, 75.56291961669922, 72.82328796386719, 72.9385986328125, 72.7963638305664, 72.99568176269531] prediction_age_sec=0.07 predictive_target=6 proactive=False scenario=s4-hybrid-predictive target_replicas=6 upper_forecasts=[135.00328063964844, 139.360107421875, 136.94049072265625, 135.02745056152344, 135.23928833007812, 132.564697265625, 133.0709228515625, 132.7013397216797, 133.0750732421875]
2026-09-12 09:56:09 [debug    ] Decision loop completed        action=MAINTAIN latency_ms=110.4 p99=23.848903330625507
2026-09-12 09:56:24 [debug    ] HAProxy fallback latency       delta_requests=1146 interval_avg_ms=34.42 max_rtime_ms=333.0 p99_est=68.84
2026-09-12 09:56:24 [debug    ] GRU prediction received        confidence=0.6 latency_ms=4.43 predicted=138
2026-09-12 09:56:24 [debug    ] Using GRU prediction           confidence=0.6 forecast_capacity_signal=138.0 predicted=138 required_steps=4
2026-09-12 09:56:24 [info     ] algorithm2_scaling_decision    action=MAINTAIN alpha=0.060060060060060066 beta=0.0 buffer=1.0 current_replicas=6 predicted_load=138.0 required_resources=8.288 target_replicas=6
2026-09-12 09:56:24 [info     ] algorithm2_decision            action=MAINTAIN applied_target=6 current_replicas=6 hold_until=1789181875.0 observed_load=78.63 observed_target=5 point_forecasts=[78.20556640625, 78.07978057861328, 76.54051208496094, 74.47190856933594, 74.28997802734375, 72.08856201171875, 72.54603576660156, 72.447265625, 72.93051147460938] prediction_age_sec=0.06 predictive_target=6 proactive=True scenario=s4-hybrid-predictive target_replicas=6 upper_forecasts=[133.10218811035156, 137.8036651611328, 135.63833618164062, 133.68934631347656, 133.9663543701172, 131.8299560546875, 132.67835998535156, 132.3522491455078, 133.0098876953125]
2026-09-12 09:56:24 [debug    ] Decision loop completed        action=MAINTAIN latency_ms=104.65 p99=68.83944153577661
2026-09-12 09:56:39 [debug    ] HAProxy fallback latency       delta_requests=1483 interval_avg_ms=137.89 max_rtime_ms=333.0 p99_est=275.79
2026-09-12 09:56:40 [debug    ] GRU prediction received        confidence=0.6 latency_ms=4.49 predicted=142
2026-09-12 09:56:40 [debug    ] Using GRU prediction           confidence=0.6 forecast_capacity_signal=142.0 predicted=142 required_steps=4
2026-09-12 09:56:40 [info     ] algorithm2_scaling_decision    action=MAINTAIN alpha=0.060060060060060066 beta=0.0 buffer=1.0 current_replicas=6 predicted_load=86.94401860741186 required_resources=5.222 target_replicas=6
2026-09-12 09:56:40 [info     ] algorithm2_decision            action=MAINTAIN applied_target=6 current_replicas=6 hold_until=1789181875.0 observed_load=86.94 observed_target=6 point_forecasts=[87.1348648071289, 82.30903625488281, 79.572021484375, 77.7982177734375, 76.70259094238281, 74.8857421875, 75.64942169189453, 74.89088439941406, 75.40949249267578] prediction_age_sec=0.06 predictive_target=6 proactive=False scenario=s4-hybrid-predictive target_replicas=6 upper_forecasts=[142.03147888183594, 142.03292846679688, 138.66983032226562, 137.01565551757812, 136.37896728515625, 134.62713623046875, 135.78175354003906, 134.79586791992188, 135.48887634277344]
2026-09-12 09:56:40 [debug    ] Decision loop completed        action=MAINTAIN latency_ms=100.64 p99=275.78691840863115
2026-09-12 09:56:55 [debug    ] HAProxy fallback latency       delta_requests=1996 interval_avg_ms=646.02 max_rtime_ms=398.0 p99_est=398.0
2026-09-12 09:56:55 [debug    ] GRU prediction received        confidence=0.6 latency_ms=3.17 predicted=155
2026-09-12 09:56:55 [debug    ] Using GRU prediction           confidence=0.6 forecast_capacity_signal=155.0 predicted=155 required_steps=4
2026-09-12 09:56:55 [debug    ] Proactive amplification        amplified=217.3 approach_ratio=1.32 load_trend=9.5 raw_pred=155
2026-09-12 09:56:55 [warning  ] Knative pre-warm non-200       status=404
2026-09-12 09:56:55 [info     ] controller_decision_v3         action=PREDICTIVE available_replicas=6 budget_remaining=993 burn_adjustment=0 burst_ratio=0.2442 capacity_deficit=False confidence=0.6 current_load=132.17886346836295 decision_id=69c18b9e k8s_capacity=99.9 k8s_weight=75 knative_weight=25 p99=398.0 predicted_load=155 r_effective=16.6 serverless_enabled=True total_load=132.2 weights_after={'k3s': 75, 'knative': 25} weights_before={'k3s': 100, 'knative': 0}
2026-09-12 09:56:55 [info     ] Weights updated                k3s=75 knative=25
2026-09-12 09:56:55 [info     ] Weights updated                action=PREDICTIVE reason='load=132RPS | k8s_cap=100RPS | (prediction-driven)' weights={'k3s': 75, 'knative': 25}
2026-09-12 09:56:55 [info     ] algorithm2_scaling_decision    action=MAINTAIN alpha=0.060060060060060066 beta=0.0 buffer=1.0 current_replicas=6 predicted_load=115.11281852928946 required_resources=6.914 target_replicas=6
2026-09-12 09:56:55 [info     ] algorithm2_decision            action=MAINTAIN applied_target=6 current_replicas=6 hold_until=1789181875.0 observed_load=115.11 observed_target=6 point_forecasts=[100.18803405761719, 89.76960754394531, 85.66606903076172, 84.38995361328125, 83.03032684326172, 81.66033935546875, 80.91824340820312, 80.32835388183594, 79.51625061035156] prediction_age_sec=0.06 predictive_target=6 proactive=False scenario=s4-hybrid-predictive target_replicas=6 upper_forecasts=[155.08465576171875, 149.49349975585938, 144.76388549804688, 143.60739135742188, 142.70669555664062, 141.4017333984375, 141.05056762695312, 140.23333740234375, 139.59564208984375]
2026-09-12 09:56:55 [debug    ] Decision loop completed        action=PREDICTIVE latency_ms=103.91 p99=398.0
2026-09-12 09:57:10 [debug    ] GRU prediction received        confidence=0.6 latency_ms=4.47 predicted=163
2026-09-12 09:57:10 [debug    ] Using GRU prediction           confidence=0.6 forecast_capacity_signal=163.0 predicted=163 required_steps=4
2026-09-12 09:57:10 [debug    ] Proactive amplification        amplified=304.8 approach_ratio=1.5 load_trend=17.2 raw_pred=163
2026-09-12 09:57:10 [info     ] controller_decision_v3         action=PREDICTIVE available_replicas=6 budget_remaining=992 burn_adjustment=0 burst_ratio=0.3347 capacity_deficit=False confidence=0.6 current_load=150.1573259173893 decision_id=363500ae k8s_capacity=99.9 k8s_weight=66 knative_weight=34 p99=398.0 predicted_load=163 r_effective=16.6 serverless_enabled=True total_load=150.2 weights_after={'k3s': 66, 'knative': 34} weights_before={'k3s': 75, 'knative': 25}
2026-09-12 09:57:10 [info     ] Weights updated                k3s=66 knative=34
2026-09-12 09:57:10 [info     ] Weights updated                action=PREDICTIVE reason='load=150RPS | k8s_cap=100RPS | (prediction-driven)' weights={'k3s': 66, 'knative': 34}
2026-09-12 09:57:10 [info     ] algorithm2_scaling_decision    action=MAINTAIN alpha=0.060060060060060066 beta=0.0 buffer=1.0 current_replicas=6 predicted_load=141.16809469287614 required_resources=8.479 target_replicas=6
2026-09-12 09:57:10 [info     ] algorithm2_decision            action=MAINTAIN applied_target=6 current_replicas=6 hold_until=1789181875.0 observed_load=141.17 observed_target=6 point_forecasts=[108.29576110839844, 95.80288696289062, 91.58717346191406, 90.02049255371094, 88.8373031616211, 87.2545394897461, 85.20320129394531, 85.51946258544922, 83.25711822509766] prediction_age_sec=0.07 predictive_target=6 proactive=False scenario=s4-hybrid-predictive target_replicas=6 upper_forecasts=[163.1923828125, 155.5267791748047, 150.68499755859375, 149.23793029785156, 148.513671875, 146.99594116210938, 145.3355255126953, 145.4244384765625, 143.3365020751953]
2026-09-12 09:57:10 [debug    ] Decision loop completed        action=PREDICTIVE latency_ms=106.02 p99=398.0
2026-09-12 09:57:25 [debug    ] GRU prediction received        confidence=0.6 latency_ms=3.67 predicted=171
2026-09-12 09:57:25 [debug    ] Using GRU prediction           confidence=0.6 forecast_capacity_signal=171.0 predicted=171 required_steps=4
2026-09-12 09:57:25 [debug    ] Proactive amplification        amplified=349.6 approach_ratio=1.6 load_trend=21.1 raw_pred=171
2026-09-12 09:57:25 [info     ] controller_decision_v3         action=PREDICTIVE available_replicas=6 budget_remaining=991 burn_adjustment=0 burst_ratio=0.3759 capacity_deficit=False confidence=0.6 current_load=160.0694764510379 decision_id=e573b119 k8s_capacity=99.9 k8s_weight=62 knative_weight=38 p99=398.0 predicted_load=171 r_effective=16.6 serverless_enabled=True total_load=160.1 weights_after={'k3s': 62, 'knative': 38} weights_before={'k3s': 66, 'knative': 34}
2026-09-12 09:57:25 [info     ] Weights updated                k3s=62 knative=38
2026-09-12 09:57:25 [info     ] Weights updated                action=PREDICTIVE reason='load=160RPS | k8s_cap=100RPS | (prediction-driven)' weights={'k3s': 62, 'knative': 38}
2026-09-12 09:57:25 [info     ] algorithm2_scaling_decision    action=MAINTAIN alpha=0.060060060060060066 beta=0.0 buffer=1.0 current_replicas=6 predicted_load=155.11340118421361 required_resources=9.316 target_replicas=6
2026-09-12 09:57:25 [info     ] algorithm2_decision            action=MAINTAIN applied_target=6 current_replicas=6 hold_until=1789181875.0 observed_load=155.11 observed_target=6 point_forecasts=[115.73395538330078, 103.15324401855469, 99.13748931884766, 97.62825012207031, 95.3493423461914, 94.65596771240234, 91.47501373291016, 92.24102020263672, 88.93895721435547] prediction_age_sec=0.06 predictive_target=6 proactive=False scenario=s4-hybrid-predictive target_replicas=6 upper_forecasts=[170.6305694580078, 162.87713623046875, 158.2353057861328, 156.84568786621094, 155.02572631835938, 154.39736938476562, 151.6073455810547, 152.14599609375, 149.01834106445312]
2026-09-12 09:57:25 [debug    ] Decision loop completed        action=PREDICTIVE latency_ms=107.27 p99=398.0
2026-09-12 09:57:40 [debug    ] GRU prediction received        confidence=0.6 latency_ms=3.5 predicted=170
2026-09-12 09:57:40 [debug    ] Using GRU prediction           confidence=0.6 forecast_capacity_signal=170.0 predicted=170 required_steps=4
2026-09-12 09:57:40 [debug    ] Proactive amplification        amplified=253.5 approach_ratio=1.46 load_trend=12.0 raw_pred=170
2026-09-12 09:57:40 [info     ] controller_decision_v3         action=RECOVERY available_replicas=6 budget_remaining=990 burn_adjustment=0 burst_ratio=0.3152 capacity_deficit=False confidence=0.6 current_load=145.89037737793487 decision_id=b1420d09 k8s_capacity=99.9 k8s_weight=68 knative_weight=32 p99=398.0 predicted_load=170 r_effective=16.6 serverless_enabled=True total_load=145.9 weights_after={'k3s': 68, 'knative': 32} weights_before={'k3s': 62, 'knative': 38}
2026-09-12 09:57:40 [info     ] Weights updated                k3s=68 knative=32
2026-09-12 09:57:40 [info     ] Weights updated                action=RECOVERY reason='load=146RPS | k8s_cap=100RPS | (reducing-serverless)' weights={'k3s': 68, 'knative': 32}
2026-09-12 09:57:40 [info     ] algorithm2_scaling_decision    action=MAINTAIN alpha=0.060060060060060066 beta=0.0 buffer=1.0 current_replicas=6 predicted_load=152.97992691448638 required_resources=9.188 target_replicas=6
2026-09-12 09:57:40 [info     ] algorithm2_decision            action=MAINTAIN applied_target=6 current_replicas=6 hold_until=1789181875.0 observed_load=152.98 observed_target=6 point_forecasts=[115.37279510498047, 106.95973205566406, 103.93893432617188, 102.28606414794922, 99.57884979248047, 99.00838470458984, 96.6772232055664, 97.0244140625, 93.04305267333984] prediction_age_sec=0.09 predictive_target=6 proactive=False scenario=s4-hybrid-predictive target_replicas=6 upper_forecasts=[170.2694091796875, 166.68362426757812, 163.0367431640625, 161.50350952148438, 159.25521850585938, 158.74978637695312, 156.80955505371094, 156.9293975830078, 153.1224365234375]
2026-09-12 09:57:40 [debug    ] Decision loop completed        action=RECOVERY latency_ms=132.04 p99=398.0
2026-09-12 09:57:55 [debug    ] GRU prediction received        confidence=0.6 latency_ms=3.34 predicted=168
2026-09-12 09:57:55 [debug    ] Using GRU prediction           confidence=0.6 forecast_capacity_signal=168.0 predicted=168 required_steps=4
2026-09-12 09:57:55 [info     ] controller_decision_v3         action=RECOVERY available_replicas=6 budget_remaining=989 burn_adjustment=0 burst_ratio=0.1855 capacity_deficit=False confidence=0.6 current_load=122.64893295295276 decision_id=9fac444e k8s_capacity=99.9 k8s_weight=81 knative_weight=19 p99=398.0 predicted_load=168 r_effective=16.6 serverless_enabled=True total_load=122.6 weights_after={'k3s': 81, 'knative': 19} weights_before={'k3s': 68, 'knative': 32}
2026-09-12 09:57:55 [info     ] Weights updated                k3s=81 knative=19
2026-09-12 09:57:55 [info     ] Weights updated                action=RECOVERY reason='load=123RPS | k8s_cap=100RPS | (reducing-serverless)' weights={'k3s': 81, 'knative': 19}
2026-09-12 09:57:55 [info     ] algorithm2_scaling_decision    action=MAINTAIN alpha=0.060060060060060066 beta=0.0 buffer=1.0 current_replicas=6 predicted_load=134.26965516544382 required_resources=8.064 target_replicas=6
2026-09-12 09:57:55 [info     ] algorithm2_decision            action=MAINTAIN applied_target=6 current_replicas=6 hold_until=1789181875.0 observed_load=134.27 observed_target=6 point_forecasts=[112.25648498535156, 107.806884765625, 105.74536895751953, 103.16239929199219, 100.69470977783203, 100.62178039550781, 98.88874053955078, 98.73538970947266, 94.7696304321289] prediction_age_sec=0.1 predictive_target=6 proactive=False scenario=s4-hybrid-predictive target_replicas=6 upper_forecasts=[167.15310668945312, 167.53077697753906, 164.8431854248047, 162.3798370361328, 160.37109375, 160.36318969726562, 159.0210723876953, 158.64036560058594, 154.84901428222656]
2026-09-12 09:57:55 [debug    ] Decision loop completed        action=RECOVERY latency_ms=147.21 p99=398.0
2026-09-12 09:58:10 [debug    ] HAProxy fallback latency       delta_requests=1785 interval_avg_ms=66.0 max_rtime_ms=398.0 p99_est=132.0
2026-09-12 09:58:10 [debug    ] GRU prediction received        confidence=0.6 latency_ms=4.85 predicted=168
2026-09-12 09:58:10 [debug    ] Using GRU prediction           confidence=0.6 forecast_capacity_signal=168.0 predicted=168 required_steps=4
2026-09-12 09:58:10 [info     ] controller_decision_v3         action=RECOVERY available_replicas=6 budget_remaining=989 burn_adjustment=0 burst_ratio=0.1532 capacity_deficit=False confidence=0.6 current_load=117.97709161857242 decision_id=e7e0b670 k8s_capacity=99.9 k8s_weight=84 knative_weight=16 p99=132.0 predicted_load=168 r_effective=16.6 serverless_enabled=True total_load=118.0 weights_after={'k3s': 84, 'knative': 16} weights_before={'k3s': 81, 'knative': 19}
2026-09-12 09:58:10 [info     ] Weights updated                k3s=84 knative=16
2026-09-12 09:58:10 [info     ] Weights updated                action=RECOVERY reason='load=118RPS | k8s_cap=100RPS | (reducing-serverless)' weights={'k3s': 84, 'knative': 16}
2026-09-12 09:58:10 [info     ] algorithm2_scaling_decision    action=MAINTAIN alpha=0.060060060060060066 beta=0.0 buffer=1.0 current_replicas=6 predicted_load=120.3130122857626 required_resources=7.226 target_replicas=6
2026-09-12 09:58:10 [info     ] algorithm2_decision            action=MAINTAIN applied_target=6 current_replicas=6 hold_until=1789181875.0 observed_load=120.31 observed_target=6 point_forecasts=[112.39920806884766, 108.7261734008789, 106.24532318115234, 103.40127563476562, 101.40109252929688, 101.4754409790039, 99.58467102050781, 99.49102783203125, 95.60960388183594] prediction_age_sec=0.09 predictive_target=6 proactive=False scenario=s4-hybrid-predictive target_replicas=6 upper_forecasts=[167.2958221435547, 168.45005798339844, 165.3431396484375, 162.61871337890625, 161.0774688720703, 161.2168426513672, 159.7169952392578, 159.39601135253906, 155.68899536132812]
2026-09-12 09:58:10 [debug    ] Decision loop completed        action=RECOVERY latency_ms=132.16 p99=132.0
2026-09-12 09:58:25 [debug    ] HAProxy fallback latency       delta_requests=1821 interval_avg_ms=93.94 max_rtime_ms=398.0 p99_est=187.88
2026-09-12 09:58:25 [debug    ] GRU prediction received        confidence=0.6 latency_ms=3.35 predicted=169
2026-09-12 09:58:25 [debug    ] Using GRU prediction           confidence=0.6 forecast_capacity_signal=169.0 predicted=169 required_steps=4
2026-09-12 09:58:25 [info     ] controller_decision_v3         action=PREDICTIVE available_replicas=6 budget_remaining=989 burn_adjustment=0 burst_ratio=0.1694 capacity_deficit=False confidence=0.6 current_load=120.26985288796773 decision_id=e03bd5bf k8s_capacity=99.9 k8s_weight=83 knative_weight=17 p99=187.9 predicted_load=169 r_effective=16.6 serverless_enabled=True total_load=120.3 weights_after={'k3s': 83, 'knative': 17} weights_before={'k3s': 84, 'knative': 16}
2026-09-12 09:58:25 [info     ] Weights updated                k3s=83 knative=17
2026-09-12 09:58:25 [info     ] Weights updated                action=PREDICTIVE reason='load=120RPS | k8s_cap=100RPS | (prediction-driven)' weights={'k3s': 83, 'knative': 17}
2026-09-12 09:58:25 [info     ] algorithm2_scaling_decision    action=MAINTAIN alpha=0.060060060060060066 beta=0.0 buffer=1.0 current_replicas=6 predicted_load=119.12347225327008 required_resources=7.155 target_replicas=6
2026-09-12 09:58:25 [info     ] algorithm2_decision            action=MAINTAIN applied_target=6 current_replicas=6 hold_until=1789181875.0 observed_load=119.12 observed_target=6 point_forecasts=[113.153564453125, 109.68080139160156, 106.74697875976562, 104.5646743774414, 102.59680938720703, 102.83421325683594, 101.05817413330078, 100.98351287841797, 97.25114440917969] prediction_age_sec=0.06 predictive_target=6 proactive=False scenario=s4-hybrid-predictive target_replicas=6 upper_forecasts=[168.05018615722656, 169.40469360351562, 165.84478759765625, 163.7821044921875, 162.273193359375, 162.57562255859375, 161.1905059814453, 160.88848876953125, 157.33053588867188]
2026-09-12 09:58:25 [debug    ] Decision loop completed        action=PREDICTIVE latency_ms=103.91 p99=187.87808896210873
2026-09-12 09:58:40 [debug    ] HAProxy fallback latency       delta_requests=1816 interval_avg_ms=37.98 max_rtime_ms=398.0 p99_est=75.97
2026-09-12 09:58:40 [debug    ] GRU prediction received        confidence=0.6 latency_ms=3.64 predicted=170
2026-09-12 09:58:40 [debug    ] Using GRU prediction           confidence=0.6 forecast_capacity_signal=170.0 predicted=170 required_steps=4
2026-09-12 09:58:41 [info     ] algorithm2_scaling_decision    action=MAINTAIN alpha=0.060060060060060066 beta=0.0 buffer=1.0 current_replicas=6 predicted_load=120.25305621562995 required_resources=7.222 target_replicas=6
2026-09-12 09:58:41 [info     ] algorithm2_decision            action=MAINTAIN applied_target=6 current_replicas=6 hold_until=1789181875.0 observed_load=120.25 observed_target=6 point_forecasts=[112.95124816894531, 109.78059387207031, 106.95556640625, 105.58724212646484, 103.45751190185547, 103.72300720214844, 102.27906036376953, 102.15567016601562, 98.61565399169922] prediction_age_sec=0.06 predictive_target=6 proactive=False scenario=s4-hybrid-predictive target_replicas=6 upper_forecasts=[167.84786987304688, 169.50448608398438, 166.05337524414062, 164.8046875, 163.13388061523438, 163.46441650390625, 162.41139221191406, 162.06065368652344, 158.69503784179688]
2026-09-12 09:58:41 [debug    ] Decision loop completed        action=MAINTAIN latency_ms=101.81 p99=75.96806167400881
2026-09-12 09:58:56 [debug    ] HAProxy fallback latency       delta_requests=1787 interval_avg_ms=126.97 max_rtime_ms=398.0 p99_est=253.95
2026-09-12 09:58:56 [debug    ] GRU prediction received        confidence=0.6 latency_ms=3.31 predicted=169
2026-09-12 09:58:56 [debug    ] Using GRU prediction           confidence=0.6 forecast_capacity_signal=169.0 predicted=169 required_steps=4
2026-09-12 09:58:56 [info     ] controller_decision_v3         action=RECOVERY available_replicas=6 budget_remaining=988 burn_adjustment=0 burst_ratio=0.1557 capacity_deficit=False confidence=0.6 current_load=118.32537497775249 decision_id=f0c2632f k8s_capacity=99.9 k8s_weight=84 knative_weight=16 p99=253.9 predicted_load=169 r_effective=16.6 serverless_enabled=True total_load=118.3 weights_after={'k3s': 84, 'knative': 16} weights_before={'k3s': 83, 'knative': 17}
2026-09-12 09:58:56 [info     ] Weights updated                k3s=84 knative=16
2026-09-12 09:58:56 [info     ] Weights updated                action=RECOVERY reason='load=118RPS | k8s_cap=100RPS | (reducing-serverless)' weights={'k3s': 84, 'knative': 16}
2026-09-12 09:58:56 [info     ] algorithm2_scaling_decision    action=MAINTAIN alpha=0.060060060060060066 beta=0.0 buffer=1.0 current_replicas=6 predicted_load=119.28081726052233 required_resources=7.164 target_replicas=6
2026-09-12 09:58:56 [info     ] algorithm2_decision            action=MAINTAIN applied_target=6 current_replicas=6 hold_until=1789181875.0 observed_load=119.28 observed_target=6 point_forecasts=[112.31291198730469, 109.63294982910156, 107.16617584228516, 106.23861694335938, 104.09203338623047, 104.32855224609375, 103.08928680419922, 103.0768051147461, 99.69012451171875] prediction_age_sec=0.09 predictive_target=6 proactive=False scenario=s4-hybrid-predictive target_replicas=6 upper_forecasts=[167.20953369140625, 169.35684204101562, 166.2639923095703, 165.4560546875, 163.76840209960938, 164.0699462890625, 163.22161865234375, 162.98178100585938, 159.76950073242188]
2026-09-12 09:58:56 [debug    ] Decision loop completed        action=RECOVERY latency_ms=134.33 p99=253.94739787353106
2026-09-12 09:59:11 [debug    ] GRU prediction received        confidence=0.6 latency_ms=3.78 predicted=167
2026-09-12 09:59:11 [debug    ] Using GRU prediction           confidence=0.6 forecast_capacity_signal=167.0 predicted=167 required_steps=4
2026-09-12 09:59:11 [info     ] controller_decision_v3         action=RECOVERY available_replicas=6 budget_remaining=987 burn_adjustment=0 burst_ratio=0.0296 capacity_deficit=False confidence=0.6 current_load=102.9462862328444 decision_id=ebb76f8d k8s_capacity=99.9 k8s_weight=97 knative_weight=3 p99=253.9 predicted_load=167 r_effective=16.6 serverless_enabled=True total_load=102.9 weights_after={'k3s': 97, 'knative': 3} weights_before={'k3s': 84, 'knative': 16}
2026-09-12 09:59:11 [info     ] Weights updated                k3s=97 knative=3
2026-09-12 09:59:11 [info     ] Weights updated                action=RECOVERY reason='load=103RPS | k8s_cap=100RPS | (reducing-serverless)' weights={'k3s': 97, 'knative': 3}
2026-09-12 09:59:11 [info     ] algorithm2_scaling_decision    action=MAINTAIN alpha=0.060060060060060066 beta=0.0 buffer=1.0 current_replicas=6 predicted_load=110.63583060529845 required_resources=6.645 target_replicas=6
2026-09-12 09:59:11 [info     ] algorithm2_decision            action=MAINTAIN applied_target=6 current_replicas=6 hold_until=1789181875.0 observed_load=110.64 observed_target=6 point_forecasts=[107.15946960449219, 107.4103012084961, 106.23967742919922, 105.16780090332031, 103.82059478759766, 103.6810073852539, 103.01371002197266, 102.93053436279297, 100.15047454833984] prediction_age_sec=0.09 predictive_target=6 proactive=False scenario=s4-hybrid-predictive target_replicas=6 upper_forecasts=[162.05609130859375, 167.13418579101562, 165.33749389648438, 164.38523864746094, 163.49697875976562, 163.4224090576172, 163.1460418701172, 162.83551025390625, 160.2298583984375]
2026-09-12 09:59:11 [debug    ] Decision loop completed        action=RECOVERY latency_ms=131.61 p99=253.94739787353106
2026-09-12 09:59:26 [debug    ] HAProxy fallback latency       delta_requests=1262 interval_avg_ms=66.0 max_rtime_ms=398.0 p99_est=132.0
2026-09-12 09:59:26 [debug    ] GRU prediction received        confidence=0.6 latency_ms=3.81 predicted=163
2026-09-12 09:59:26 [debug    ] Using GRU prediction           confidence=0.6 forecast_capacity_signal=163.0 predicted=163 required_steps=4
2026-09-12 09:59:26 [info     ] controller_decision_v3         action=RECOVERY available_replicas=6 budget_remaining=987 burn_adjustment=0 burst_ratio=0 capacity_deficit=False confidence=0.6 current_load=83.46610210069986 decision_id=ecae2866 k8s_capacity=99.9 k8s_weight=100 knative_weight=0 p99=132.0 predicted_load=163 r_effective=16.6 serverless_enabled=False total_load=83.5 weights_after={'k3s': 100, 'knative': 0} weights_before={'k3s': 97, 'knative': 3}
2026-09-12 09:59:26 [info     ] Weights updated                k3s=100 knative=0
2026-09-12 09:59:26 [info     ] Weights updated                action=RECOVERY reason='load=83RPS | k8s_cap=100RPS | (reducing-serverless)' weights={'k3s': 100, 'knative': 0}
2026-09-12 09:59:26 [info     ] algorithm2_scaling_decision    action=MAINTAIN alpha=0.060060060060060066 beta=0.0 buffer=1.0 current_replicas=6 predicted_load=93.20619416677212 required_resources=5.598 target_replicas=6
2026-09-12 09:59:26 [info     ] algorithm2_decision            action=MAINTAIN applied_target=6 current_replicas=6 hold_until=1789181875.0 observed_load=93.21 observed_target=6 point_forecasts=[98.72881317138672, 102.85407257080078, 103.81861877441406, 102.86026763916016, 102.43626403808594, 101.92523956298828, 101.64069366455078, 101.89169311523438, 100.89297485351562] prediction_age_sec=0.09 predictive_target=6 proactive=False scenario=s4-hybrid-predictive target_replicas=6 upper_forecasts=[153.62542724609375, 162.5779571533203, 162.91644287109375, 162.07769775390625, 162.11264038085938, 161.66664123535156, 161.7730255126953, 161.7966766357422, 160.97235107421875]
2026-09-12 09:59:26 [debug    ] Decision loop completed        action=RECOVERY latency_ms=128.93 p99=132.0
2026-09-12 09:59:41 [debug    ] HAProxy fallback latency       delta_requests=1121 interval_avg_ms=13.89 max_rtime_ms=398.0 p99_est=27.77
2026-09-12 09:59:41 [debug    ] GRU prediction received        confidence=0.6 latency_ms=3.93 predicted=162
2026-09-12 09:59:41 [debug    ] Using GRU prediction           confidence=0.6 forecast_capacity_signal=162.0 predicted=162 required_steps=4
2026-09-12 09:59:41 [info     ] algorithm2_scaling_decision    action=MAINTAIN alpha=0.060060060060060066 beta=0.0 buffer=1.0 current_replicas=6 predicted_load=162.0 required_resources=9.73 target_replicas=6
2026-09-12 09:59:41 [info     ] algorithm2_decision            action=MAINTAIN applied_target=6 current_replicas=6 hold_until=1789182071.5 observed_load=78.75 observed_target=5 point_forecasts=[92.55807495117188, 98.42973327636719, 100.49016571044922, 100.25682067871094, 100.49625396728516, 100.2709732055664, 99.96409606933594, 101.59603881835938, 101.11670684814453] prediction_age_sec=0.06 predictive_target=6 proactive=True scenario=s4-hybrid-predictive target_replicas=6 upper_forecasts=[147.45469665527344, 158.15362548828125, 159.58798217773438, 159.47425842285156, 160.17263793945312, 160.0123748779297, 160.09642028808594, 161.5010223388672, 161.1960906982422]
2026-09-12 09:59:41 [debug    ] Decision loop completed        action=MAINTAIN latency_ms=101.2 p99=27.77163247100803
2026-09-12 09:59:56 [debug    ] HAProxy fallback latency       delta_requests=1042 interval_avg_ms=65.0 max_rtime_ms=398.0 p99_est=130.0
2026-09-12 09:59:56 [debug    ] GRU prediction received        confidence=0.6 latency_ms=3.39 predicted=161
2026-09-12 09:59:56 [debug    ] Using GRU prediction           confidence=0.6 forecast_capacity_signal=161.0 predicted=161 required_steps=4
2026-09-12 09:59:56 [info     ] algorithm2_scaling_decision    action=MAINTAIN alpha=0.060060060060060066 beta=0.0 buffer=1.0 current_replicas=6 predicted_load=161.0 required_resources=9.67 target_replicas=6
2026-09-12 09:59:56 [info     ] algorithm2_decision            action=MAINTAIN applied_target=6 current_replicas=6 hold_until=1789182086.6 observed_load=71.55 observed_target=5 point_forecasts=[88.49600219726562, 94.86014556884766, 97.52735137939453, 98.2030029296875, 98.93016052246094, 98.94874572753906, 99.17687225341797, 101.37882232666016, 101.13346862792969] prediction_age_sec=0.06 predictive_target=6 proactive=True scenario=s4-hybrid-predictive target_replicas=6 upper_forecasts=[143.3926239013672, 154.5840301513672, 156.6251678466797, 157.42044067382812, 158.60653686523438, 158.69015502929688, 159.3092041015625, 161.28379821777344, 161.21286010742188]
2026-09-12 09:59:56 [debug    ] Decision loop completed        action=MAINTAIN latency_ms=105.42 p99=130.0
2026-09-12 10:00:11 [debug    ] HAProxy fallback latency       delta_requests=1171 interval_avg_ms=65.0 max_rtime_ms=398.0 p99_est=130.0
2026-09-12 10:00:11 [debug    ] GRU prediction received        confidence=0.6 latency_ms=4.21 predicted=162
2026-09-12 10:00:11 [debug    ] Using GRU prediction           confidence=0.6 forecast_capacity_signal=162.0 predicted=162 required_steps=4
2026-09-12 10:00:11 [info     ] algorithm2_scaling_decision    action=MAINTAIN alpha=0.060060060060060066 beta=0.0 buffer=1.0 current_replicas=6 predicted_load=162.0 required_resources=9.73 target_replicas=6
2026-09-12 10:00:11 [info     ] algorithm2_decision            action=MAINTAIN applied_target=6 current_replicas=6 hold_until=1789182101.7 observed_load=73.26 observed_target=5 point_forecasts=[90.2385025024414, 95.12580871582031, 97.15762329101562, 97.99716186523438, 98.66273498535156, 99.24711608886719, 100.08780670166016, 101.74727630615234, 101.21578979492188] prediction_age_sec=0.06 predictive_target=6 proactive=True scenario=s4-hybrid-predictive target_replicas=6 upper_forecasts=[145.13511657714844, 154.84970092773438, 156.25543212890625, 157.214599609375, 158.339111328125, 158.988525390625, 160.2201385498047, 161.65225219726562, 161.295166015625]
2026-09-12 10:00:11 [debug    ] Decision loop completed        action=MAINTAIN latency_ms=97.04 p99=130.0
2026-09-12 10:00:26 [debug    ] HAProxy fallback latency       delta_requests=1327 interval_avg_ms=158.38 max_rtime_ms=398.0 p99_est=316.77
2026-09-12 10:00:26 [debug    ] GRU prediction received        confidence=0.6 latency_ms=3.06 predicted=162
2026-09-12 10:00:26 [debug    ] Using GRU prediction           confidence=0.6 forecast_capacity_signal=162.0 predicted=162 required_steps=4
2026-09-12 10:00:26 [info     ] algorithm2_scaling_decision    action=MAINTAIN alpha=0.060060060060060066 beta=0.0 buffer=1.0 current_replicas=6 predicted_load=162.0 required_resources=9.73 target_replicas=6
2026-09-12 10:00:26 [info     ] algorithm2_decision            action=MAINTAIN applied_target=6 current_replicas=6 hold_until=1789182116.8 observed_load=82.71 observed_target=5 point_forecasts=[93.86060333251953, 96.69727325439453, 98.02680206298828, 98.95665740966797, 99.12670135498047, 100.1085433959961, 100.84664916992188, 102.19963836669922, 101.2567138671875] prediction_age_sec=0.06 predictive_target=6 proactive=True scenario=s4-hybrid-predictive target_replicas=6 upper_forecasts=[148.75721740722656, 156.42115783691406, 157.12461853027344, 158.17410278320312, 158.80307006835938, 159.84994506835938, 160.97897338867188, 162.1046142578125, 161.33609008789062]
2026-09-12 10:00:26 [debug    ] Decision loop completed        action=MAINTAIN latency_ms=101.85 p99=316.767143933685
2026-09-12 10:00:41 [debug    ] GRU prediction received        confidence=0.6 latency_ms=3.41 predicted=160
2026-09-12 10:00:41 [debug    ] Using GRU prediction           confidence=0.6 forecast_capacity_signal=160.0 predicted=160 required_steps=4
2026-09-12 10:00:41 [info     ] algorithm2_scaling_decision    action=MAINTAIN alpha=0.060060060060060066 beta=0.0 buffer=1.0 current_replicas=6 predicted_load=160.0 required_resources=9.61 target_replicas=6
2026-09-12 10:00:41 [info     ] algorithm2_decision            action=MAINTAIN applied_target=6 current_replicas=6 hold_until=1789182131.9 observed_load=80.4 observed_target=5 point_forecasts=[88.2911376953125, 93.11397552490234, 95.57730102539062, 96.5784683227539, 97.47311401367188, 98.10913848876953, 98.42444610595703, 99.94676208496094, 99.88226318359375] prediction_age_sec=0.06 predictive_target=6 proactive=True scenario=s4-hybrid-predictive target_replicas=6 upper_forecasts=[143.18775939941406, 152.83786010742188, 154.67510986328125, 155.7958984375, 157.1494903564453, 157.8505401611328, 158.55677795410156, 159.85174560546875, 159.96163940429688]
2026-09-12 10:00:41 [debug    ] Decision loop completed        action=MAINTAIN latency_ms=105.09 p99=316.767143933685
2026-09-12 10:00:56 [debug    ] HAProxy fallback latency       delta_requests=779 interval_avg_ms=65.0 max_rtime_ms=398.0 p99_est=130.0
2026-09-12 10:00:56 [debug    ] GRU prediction received        confidence=0.6 latency_ms=4.33 predicted=157
2026-09-12 10:00:56 [debug    ] Using GRU prediction           confidence=0.6 forecast_capacity_signal=157.0 predicted=157 required_steps=4
2026-09-12 10:00:57 [info     ] algorithm2_scaling_decision    action=MAINTAIN alpha=0.060060060060060066 beta=0.0 buffer=1.0 current_replicas=6 predicted_load=157.0 required_resources=9.429 target_replicas=6
2026-09-12 10:00:57 [info     ] algorithm2_decision            action=MAINTAIN applied_target=6 current_replicas=6 hold_until=1789182147.0 observed_load=62.27 observed_target=4 point_forecasts=[79.17915344238281, 86.42863464355469, 90.6952133178711, 91.87525177001953, 93.669189453125, 93.75968170166016, 93.62580871582031, 96.4591293334961, 96.83329772949219] prediction_age_sec=0.06 predictive_target=6 proactive=True scenario=s4-hybrid-predictive target_replicas=6 upper_forecasts=[134.07577514648438, 146.15252685546875, 149.79302978515625, 151.09268188476562, 153.34556579589844, 153.50108337402344, 153.7581329345703, 156.36410522460938, 156.91268920898438]
2026-09-12 10:00:57 [debug    ] Decision loop completed        action=MAINTAIN latency_ms=102.08 p99=130.0
2026-09-12 10:01:12 [debug    ] GRU prediction received        confidence=0.6 latency_ms=3.81 predicted=153
2026-09-12 10:01:12 [debug    ] Using GRU prediction           confidence=0.6 forecast_capacity_signal=153.0 predicted=153 required_steps=4
2026-09-12 10:01:12 [info     ] algorithm2_scaling_decision    action=MAINTAIN alpha=0.060060060060060066 beta=0.0 buffer=1.0 current_replicas=6 predicted_load=153.0 required_resources=9.189 target_replicas=6
2026-09-12 10:01:12 [info     ] algorithm2_decision            action=MAINTAIN applied_target=6 current_replicas=6 hold_until=1789182162.1 observed_load=49.13 observed_target=3 point_forecasts=[74.4875259399414, 81.51679229736328, 86.02862548828125, 87.2328872680664, 89.47581481933594, 89.29712677001953, 89.82478332519531, 92.73124694824219, 92.78150939941406] prediction_age_sec=0.06 predictive_target=6 proactive=True scenario=s4-hybrid-predictive target_replicas=6 upper_forecasts=[129.38414001464844, 141.2406768798828, 145.12643432617188, 146.4503173828125, 149.15219116210938, 149.0385284423828, 149.9571075439453, 152.63623046875, 152.86090087890625]
2026-09-12 10:01:12 [debug    ] Decision loop completed        action=MAINTAIN latency_ms=97.5 p99=130.0
2026-09-12 10:01:27 [debug    ] HAProxy fallback latency       delta_requests=693 interval_avg_ms=158.14 max_rtime_ms=398.0 p99_est=316.27
2026-09-12 10:01:27 [debug    ] GRU prediction received        confidence=0.6 latency_ms=3.78 predicted=150
2026-09-12 10:01:27 [debug    ] Using GRU prediction           confidence=0.6 forecast_capacity_signal=150.0 predicted=150 required_steps=4
2026-09-12 10:01:27 [info     ] algorithm2_scaling_decision    action=MAINTAIN alpha=0.060060060060060066 beta=0.0 buffer=1.0 current_replicas=6 predicted_load=150.0 required_resources=9.009 target_replicas=6
2026-09-12 10:01:27 [info     ] algorithm2_decision            action=MAINTAIN applied_target=6 current_replicas=6 hold_until=1789182177.2 observed_load=46.23 observed_target=3 point_forecasts=[72.56855010986328, 78.8452377319336, 83.2146987915039, 84.27800750732422, 86.78746032714844, 86.89036560058594, 88.0009765625, 90.44416809082031, 90.39227294921875] prediction_age_sec=0.06 predictive_target=6 proactive=True scenario=s4-hybrid-predictive target_replicas=6 upper_forecasts=[127.46516418457031, 138.56912231445312, 142.31251525878906, 143.49545288085938, 146.46383666992188, 146.63177490234375, 148.13330078125, 150.34915161132812, 150.47164916992188]
2026-09-12 10:01:27 [debug    ] Decision loop completed        action=MAINTAIN latency_ms=100.97 p99=316.2712842712843
2026-09-12 10:01:42 [debug    ] GRU prediction received        confidence=0.6 latency_ms=3.88 predicted=149
2026-09-12 10:01:42 [debug    ] Using GRU prediction           confidence=0.6 forecast_capacity_signal=149.0 predicted=149 required_steps=4
2026-09-12 10:01:42 [info     ] algorithm2_scaling_decision    action=MAINTAIN alpha=0.060060060060060066 beta=0.0 buffer=1.0 current_replicas=6 predicted_load=149.0 required_resources=8.949 target_replicas=6
2026-09-12 10:01:42 [info     ] algorithm2_decision            action=MAINTAIN applied_target=6 current_replicas=6 hold_until=1789182192.3 observed_load=44.64 observed_target=3 point_forecasts=[70.44187927246094, 76.56523132324219, 80.990478515625, 82.17193603515625, 84.84235382080078, 85.33412170410156, 86.74064636230469, 88.84662628173828, 88.93080139160156] prediction_age_sec=0.06 predictive_target=6 proactive=True scenario=s4-hybrid-predictive target_replicas=6 upper_forecasts=[125.3385009765625, 136.28912353515625, 140.08828735351562, 141.38937377929688, 144.51873779296875, 145.07553100585938, 146.8729705810547, 148.75160217285156, 149.01019287109375]
2026-09-12 10:01:42 [debug    ] Decision loop completed        action=MAINTAIN latency_ms=101.21 p99=316.2712842712843
2026-09-12 10:01:57 [debug    ] HAProxy fallback latency       delta_requests=631 interval_avg_ms=64.0 max_rtime_ms=398.0 p99_est=128.0
2026-09-12 10:01:57 [debug    ] GRU prediction received        confidence=0.6 latency_ms=3.11 predicted=148
2026-09-12 10:01:57 [debug    ] Using GRU prediction           confidence=0.6 forecast_capacity_signal=148.0 predicted=148 required_steps=4
2026-09-12 10:01:57 [info     ] algorithm2_scaling_decision    action=MAINTAIN alpha=0.060060060060060066 beta=0.0 buffer=1.0 current_replicas=6 predicted_load=148.0 required_resources=8.889 target_replicas=6
2026-09-12 10:01:57 [info     ] algorithm2_decision            action=MAINTAIN applied_target=6 current_replicas=6 hold_until=1789182207.4 observed_load=42.58 observed_target=3 point_forecasts=[68.8270034790039, 74.82102966308594, 79.2412109375, 80.6163558959961, 83.43523406982422, 84.14839172363281, 85.7199935913086, 87.58685302734375, 87.87340545654297] prediction_age_sec=0.06 predictive_target=6 proactive=True scenario=s4-hybrid-predictive target_replicas=6 upper_forecasts=[123.72361755371094, 134.544921875, 138.33901977539062, 139.83380126953125, 143.11160278320312, 143.88980102539062, 145.85232543945312, 147.49183654785156, 147.95278930664062]
2026-09-12 10:01:57 [debug    ] Decision loop completed        action=MAINTAIN latency_ms=98.44 p99=128.0
2026-09-12 10:02:12 [debug    ] HAProxy fallback latency       delta_requests=827 interval_avg_ms=64.0 max_rtime_ms=398.0 p99_est=128.0
2026-09-12 10:02:12 [debug    ] GRU prediction received        confidence=0.6 latency_ms=3.72 predicted=149
2026-09-12 10:02:12 [debug    ] Using GRU prediction           confidence=0.6 forecast_capacity_signal=149.0 predicted=149 required_steps=4
2026-09-12 10:02:12 [info     ] algorithm2_scaling_decision    action=MAINTAIN alpha=0.060060060060060066 beta=0.0 buffer=1.0 current_replicas=6 predicted_load=149.0 required_resources=8.949 target_replicas=6
2026-09-12 10:02:12 [info     ] algorithm2_decision            action=MAINTAIN applied_target=6 current_replicas=6 hold_until=1789182222.5 observed_load=48.25 observed_target=3 point_forecasts=[73.23860931396484, 77.71710205078125, 81.61697387695312, 82.61700439453125, 85.25919342041016, 85.74140930175781, 87.75684356689453, 89.09230041503906, 89.17816162109375] prediction_age_sec=0.06 predictive_target=6 proactive=True scenario=s4-hybrid-predictive target_replicas=6 upper_forecasts=[128.13522338867188, 137.4409942626953, 140.71478271484375, 141.83444213867188, 144.93557739257812, 145.48281860351562, 147.88917541503906, 148.99728393554688, 149.25753784179688]
2026-09-12 10:02:12 [debug    ] Decision loop completed        action=MAINTAIN latency_ms=100.89 p99=128.0
2026-09-12 10:02:27 [debug    ] HAProxy fallback latency       delta_requests=1054 interval_avg_ms=128.9 max_rtime_ms=398.0 p99_est=257.8
2026-09-12 10:02:27 [debug    ] GRU prediction received        confidence=0.6 latency_ms=3.64 predicted=153
2026-09-12 10:02:27 [debug    ] Using GRU prediction           confidence=0.6 forecast_capacity_signal=153.0 predicted=153 required_steps=4
2026-09-12 10:02:27 [info     ] algorithm2_scaling_decision    action=MAINTAIN alpha=0.060060060060060066 beta=0.0 buffer=1.0 current_replicas=6 predicted_load=153.0 required_resources=9.189 target_replicas=6
2026-09-12 10:02:27 [info     ] algorithm2_decision            action=MAINTAIN applied_target=6 current_replicas=6 hold_until=1789182237.6 observed_load=62.25 observed_target=4 point_forecasts=[80.41302490234375, 83.6174087524414, 87.210205078125, 87.37077331542969, 90.07544708251953, 90.5569076538086, 92.23711395263672, 93.16873931884766, 92.76984405517578] prediction_age_sec=0.06 predictive_target=6 proactive=True scenario=s4-hybrid-predictive target_replicas=6 upper_forecasts=[135.3096466064453, 143.34129333496094, 146.30801391601562, 146.5882110595703, 149.7518310546875, 150.29830932617188, 152.36944580078125, 153.07371520996094, 152.84922790527344]
2026-09-12 10:02:27 [debug    ] Decision loop completed        action=MAINTAIN latency_ms=97.68 p99=257.7969639468691
2026-09-12 10:02:42 [debug    ] HAProxy fallback latency       delta_requests=1075 interval_avg_ms=65.0 max_rtime_ms=398.0 p99_est=130.0
2026-09-12 10:02:42 [debug    ] GRU prediction received        confidence=0.6 latency_ms=4.21 predicted=154
2026-09-12 10:02:42 [debug    ] Using GRU prediction           confidence=0.6 forecast_capacity_signal=154.0 predicted=154 required_steps=4
2026-09-12 10:02:42 [info     ] algorithm2_scaling_decision    action=MAINTAIN alpha=0.060060060060060066 beta=0.0 buffer=1.0 current_replicas=6 predicted_load=154.0 required_resources=9.249 target_replicas=6
2026-09-12 10:02:42 [info     ] algorithm2_decision            action=MAINTAIN applied_target=6 current_replicas=6 hold_until=1789182252.7 observed_load=70.5 observed_target=5 point_forecasts=[82.51439666748047, 85.74739074707031, 89.33174896240234, 89.54115295410156, 92.13919830322266, 92.45230102539062, 93.311767578125, 94.46321868896484, 94.26138305664062] prediction_age_sec=0.06 predictive_target=6 proactive=True scenario=s4-hybrid-predictive target_replicas=6 upper_forecasts=[137.4110107421875, 145.47128295898438, 148.4295654296875, 148.7585906982422, 151.81558227539062, 152.19369506835938, 153.444091796875, 154.36819458007812, 154.34075927734375]
2026-09-12 10:02:42 [debug    ] Decision loop completed        action=MAINTAIN latency_ms=101.93 p99=130.0
2026-09-12 10:02:57 [debug    ] HAProxy fallback latency       delta_requests=1050 interval_avg_ms=65.0 max_rtime_ms=398.0 p99_est=130.0
2026-09-12 10:02:57 [debug    ] GRU prediction received        confidence=0.6 latency_ms=3.19 predicted=153
2026-09-12 10:02:57 [debug    ] Using GRU prediction           confidence=0.6 forecast_capacity_signal=153.0 predicted=153 required_steps=4
2026-09-12 10:02:57 [info     ] algorithm2_scaling_decision    action=MAINTAIN alpha=0.060060060060060066 beta=0.0 buffer=1.0 current_replicas=6 predicted_load=153.0 required_resources=9.189 target_replicas=6
2026-09-12 10:02:57 [info     ] algorithm2_decision            action=MAINTAIN applied_target=6 current_replicas=6 hold_until=1789182267.8 observed_load=70.36 observed_target=5 point_forecasts=[81.56539916992188, 84.59663391113281, 87.90779113769531, 88.76289367675781, 90.89618682861328, 90.56863403320312, 90.93750762939453, 92.31362915039062, 92.46727752685547] prediction_age_sec=0.06 predictive_target=6 proactive=True scenario=s4-hybrid-predictive target_replicas=6 upper_forecasts=[136.46202087402344, 144.32052612304688, 147.005615234375, 147.98033142089844, 150.57257080078125, 150.31002807617188, 151.06983947753906, 152.21861267089844, 152.54666137695312]
2026-09-12 10:02:57 [debug    ] Decision loop completed        action=MAINTAIN latency_ms=104.74 p99=130.0
2026-09-12 10:03:12 [debug    ] HAProxy fallback latency       delta_requests=1070 interval_avg_ms=65.0 max_rtime_ms=398.0 p99_est=130.0
2026-09-12 10:03:12 [debug    ] GRU prediction received        confidence=0.6 latency_ms=3.73 predicted=151
2026-09-12 10:03:12 [debug    ] Using GRU prediction           confidence=0.6 forecast_capacity_signal=151.0 predicted=151 required_steps=4
2026-09-12 10:03:12 [info     ] algorithm2_scaling_decision    action=MAINTAIN alpha=0.060060060060060066 beta=0.0 buffer=1.0 current_replicas=6 predicted_load=151.0 required_resources=9.069 target_replicas=6
2026-09-12 10:03:12 [info     ] algorithm2_decision            action=MAINTAIN applied_target=6 current_replicas=6 hold_until=1789182282.9 observed_load=70.18 observed_target=5 point_forecasts=[81.50282287597656, 84.18678283691406, 86.89439392089844, 88.02483367919922, 89.52403259277344, 88.99234771728516, 89.16168212890625, 90.54554748535156, 90.94645690917969] prediction_age_sec=0.06 predictive_target=6 proactive=True scenario=s4-hybrid-predictive target_replicas=6 upper_forecasts=[136.39944458007812, 143.91067504882812, 145.99221801757812, 147.24227905273438, 149.20040893554688, 148.73374938964844, 149.29400634765625, 150.45053100585938, 151.02584838867188]
2026-09-12 10:03:12 [debug    ] Decision loop completed        action=MAINTAIN latency_ms=103.29 p99=130.0
2026-09-12 10:03:27 [debug    ] HAProxy fallback latency       delta_requests=1125 interval_avg_ms=65.0 max_rtime_ms=398.0 p99_est=130.0
2026-09-12 10:03:27 [debug    ] GRU prediction received        confidence=0.6 latency_ms=4.21 predicted=151
2026-09-12 10:03:27 [debug    ] Using GRU prediction           confidence=0.6 forecast_capacity_signal=151.0 predicted=151 required_steps=4
2026-09-12 10:03:28 [info     ] algorithm2_scaling_decision    action=MAINTAIN alpha=0.060060060060060066 beta=0.0 buffer=1.0 current_replicas=6 predicted_load=151.0 required_resources=9.069 target_replicas=6
2026-09-12 10:03:28 [info     ] algorithm2_decision            action=MAINTAIN applied_target=6 current_replicas=6 hold_until=1789182298.0 observed_load=72.63 observed_target=5 point_forecasts=[83.0478286743164, 85.18689727783203, 87.63400268554688, 88.59999084472656, 89.74988555908203, 89.09668731689453, 89.30513763427734, 90.55042266845703, 91.1025619506836] prediction_age_sec=0.06 predictive_target=6 proactive=True scenario=s4-hybrid-predictive target_replicas=6 upper_forecasts=[137.94444274902344, 144.91078186035156, 146.7318115234375, 147.8174285888672, 149.42626953125, 148.8380889892578, 149.43746948242188, 150.4553985595703, 151.18194580078125]
2026-09-12 10:03:28 [debug    ] Decision loop completed        action=MAINTAIN latency_ms=101.11 p99=130.0
2026-09-12 10:03:43 [debug    ] HAProxy fallback latency       delta_requests=1385 interval_avg_ms=118.51 max_rtime_ms=398.0 p99_est=237.02
2026-09-12 10:03:43 [debug    ] GRU prediction received        confidence=0.6 latency_ms=4.5 predicted=154
2026-09-12 10:03:43 [debug    ] Using GRU prediction           confidence=0.6 forecast_capacity_signal=154.0 predicted=154 required_steps=4
2026-09-12 10:03:43 [debug    ] Proactive amplification        amplified=154 approach_ratio=0.92 load_trend=5.1 raw_pred=154
2026-09-12 10:03:43 [info     ] algorithm2_scaling_decision    action=MAINTAIN alpha=0.060060060060060066 beta=0.0 buffer=1.0 current_replicas=6 predicted_load=154.0 required_resources=9.249 target_replicas=6
2026-09-12 10:03:43 [info     ] algorithm2_decision            action=MAINTAIN applied_target=6 current_replicas=6 hold_until=1789182313.1 observed_load=83.03 observed_target=5 point_forecasts=[90.17259979248047, 90.1568832397461, 91.81289672851562, 92.3477554321289, 93.0307388305664, 92.06901550292969, 92.45881652832031, 93.16146850585938, 93.59152221679688] prediction_age_sec=0.07 predictive_target=6 proactive=True scenario=s4-hybrid-predictive target_replicas=6 upper_forecasts=[145.0692138671875, 149.88076782226562, 150.91070556640625, 151.565185546875, 152.70712280273438, 151.8104248046875, 152.5911407470703, 153.0664520263672, 153.6708984375]
2026-09-12 10:03:43 [debug    ] Decision loop completed        action=MAINTAIN latency_ms=117.48 p99=237.01516245487363
2026-09-12 10:03:58 [debug    ] HAProxy fallback latency       delta_requests=1634 interval_avg_ms=158.71 max_rtime_ms=398.0 p99_est=317.41
2026-09-12 10:03:58 [debug    ] GRU prediction received        confidence=0.6 latency_ms=3.69 predicted=157
2026-09-12 10:03:58 [debug    ] Using GRU prediction           confidence=0.6 forecast_capacity_signal=157.3 predicted=157 required_steps=4
2026-09-12 10:03:58 [debug    ] Proactive amplification        amplified=194.9 approach_ratio=1.08 load_trend=9.6 raw_pred=157
2026-09-12 10:03:58 [warning  ] Knative pre-warm non-200       status=404
2026-09-12 10:03:58 [info     ] controller_decision_v3         action=PREDICTIVE available_replicas=6 budget_remaining=980 burn_adjustment=0 burst_ratio=0.0758 capacity_deficit=False confidence=0.6 current_load=108.0944533441543 decision_id=00958403 k8s_capacity=99.9 k8s_weight=92 knative_weight=8 p99=317.4 predicted_load=157 r_effective=16.6 serverless_enabled=True total_load=108.1 weights_after={'k3s': 92, 'knative': 8} weights_before={'k3s': 100, 'knative': 0}
2026-09-12 10:03:58 [info     ] Weights updated                k3s=92 knative=8
2026-09-12 10:03:58 [info     ] Weights updated                action=PREDICTIVE reason='load=108RPS | k8s_cap=100RPS | (prediction-driven)' weights={'k3s': 92, 'knative': 8}
2026-09-12 10:03:58 [info     ] algorithm2_scaling_decision    action=MAINTAIN alpha=0.060060060060060066 beta=0.0 buffer=1.0 current_replicas=6 predicted_load=99.86866108304557 required_resources=5.998 target_replicas=6
2026-09-12 10:03:58 [info     ] algorithm2_decision            action=MAINTAIN applied_target=6 current_replicas=6 hold_until=1789182313.1 observed_load=99.87 observed_target=6 point_forecasts=[98.72674560546875, 96.19892120361328, 97.03173828125, 98.0621337890625, 97.81256866455078, 96.69371032714844, 96.63044738769531, 97.42337799072266, 96.98731994628906] prediction_age_sec=0.07 predictive_target=6 proactive=False scenario=s4-hybrid-predictive target_replicas=6 upper_forecasts=[153.6233673095703, 155.9228057861328, 156.12954711914062, 157.27957153320312, 157.48895263671875, 156.43511962890625, 156.7627716064453, 157.32835388183594, 157.06671142578125]
2026-09-12 10:03:58 [debug    ] Decision loop completed        action=PREDICTIVE latency_ms=108.35 p99=317.4149326805386
2026-09-12 10:04:13 [debug    ] HAProxy fallback latency       delta_requests=1457 interval_avg_ms=15.02 max_rtime_ms=398.0 p99_est=30.03
2026-09-12 10:04:13 [debug    ] GRU prediction received        confidence=0.6 latency_ms=4.66 predicted=159
2026-09-12 10:04:13 [debug    ] Using GRU prediction           confidence=0.6 forecast_capacity_signal=159.0 predicted=159 required_steps=4
2026-09-12 10:04:13 [debug    ] Proactive amplification        amplified=159 approach_ratio=0.97 load_trend=6.4 raw_pred=159
2026-09-12 10:04:13 [info     ] controller_decision_v3         action=RECOVERY available_replicas=6 budget_remaining=980 burn_adjustment=0 burst_ratio=0 capacity_deficit=False confidence=0.6 current_load=96.50031376473514 decision_id=8619b816 k8s_capacity=99.9 k8s_weight=100 knative_weight=0 p99=30.0 predicted_load=159 r_effective=16.6 serverless_enabled=False total_load=96.5 weights_after={'k3s': 100, 'knative': 0} weights_before={'k3s': 92, 'knative': 8}
2026-09-12 10:04:13 [info     ] Weights updated                k3s=100 knative=0
2026-09-12 10:04:13 [info     ] Weights updated                action=RECOVERY reason='load=97RPS | k8s_cap=100RPS | (reducing-serverless)' weights={'k3s': 100, 'knative': 0}
2026-09-12 10:04:13 [info     ] algorithm2_scaling_decision    action=MAINTAIN alpha=0.060060060060060066 beta=0.0 buffer=1.0 current_replicas=6 predicted_load=102.29738355444472 required_resources=6.144 target_replicas=6
2026-09-12 10:04:13 [info     ] algorithm2_decision            action=MAINTAIN applied_target=6 current_replicas=6 hold_until=1789182313.1 observed_load=102.3 observed_target=6 point_forecasts=[97.22840118408203, 97.12041473388672, 98.22908020019531, 99.21419525146484, 98.92646789550781, 97.91967010498047, 96.99774169921875, 98.37773132324219, 97.87401580810547] prediction_age_sec=0.1 predictive_target=6 proactive=False scenario=s4-hybrid-predictive target_replicas=6 upper_forecasts=[152.12501525878906, 156.84429931640625, 157.326904296875, 158.431640625, 158.60284423828125, 157.66107177734375, 157.13006591796875, 158.28271484375, 157.95339965820312]
2026-09-12 10:04:13 [debug    ] Decision loop completed        action=RECOVERY latency_ms=135.76 p99=30.03019903912148
2026-09-12 10:04:28 [debug    ] HAProxy fallback latency       delta_requests=1193 interval_avg_ms=1.29 max_rtime_ms=398.0 p99_est=2.58
2026-09-12 10:04:28 [debug    ] GRU prediction received        confidence=0.6 latency_ms=3.7 predicted=157
2026-09-12 10:04:28 [debug    ] Using GRU prediction           confidence=0.6 forecast_capacity_signal=157.0 predicted=157 required_steps=4
2026-09-12 10:04:28 [info     ] algorithm2_scaling_decision    action=MAINTAIN alpha=0.060060060060060066 beta=0.0 buffer=1.0 current_replicas=6 predicted_load=87.6923702790252 required_resources=5.267 target_replicas=6
2026-09-12 10:04:28 [info     ] algorithm2_decision            action=MAINTAIN applied_target=6 current_replicas=6 hold_until=1789182313.1 observed_load=87.69 observed_target=6 point_forecasts=[90.78732299804688, 93.83563995361328, 95.72148132324219, 96.15801239013672, 96.44286346435547, 95.7205581665039, 94.23467254638672, 95.87551879882812, 96.43194580078125] prediction_age_sec=0.06 predictive_target=6 proactive=False scenario=s4-hybrid-predictive target_replicas=6 upper_forecasts=[145.68394470214844, 153.5595245361328, 154.81930541992188, 155.37545776367188, 156.11923217773438, 155.4619598388672, 154.36700439453125, 155.78050231933594, 156.51132202148438]
2026-09-12 10:04:28 [debug    ] Decision loop completed        action=MAINTAIN latency_ms=101.05 p99=2.5800502933780387
2026-09-12 10:04:43 [debug    ] GRU prediction received        confidence=0.6 latency_ms=3.37 predicted=153
2026-09-12 10:04:43 [debug    ] Using GRU prediction           confidence=0.6 forecast_capacity_signal=153.0 predicted=153 required_steps=4
2026-09-12 10:04:43 [info     ] algorithm2_scaling_decision    action=MAINTAIN alpha=0.060060060060060066 beta=0.0 buffer=1.0 current_replicas=6 predicted_load=153.0 required_resources=9.189 target_replicas=6
2026-09-12 10:04:43 [info     ] algorithm2_decision            action=MAINTAIN applied_target=6 current_replicas=6 hold_until=1789182373.6 observed_load=70.27 observed_target=5 point_forecasts=[82.3420181274414, 86.70140075683594, 89.581787109375, 90.65435791015625, 91.30889892578125, 90.33854675292969, 89.30200958251953, 91.63108825683594, 92.5263900756836] prediction_age_sec=0.06 predictive_target=6 proactive=True scenario=s4-hybrid-predictive target_replicas=6 upper_forecasts=[137.23863220214844, 146.42529296875, 148.67959594726562, 149.87179565429688, 150.9852752685547, 150.0799560546875, 149.43434143066406, 151.53607177734375, 152.60577392578125]
2026-09-12 10:04:43 [debug    ] Decision loop completed        action=MAINTAIN latency_ms=104.44 p99=2.5800502933780387
2026-09-12 10:04:58 [debug    ] GRU prediction received        confidence=0.6 latency_ms=3.97 predicted=147
2026-09-12 10:04:58 [debug    ] Using GRU prediction           confidence=0.6 forecast_capacity_signal=147.0 predicted=147 required_steps=4
2026-09-12 10:04:58 [info     ] algorithm2_scaling_decision    action=MAINTAIN alpha=0.060060060060060066 beta=0.0 buffer=1.0 current_replicas=6 predicted_load=147.0 required_resources=8.829 target_replicas=6
2026-09-12 10:04:58 [info     ] algorithm2_decision            action=MAINTAIN applied_target=6 current_replicas=6 hold_until=1789182388.7 observed_load=54.0 observed_target=4 point_forecasts=[72.98515319824219, 78.46049499511719, 81.62068176269531, 83.1489486694336, 84.19007110595703, 83.57909393310547, 83.36351013183594, 85.69255065917969, 86.67950439453125] prediction_age_sec=0.06 predictive_target=6 proactive=True scenario=s4-hybrid-predictive target_replicas=6 upper_forecasts=[127.88177490234375, 138.18438720703125, 140.718505859375, 142.36639404296875, 143.866455078125, 143.32049560546875, 143.49583435058594, 145.5975341796875, 146.75888061523438]
2026-09-12 10:04:58 [debug    ] Decision loop completed        action=MAINTAIN latency_ms=103.25 p99=2.5800502933780387
2026-09-12 10:05:13 [debug    ] HAProxy fallback latency       delta_requests=658 interval_avg_ms=64.0 max_rtime_ms=398.0 p99_est=128.0
2026-09-12 10:05:13 [debug    ] GRU prediction received        confidence=0.6 latency_ms=3.75 predicted=141
2026-09-12 10:05:13 [debug    ] Using GRU prediction           confidence=0.6 forecast_capacity_signal=141.0 predicted=141 required_steps=4
2026-09-12 10:05:13 [info     ] algorithm2_scaling_decision    action=MAINTAIN alpha=0.060060060060060066 beta=0.0 buffer=1.0 current_replicas=6 predicted_load=141.0 required_resources=8.468 target_replicas=6
2026-09-12 10:05:13 [info     ] algorithm2_decision            action=MAINTAIN applied_target=6 current_replicas=6 hold_until=1789182403.8 observed_load=44.92 observed_target=3 point_forecasts=[67.88771057128906, 72.46051788330078, 75.09759521484375, 76.40118408203125, 77.94210815429688, 77.39566040039062, 78.42446899414062, 80.26325225830078, 81.33229064941406] prediction_age_sec=0.06 predictive_target=6 proactive=True scenario=s4-hybrid-predictive target_replicas=6 upper_forecasts=[122.78433227539062, 132.1844024658203, 134.19540405273438, 135.61862182617188, 137.6184844970703, 137.13705444335938, 138.55679321289062, 140.16822814941406, 141.41168212890625]
2026-09-12 10:05:13 [debug    ] Decision loop completed        action=MAINTAIN latency_ms=101.27 p99=128.0
2026-09-12 10:05:28 [debug    ] HAProxy fallback latency       delta_requests=664 interval_avg_ms=64.0 max_rtime_ms=398.0 p99_est=128.0
2026-09-12 10:05:28 [debug    ] GRU prediction received        confidence=0.6 latency_ms=3.44 predicted=137
2026-09-12 10:05:28 [debug    ] Using GRU prediction           confidence=0.6 forecast_capacity_signal=137.0 predicted=137 required_steps=4
2026-09-12 10:05:28 [info     ] algorithm2_scaling_decision    action=MAINTAIN alpha=0.060060060060060066 beta=0.0 buffer=1.0 current_replicas=6 predicted_load=137.0 required_resources=8.228 target_replicas=6
2026-09-12 10:05:28 [info     ] algorithm2_decision            action=MAINTAIN applied_target=6 current_replicas=6 hold_until=1789182418.9 observed_load=43.77 observed_target=3 point_forecasts=[64.13371276855469, 68.0018081665039, 70.50767517089844, 71.523193359375, 73.27677917480469, 73.2039566040039, 74.57025146484375, 75.91556549072266, 77.0546646118164] prediction_age_sec=0.06 predictive_target=6 proactive=True scenario=s4-hybrid-predictive target_replicas=6 upper_forecasts=[119.03033447265625, 127.72569274902344, 129.60549926757812, 130.74063110351562, 132.95315551757812, 132.9453582763672, 134.70257568359375, 135.82054138183594, 137.13404846191406]
2026-09-12 10:05:28 [debug    ] Decision loop completed        action=MAINTAIN latency_ms=98.25 p99=128.0
2026-09-12 10:05:43 [debug    ] HAProxy fallback latency       delta_requests=769 interval_avg_ms=277.56 max_rtime_ms=398.0 p99_est=398.0
2026-09-12 10:05:43 [debug    ] GRU prediction received        confidence=0.6 latency_ms=3.48 predicted=134
2026-09-12 10:05:43 [debug    ] Using GRU prediction           confidence=0.6 forecast_capacity_signal=134.0 predicted=134 required_steps=4
2026-09-12 10:05:43 [info     ] algorithm2_scaling_decision    action=MAINTAIN alpha=0.060060060060060066 beta=0.0 buffer=1.0 current_replicas=6 predicted_load=134.0 required_resources=8.048 target_replicas=6
2026-09-12 10:05:43 [info     ] algorithm2_decision            action=MAINTAIN applied_target=6 current_replicas=6 hold_until=1789182434.0 observed_load=47.45 observed_target=3 point_forecasts=[63.544517517089844, 66.25811004638672, 68.40313720703125, 69.16242980957031, 70.83073425292969, 70.79158020019531, 72.44712829589844, 73.31436157226562, 74.3314208984375] prediction_age_sec=0.06 predictive_target=6 proactive=True scenario=s4-hybrid-predictive target_replicas=6 upper_forecasts=[118.44113159179688, 125.98199462890625, 127.5009536743164, 128.37986755371094, 130.50711059570312, 130.53298950195312, 132.57945251464844, 133.21934509277344, 134.41079711914062]
2026-09-12 10:05:43 [debug    ] Decision loop completed        action=MAINTAIN latency_ms=96.96 p99=398.0
2026-09-12 10:05:59 [debug    ] GRU prediction received        confidence=0.6 latency_ms=3.93 predicted=132
2026-09-12 10:05:59 [debug    ] Using GRU prediction           confidence=0.6 forecast_capacity_signal=132.0 predicted=132 required_steps=4
2026-09-12 10:05:59 [info     ] algorithm2_scaling_decision    action=MAINTAIN alpha=0.060060060060060066 beta=0.0 buffer=1.0 current_replicas=6 predicted_load=132.0 required_resources=7.928 target_replicas=6
2026-09-12 10:05:59 [info     ] algorithm2_decision            action=MAINTAIN applied_target=6 current_replicas=6 hold_until=1789182449.1 observed_load=53.75 observed_target=4 point_forecasts=[63.52108383178711, 65.47889709472656, 67.13390350341797, 67.56147003173828, 69.16785430908203, 69.00944519042969, 70.54631042480469, 71.07064819335938, 71.955078125] prediction_age_sec=0.06 predictive_target=6 proactive=True scenario=s4-hybrid-predictive target_replicas=6 upper_forecasts=[118.4177017211914, 125.20278930664062, 126.23171997070312, 126.7789077758789, 128.84423828125, 128.7508544921875, 130.6786346435547, 130.9756317138672, 132.03445434570312]
2026-09-12 10:05:59 [debug    ] Decision loop completed        action=MAINTAIN latency_ms=98.4 p99=398.0
2026-09-12 10:06:14 [debug    ] GRU prediction received        confidence=0.6 latency_ms=4.06 predicted=129
2026-09-12 10:06:14 [debug    ] Using GRU prediction           confidence=0.6 forecast_capacity_signal=129.0 predicted=129 required_steps=4
2026-09-12 10:06:14 [info     ] algorithm2_scaling_decision    action=MAINTAIN alpha=0.060060060060060066 beta=0.0 buffer=1.0 current_replicas=6 predicted_load=129.0 required_resources=7.748 target_replicas=6
2026-09-12 10:06:14 [info     ] algorithm2_decision            action=MAINTAIN applied_target=6 current_replicas=6 hold_until=1789182464.2 observed_load=52.32 observed_target=4 point_forecasts=[58.889625549316406, 62.25300979614258, 63.840538024902344, 64.40467071533203, 66.379150390625, 66.00447082519531, 66.80007934570312, 67.63287353515625, 68.6026840209961] prediction_age_sec=0.06 predictive_target=6 proactive=True scenario=s4-hybrid-predictive target_replicas=6 upper_forecasts=[113.78623962402344, 121.97689819335938, 122.9383544921875, 123.62210845947266, 126.05552673339844, 125.7458724975586, 126.93240356445312, 127.53785705566406, 128.68206787109375]
2026-09-12 10:06:14 [debug    ] Decision loop completed        action=MAINTAIN latency_ms=99.8 p99=398.0
2026-09-12 10:06:29 [debug    ] HAProxy fallback latency       delta_requests=582 interval_avg_ms=64.0 max_rtime_ms=398.0 p99_est=128.0
2026-09-12 10:06:29 [debug    ] GRU prediction received        confidence=0.6 latency_ms=3.46 predicted=125
2026-09-12 10:06:29 [debug    ] Using GRU prediction           confidence=0.6 forecast_capacity_signal=125.0 predicted=125 required_steps=4
2026-09-12 10:06:29 [info     ] algorithm2_scaling_decision    action=MAINTAIN alpha=0.060060060060060066 beta=0.0 buffer=1.0 current_replicas=6 predicted_load=125.0 required_resources=7.508 target_replicas=6
2026-09-12 10:06:29 [info     ] algorithm2_decision            action=MAINTAIN applied_target=6 current_replicas=6 hold_until=1789182479.3 observed_load=43.25 observed_target=3 point_forecasts=[53.441139221191406, 57.88139343261719, 59.435096740722656, 60.21377182006836, 62.526611328125, 61.69526672363281, 62.29857635498047, 63.509437561035156, 64.696044921875] prediction_age_sec=0.06 predictive_target=6 proactive=True scenario=s4-hybrid-predictive target_replicas=6 upper_forecasts=[108.33775329589844, 117.60528564453125, 118.53291320800781, 119.43121337890625, 122.20298767089844, 121.4366683959961, 122.430908203125, 123.41441345214844, 124.77542877197266]
2026-09-12 10:06:29 [debug    ] Decision loop completed        action=MAINTAIN latency_ms=106.48 p99=128.0
2026-09-12 10:06:44 [debug    ] HAProxy fallback latency       delta_requests=582 interval_avg_ms=64.0 max_rtime_ms=398.0 p99_est=128.0
2026-09-12 10:06:44 [debug    ] GRU prediction received        confidence=0.6 latency_ms=3.94 predicted=122
2026-09-12 10:06:44 [debug    ] Using GRU prediction           confidence=0.6 forecast_capacity_signal=122.0 predicted=122 required_steps=4
2026-09-12 10:06:44 [info     ] algorithm2_scaling_decision    action=MAINTAIN alpha=0.060060060060060066 beta=0.0 buffer=1.0 current_replicas=6 predicted_load=122.0 required_resources=7.327 target_replicas=6
2026-09-12 10:06:44 [info     ] algorithm2_decision            action=MAINTAIN applied_target=6 current_replicas=6 hold_until=1789182494.4 observed_load=38.5 observed_target=3 point_forecasts=[51.3597412109375, 55.1141357421875, 56.490421295166016, 57.092533111572266, 59.39313888549805, 58.29126739501953, 59.329681396484375, 60.533878326416016, 61.80161666870117] prediction_age_sec=0.06 predictive_target=6 proactive=True scenario=s4-hybrid-predictive target_replicas=6 upper_forecasts=[106.25636291503906, 114.83802795410156, 115.58824157714844, 116.30996704101562, 119.06951904296875, 118.03266906738281, 119.46200561523438, 120.43885803222656, 121.88099670410156]
2026-09-12 10:06:44 [debug    ] Decision loop completed        action=MAINTAIN latency_ms=103.56 p99=128.0
2026-09-12 10:06:59 [debug    ] HAProxy fallback latency       delta_requests=604 interval_avg_ms=64.0 max_rtime_ms=398.0 p99_est=128.0
2026-09-12 10:06:59 [debug    ] GRU prediction received        confidence=0.6 latency_ms=3.56 predicted=120
2026-09-12 10:06:59 [debug    ] Using GRU prediction           confidence=0.6 forecast_capacity_signal=120.0 predicted=120 required_steps=4
2026-09-12 10:06:59 [info     ] algorithm2_scaling_decision    action=MAINTAIN alpha=0.060060060060060066 beta=0.0 buffer=1.0 current_replicas=6 predicted_load=120.0 required_resources=7.207 target_replicas=6
2026-09-12 10:06:59 [info     ] algorithm2_decision            action=MAINTAIN applied_target=6 current_replicas=6 hold_until=1789182509.5 observed_load=39.29 observed_target=3 point_forecasts=[50.383052825927734, 53.56148147583008, 54.87092590332031, 55.257530212402344, 57.53853225708008, 56.53750228881836, 57.73503112792969, 58.82777786254883, 60.07282257080078] prediction_age_sec=0.06 predictive_target=6 proactive=True scenario=s4-hybrid-predictive target_replicas=6 upper_forecasts=[105.27967071533203, 113.28536987304688, 113.96874237060547, 114.47496795654297, 117.21490478515625, 116.27890014648438, 117.86735534667969, 118.73275756835938, 120.15220642089844]
2026-09-12 10:06:59 [debug    ] Decision loop completed        action=MAINTAIN latency_ms=104.16 p99=128.0
2026-09-12 10:07:14 [debug    ] HAProxy fallback latency       delta_requests=628 interval_avg_ms=64.0 max_rtime_ms=398.0 p99_est=128.0
2026-09-12 10:07:14 [debug    ] GRU prediction received        confidence=0.6 latency_ms=4.47 predicted=119
2026-09-12 10:07:14 [debug    ] Using GRU prediction           confidence=0.6 forecast_capacity_signal=119.0 predicted=119 required_steps=4
2026-09-12 10:07:14 [info     ] algorithm2_scaling_decision    action=MAINTAIN alpha=0.060060060060060066 beta=0.0 buffer=1.0 current_replicas=6 predicted_load=119.0 required_resources=7.147 target_replicas=6
2026-09-12 10:07:14 [info     ] algorithm2_decision            action=MAINTAIN applied_target=6 current_replicas=6 hold_until=1789182524.6 observed_load=40.78 observed_target=3 point_forecasts=[49.953617095947266, 52.854942321777344, 54.09989929199219, 54.36529541015625, 56.666786193847656, 55.71719741821289, 56.92794418334961, 57.901771545410156, 59.10315704345703] prediction_age_sec=0.06 predictive_target=6 proactive=True scenario=s4-hybrid-predictive target_replicas=6 upper_forecasts=[104.85023498535156, 112.57882690429688, 113.19771575927734, 113.58273315429688, 116.3431625366211, 115.45860290527344, 117.06027221679688, 117.80674743652344, 119.18254089355469]
2026-09-12 10:07:14 [debug    ] Decision loop completed        action=MAINTAIN latency_ms=100.98 p99=128.0
2026-09-12 10:07:29 [debug    ] HAProxy fallback latency       delta_requests=659 interval_avg_ms=64.0 max_rtime_ms=398.0 p99_est=128.0
2026-09-12 10:07:29 [debug    ] GRU prediction received        confidence=0.6 latency_ms=3.58 predicted=119
2026-09-12 10:07:29 [debug    ] Using GRU prediction           confidence=0.6 forecast_capacity_signal=119.0 predicted=119 required_steps=4
2026-09-12 10:07:29 [info     ] algorithm2_scaling_decision    action=MAINTAIN alpha=0.060060060060060066 beta=0.0 buffer=1.0 current_replicas=6 predicted_load=119.0 required_resources=7.147 target_replicas=6
2026-09-12 10:07:29 [info     ] algorithm2_decision            action=MAINTAIN applied_target=6 current_replicas=6 hold_until=1789182539.7 observed_load=42.57 observed_target=3 point_forecasts=[50.33506393432617, 52.98224639892578, 54.13973617553711, 54.317447662353516, 56.5999755859375, 55.62987518310547, 56.837589263916016, 57.697086334228516, 58.84397888183594] prediction_age_sec=0.06 predictive_target=6 proactive=True scenario=s4-hybrid-predictive target_replicas=6 upper_forecasts=[105.23168182373047, 112.70613098144531, 113.237548828125, 113.53488159179688, 116.27635192871094, 115.37127685546875, 116.96991729736328, 117.60206604003906, 118.9233627319336]
2026-09-12 10:07:29 [debug    ] Decision loop completed        action=MAINTAIN latency_ms=102.76 p99=128.0
2026-09-12 10:07:44 [debug    ] HAProxy fallback latency       delta_requests=736 interval_avg_ms=182.86 max_rtime_ms=398.0 p99_est=365.73
2026-09-12 10:07:44 [debug    ] GRU prediction received        confidence=0.6 latency_ms=4.1 predicted=119
2026-09-12 10:07:44 [debug    ] Using GRU prediction           confidence=0.6 forecast_capacity_signal=119.0 predicted=119 required_steps=4
2026-09-12 10:07:44 [info     ] algorithm2_scaling_decision    action=MAINTAIN alpha=0.060060060060060066 beta=0.0 buffer=1.0 current_replicas=6 predicted_load=119.0 required_resources=7.147 target_replicas=6
2026-09-12 10:07:44 [info     ] algorithm2_decision            action=MAINTAIN applied_target=6 current_replicas=6 hold_until=1789182554.8 observed_load=46.19 observed_target=3 point_forecasts=[51.83313751220703, 53.72145462036133, 54.60068130493164, 54.43686294555664, 56.56371307373047, 55.52119064331055, 56.78307342529297, 57.41238784790039, 58.45916748046875] prediction_age_sec=0.06 predictive_target=6 proactive=True scenario=s4-hybrid-predictive target_replicas=6 upper_forecasts=[106.72975158691406, 113.44534301757812, 113.69850158691406, 113.654296875, 116.2400894165039, 115.26258850097656, 116.9154052734375, 117.31736755371094, 118.5385513305664]
2026-09-12 10:07:44 [debug    ] Decision loop completed        action=MAINTAIN latency_ms=106.26 p99=365.7255434782609
2026-09-12 10:07:59 [debug    ] HAProxy fallback latency       delta_requests=357 interval_avg_ms=65.0 max_rtime_ms=398.0 p99_est=130.0
2026-09-12 10:07:59 [debug    ] GRU prediction received        confidence=0.6 latency_ms=3.8 predicted=115
2026-09-12 10:07:59 [debug    ] Using GRU prediction           confidence=0.6 forecast_capacity_signal=115.0 predicted=115 required_steps=4
2026-09-12 10:07:59 [info     ] algorithm2_scaling_decision    action=MAINTAIN alpha=0.060060060060060066 beta=0.0 buffer=1.0 current_replicas=6 predicted_load=115.0 required_resources=6.907 target_replicas=6
2026-09-12 10:07:59 [info     ] algorithm2_decision            action=MAINTAIN applied_target=6 current_replicas=6 hold_until=1789182569.9 observed_load=36.25 observed_target=3 point_forecasts=[42.140811920166016, 47.762386322021484, 49.16712951660156, 49.88346862792969, 52.82626724243164, 51.7626838684082, 51.69536590576172, 53.354190826416016, 54.766727447509766] prediction_age_sec=0.06 predictive_target=6 proactive=True scenario=s4-hybrid-predictive target_replicas=6 upper_forecasts=[97.03742980957031, 107.48627471923828, 108.26494598388672, 109.10090637207031, 112.50263977050781, 111.50408935546875, 111.82769775390625, 113.25917053222656, 114.84611511230469]
2026-09-12 10:07:59 [debug    ] Decision loop completed        action=MAINTAIN latency_ms=106.72 p99=130.0
2026-09-12 10:08:14 [debug    ] GRU prediction received        confidence=0.6 latency_ms=4.86 predicted=110
2026-09-12 10:08:14 [debug    ] Using GRU prediction           confidence=0.6 forecast_capacity_signal=110.0 predicted=110 required_steps=4
2026-09-12 10:08:15 [info     ] algorithm2_scaling_decision    action=MAINTAIN alpha=0.060060060060060066 beta=0.0 buffer=1.0 current_replicas=6 predicted_load=110.0 required_resources=6.607 target_replicas=6
2026-09-12 10:08:15 [info     ] algorithm2_decision            action=MAINTAIN applied_target=6 current_replicas=6 hold_until=1789182585.0 observed_load=11.88 observed_target=3 point_forecasts=[31.816986083984375, 39.80848693847656, 41.784603118896484, 43.72271728515625, 47.60877227783203, 45.75048828125, 45.596763610839844, 48.553226470947266, 50.197654724121094] prediction_age_sec=0.06 predictive_target=6 proactive=True scenario=s4-hybrid-predictive target_replicas=6 upper_forecasts=[86.71360778808594, 99.53237915039062, 100.88241577148438, 102.94015502929688, 107.28514862060547, 105.49188995361328, 105.72909545898438, 108.45820617675781, 110.27703857421875]
2026-09-12 10:08:15 [debug    ] Decision loop completed        action=MAINTAIN latency_ms=101.23 p99=130.0
2026-09-12 10:08:30 [debug    ] GRU prediction received        confidence=0.6 latency_ms=3.05 predicted=107
2026-09-12 10:08:30 [debug    ] Using GRU prediction           confidence=0.6 forecast_capacity_signal=107.0 predicted=107 required_steps=4
2026-09-12 10:08:30 [info     ] algorithm2_scaling_decision    action=MAINTAIN alpha=0.060060060060060066 beta=0.0 buffer=1.0 current_replicas=6 predicted_load=107.0 required_resources=6.426 target_replicas=6
2026-09-12 10:08:30 [info     ] algorithm2_decision            action=MAINTAIN applied_target=6 current_replicas=6 hold_until=1789182600.1 observed_load=0.0 observed_target=3 point_forecasts=[28.755752563476562, 35.42669677734375, 37.527732849121094, 39.75550842285156, 43.56666946411133, 41.69781494140625, 42.811126708984375, 45.62641525268555, 47.28865051269531] prediction_age_sec=0.06 predictive_target=6 proactive=True scenario=s4-hybrid-predictive target_replicas=6 upper_forecasts=[83.65237426757812, 95.15058898925781, 96.62554931640625, 98.97294616699219, 103.2430419921875, 101.43921661376953, 102.94345092773438, 105.5313949584961, 107.36803436279297]
2026-09-12 10:08:30 [debug    ] Decision loop completed        action=MAINTAIN latency_ms=98.74 p99=130.0
2026-09-12 10:08:45 [debug    ] GRU prediction received        confidence=0.6 latency_ms=3.69 predicted=105
2026-09-12 10:08:45 [debug    ] Using GRU prediction           confidence=0.6 forecast_capacity_signal=105.0 predicted=105 required_steps=4
2026-09-12 10:08:45 [info     ] algorithm2_scaling_decision    action=MAINTAIN alpha=0.060060060060060066 beta=0.0 buffer=1.0 current_replicas=6 predicted_load=105.0 required_resources=6.306 target_replicas=6
2026-09-12 10:08:45 [info     ] algorithm2_decision            action=MAINTAIN applied_target=6 current_replicas=6 hold_until=1789182615.2 observed_load=0.0 observed_target=3 point_forecasts=[26.136566162109375, 32.50769805908203, 34.797969818115234, 36.80135726928711, 40.73788833618164, 39.43864059448242, 41.00981903076172, 43.42233657836914, 45.181941986083984] prediction_age_sec=0.06 predictive_target=6 proactive=True scenario=s4-hybrid-predictive target_replicas=6 upper_forecasts=[81.03318786621094, 92.23158264160156, 93.89578247070312, 96.018798828125, 100.41426086425781, 99.18003845214844, 101.14215087890625, 103.32731628417969, 105.26132202148438]
2026-09-12 10:08:45 [debug    ] Decision loop completed        action=MAINTAIN latency_ms=96.39 p99=130.0
2026-09-12 10:08:52 [info     ] Received shutdown signal
2026-09-12 10:08:52 [info     ] Stopping routing daemon...
2026-09-12 10:08:52 [info     ] Routing daemon stopped
