2026-08-07 14:13:12 [info     ] SLOMonitor initialized         threshold_ms=200.0 violation_window=30
2026-08-07 14:13:12 [info     ] Algorithm1ControllerV3 initialized max_knative=50 r_saturation=33.3 target_cpu_util=0.5 total_budget=1000
2026-08-07 14:13:12 [info     ] Using V3 controller (Capacity-Driven) scenario=s4-hybrid-predictive version=v3
2026-08-07 14:13:12 [info     ] HAProxyWeightAdjuster initialized backend=servers host=localhost port=19999
2026-08-07 14:13:12 [info     ] GRUClient initialized          base_url=http://localhost:8090
2026-08-07 14:13:12 [info     ] K8sScaler initialized          deployment=test-app-warm namespace=default
2026-08-07 14:13:12 [info     ] RoutingDaemon initialized      decision_interval=15 description='Algorithm 1 with GRU predictions (Algorithm 2)' scenario=s4-hybrid-predictive use_algorithm=True use_predictions=True
2026-08-07 14:13:12 [info     ] Starting routing daemon        interval=15 scenario=s4-hybrid-predictive
2026-08-07 14:13:12 [info     ] Weights updated                k3s=80 knative=20
2026-08-07 14:13:12 [info     ] Initial weights applied        k3s=80 knative=20
2026-08-07 14:13:12 [debug    ] HAProxy fallback primed        total_requests=0
2026-08-07 14:13:12 [info     ] Model status validated         prediction_horizon=9 sample_interval_sec=15 sequence_length=30
2026-08-07 14:13:12 [info     ] Model status validated on first eligible cycle prediction_horizon=9 sequence_length=30
2026-08-07 14:13:12 [info     ] algorithm2_scaling_decision    action=MAINTAIN alpha=0.060060060060060066 beta=0.0 buffer=1.0 current_replicas=3 predicted_load=0.0 required_resources=0.0 target_replicas=3
2026-08-07 14:13:12 [info     ] algorithm2_decision            action=MAINTAIN applied_target=3 current_replicas=3 hold_until=0.0 observed_load=0.0 observed_target=3 point_forecasts=None prediction_age_sec=None predictive_target=3 proactive=False scenario=s4-hybrid-predictive target_replicas=3 upper_forecasts=None
2026-08-07 14:13:12 [debug    ] Decision loop completed        action=MAINTAIN latency_ms=109.31 p99=0.0
2026-08-07 14:13:27 [info     ] algorithm2_scaling_decision    action=MAINTAIN alpha=0.060060060060060066 beta=0.0 buffer=1.0 current_replicas=3 predicted_load=0.0 required_resources=0.0 target_replicas=3
2026-08-07 14:13:27 [info     ] algorithm2_decision            action=MAINTAIN applied_target=3 current_replicas=3 hold_until=0.0 observed_load=0.0 observed_target=3 point_forecasts=None prediction_age_sec=None predictive_target=3 proactive=False scenario=s4-hybrid-predictive target_replicas=3 upper_forecasts=None
2026-08-07 14:13:27 [debug    ] Decision loop completed        action=MAINTAIN latency_ms=100.91 p99=0.0
2026-08-07 14:13:42 [info     ] algorithm2_scaling_decision    action=MAINTAIN alpha=0.060060060060060066 beta=0.0 buffer=1.0 current_replicas=3 predicted_load=0.0 required_resources=0.0 target_replicas=3
2026-08-07 14:13:42 [info     ] algorithm2_decision            action=MAINTAIN applied_target=3 current_replicas=3 hold_until=0.0 observed_load=0.0 observed_target=3 point_forecasts=None prediction_age_sec=None predictive_target=3 proactive=False scenario=s4-hybrid-predictive target_replicas=3 upper_forecasts=None
2026-08-07 14:13:42 [debug    ] Decision loop completed        action=MAINTAIN latency_ms=113.81 p99=0.0
2026-08-07 14:13:57 [debug    ] HAProxy fallback latency       delta_requests=639 interval_avg_ms=64.0 max_rtime_ms=84.0 p99_est=84.0
2026-08-07 14:13:57 [info     ] controller_decision_v3         action=RECOVERY available_replicas=3 budget_remaining=1000 burn_adjustment=0 burst_ratio=0 capacity_deficit=False confidence=0 current_load=42.21730625200667 decision_id=77bcc879 k8s_capacity=49.9 k8s_weight=100 knative_weight=0 p99=84.0 predicted_load=0 r_effective=16.6 serverless_enabled=False total_load=42.2 weights_after={'k3s': 100, 'knative': 0} weights_before={'k3s': 80, 'knative': 20}
2026-08-07 14:13:57 [info     ] Weights updated                k3s=100 knative=0
2026-08-07 14:13:57 [info     ] Weights updated                action=RECOVERY reason='load=42RPS | k8s_cap=50RPS | (reducing-serverless)' weights={'k3s': 100, 'knative': 0}
2026-08-07 14:13:57 [info     ] algorithm2_scaling_decision    action=MAINTAIN alpha=0.060060060060060066 beta=0.0 buffer=1.0 current_replicas=3 predicted_load=21.108653126003336 required_resources=1.268 target_replicas=3
2026-08-07 14:13:57 [info     ] algorithm2_decision            action=MAINTAIN applied_target=3 current_replicas=3 hold_until=0.0 observed_load=21.11 observed_target=3 point_forecasts=None prediction_age_sec=None predictive_target=3 proactive=False scenario=s4-hybrid-predictive target_replicas=3 upper_forecasts=None
2026-08-07 14:13:57 [debug    ] Decision loop completed        action=RECOVERY latency_ms=146.51 p99=84.0
2026-08-07 14:14:12 [debug    ] HAProxy fallback latency       delta_requests=667 interval_avg_ms=64.0 max_rtime_ms=99.0 p99_est=99.0
2026-08-07 14:14:13 [info     ] algorithm2_scaling_decision    action=MAINTAIN alpha=0.060060060060060066 beta=0.0 buffer=1.0 current_replicas=3 predicted_load=43.093912788838665 required_resources=2.588 target_replicas=3
2026-08-07 14:14:13 [info     ] algorithm2_decision            action=MAINTAIN applied_target=3 current_replicas=3 hold_until=0.0 observed_load=43.09 observed_target=3 point_forecasts=None prediction_age_sec=None predictive_target=3 proactive=False scenario=s4-hybrid-predictive target_replicas=3 upper_forecasts=None
2026-08-07 14:14:13 [debug    ] Decision loop completed        action=MAINTAIN latency_ms=110.42 p99=99.0
2026-08-07 14:14:28 [debug    ] HAProxy fallback latency       delta_requests=716 interval_avg_ms=69.65 max_rtime_ms=118.0 p99_est=118.0
2026-08-07 14:14:28 [info     ] algorithm2_scaling_decision    action=MAINTAIN alpha=0.060060060060060066 beta=0.0 buffer=1.0 current_replicas=3 predicted_load=45.67521231766542 required_resources=2.743 target_replicas=3
2026-08-07 14:14:28 [info     ] algorithm2_decision            action=MAINTAIN applied_target=3 current_replicas=3 hold_until=0.0 observed_load=45.68 observed_target=3 point_forecasts=None prediction_age_sec=None predictive_target=3 proactive=False scenario=s4-hybrid-predictive target_replicas=3 upper_forecasts=None
2026-08-07 14:14:28 [debug    ] Decision loop completed        action=MAINTAIN latency_ms=107.43 p99=118.0
2026-08-07 14:14:43 [debug    ] HAProxy fallback latency       delta_requests=822 interval_avg_ms=62.54 max_rtime_ms=118.0 p99_est=118.0
2026-08-07 14:14:43 [info     ] Knative pre-warm OK            cold_start_ms=2.7
2026-08-07 14:14:43 [info     ] controller_decision_v3         action=REACTIVE available_replicas=3 budget_remaining=1000 burn_adjustment=0 burst_ratio=0.0809 capacity_deficit=False confidence=0 current_load=54.34774884280412 decision_id=da009b49 k8s_capacity=49.9 k8s_weight=91 knative_weight=9 p99=118.0 predicted_load=0 r_effective=16.6 serverless_enabled=True total_load=54.3 weights_after={'k3s': 91, 'knative': 9} weights_before={'k3s': 100, 'knative': 0}
2026-08-07 14:14:43 [info     ] Weights updated                k3s=91 knative=9
2026-08-07 14:14:43 [info     ] Weights updated                action=REACTIVE reason='load=54RPS | k8s_cap=50RPS | (burst-routing)' weights={'k3s': 91, 'knative': 9}
2026-08-07 14:14:43 [info     ] algorithm2_scaling_decision    action=SCALE_UP alpha=0.060060060060060066 beta=0.0 buffer=1.0 current_replicas=3 predicted_load=50.863827076232155 required_resources=3.055 target_replicas=4
2026-08-07 14:14:43 [info     ] algorithm2_decision            action=SCALE_UP applied_target=4 current_replicas=3 hold_until=0.0 observed_load=50.86 observed_target=4 point_forecasts=None prediction_age_sec=None predictive_target=3 proactive=False scenario=s4-hybrid-predictive target_replicas=4 upper_forecasts=None
2026-08-07 14:14:43 [info     ] k8s_scale_executed             deployment=test-app-warm replicas=4
2026-08-07 14:14:43 [debug    ] Decision loop completed        action=REACTIVE latency_ms=148.96 p99=118.0
2026-08-07 14:14:58 [debug    ] HAProxy fallback latency       delta_requests=769 interval_avg_ms=65.0 max_rtime_ms=118.0 p99_est=118.0
2026-08-07 14:14:58 [info     ] controller_decision_v3         action=RECOVERY available_replicas=4 budget_remaining=1000 burn_adjustment=0 burst_ratio=0 capacity_deficit=False confidence=0 current_load=50.829513713065 decision_id=7e69d0c6 k8s_capacity=66.6 k8s_weight=100 knative_weight=0 p99=118.0 predicted_load=0 r_effective=16.6 serverless_enabled=False total_load=50.8 weights_after={'k3s': 100, 'knative': 0} weights_before={'k3s': 91, 'knative': 9}
2026-08-07 14:14:58 [info     ] Weights updated                k3s=100 knative=0
2026-08-07 14:14:58 [info     ] Weights updated                action=RECOVERY reason='load=51RPS | k8s_cap=67RPS | (reducing-serverless)' weights={'k3s': 100, 'knative': 0}
2026-08-07 14:14:58 [info     ] Scale readiness observed       elapsed_sec=15.1 ewma_delay=46.5 samples=1 target=4
2026-08-07 14:14:58 [info     ] algorithm2_scaling_decision    action=MAINTAIN alpha=0.060060060060060066 beta=0.0 buffer=1.0 current_replicas=4 predicted_load=52.58863127793456 required_resources=3.158 target_replicas=4
2026-08-07 14:14:58 [info     ] algorithm2_decision            action=MAINTAIN applied_target=4 current_replicas=4 hold_until=0.0 observed_load=52.59 observed_target=4 point_forecasts=None prediction_age_sec=None predictive_target=3 proactive=False scenario=s4-hybrid-predictive target_replicas=4 upper_forecasts=None
2026-08-07 14:14:58 [debug    ] Decision loop completed        action=RECOVERY latency_ms=146.45 p99=118.0
2026-08-07 14:15:13 [debug    ] HAProxy fallback latency       delta_requests=548 interval_avg_ms=65.0 max_rtime_ms=118.0 p99_est=118.0
2026-08-07 14:15:13 [info     ] algorithm2_scaling_decision    action=MAINTAIN alpha=0.060060060060060066 beta=0.0 buffer=1.0 current_replicas=4 predicted_load=43.537093631830786 required_resources=2.615 target_replicas=3
2026-08-07 14:15:13 [info     ] algorithm2_decision            action=MAINTAIN applied_target=3 current_replicas=4 hold_until=0.0 observed_load=43.54 observed_target=3 point_forecasts=None prediction_age_sec=None predictive_target=3 proactive=False scenario=s4-hybrid-predictive target_replicas=3 upper_forecasts=None
2026-08-07 14:15:13 [debug    ] Decision loop completed        action=MAINTAIN latency_ms=104.66 p99=118.0
2026-08-07 14:15:28 [debug    ] HAProxy fallback latency       delta_requests=410 interval_avg_ms=53.85 max_rtime_ms=118.0 p99_est=107.7
2026-08-07 14:15:28 [info     ] algorithm2_scaling_decision    action=MAINTAIN alpha=0.060060060060060066 beta=0.0 buffer=1.0 current_replicas=4 predicted_load=31.69440879290653 required_resources=1.904 target_replicas=3
2026-08-07 14:15:28 [info     ] algorithm2_decision            action=MAINTAIN applied_target=3 current_replicas=4 hold_until=0.0 observed_load=31.69 observed_target=3 point_forecasts=None prediction_age_sec=None predictive_target=3 proactive=False scenario=s4-hybrid-predictive target_replicas=3 upper_forecasts=None
2026-08-07 14:15:28 [debug    ] Decision loop completed        action=MAINTAIN latency_ms=105.65 p99=107.70243902439024
2026-08-07 14:15:43 [debug    ] HAProxy fallback latency       delta_requests=358 interval_avg_ms=64.0 max_rtime_ms=118.0 p99_est=118.0
2026-08-07 14:15:43 [info     ] algorithm2_scaling_decision    action=MAINTAIN alpha=0.060060060060060066 beta=0.0 buffer=1.0 current_replicas=4 predicted_load=25.421637761836017 required_resources=1.527 target_replicas=3
2026-08-07 14:15:43 [info     ] algorithm2_decision            action=MAINTAIN applied_target=3 current_replicas=4 hold_until=0.0 observed_load=25.42 observed_target=3 point_forecasts=None prediction_age_sec=None predictive_target=3 proactive=False scenario=s4-hybrid-predictive target_replicas=3 upper_forecasts=None
2026-08-07 14:15:43 [debug    ] Decision loop completed        action=MAINTAIN latency_ms=108.89 p99=118.0
2026-08-07 14:15:58 [debug    ] HAProxy fallback latency       delta_requests=484 interval_avg_ms=75.18 max_rtime_ms=125.0 p99_est=125.0
2026-08-07 14:15:58 [info     ] algorithm2_scaling_decision    action=MAINTAIN alpha=0.060060060060060066 beta=0.0 buffer=1.0 current_replicas=4 predicted_load=27.86587571342252 required_resources=1.674 target_replicas=3
2026-08-07 14:15:58 [info     ] algorithm2_decision            action=MAINTAIN applied_target=3 current_replicas=4 hold_until=0.0 observed_load=27.87 observed_target=3 point_forecasts=None prediction_age_sec=None predictive_target=3 proactive=False scenario=s4-hybrid-predictive target_replicas=3 upper_forecasts=None
2026-08-07 14:15:58 [debug    ] Decision loop completed        action=MAINTAIN latency_ms=107.65 p99=125.0
2026-08-07 14:16:13 [debug    ] HAProxy fallback latency       delta_requests=774 interval_avg_ms=72.99 max_rtime_ms=132.0 p99_est=132.0
2026-08-07 14:16:13 [info     ] algorithm2_scaling_decision    action=MAINTAIN alpha=0.060060060060060066 beta=0.0 buffer=1.0 current_replicas=4 predicted_load=41.567536086926204 required_resources=2.497 target_replicas=3
2026-08-07 14:16:13 [info     ] algorithm2_decision            action=MAINTAIN applied_target=3 current_replicas=4 hold_until=0.0 observed_load=41.57 observed_target=3 point_forecasts=None prediction_age_sec=None predictive_target=3 proactive=False scenario=s4-hybrid-predictive target_replicas=3 upper_forecasts=None
2026-08-07 14:16:13 [debug    ] Decision loop completed        action=MAINTAIN latency_ms=111.57 p99=132.0
2026-08-07 14:16:28 [debug    ] HAProxy fallback latency       delta_requests=812 interval_avg_ms=74.62 max_rtime_ms=150.0 p99_est=149.24
2026-08-07 14:16:29 [info     ] algorithm2_scaling_decision    action=MAINTAIN alpha=0.060060060060060066 beta=0.0 buffer=1.0 current_replicas=4 predicted_load=52.45104627384649 required_resources=3.15 target_replicas=4
2026-08-07 14:16:29 [info     ] algorithm2_decision            action=MAINTAIN applied_target=4 current_replicas=4 hold_until=0.0 observed_load=52.45 observed_target=4 point_forecasts=None prediction_age_sec=None predictive_target=3 proactive=False scenario=s4-hybrid-predictive target_replicas=4 upper_forecasts=None
2026-08-07 14:16:29 [debug    ] Decision loop completed        action=MAINTAIN latency_ms=112.0 p99=149.23891625615764
2026-08-07 14:16:44 [debug    ] HAProxy fallback latency       delta_requests=637 interval_avg_ms=43.03 max_rtime_ms=150.0 p99_est=86.05
2026-08-07 14:16:44 [info     ] algorithm2_scaling_decision    action=MAINTAIN alpha=0.060060060060060066 beta=0.0 buffer=1.0 current_replicas=4 predicted_load=48.00869107951698 required_resources=2.883 target_replicas=3
2026-08-07 14:16:44 [info     ] algorithm2_decision            action=MAINTAIN applied_target=3 current_replicas=4 hold_until=0.0 observed_load=48.01 observed_target=3 point_forecasts=None prediction_age_sec=None predictive_target=3 proactive=False scenario=s4-hybrid-predictive target_replicas=3 upper_forecasts=None
2026-08-07 14:16:44 [debug    ] Decision loop completed        action=MAINTAIN latency_ms=111.75 p99=86.05023547880691
2026-08-07 14:16:59 [debug    ] HAProxy fallback latency       delta_requests=657 interval_avg_ms=65.0 max_rtime_ms=150.0 p99_est=130.0
2026-08-07 14:16:59 [info     ] algorithm2_scaling_decision    action=MAINTAIN alpha=0.060060060060060066 beta=0.0 buffer=1.0 current_replicas=4 predicted_load=42.81373474552065 required_resources=2.571 target_replicas=3
2026-08-07 14:16:59 [info     ] algorithm2_decision            action=MAINTAIN applied_target=3 current_replicas=4 hold_until=0.0 observed_load=42.81 observed_target=3 point_forecasts=None prediction_age_sec=None predictive_target=3 proactive=False scenario=s4-hybrid-predictive target_replicas=3 upper_forecasts=None
2026-08-07 14:16:59 [debug    ] Decision loop completed        action=MAINTAIN latency_ms=109.67 p99=130.0
2026-08-07 14:17:14 [debug    ] HAProxy fallback latency       delta_requests=830 interval_avg_ms=65.0 max_rtime_ms=150.0 p99_est=130.0
2026-08-07 14:17:14 [info     ] algorithm2_scaling_decision    action=MAINTAIN alpha=0.060060060060060066 beta=0.0 buffer=1.0 current_replicas=4 predicted_load=49.17002693672593 required_resources=2.953 target_replicas=3
2026-08-07 14:17:14 [info     ] algorithm2_decision            action=MAINTAIN applied_target=3 current_replicas=4 hold_until=0.0 observed_load=49.17 observed_target=3 point_forecasts=None prediction_age_sec=None predictive_target=3 proactive=False scenario=s4-hybrid-predictive target_replicas=3 upper_forecasts=None
2026-08-07 14:17:14 [debug    ] Decision loop completed        action=MAINTAIN latency_ms=105.02 p99=130.0
2026-08-07 14:17:29 [debug    ] HAProxy fallback latency       delta_requests=915 interval_avg_ms=54.03 max_rtime_ms=150.0 p99_est=108.06
2026-08-07 14:17:29 [info     ] algorithm2_scaling_decision    action=MAINTAIN alpha=0.060060060060060066 beta=0.0 buffer=1.0 current_replicas=4 predicted_load=57.75228334322875 required_resources=3.469 target_replicas=4
2026-08-07 14:17:29 [info     ] algorithm2_decision            action=MAINTAIN applied_target=4 current_replicas=4 hold_until=0.0 observed_load=57.75 observed_target=4 point_forecasts=None prediction_age_sec=None predictive_target=3 proactive=False scenario=s4-hybrid-predictive target_replicas=4 upper_forecasts=None
2026-08-07 14:17:29 [debug    ] Decision loop completed        action=MAINTAIN latency_ms=106.87 p99=108.05901639344262
2026-08-07 14:17:44 [debug    ] HAProxy fallback latency       delta_requests=931 interval_avg_ms=64.0 max_rtime_ms=150.0 p99_est=128.0
2026-08-07 14:17:44 [info     ] algorithm2_scaling_decision    action=MAINTAIN alpha=0.060060060060060066 beta=0.0 buffer=1.0 current_replicas=4 predicted_load=61.10125560474047 required_resources=3.67 target_replicas=4
2026-08-07 14:17:44 [info     ] algorithm2_decision            action=MAINTAIN applied_target=4 current_replicas=4 hold_until=0.0 observed_load=61.1 observed_target=4 point_forecasts=None prediction_age_sec=None predictive_target=3 proactive=False scenario=s4-hybrid-predictive target_replicas=4 upper_forecasts=None
2026-08-07 14:17:44 [debug    ] Decision loop completed        action=MAINTAIN latency_ms=112.42 p99=128.0
2026-08-07 14:17:59 [debug    ] HAProxy fallback latency       delta_requests=1004 interval_avg_ms=75.93 max_rtime_ms=150.0 p99_est=150.0
2026-08-07 14:17:59 [info     ] algorithm2_scaling_decision    action=MAINTAIN alpha=0.060060060060060066 beta=0.0 buffer=1.0 current_replicas=4 predicted_load=63.998123695798334 required_resources=3.844 target_replicas=4
2026-08-07 14:17:59 [info     ] algorithm2_decision            action=MAINTAIN applied_target=4 current_replicas=4 hold_until=0.0 observed_load=64.0 observed_target=4 point_forecasts=None prediction_age_sec=None predictive_target=3 proactive=False scenario=s4-hybrid-predictive target_replicas=4 upper_forecasts=None
2026-08-07 14:17:59 [debug    ] Decision loop completed        action=MAINTAIN latency_ms=113.54 p99=150.0
2026-08-07 14:18:14 [debug    ] HAProxy fallback latency       delta_requests=1118 interval_avg_ms=65.0 max_rtime_ms=150.0 p99_est=130.0
2026-08-07 14:18:14 [info     ] Knative pre-warm OK            cold_start_ms=2.7
2026-08-07 14:18:14 [info     ] controller_decision_v3         action=REACTIVE available_replicas=4 budget_remaining=1000 burn_adjustment=0 burst_ratio=0.0997 capacity_deficit=False confidence=0 current_load=73.97495286834305 decision_id=0f63c9c2 k8s_capacity=66.6 k8s_weight=90 knative_weight=10 p99=130.0 predicted_load=0 r_effective=16.6 serverless_enabled=True total_load=74.0 weights_after={'k3s': 90, 'knative': 10} weights_before={'k3s': 100, 'knative': 0}
2026-08-07 14:18:14 [info     ] Weights updated                k3s=90 knative=10
2026-08-07 14:18:14 [info     ] Weights updated                action=REACTIVE reason='load=74RPS | k8s_cap=67RPS | (burst-routing)' weights={'k3s': 90, 'knative': 10}
2026-08-07 14:18:14 [info     ] algorithm2_scaling_decision    action=SCALE_UP alpha=0.060060060060060066 beta=0.0 buffer=1.0 current_replicas=4 predicted_load=70.1714647538509 required_resources=4.215 target_replicas=5
2026-08-07 14:18:14 [info     ] algorithm2_decision            action=SCALE_UP applied_target=5 current_replicas=4 hold_until=0.0 observed_load=70.17 observed_target=5 point_forecasts=None prediction_age_sec=None predictive_target=3 proactive=False scenario=s4-hybrid-predictive target_replicas=5 upper_forecasts=None
2026-08-07 14:18:14 [info     ] k8s_scale_executed             deployment=test-app-warm replicas=5
2026-08-07 14:18:14 [debug    ] Decision loop completed        action=REACTIVE latency_ms=149.08 p99=130.0
2026-08-07 14:18:29 [debug    ] HAProxy fallback latency       delta_requests=1276 interval_avg_ms=87.52 max_rtime_ms=150.0 p99_est=150.0
2026-08-07 14:18:29 [info     ] controller_decision_v3         action=RECOVERY available_replicas=5 budget_remaining=1000 burn_adjustment=0 burst_ratio=0.0116 capacity_deficit=False confidence=0 current_load=84.2283812369199 decision_id=ffb65f7f k8s_capacity=83.2 k8s_weight=98 knative_weight=2 p99=150.0 predicted_load=0 r_effective=16.6 serverless_enabled=True total_load=84.2 weights_after={'k3s': 98, 'knative': 2} weights_before={'k3s': 90, 'knative': 10}
2026-08-07 14:18:29 [info     ] Weights updated                k3s=98 knative=2
2026-08-07 14:18:29 [info     ] Weights updated                action=RECOVERY reason='load=84RPS | k8s_cap=83RPS | (reducing-serverless)' weights={'k3s': 98, 'knative': 2}
2026-08-07 14:18:30 [info     ] Scale readiness observed       elapsed_sec=15.1 ewma_delay=37.1 samples=2 target=5
2026-08-07 14:18:30 [info     ] algorithm2_scaling_decision    action=MAINTAIN alpha=0.060060060060060066 beta=0.0 buffer=1.0 current_replicas=5 predicted_load=79.10166705263148 required_resources=4.751 target_replicas=5
2026-08-07 14:18:30 [info     ] algorithm2_decision            action=MAINTAIN applied_target=5 current_replicas=5 hold_until=0.0 observed_load=79.1 observed_target=5 point_forecasts=None prediction_age_sec=None predictive_target=3 proactive=False scenario=s4-hybrid-predictive target_replicas=5 upper_forecasts=None
2026-08-07 14:18:30 [debug    ] Decision loop completed        action=RECOVERY latency_ms=148.49 p99=150.0
2026-08-07 14:18:45 [debug    ] HAProxy fallback latency       delta_requests=1460 interval_avg_ms=67.0 max_rtime_ms=150.0 p99_est=134.0
2026-08-07 14:18:45 [info     ] controller_decision_v3         action=REACTIVE available_replicas=5 budget_remaining=1000 burn_adjustment=0 burst_ratio=0.1362 capacity_deficit=False confidence=0 current_load=96.37819825820621 decision_id=4543c1a0 k8s_capacity=83.2 k8s_weight=86 knative_weight=14 p99=134.0 predicted_load=0 r_effective=16.6 serverless_enabled=True total_load=96.4 weights_after={'k3s': 86, 'knative': 14} weights_before={'k3s': 98, 'knative': 2}
2026-08-07 14:18:45 [info     ] Weights updated                k3s=86 knative=14
2026-08-07 14:18:45 [info     ] Weights updated                action=REACTIVE reason='load=96RPS | k8s_cap=83RPS | (burst-routing)' weights={'k3s': 86, 'knative': 14}
2026-08-07 14:18:45 [info     ] algorithm2_scaling_decision    action=SCALE_UP alpha=0.060060060060060066 beta=0.0 buffer=1.0 current_replicas=5 predicted_load=90.30328974756306 required_resources=5.424 target_replicas=6
2026-08-07 14:18:45 [info     ] algorithm2_decision            action=SCALE_UP applied_target=6 current_replicas=5 hold_until=0.0 observed_load=90.3 observed_target=6 point_forecasts=None prediction_age_sec=None predictive_target=3 proactive=False scenario=s4-hybrid-predictive target_replicas=6 upper_forecasts=None
2026-08-07 14:18:45 [info     ] k8s_scale_executed             deployment=test-app-warm replicas=6
2026-08-07 14:18:45 [debug    ] Decision loop completed        action=REACTIVE latency_ms=153.12 p99=134.0
2026-08-07 14:19:00 [debug    ] HAProxy fallback latency       delta_requests=1673 interval_avg_ms=67.0 max_rtime_ms=150.0 p99_est=134.0
2026-08-07 14:19:00 [info     ] controller_decision_v3         action=REACTIVE available_replicas=5 budget_remaining=1000 burn_adjustment=0 burst_ratio=0.245 capacity_deficit=False confidence=0 current_load=110.27216628935008 decision_id=6685ed8f k8s_capacity=83.2 k8s_weight=75 knative_weight=25 p99=134.0 predicted_load=0 r_effective=16.6 serverless_enabled=True total_load=110.3 weights_after={'k3s': 75, 'knative': 25} weights_before={'k3s': 86, 'knative': 14}
2026-08-07 14:19:00 [info     ] Weights updated                k3s=75 knative=25
2026-08-07 14:19:00 [info     ] Weights updated                action=REACTIVE reason='load=110RPS | k8s_cap=83RPS | (burst-routing)' weights={'k3s': 75, 'knative': 25}
2026-08-07 14:19:00 [info     ] algorithm2_scaling_decision    action=SCALE_UP alpha=0.060060060060060066 beta=0.0 buffer=1.0 current_replicas=6 predicted_load=103.32518227377815 required_resources=6.206 target_replicas=7
2026-08-07 14:19:00 [info     ] algorithm2_decision            action=SCALE_UP applied_target=7 current_replicas=6 hold_until=0.0 observed_load=103.33 observed_target=7 point_forecasts=None prediction_age_sec=None predictive_target=3 proactive=False scenario=s4-hybrid-predictive target_replicas=7 upper_forecasts=None
2026-08-07 14:19:00 [info     ] k8s_scale_executed             deployment=test-app-warm replicas=7
2026-08-07 14:19:00 [debug    ] Decision loop completed        action=REACTIVE latency_ms=156.31 p99=134.0
2026-08-07 14:19:15 [debug    ] HAProxy fallback latency       delta_requests=1897 interval_avg_ms=67.0 max_rtime_ms=150.0 p99_est=134.0
2026-08-07 14:19:15 [info     ] controller_decision_v3         action=REACTIVE available_replicas=5 budget_remaining=1000 burn_adjustment=0 burst_ratio=0.3345 capacity_deficit=False confidence=0 current_load=125.09275909838837 decision_id=3cd4afe3 k8s_capacity=83.2 k8s_weight=66 knative_weight=34 p99=134.0 predicted_load=0 r_effective=16.6 serverless_enabled=True total_load=125.1 weights_after={'k3s': 66, 'knative': 34} weights_before={'k3s': 75, 'knative': 25}
2026-08-07 14:19:15 [info     ] Weights updated                k3s=66 knative=34
2026-08-07 14:19:15 [info     ] Weights updated                action=REACTIVE reason='load=125RPS | k8s_cap=83RPS | (burst-routing)' weights={'k3s': 66, 'knative': 34}
2026-08-07 14:19:15 [info     ] algorithm2_scaling_decision    action=SCALE_UP alpha=0.060060060060060066 beta=0.0 buffer=1.0 current_replicas=7 predicted_load=117.68246269386923 required_resources=7.068 target_replicas=8
2026-08-07 14:19:15 [info     ] algorithm2_decision            action=SCALE_UP applied_target=8 current_replicas=7 hold_until=0.0 observed_load=117.68 observed_target=8 point_forecasts=None prediction_age_sec=None predictive_target=3 proactive=False scenario=s4-hybrid-predictive target_replicas=8 upper_forecasts=None
2026-08-07 14:19:15 [info     ] k8s_scale_executed             deployment=test-app-warm replicas=8
2026-08-07 14:19:15 [debug    ] Decision loop completed        action=REACTIVE latency_ms=149.59 p99=134.0
2026-08-07 14:19:30 [debug    ] HAProxy fallback latency       delta_requests=1720 interval_avg_ms=42.45 max_rtime_ms=150.0 p99_est=84.89
2026-08-07 14:19:30 [info     ] controller_decision_v3         action=RECOVERY available_replicas=5 budget_remaining=1000 burn_adjustment=0 burst_ratio=0.2676 capacity_deficit=False confidence=0 current_load=113.67005591409979 decision_id=3b4aaade k8s_capacity=83.2 k8s_weight=73 knative_weight=27 p99=84.9 predicted_load=0 r_effective=16.6 serverless_enabled=True total_load=113.7 weights_after={'k3s': 73, 'knative': 27} weights_before={'k3s': 66, 'knative': 34}
2026-08-07 14:19:30 [info     ] Weights updated                k3s=73 knative=27
2026-08-07 14:19:30 [info     ] Weights updated                action=RECOVERY reason='load=114RPS | k8s_cap=83RPS | (reducing-serverless)' weights={'k3s': 73, 'knative': 27}
2026-08-07 14:19:30 [info     ] algorithm2_scaling_decision    action=MAINTAIN alpha=0.060060060060060066 beta=0.0 buffer=1.0 current_replicas=8 predicted_load=119.38140750624407 required_resources=7.17 target_replicas=8
2026-08-07 14:19:30 [info     ] algorithm2_decision            action=MAINTAIN applied_target=8 current_replicas=8 hold_until=0.0 observed_load=119.38 observed_target=8 point_forecasts=None prediction_age_sec=None predictive_target=3 proactive=False scenario=s4-hybrid-predictive target_replicas=8 upper_forecasts=None
2026-08-07 14:19:30 [debug    ] Decision loop completed        action=RECOVERY latency_ms=140.91 p99=84.8906976744186
2026-08-07 14:19:45 [debug    ] HAProxy fallback latency       delta_requests=1311 interval_avg_ms=47.89 max_rtime_ms=150.0 p99_est=95.78
2026-08-07 14:19:45 [info     ] controller_decision_v3         action=RECOVERY available_replicas=5 budget_remaining=1000 burn_adjustment=0 burst_ratio=0.04 capacity_deficit=False confidence=0 current_load=86.71685360951946 decision_id=7e4f98e7 k8s_capacity=83.2 k8s_weight=96 knative_weight=4 p99=95.8 predicted_load=0 r_effective=16.6 serverless_enabled=True total_load=86.7 weights_after={'k3s': 96, 'knative': 4} weights_before={'k3s': 73, 'knative': 27}
2026-08-07 14:19:45 [info     ] Weights updated                k3s=96 knative=4
2026-08-07 14:19:45 [info     ] Weights updated                action=RECOVERY reason='load=87RPS | k8s_cap=83RPS | (reducing-serverless)' weights={'k3s': 96, 'knative': 4}
2026-08-07 14:19:45 [info     ] algorithm2_scaling_decision    action=MAINTAIN alpha=0.060060060060060066 beta=0.0 buffer=1.0 current_replicas=8 predicted_load=100.19345476180962 required_resources=6.018 target_replicas=7
2026-08-07 14:19:45 [info     ] algorithm2_decision            action=MAINTAIN applied_target=7 current_replicas=8 hold_until=0.0 observed_load=100.19 observed_target=7 point_forecasts=None prediction_age_sec=None predictive_target=3 proactive=False scenario=s4-hybrid-predictive target_replicas=7 upper_forecasts=None
2026-08-07 14:19:45 [debug    ] Decision loop completed        action=RECOVERY latency_ms=149.08 p99=95.78489702517163
2026-08-07 14:20:00 [debug    ] HAProxy fallback latency       delta_requests=1132 interval_avg_ms=84.81 max_rtime_ms=150.0 p99_est=150.0
2026-08-07 14:20:00 [info     ] controller_decision_v3         action=RECOVERY available_replicas=5 budget_remaining=1000 burn_adjustment=0 burst_ratio=0 capacity_deficit=False confidence=0 current_load=74.65493815063982 decision_id=a5906cf9 k8s_capacity=83.2 k8s_weight=100 knative_weight=0 p99=150.0 predicted_load=0 r_effective=16.6 serverless_enabled=False total_load=74.7 weights_after={'k3s': 100, 'knative': 0} weights_before={'k3s': 96, 'knative': 4}
2026-08-07 14:20:00 [info     ] Weights updated                k3s=100 knative=0
2026-08-07 14:20:00 [info     ] Weights updated                action=RECOVERY reason='load=75RPS | k8s_cap=83RPS | (reducing-serverless)' weights={'k3s': 100, 'knative': 0}
2026-08-07 14:20:00 [info     ] algorithm2_scaling_decision    action=SCALE_DOWN alpha=0.060060060060060066 beta=0.0 buffer=1.0 current_replicas=8 predicted_load=80.68589588007964 required_resources=4.846 target_replicas=5
2026-08-07 14:20:00 [info     ] algorithm2_decision            action=SCALE_DOWN applied_target=5 current_replicas=8 hold_until=0.0 observed_load=80.69 observed_target=5 point_forecasts=None prediction_age_sec=None predictive_target=3 proactive=False scenario=s4-hybrid-predictive target_replicas=5 upper_forecasts=None
2026-08-07 14:20:00 [debug    ] Decision loop completed        action=RECOVERY latency_ms=145.44 p99=150.0
2026-08-07 14:20:15 [debug    ] HAProxy fallback latency       delta_requests=1076 interval_avg_ms=65.0 max_rtime_ms=150.0 p99_est=130.0
2026-08-07 14:20:16 [info     ] algorithm2_scaling_decision    action=SCALE_DOWN alpha=0.060060060060060066 beta=0.0 buffer=1.0 current_replicas=8 predicted_load=72.85095663373124 required_resources=4.375 target_replicas=5
2026-08-07 14:20:16 [info     ] algorithm2_decision            action=SCALE_DOWN applied_target=5 current_replicas=8 hold_until=0.0 observed_load=72.85 observed_target=5 point_forecasts=None prediction_age_sec=None predictive_target=3 proactive=False scenario=s4-hybrid-predictive target_replicas=5 upper_forecasts=None
2026-08-07 14:20:16 [info     ] k8s_scale_executed             deployment=test-app-warm replicas=5
2026-08-07 14:20:16 [debug    ] Decision loop completed        action=MAINTAIN latency_ms=151.32 p99=130.0
2026-08-07 14:20:31 [debug    ] HAProxy fallback latency       delta_requests=946 interval_avg_ms=65.0 max_rtime_ms=150.0 p99_est=130.0
2026-08-07 14:20:31 [info     ] algorithm2_scaling_decision    action=MAINTAIN alpha=0.060060060060060066 beta=0.0 buffer=1.0 current_replicas=5 predicted_load=66.77439786570945 required_resources=4.01 target_replicas=5
2026-08-07 14:20:31 [info     ] algorithm2_decision            action=MAINTAIN applied_target=5 current_replicas=5 hold_until=0.0 observed_load=66.77 observed_target=5 point_forecasts=None prediction_age_sec=None predictive_target=3 proactive=False scenario=s4-hybrid-predictive target_replicas=5 upper_forecasts=None
2026-08-07 14:20:31 [debug    ] Decision loop completed        action=MAINTAIN latency_ms=110.99 p99=130.0
2026-08-07 14:20:46 [debug    ] HAProxy fallback latency       delta_requests=793 interval_avg_ms=65.0 max_rtime_ms=150.0 p99_est=130.0
2026-08-07 14:20:46 [debug    ] GRU prediction received        confidence=0.8 latency_ms=6.68 predicted=87
2026-08-07 14:20:46 [debug    ] Using GRU prediction           confidence=0.8 forecast_capacity_signal=87.0 predicted=87 required_steps=4
2026-08-07 14:20:46 [info     ] algorithm2_scaling_decision    action=SCALE_UP alpha=0.060060060060060066 beta=0.0 buffer=1.0 current_replicas=5 predicted_load=87.0 required_resources=5.225 target_replicas=6
2026-08-07 14:20:46 [info     ] algorithm2_decision            action=SCALE_UP applied_target=6 current_replicas=5 hold_until=1786087336.3 observed_load=57.49 observed_target=4 point_forecasts=[76.17288970947266, 74.14157104492188, 75.9238052368164, 74.35652160644531, 74.97064971923828, 75.27008819580078, 75.63322448730469, 74.68714904785156, 73.8012924194336] prediction_age_sec=0.07 predictive_target=6 proactive=True scenario=s4-hybrid-predictive target_replicas=6 upper_forecasts=[85.81387329101562, 84.42965698242188, 85.66678619384766, 84.93280029296875, 85.2648696899414, 85.86175537109375, 86.5906753540039, 85.35614013671875, 84.92003631591797]
2026-08-07 14:20:46 [info     ] k8s_scale_executed             deployment=test-app-warm replicas=6
2026-08-07 14:20:46 [debug    ] Decision loop completed        action=MAINTAIN latency_ms=183.08 p99=130.0
2026-08-07 14:21:01 [debug    ] HAProxy fallback latency       delta_requests=1214 interval_avg_ms=87.73 max_rtime_ms=150.0 p99_est=150.0
2026-08-07 14:21:01 [debug    ] GRU prediction received        confidence=0.8 latency_ms=6.57 predicted=86
2026-08-07 14:21:01 [debug    ] Using GRU prediction           confidence=0.8 forecast_capacity_signal=86.0 predicted=86 required_steps=4
2026-08-07 14:21:01 [info     ] Scale readiness observed       elapsed_sec=15.1 ewma_delay=30.5 samples=3 target=6
2026-08-07 14:21:01 [info     ] algorithm2_scaling_decision    action=MAINTAIN alpha=0.060060060060060066 beta=0.0 buffer=1.0 current_replicas=6 predicted_load=86.0 required_resources=5.165 target_replicas=6
2026-08-07 14:21:01 [info     ] algorithm2_decision            action=MAINTAIN applied_target=6 current_replicas=6 hold_until=1786087351.5 observed_load=66.15 observed_target=4 point_forecasts=[75.39520263671875, 73.85335540771484, 75.1424331665039, 73.95631408691406, 74.48719787597656, 74.76162719726562, 74.87078094482422, 74.27584838867188, 73.68815612792969] prediction_age_sec=0.07 predictive_target=6 proactive=True scenario=s4-hybrid-predictive target_replicas=6 upper_forecasts=[85.03618621826172, 84.14144134521484, 84.88541412353516, 84.5325927734375, 84.78141784667969, 85.3532943725586, 85.82823181152344, 84.94483947753906, 84.80690002441406]
2026-08-07 14:21:01 [debug    ] Decision loop completed        action=MAINTAIN latency_ms=120.13 p99=150.0
2026-08-07 14:21:16 [debug    ] HAProxy fallback latency       delta_requests=1879 interval_avg_ms=113.05 max_rtime_ms=166.0 p99_est=166.0
2026-08-07 14:21:16 [debug    ] GRU prediction received        confidence=0.8 latency_ms=5.67 predicted=97
2026-08-07 14:21:16 [debug    ] Using GRU prediction           confidence=0.8 forecast_capacity_signal=97.0 predicted=97 required_steps=4
2026-08-07 14:21:16 [debug    ] Proactive amplification        amplified=243.6 approach_ratio=1.24 load_trend=13.3 raw_pred=97
2026-08-07 14:21:16 [info     ] Knative pre-warm OK            cold_start_ms=2.5
2026-08-07 14:21:16 [info     ] controller_decision_v3         action=PREDICTIVE available_replicas=6 budget_remaining=1000 burn_adjustment=0 burst_ratio=0.1953 capacity_deficit=False confidence=0.8 current_load=124.14301381920731 decision_id=a9eccd1e k8s_capacity=99.9 k8s_weight=80 knative_weight=20 p99=166.0 predicted_load=97 r_effective=16.6 serverless_enabled=True total_load=124.1 weights_after={'k3s': 80, 'knative': 20} weights_before={'k3s': 100, 'knative': 0}
2026-08-07 14:21:16 [info     ] Weights updated                k3s=80 knative=20
2026-08-07 14:21:16 [info     ] Weights updated                action=PREDICTIVE reason='load=124RPS | k8s_cap=100RPS | (prediction-driven)' weights={'k3s': 80, 'knative': 20}
2026-08-07 14:21:16 [info     ] algorithm2_scaling_decision    action=SCALE_UP alpha=0.060060060060060066 beta=0.0 buffer=1.0 current_replicas=6 predicted_load=101.98266710943045 required_resources=6.125 target_replicas=7
2026-08-07 14:21:16 [info     ] algorithm2_decision            action=SCALE_UP applied_target=7 current_replicas=6 hold_until=1786087351.5 observed_load=101.98 observed_target=7 point_forecasts=[84.88865661621094, 85.20975494384766, 85.52174377441406, 86.09977722167969, 85.39808654785156, 85.5496597290039, 84.61886596679688, 85.2383804321289, 85.69093322753906] prediction_age_sec=0.08 predictive_target=6 proactive=False scenario=s4-hybrid-predictive target_replicas=7 upper_forecasts=[94.5296401977539, 95.49784088134766, 95.26472473144531, 96.67605590820312, 95.69230651855469, 96.14132690429688, 95.5763168334961, 95.9073715209961, 96.80967712402344]
2026-08-07 14:21:16 [info     ] k8s_scale_executed             deployment=test-app-warm replicas=7
2026-08-07 14:21:16 [debug    ] Decision loop completed        action=PREDICTIVE latency_ms=162.48 p99=166.0
2026-08-07 14:21:31 [debug    ] HAProxy fallback latency       delta_requests=1817 interval_avg_ms=17.35 max_rtime_ms=166.0 p99_est=34.69
2026-08-07 14:21:31 [debug    ] GRU prediction received        confidence=0.8 latency_ms=6.14 predicted=107
2026-08-07 14:21:31 [debug    ] Using GRU prediction           confidence=0.8 forecast_capacity_signal=107.0 predicted=107 required_steps=4
2026-08-07 14:21:31 [debug    ] Proactive amplification        amplified=249.3 approach_ratio=1.03 load_trend=14.4 raw_pred=107
2026-08-07 14:21:31 [info     ] controller_decision_v3         action=RECOVERY available_replicas=7 budget_remaining=1000 burn_adjustment=0 burst_ratio=0.0284 capacity_deficit=False confidence=0.8 current_load=119.96282193557123 decision_id=2c5754c3 k8s_capacity=116.5 k8s_weight=97 knative_weight=3 p99=34.7 predicted_load=107 r_effective=16.6 serverless_enabled=True total_load=120.0 weights_after={'k3s': 97, 'knative': 3} weights_before={'k3s': 80, 'knative': 20}
2026-08-07 14:21:31 [info     ] Weights updated                k3s=97 knative=3
2026-08-07 14:21:31 [info     ] Weights updated                action=RECOVERY reason='load=120RPS | k8s_cap=117RPS | (reducing-serverless)' weights={'k3s': 97, 'knative': 3}
2026-08-07 14:21:31 [info     ] Scale readiness observed       elapsed_sec=15.2 ewma_delay=25.9 samples=4 target=7
2026-08-07 14:21:31 [info     ] algorithm2_scaling_decision    action=SCALE_UP alpha=0.060060060060060066 beta=0.0 buffer=1.0 current_replicas=7 predicted_load=122.05291787738926 required_resources=7.331 target_replicas=8
2026-08-07 14:21:31 [info     ] algorithm2_decision            action=SCALE_UP applied_target=8 current_replicas=7 hold_until=1786087351.5 observed_load=122.05 observed_target=8 point_forecasts=[93.86056518554688, 94.44600677490234, 94.7674560546875, 95.40965270996094, 94.937255859375, 94.56663513183594, 94.25732421875, 94.48597717285156, 95.51477813720703] prediction_age_sec=0.11 predictive_target=7 proactive=False scenario=s4-hybrid-predictive target_replicas=8 upper_forecasts=[103.50154876708984, 104.73409271240234, 104.51043701171875, 105.98593139648438, 105.23147583007812, 105.1583023071289, 105.21477508544922, 105.15496826171875, 106.6335220336914]
2026-08-07 14:21:31 [info     ] k8s_scale_executed             deployment=test-app-warm replicas=8
2026-08-07 14:21:31 [debug    ] Decision loop completed        action=RECOVERY latency_ms=201.68 p99=34.69235002751789
2026-08-07 14:21:46 [debug    ] HAProxy fallback latency       delta_requests=1423 interval_avg_ms=66.0 max_rtime_ms=166.0 p99_est=132.0
2026-08-07 14:21:46 [debug    ] GRU prediction received        confidence=0.8 latency_ms=5.83 predicted=108
2026-08-07 14:21:46 [debug    ] Using GRU prediction           confidence=0.8 forecast_capacity_signal=108.0 predicted=108 required_steps=3
2026-08-07 14:21:46 [info     ] controller_decision_v3         action=RECOVERY available_replicas=8 budget_remaining=1000 burn_adjustment=0 burst_ratio=0 capacity_deficit=False confidence=0.8 current_load=93.67309936234828 decision_id=2ce9e94f k8s_capacity=133.2 k8s_weight=100 knative_weight=0 p99=132.0 predicted_load=108 r_effective=16.6 serverless_enabled=False total_load=93.7 weights_after={'k3s': 100, 'knative': 0} weights_before={'k3s': 97, 'knative': 3}
2026-08-07 14:21:46 [info     ] Weights updated                k3s=100 knative=0
2026-08-07 14:21:46 [info     ] Weights updated                action=RECOVERY reason='load=94RPS | k8s_cap=133RPS | (reducing-serverless)' weights={'k3s': 100, 'knative': 0}
2026-08-07 14:21:47 [info     ] Scale readiness observed       elapsed_sec=15.2 ewma_delay=22.7 samples=5 target=8
2026-08-07 14:21:47 [info     ] algorithm2_scaling_decision    action=MAINTAIN alpha=0.060060060060060066 beta=0.0 buffer=1.0 current_replicas=8 predicted_load=106.81796064895975 required_resources=6.415 target_replicas=7
2026-08-07 14:21:47 [info     ] algorithm2_decision            action=MAINTAIN applied_target=7 current_replicas=8 hold_until=1786087351.5 observed_load=106.82 observed_target=7 point_forecasts=[95.21659088134766, 95.8155288696289, 96.216064453125, 96.41454315185547, 96.55347442626953, 96.0717544555664, 95.9207763671875, 95.88851928710938, 96.650634765625] prediction_age_sec=0.11 predictive_target=7 proactive=False scenario=s4-hybrid-predictive target_replicas=7 upper_forecasts=[104.85757446289062, 106.1036148071289, 105.95904541015625, 106.9908218383789, 106.84769439697266, 106.66342163085938, 106.87822723388672, 106.55751037597656, 107.76937866210938]
2026-08-07 14:21:47 [debug    ] Decision loop completed        action=RECOVERY latency_ms=162.57 p99=132.0
2026-08-07 14:22:02 [debug    ] HAProxy fallback latency       delta_requests=1231 interval_avg_ms=66.0 max_rtime_ms=166.0 p99_est=132.0
2026-08-07 14:22:02 [debug    ] GRU prediction received        confidence=0.8 latency_ms=6.28 predicted=105
2026-08-07 14:22:02 [debug    ] Using GRU prediction           confidence=0.8 forecast_capacity_signal=105.0 predicted=105 required_steps=3
2026-08-07 14:22:02 [info     ] algorithm2_scaling_decision    action=MAINTAIN alpha=0.060060060060060066 beta=0.0 buffer=1.0 current_replicas=8 predicted_load=105.0 required_resources=6.306 target_replicas=7
2026-08-07 14:22:02 [info     ] algorithm2_decision            action=MAINTAIN applied_target=7 current_replicas=8 hold_until=1786087412.1 observed_load=87.43 observed_target=6 point_forecasts=[93.36235809326172, 93.56707763671875, 94.1572494506836, 93.96353149414062, 94.2845458984375, 94.07009887695312, 93.82894897460938, 93.80009460449219, 94.15200805664062] prediction_age_sec=0.07 predictive_target=7 proactive=True scenario=s4-hybrid-predictive target_replicas=7 upper_forecasts=[103.00334167480469, 103.85516357421875, 103.90023040771484, 104.53981018066406, 104.57876586914062, 104.6617660522461, 104.7863998413086, 104.46908569335938, 105.270751953125]
2026-08-07 14:22:02 [debug    ] Decision loop completed        action=MAINTAIN latency_ms=116.28 p99=132.0
2026-08-07 14:22:17 [debug    ] HAProxy fallback latency       delta_requests=1148 interval_avg_ms=35.44 max_rtime_ms=166.0 p99_est=70.87
2026-08-07 14:22:17 [debug    ] GRU prediction received        confidence=0.8 latency_ms=5.69 predicted=101
2026-08-07 14:22:17 [debug    ] Using GRU prediction           confidence=0.8 forecast_capacity_signal=101.0 predicted=101 required_steps=3
2026-08-07 14:22:17 [info     ] algorithm2_scaling_decision    action=MAINTAIN alpha=0.060060060060060066 beta=0.0 buffer=1.0 current_replicas=8 predicted_load=101.0 required_resources=6.066 target_replicas=7
2026-08-07 14:22:17 [info     ] algorithm2_decision            action=MAINTAIN applied_target=7 current_replicas=8 hold_until=1786087427.2 observed_load=78.56 observed_target=5 point_forecasts=[89.96006774902344, 89.89134216308594, 90.5376205444336, 90.19612121582031, 90.40878295898438, 90.36161041259766, 90.04530334472656, 90.08848571777344, 89.90342712402344] prediction_age_sec=0.07 predictive_target=7 proactive=True scenario=s4-hybrid-predictive target_replicas=7 upper_forecasts=[99.6010513305664, 100.17942810058594, 100.28060150146484, 100.77239990234375, 100.7030029296875, 100.95327758789062, 101.00275421142578, 100.75747680664062, 101.02217102050781]
2026-08-07 14:22:17 [debug    ] Decision loop completed        action=MAINTAIN latency_ms=119.77 p99=70.87282229965157
2026-08-07 14:22:32 [debug    ] HAProxy fallback latency       delta_requests=1502 interval_avg_ms=89.36 max_rtime_ms=166.0 p99_est=166.0
2026-08-07 14:22:32 [debug    ] GRU prediction received        confidence=0.8 latency_ms=6.03 predicted=103
2026-08-07 14:22:32 [debug    ] Using GRU prediction           confidence=0.8 forecast_capacity_signal=103.0 predicted=103 required_steps=3
2026-08-07 14:22:32 [info     ] algorithm2_scaling_decision    action=MAINTAIN alpha=0.060060060060060066 beta=0.0 buffer=1.0 current_replicas=8 predicted_load=103.0 required_resources=6.186 target_replicas=7
2026-08-07 14:22:32 [info     ] algorithm2_decision            action=MAINTAIN applied_target=7 current_replicas=8 hold_until=1786087442.4 observed_load=87.58 observed_target=6 point_forecasts=[91.66925048828125, 91.57754516601562, 92.30370330810547, 92.03984069824219, 92.22389221191406, 92.23931884765625, 91.90007019042969, 91.89061737060547, 92.12242889404297] prediction_age_sec=0.08 predictive_target=7 proactive=True scenario=s4-hybrid-predictive target_replicas=7 upper_forecasts=[101.31023406982422, 101.86563110351562, 102.04668426513672, 102.61611938476562, 102.51811218261719, 102.83098602294922, 102.8575210571289, 102.55960845947266, 103.24117279052734]
2026-08-07 14:22:32 [debug    ] Decision loop completed        action=MAINTAIN latency_ms=120.65 p99=166.0
2026-08-07 14:22:47 [debug    ] HAProxy fallback latency       delta_requests=2015 interval_avg_ms=123.47 max_rtime_ms=166.0 p99_est=166.0
2026-08-07 14:22:47 [debug    ] GRU prediction received        confidence=0.8 latency_ms=5.54 predicted=113
2026-08-07 14:22:47 [debug    ] Using GRU prediction           confidence=0.8 forecast_capacity_signal=113.0 predicted=113 required_steps=3
2026-08-07 14:22:47 [debug    ] Proactive amplification        amplified=222.1 approach_ratio=1.0 load_trend=9.9 raw_pred=113
2026-08-07 14:22:47 [info     ] algorithm2_scaling_decision    action=MAINTAIN alpha=0.060060060060060066 beta=0.0 buffer=1.0 current_replicas=8 predicted_load=116.20115777747576 required_resources=6.979 target_replicas=7
2026-08-07 14:22:47 [info     ] algorithm2_decision            action=MAINTAIN applied_target=7 current_replicas=8 hold_until=1786087442.4 observed_load=116.2 observed_target=7 point_forecasts=[100.5757827758789, 101.03287506103516, 101.67566680908203, 101.49214172363281, 102.0267562866211, 101.8024673461914, 101.55010986328125, 101.21554565429688, 101.77677154541016] prediction_age_sec=0.07 predictive_target=7 proactive=False scenario=s4-hybrid-predictive target_replicas=7 upper_forecasts=[110.21676635742188, 111.32096099853516, 111.41864776611328, 112.06842041015625, 112.32097625732422, 112.39413452148438, 112.50756072998047, 111.88453674316406, 112.89551544189453]
2026-08-07 14:22:47 [debug    ] Decision loop completed        action=MAINTAIN latency_ms=122.19 p99=166.0
2026-08-07 14:23:02 [debug    ] HAProxy fallback latency       delta_requests=2277 interval_avg_ms=51.05 max_rtime_ms=177.0 p99_est=102.09
2026-08-07 14:23:02 [debug    ] GRU prediction received        confidence=0.8 latency_ms=5.86 predicted=125
2026-08-07 14:23:02 [debug    ] Using GRU prediction           confidence=0.8 forecast_capacity_signal=125.0 predicted=125 required_steps=3
2026-08-07 14:23:02 [debug    ] Proactive amplification        amplified=306.7 approach_ratio=1.13 load_trend=17.3 raw_pred=125
2026-08-07 14:23:02 [info     ] Knative pre-warm OK            cold_start_ms=2.4
2026-08-07 14:23:02 [info     ] controller_decision_v3         action=PREDICTIVE available_replicas=8 budget_remaining=1000 burn_adjustment=0 burst_ratio=0.1154 capacity_deficit=False confidence=0.8 current_load=150.57185968980787 decision_id=94416074 k8s_capacity=133.2 k8s_weight=88 knative_weight=12 p99=102.1 predicted_load=125 r_effective=16.6 serverless_enabled=True total_load=150.6 weights_after={'k3s': 88, 'knative': 12} weights_before={'k3s': 100, 'knative': 0}
2026-08-07 14:23:02 [info     ] Weights updated                k3s=88 knative=12
2026-08-07 14:23:02 [info     ] Weights updated                action=PREDICTIVE reason='load=151RPS | k8s_cap=133RPS | (prediction-driven)' weights={'k3s': 88, 'knative': 12}
2026-08-07 14:23:02 [info     ] algorithm2_scaling_decision    action=SCALE_UP alpha=0.060060060060060066 beta=0.0 buffer=1.0 current_replicas=8 predicted_load=141.88099578296726 required_resources=8.521 target_replicas=9
2026-08-07 14:23:02 [info     ] algorithm2_decision            action=SCALE_UP applied_target=9 current_replicas=8 hold_until=1786087442.4 observed_load=141.88 observed_target=9 point_forecasts=[112.560302734375, 113.021484375, 113.3753433227539, 113.83135986328125, 113.50733184814453, 113.51204681396484, 112.99402618408203, 113.07601165771484, 113.58646392822266] prediction_age_sec=0.07 predictive_target=8 proactive=False scenario=s4-hybrid-predictive target_replicas=9 upper_forecasts=[122.20128631591797, 123.3095703125, 123.11832427978516, 124.40763854980469, 123.80155181884766, 124.10371398925781, 123.95147705078125, 123.74500274658203, 124.70520782470703]
2026-08-07 14:23:02 [info     ] k8s_scale_executed             deployment=test-app-warm replicas=9
2026-08-07 14:23:02 [debug    ] Decision loop completed        action=PREDICTIVE latency_ms=156.19 p99=102.09222661396575
2026-08-07 14:23:17 [debug    ] HAProxy fallback latency       delta_requests=2427 interval_avg_ms=68.0 max_rtime_ms=177.0 p99_est=136.0
2026-08-07 14:23:17 [debug    ] GRU prediction received        confidence=0.8 latency_ms=5.71 predicted=137
2026-08-07 14:23:17 [debug    ] Using GRU prediction           confidence=0.8 forecast_capacity_signal=137.0 predicted=137 required_steps=3
2026-08-07 14:23:17 [debug    ] Proactive amplification        amplified=349.6 approach_ratio=1.2 load_trend=21.0 raw_pred=137
2026-08-07 14:23:17 [info     ] controller_decision_v3         action=PREDICTIVE available_replicas=8 budget_remaining=1000 burn_adjustment=0 burst_ratio=0.1682 capacity_deficit=False confidence=0.8 current_load=160.1330520117781 decision_id=e1f4c20d k8s_capacity=133.2 k8s_weight=83 knative_weight=17 p99=136.0 predicted_load=137 r_effective=16.6 serverless_enabled=True total_load=160.1 weights_after={'k3s': 83, 'knative': 17} weights_before={'k3s': 88, 'knative': 12}
2026-08-07 14:23:17 [info     ] Weights updated                k3s=83 knative=17
2026-08-07 14:23:17 [info     ] Weights updated                action=PREDICTIVE reason='load=160RPS | k8s_cap=133RPS | (prediction-driven)' weights={'k3s': 83, 'knative': 17}
2026-08-07 14:23:17 [info     ] algorithm2_scaling_decision    action=SCALE_UP alpha=0.060060060060060066 beta=0.0 buffer=1.0 current_replicas=9 predicted_load=155.35245585079298 required_resources=9.33 target_replicas=10
2026-08-07 14:23:17 [info     ] algorithm2_decision            action=SCALE_UP applied_target=10 current_replicas=9 hold_until=1786087442.4 observed_load=155.35 observed_target=10 point_forecasts=[124.48304748535156, 125.01140594482422, 124.93855285644531, 126.0764389038086, 124.97471618652344, 124.98633575439453, 124.14471435546875, 124.95518493652344, 125.45269012451172] prediction_age_sec=0.07 predictive_target=9 proactive=False scenario=s4-hybrid-predictive target_replicas=10 upper_forecasts=[134.1240234375, 135.2994842529297, 134.68153381347656, 136.6527099609375, 135.26893615722656, 135.5780029296875, 135.10215759277344, 135.62417602539062, 136.57142639160156]
2026-08-07 14:23:17 [info     ] k8s_scale_executed             deployment=test-app-warm replicas=10
2026-08-07 14:23:17 [debug    ] Decision loop completed        action=PREDICTIVE latency_ms=160.07 p99=136.0
2026-08-07 14:23:32 [debug    ] HAProxy fallback latency       delta_requests=2196 interval_avg_ms=26.56 max_rtime_ms=177.0 p99_est=53.11
2026-08-07 14:23:32 [debug    ] GRU prediction received        confidence=0.8 latency_ms=5.95 predicted=143
2026-08-07 14:23:32 [debug    ] Using GRU prediction           confidence=0.8 forecast_capacity_signal=143.0 predicted=143 required_steps=3
2026-08-07 14:23:32 [debug    ] Proactive amplification        amplified=247.8 approach_ratio=1.09 load_trend=11.4 raw_pred=143
2026-08-07 14:23:32 [info     ] controller_decision_v3         action=RECOVERY available_replicas=8 budget_remaining=1000 burn_adjustment=0 burst_ratio=0.0809 capacity_deficit=False confidence=0.8 current_load=144.9183205383209 decision_id=855eee33 k8s_capacity=133.2 k8s_weight=91 knative_weight=9 p99=53.1 predicted_load=143 r_effective=16.6 serverless_enabled=True total_load=144.9 weights_after={'k3s': 91, 'knative': 9} weights_before={'k3s': 83, 'knative': 17}
2026-08-07 14:23:32 [info     ] Weights updated                k3s=91 knative=9
2026-08-07 14:23:32 [info     ] Weights updated                action=RECOVERY reason='load=145RPS | k8s_cap=133RPS | (reducing-serverless)' weights={'k3s': 91, 'knative': 9}
2026-08-07 14:23:32 [info     ] algorithm2_scaling_decision    action=MAINTAIN alpha=0.060060060060060066 beta=0.0 buffer=1.0 current_replicas=10 predicted_load=152.5256862750495 required_resources=9.161 target_replicas=10
2026-08-07 14:23:32 [info     ] algorithm2_decision            action=MAINTAIN applied_target=10 current_replicas=10 hold_until=1786087442.4 observed_load=152.53 observed_target=10 point_forecasts=[130.84288024902344, 131.3112030029297, 131.06106567382812, 132.38140869140625, 131.07644653320312, 130.97671508789062, 130.0146942138672, 131.3004150390625, 131.53121948242188] prediction_age_sec=0.11 predictive_target=9 proactive=False scenario=s4-hybrid-predictive target_replicas=10 upper_forecasts=[140.48385620117188, 141.5992889404297, 140.80404663085938, 142.9576873779297, 141.37066650390625, 141.56838989257812, 140.97213745117188, 141.9694061279297, 142.64996337890625]
2026-08-07 14:23:32 [debug    ] Decision loop completed        action=RECOVERY latency_ms=153.77 p99=53.114754098360656
2026-08-07 14:23:47 [debug    ] HAProxy fallback latency       delta_requests=1846 interval_avg_ms=40.35 max_rtime_ms=177.0 p99_est=80.7
2026-08-07 14:23:48 [debug    ] GRU prediction received        confidence=0.8 latency_ms=6.36 predicted=142
2026-08-07 14:23:48 [debug    ] Using GRU prediction           confidence=0.8 forecast_capacity_signal=142.0 predicted=142 required_steps=3
2026-08-07 14:23:48 [info     ] controller_decision_v3         action=RECOVERY available_replicas=8 budget_remaining=1000 burn_adjustment=0 burst_ratio=0 capacity_deficit=False confidence=0.8 current_load=121.87780398235901 decision_id=9054bcd8 k8s_capacity=133.2 k8s_weight=100 knative_weight=0 p99=80.7 predicted_load=142 r_effective=16.6 serverless_enabled=False total_load=121.9 weights_after={'k3s': 100, 'knative': 0} weights_before={'k3s': 91, 'knative': 9}
2026-08-07 14:23:48 [info     ] Weights updated                k3s=100 knative=0
2026-08-07 14:23:48 [info     ] Weights updated                action=RECOVERY reason='load=122RPS | k8s_cap=133RPS | (reducing-serverless)' weights={'k3s': 100, 'knative': 0}
2026-08-07 14:23:48 [info     ] algorithm2_scaling_decision    action=MAINTAIN alpha=0.060060060060060066 beta=0.0 buffer=1.0 current_replicas=10 predicted_load=133.39806226033994 required_resources=8.012 target_replicas=9
2026-08-07 14:23:48 [info     ] algorithm2_decision            action=MAINTAIN applied_target=9 current_replicas=10 hold_until=1786087442.4 observed_load=133.4 observed_target=9 point_forecasts=[130.4580078125, 130.79246520996094, 130.632568359375, 131.47830200195312, 130.54478454589844, 130.50222778320312, 129.5810089111328, 130.8495635986328, 130.6368865966797] prediction_age_sec=0.11 predictive_target=9 proactive=False scenario=s4-hybrid-predictive target_replicas=9 upper_forecasts=[140.09898376464844, 141.08055114746094, 140.37554931640625, 142.05458068847656, 140.83900451660156, 141.09390258789062, 140.5384521484375, 141.5185546875, 141.75563049316406]
2026-08-07 14:23:48 [debug    ] Decision loop completed        action=RECOVERY latency_ms=160.19 p99=80.69989165763813
2026-08-07 14:24:03 [debug    ] HAProxy fallback latency       delta_requests=1790 interval_avg_ms=92.45 max_rtime_ms=177.0 p99_est=177.0
2026-08-07 14:24:03 [debug    ] GRU prediction received        confidence=0.8 latency_ms=6.25 predicted=140
2026-08-07 14:24:03 [debug    ] Using GRU prediction           confidence=0.8 forecast_capacity_signal=140.0 predicted=140 required_steps=3
2026-08-07 14:24:03 [info     ] algorithm2_scaling_decision    action=MAINTAIN alpha=0.060060060060060066 beta=0.0 buffer=1.0 current_replicas=10 predicted_load=140.0 required_resources=8.408 target_replicas=9
2026-08-07 14:24:03 [info     ] algorithm2_decision            action=MAINTAIN applied_target=9 current_replicas=10 hold_until=1786087533.2 observed_load=119.95 observed_target=8 point_forecasts=[128.4122314453125, 128.58438110351562, 128.61026000976562, 129.00169372558594, 128.42832946777344, 128.48074340820312, 127.60820007324219, 128.712646484375, 128.2799072265625] prediction_age_sec=0.07 predictive_target=9 proactive=True scenario=s4-hybrid-predictive target_replicas=9 upper_forecasts=[138.05320739746094, 138.87246704101562, 138.35324096679688, 139.57797241210938, 138.72254943847656, 139.07241821289062, 138.56564331054688, 139.3816375732422, 139.39865112304688]
2026-08-07 14:24:03 [debug    ] Decision loop completed        action=MAINTAIN latency_ms=118.23 p99=177.0
2026-08-07 14:24:18 [debug    ] HAProxy fallback latency       delta_requests=1820 interval_avg_ms=66.0 max_rtime_ms=177.0 p99_est=132.0
2026-08-07 14:24:18 [debug    ] GRU prediction received        confidence=0.8 latency_ms=5.54 predicted=138
2026-08-07 14:24:18 [debug    ] Using GRU prediction           confidence=0.8 forecast_capacity_signal=138.0 predicted=138 required_steps=3
2026-08-07 14:24:18 [info     ] algorithm2_scaling_decision    action=MAINTAIN alpha=0.060060060060060066 beta=0.0 buffer=1.0 current_replicas=10 predicted_load=138.0 required_resources=8.288 target_replicas=9
2026-08-07 14:24:18 [info     ] algorithm2_decision            action=MAINTAIN applied_target=9 current_replicas=10 hold_until=1786087548.4 observed_load=119.2 observed_target=8 point_forecasts=[126.78564453125, 126.84036254882812, 127.01119232177734, 127.14750671386719, 126.77948760986328, 126.90174865722656, 126.05704498291016, 127.02105712890625, 126.53540802001953] prediction_age_sec=0.07 predictive_target=9 proactive=True scenario=s4-hybrid-predictive target_replicas=9 upper_forecasts=[136.42662048339844, 137.12844848632812, 136.75418090820312, 137.72378540039062, 137.07369995117188, 137.493408203125, 137.01449584960938, 137.69004821777344, 137.65414428710938]
2026-08-07 14:24:18 [debug    ] Decision loop completed        action=MAINTAIN latency_ms=122.58 p99=132.0
2026-08-07 14:24:33 [debug    ] HAProxy fallback latency       delta_requests=1817 interval_avg_ms=66.0 max_rtime_ms=177.0 p99_est=132.0
2026-08-07 14:24:33 [debug    ] GRU prediction received        confidence=0.8 latency_ms=6.15 predicted=136
2026-08-07 14:24:33 [debug    ] Using GRU prediction           confidence=0.8 forecast_capacity_signal=136.0 predicted=136 required_steps=3
2026-08-07 14:24:33 [info     ] algorithm2_scaling_decision    action=MAINTAIN alpha=0.060060060060060066 beta=0.0 buffer=1.0 current_replicas=10 predicted_load=136.0 required_resources=8.168 target_replicas=9
2026-08-07 14:24:33 [info     ] algorithm2_decision            action=MAINTAIN applied_target=9 current_replicas=10 hold_until=1786087563.5 observed_load=120.3 observed_target=8 point_forecasts=[125.32318115234375, 125.31029510498047, 125.57508850097656, 125.54120635986328, 125.32579040527344, 125.4984130859375, 124.68211364746094, 125.52189636230469, 125.01515197753906] prediction_age_sec=0.07 predictive_target=9 proactive=True scenario=s4-hybrid-predictive target_replicas=9 upper_forecasts=[134.9641571044922, 135.59837341308594, 135.3180694580078, 136.11749267578125, 135.62001037597656, 136.090087890625, 135.63955688476562, 136.19088745117188, 136.13389587402344]
2026-08-07 14:24:33 [debug    ] Decision loop completed        action=MAINTAIN latency_ms=119.11 p99=132.0
2026-08-07 14:24:48 [debug    ] HAProxy fallback latency       delta_requests=1784 interval_avg_ms=127.17 max_rtime_ms=206.0 p99_est=206.0
2026-08-07 14:24:48 [debug    ] GRU prediction received        confidence=0.8 latency_ms=5.92 predicted=135
2026-08-07 14:24:48 [debug    ] Using GRU prediction           confidence=0.8 forecast_capacity_signal=135.0 predicted=135 required_steps=3
2026-08-07 14:24:48 [info     ] algorithm2_scaling_decision    action=MAINTAIN alpha=0.060060060060060066 beta=0.0 buffer=1.0 current_replicas=10 predicted_load=135.0 required_resources=8.108 target_replicas=9
2026-08-07 14:24:48 [info     ] algorithm2_decision            action=MAINTAIN applied_target=9 current_replicas=10 hold_until=1786087578.6 observed_load=119.11 observed_target=8 point_forecasts=[123.66788482666016, 123.61444091796875, 123.95097351074219, 123.75079345703125, 123.69778442382812, 123.91587829589844, 123.13778686523438, 123.84222412109375, 123.30477905273438] prediction_age_sec=0.07 predictive_target=9 proactive=True scenario=s4-hybrid-predictive target_replicas=9 upper_forecasts=[133.30886840820312, 133.90252685546875, 133.69395446777344, 134.3270721435547, 133.99200439453125, 134.50753784179688, 134.09523010253906, 134.51121520996094, 134.42352294921875]
2026-08-07 14:24:48 [debug    ] Decision loop completed        action=MAINTAIN latency_ms=118.21 p99=206.0
2026-08-07 14:25:03 [debug    ] HAProxy fallback latency       delta_requests=1541 interval_avg_ms=31.59 max_rtime_ms=206.0 p99_est=63.19
2026-08-07 14:25:03 [debug    ] GRU prediction received        confidence=0.8 latency_ms=5.86 predicted=130
2026-08-07 14:25:03 [debug    ] Using GRU prediction           confidence=0.8 forecast_capacity_signal=130.0 predicted=130 required_steps=3
2026-08-07 14:25:03 [info     ] algorithm2_scaling_decision    action=MAINTAIN alpha=0.060060060060060066 beta=0.0 buffer=1.0 current_replicas=10 predicted_load=130.0 required_resources=7.808 target_replicas=8
2026-08-07 14:25:03 [info     ] algorithm2_decision            action=MAINTAIN applied_target=8 current_replicas=10 hold_until=1786087593.7 observed_load=109.99 observed_target=7 point_forecasts=[118.97901916503906, 118.84173583984375, 119.35584259033203, 118.67848205566406, 119.1129150390625, 119.38706970214844, 118.74159240722656, 119.11844635009766, 118.41484069824219] prediction_age_sec=0.07 predictive_target=8 proactive=True scenario=s4-hybrid-predictive target_replicas=8 upper_forecasts=[128.6199951171875, 129.12982177734375, 129.09881591796875, 129.2547607421875, 129.40713500976562, 129.97872924804688, 129.69903564453125, 129.78744506835938, 129.53358459472656]
2026-08-07 14:25:03 [debug    ] Decision loop completed        action=MAINTAIN latency_ms=114.57 p99=63.18754055807917
2026-08-07 14:25:18 [debug    ] HAProxy fallback latency       delta_requests=1250 interval_avg_ms=21.12 max_rtime_ms=206.0 p99_est=42.24
2026-08-07 14:25:18 [debug    ] GRU prediction received        confidence=0.8 latency_ms=6.2 predicted=122
2026-08-07 14:25:18 [debug    ] Using GRU prediction           confidence=0.8 forecast_capacity_signal=122.0 predicted=122 required_steps=3
2026-08-07 14:25:18 [info     ] Scale readiness observed       elapsed_sec=121.0 ewma_delay=52.2 samples=6 target=10
2026-08-07 14:25:18 [info     ] algorithm2_scaling_decision    action=MAINTAIN alpha=0.060060060060060066 beta=0.0 buffer=1.0 current_replicas=10 predicted_load=122.0 required_resources=7.327 target_replicas=8
2026-08-07 14:25:18 [info     ] algorithm2_decision            action=MAINTAIN applied_target=8 current_replicas=10 hold_until=1786087608.8 observed_load=92.35 observed_target=6 point_forecasts=[110.88764190673828, 110.56211853027344, 111.42538452148438, 110.07039642333984, 111.29515075683594, 111.51641082763672, 111.11046600341797, 110.9990234375, 110.13302612304688] prediction_age_sec=0.07 predictive_target=8 proactive=True scenario=s4-hybrid-predictive target_replicas=8 upper_forecasts=[120.52862548828125, 120.85020446777344, 121.16836547851562, 120.64667510986328, 121.58937072753906, 122.10807800292969, 122.06791687011719, 121.66801452636719, 121.25177001953125]
2026-08-07 14:25:18 [debug    ] Decision loop completed        action=MAINTAIN latency_ms=120.66 p99=42.2368
2026-08-07 14:25:33 [debug    ] HAProxy fallback latency       delta_requests=1116 interval_avg_ms=66.0 max_rtime_ms=206.0 p99_est=132.0
2026-08-07 14:25:33 [debug    ] GRU prediction received        confidence=0.8 latency_ms=6.28 predicted=114
2026-08-07 14:25:33 [debug    ] Using GRU prediction           confidence=0.8 forecast_capacity_signal=114.0 predicted=114 required_steps=5
2026-08-07 14:25:33 [info     ] algorithm2_scaling_decision    action=SCALE_DOWN alpha=0.060060060060060066 beta=0.0 buffer=1.0 current_replicas=10 predicted_load=114.0 required_resources=6.847 target_replicas=7
2026-08-07 14:25:33 [info     ] algorithm2_decision            action=SCALE_DOWN applied_target=7 current_replicas=10 hold_until=1786087623.9 observed_load=78.25 observed_target=5 point_forecasts=[102.1366195678711, 101.66110229492188, 102.87020111083984, 100.96682739257812, 102.8962631225586, 103.0433349609375, 102.87213897705078, 102.25666809082031, 101.36410522460938] prediction_age_sec=0.07 predictive_target=7 proactive=True scenario=s4-hybrid-predictive target_replicas=7 upper_forecasts=[111.77760314941406, 111.94918823242188, 112.6131820678711, 111.54310607910156, 113.19048309326172, 113.63500213623047, 113.82958984375, 112.9256591796875, 112.48284912109375]
2026-08-07 14:25:33 [info     ] k8s_scale_executed             deployment=test-app-warm replicas=7
2026-08-07 14:25:33 [debug    ] Decision loop completed        action=MAINTAIN latency_ms=156.21 p99=132.0
2026-08-07 14:25:49 [debug    ] HAProxy fallback latency       delta_requests=1047 interval_avg_ms=66.0 max_rtime_ms=206.0 p99_est=132.0
2026-08-07 14:25:49 [debug    ] GRU prediction received        confidence=0.8 latency_ms=5.75 predicted=105
2026-08-07 14:25:49 [debug    ] Using GRU prediction           confidence=0.8 forecast_capacity_signal=105.0 predicted=105 required_steps=5
2026-08-07 14:25:49 [info     ] algorithm2_scaling_decision    action=MAINTAIN alpha=0.060060060060060066 beta=0.0 buffer=1.0 current_replicas=7 predicted_load=105.0 required_resources=6.306 target_replicas=7
2026-08-07 14:25:49 [info     ] algorithm2_decision            action=MAINTAIN applied_target=7 current_replicas=7 hold_until=1786087639.1 observed_load=71.44 observed_target=5 point_forecasts=[93.12020874023438, 92.40731048583984, 93.60689544677734, 92.1593017578125, 93.67778778076172, 93.46099853515625, 93.6958236694336, 93.02690887451172, 92.27899932861328] prediction_age_sec=0.07 predictive_target=7 proactive=True scenario=s4-hybrid-predictive target_replicas=7 upper_forecasts=[102.76119232177734, 102.69539642333984, 103.3498764038086, 102.73558044433594, 103.97200775146484, 104.05266571044922, 104.65327453613281, 103.6958999633789, 103.39774322509766]
2026-08-07 14:25:49 [debug    ] Decision loop completed        action=MAINTAIN latency_ms=119.43 p99=132.0
2026-08-07 14:26:04 [debug    ] HAProxy fallback latency       delta_requests=1181 interval_avg_ms=117.39 max_rtime_ms=206.0 p99_est=206.0
2026-08-07 14:26:04 [debug    ] GRU prediction received        confidence=0.8 latency_ms=5.91 predicted=99
2026-08-07 14:26:04 [debug    ] Using GRU prediction           confidence=0.8 forecast_capacity_signal=99.0 predicted=99 required_steps=5
2026-08-07 14:26:04 [info     ] algorithm2_scaling_decision    action=MAINTAIN alpha=0.060060060060060066 beta=0.0 buffer=1.0 current_replicas=7 predicted_load=99.0 required_resources=5.946 target_replicas=6
2026-08-07 14:26:04 [info     ] algorithm2_decision            action=MAINTAIN applied_target=6 current_replicas=7 hold_until=1786087654.2 observed_load=73.56 observed_target=5 point_forecasts=[88.34794616699219, 87.61344146728516, 88.62351989746094, 87.65460205078125, 88.50289154052734, 88.22694396972656, 88.4362564086914, 88.04351806640625, 87.02191925048828] prediction_age_sec=0.07 predictive_target=6 proactive=True scenario=s4-hybrid-predictive target_replicas=6 upper_forecasts=[97.98892974853516, 97.90152740478516, 98.36650085449219, 98.23088073730469, 98.79711151123047, 98.81861114501953, 99.39370727539062, 98.71250915527344, 98.14066314697266]
2026-08-07 14:26:04 [debug    ] Decision loop completed        action=MAINTAIN latency_ms=120.81 p99=206.0
2026-08-07 14:26:19 [debug    ] HAProxy fallback latency       delta_requests=1329 interval_avg_ms=113.67 max_rtime_ms=206.0 p99_est=206.0
2026-08-07 14:26:19 [debug    ] GRU prediction received        confidence=0.8 latency_ms=5.65 predicted=98
2026-08-07 14:26:19 [debug    ] Using GRU prediction           confidence=0.8 forecast_capacity_signal=98.0 predicted=98 required_steps=5
2026-08-07 14:26:19 [info     ] algorithm2_scaling_decision    action=MAINTAIN alpha=0.060060060060060066 beta=0.0 buffer=1.0 current_replicas=7 predicted_load=98.0 required_resources=5.886 target_replicas=6
2026-08-07 14:26:19 [info     ] algorithm2_decision            action=MAINTAIN applied_target=6 current_replicas=7 hold_until=1786087669.4 observed_load=83.0 observed_target=5 point_forecasts=[86.90347290039062, 86.26600646972656, 87.23548889160156, 86.62554168701172, 86.99382019042969, 86.83415985107422, 86.85504913330078, 86.64561462402344, 85.89391326904297] prediction_age_sec=0.07 predictive_target=6 proactive=True scenario=s4-hybrid-predictive target_replicas=6 upper_forecasts=[96.5444564819336, 96.55409240722656, 96.97846984863281, 97.20182037353516, 97.28804016113281, 97.42582702636719, 97.8125, 97.31460571289062, 97.01265716552734]
2026-08-07 14:26:19 [debug    ] Decision loop completed        action=MAINTAIN latency_ms=124.25 p99=206.0
2026-08-07 14:26:34 [debug    ] GRU prediction received        confidence=0.8 latency_ms=6.41 predicted=93
2026-08-07 14:26:34 [debug    ] Using GRU prediction           confidence=0.8 forecast_capacity_signal=93.0 predicted=93 required_steps=5
2026-08-07 14:26:34 [info     ] algorithm2_scaling_decision    action=MAINTAIN alpha=0.060060060060060066 beta=0.0 buffer=1.0 current_replicas=7 predicted_load=93.0 required_resources=5.586 target_replicas=6
2026-08-07 14:26:34 [info     ] algorithm2_decision            action=MAINTAIN applied_target=6 current_replicas=7 hold_until=1786087684.5 observed_load=79.85 observed_target=5 point_forecasts=[82.80854034423828, 81.76091766357422, 82.92802429199219, 82.40669250488281, 82.41468048095703, 82.55322265625, 82.53813934326172, 82.16320037841797, 81.52449798583984] prediction_age_sec=0.07 predictive_target=6 proactive=True scenario=s4-hybrid-predictive target_replicas=6 upper_forecasts=[92.44952392578125, 92.04900360107422, 92.67100524902344, 92.98297119140625, 92.70890045166016, 93.14488983154297, 93.49559020996094, 92.83219146728516, 92.64324188232422]
2026-08-07 14:26:34 [debug    ] Decision loop completed        action=MAINTAIN latency_ms=116.8 p99=206.0
2026-08-07 14:26:49 [debug    ] GRU prediction received        confidence=0.8 latency_ms=5.98 predicted=86
2026-08-07 14:26:49 [debug    ] Using GRU prediction           confidence=0.8 forecast_capacity_signal=86.0 predicted=86 required_steps=5
2026-08-07 14:26:49 [info     ] algorithm2_scaling_decision    action=MAINTAIN alpha=0.060060060060060066 beta=0.0 buffer=1.0 current_replicas=7 predicted_load=86.0 required_resources=5.165 target_replicas=6
2026-08-07 14:26:49 [info     ] algorithm2_decision            action=MAINTAIN applied_target=6 current_replicas=7 hold_until=1786087699.6 observed_load=61.3 observed_target=4 point_forecasts=[75.62655639648438, 73.6293716430664, 75.4016342163086, 73.8739013671875, 74.50752258300781, 74.8041763305664, 75.14409637451172, 74.19519805908203, 73.29717254638672] prediction_age_sec=0.07 predictive_target=6 proactive=True scenario=s4-hybrid-predictive target_replicas=6 upper_forecasts=[85.26753997802734, 83.9174575805664, 85.14461517333984, 84.45018005371094, 84.80174255371094, 85.39584350585938, 86.10154724121094, 84.86418914794922, 84.4159164428711]
2026-08-07 14:26:49 [debug    ] Decision loop completed        action=MAINTAIN latency_ms=117.16 p99=206.0
2026-08-07 14:27:04 [debug    ] GRU prediction received        confidence=0.8 latency_ms=6.16 predicted=80
2026-08-07 14:27:04 [debug    ] Using GRU prediction           confidence=0.8 forecast_capacity_signal=80.0 predicted=80 required_steps=5
2026-08-07 14:27:04 [info     ] algorithm2_scaling_decision    action=SCALE_DOWN alpha=0.060060060060060066 beta=0.0 buffer=1.0 current_replicas=7 predicted_load=80.0 required_resources=4.805 target_replicas=5
2026-08-07 14:27:04 [info     ] algorithm2_decision            action=SCALE_DOWN applied_target=5 current_replicas=7 hold_until=1786087714.7 observed_load=48.72 observed_target=3 point_forecasts=[69.10012817382812, 66.99455261230469, 69.02046203613281, 67.42658233642578, 68.01071166992188, 68.49702453613281, 68.8807373046875, 67.60647583007812, 66.7858657836914] prediction_age_sec=0.07 predictive_target=5 proactive=True scenario=s4-hybrid-predictive target_replicas=5 upper_forecasts=[78.7411117553711, 77.28263854980469, 78.76344299316406, 78.00286102294922, 78.304931640625, 79.08869171142578, 79.83818817138672, 78.27546691894531, 77.90460968017578]
2026-08-07 14:27:04 [debug    ] Decision loop completed        action=MAINTAIN latency_ms=114.67 p99=206.0
2026-08-07 14:27:19 [debug    ] GRU prediction received        confidence=0.8 latency_ms=5.5 predicted=75
2026-08-07 14:27:19 [debug    ] Using GRU prediction           confidence=0.8 forecast_capacity_signal=75.0 predicted=75 required_steps=5
2026-08-07 14:27:19 [info     ] algorithm2_scaling_decision    action=SCALE_DOWN alpha=0.060060060060060066 beta=0.0 buffer=1.0 current_replicas=7 predicted_load=75.0 required_resources=4.505 target_replicas=5
2026-08-07 14:27:19 [info     ] algorithm2_decision            action=SCALE_DOWN applied_target=5 current_replicas=7 hold_until=1786087729.8 observed_load=46.18 observed_target=3 point_forecasts=[63.63090515136719, 61.803592681884766, 63.61961364746094, 62.311622619628906, 62.6612548828125, 63.23735046386719, 63.563331604003906, 62.213802337646484, 61.580345153808594] prediction_age_sec=0.07 predictive_target=5 proactive=True scenario=s4-hybrid-predictive target_replicas=5 upper_forecasts=[73.27188873291016, 72.0916748046875, 73.36259460449219, 72.88790130615234, 72.95547485351562, 73.82901763916016, 74.52078247070312, 72.88279724121094, 72.69908905029297]
2026-08-07 14:27:19 [debug    ] Decision loop completed        action=MAINTAIN latency_ms=115.98 p99=206.0
2026-08-07 14:27:34 [debug    ] HAProxy fallback latency       delta_requests=653 interval_avg_ms=163.96 max_rtime_ms=206.0 p99_est=206.0
2026-08-07 14:27:34 [debug    ] GRU prediction received        confidence=0.8 latency_ms=6.0 predicted=70
2026-08-07 14:27:34 [debug    ] Using GRU prediction           confidence=0.8 forecast_capacity_signal=70.0 predicted=70 required_steps=5
2026-08-07 14:27:34 [info     ] algorithm2_scaling_decision    action=SCALE_DOWN alpha=0.060060060060060066 beta=0.0 buffer=1.0 current_replicas=7 predicted_load=70.0 required_resources=4.204 target_replicas=5
2026-08-07 14:27:34 [info     ] algorithm2_decision            action=SCALE_DOWN applied_target=5 current_replicas=7 hold_until=1786087744.9 observed_load=44.49 observed_target=3 point_forecasts=[58.82140350341797, 57.270538330078125, 58.86751174926758, 57.82498550415039, 57.980899810791016, 58.60757827758789, 58.860260009765625, 57.50161361694336, 57.06614685058594] prediction_age_sec=0.07 predictive_target=5 proactive=True scenario=s4-hybrid-predictive target_replicas=5 upper_forecasts=[68.46238708496094, 67.55862426757812, 68.61048889160156, 68.40126037597656, 68.27511596679688, 69.19924926757812, 69.81771087646484, 68.17060852050781, 68.18489074707031]
2026-08-07 14:27:34 [debug    ] Decision loop completed        action=MAINTAIN latency_ms=117.4 p99=206.0
2026-08-07 14:27:49 [debug    ] HAProxy fallback latency       delta_requests=636 interval_avg_ms=64.0 max_rtime_ms=206.0 p99_est=128.0
2026-08-07 14:27:49 [debug    ] GRU prediction received        confidence=0.8 latency_ms=5.74 predicted=66
2026-08-07 14:27:49 [debug    ] Using GRU prediction           confidence=0.8 forecast_capacity_signal=66.0 predicted=66 required_steps=5
2026-08-07 14:27:50 [info     ] algorithm2_scaling_decision    action=SCALE_DOWN alpha=0.060060060060060066 beta=0.0 buffer=1.0 current_replicas=7 predicted_load=66.0 required_resources=3.964 target_replicas=4
2026-08-07 14:27:50 [info     ] algorithm2_decision            action=SCALE_DOWN applied_target=4 current_replicas=7 hold_until=1786087760.0 observed_load=42.67 observed_target=3 point_forecasts=[54.866275787353516, 53.56243133544922, 54.956031799316406, 54.13535690307617, 54.156959533691406, 54.787906646728516, 54.95781707763672, 53.660301208496094, 53.391624450683594] prediction_age_sec=0.07 predictive_target=4 proactive=True scenario=s4-hybrid-predictive target_replicas=4 upper_forecasts=[64.50725555419922, 63.85051345825195, 64.69901275634766, 64.71163940429688, 64.45117950439453, 65.37957763671875, 65.91526794433594, 64.32929229736328, 64.51036834716797]
2026-08-07 14:27:50 [info     ] k8s_scale_executed             deployment=test-app-warm replicas=4
2026-08-07 14:27:50 [debug    ] Decision loop completed        action=MAINTAIN latency_ms=150.7 p99=128.0
2026-08-07 14:28:05 [debug    ] HAProxy fallback latency       delta_requests=845 interval_avg_ms=64.0 max_rtime_ms=206.0 p99_est=128.0
2026-08-07 14:28:05 [debug    ] GRU prediction received        confidence=0.8 latency_ms=6.33 predicted=65
2026-08-07 14:28:05 [debug    ] Using GRU prediction           confidence=0.8 forecast_capacity_signal=65.0 predicted=65 required_steps=5
2026-08-07 14:28:05 [info     ] algorithm2_scaling_decision    action=MAINTAIN alpha=0.060060060060060066 beta=0.0 buffer=1.0 current_replicas=4 predicted_load=65.0 required_resources=3.904 target_replicas=4
2026-08-07 14:28:05 [info     ] algorithm2_decision            action=MAINTAIN applied_target=4 current_replicas=4 hold_until=1786087775.2 observed_load=48.92 observed_target=3 point_forecasts=[54.031558990478516, 52.98891067504883, 54.171424865722656, 53.40385818481445, 53.55253982543945, 54.082706451416016, 54.011260986328125, 53.07075881958008, 52.965084075927734] prediction_age_sec=0.07 predictive_target=4 proactive=True scenario=s4-hybrid-predictive target_replicas=4 upper_forecasts=[63.67253875732422, 63.27699279785156, 63.914405822753906, 63.98013687133789, 63.84675979614258, 64.67437744140625, 64.96871185302734, 63.73975372314453, 64.08382415771484]
2026-08-07 14:28:05 [debug    ] Decision loop completed        action=MAINTAIN latency_ms=121.3 p99=128.0
2026-08-07 14:28:20 [debug    ] HAProxy fallback latency       delta_requests=1064 interval_avg_ms=192.71 max_rtime_ms=206.0 p99_est=206.0
2026-08-07 14:28:20 [debug    ] GRU prediction received        confidence=0.8 latency_ms=6.56 predicted=67
2026-08-07 14:28:20 [debug    ] Using GRU prediction           confidence=0.8 forecast_capacity_signal=67.0 predicted=67 required_steps=5
2026-08-07 14:28:20 [debug    ] Proactive amplification        amplified=125.7 approach_ratio=1.06 load_trend=6.1 raw_pred=67
2026-08-07 14:28:20 [info     ] Knative pre-warm OK            cold_start_ms=3.2
2026-08-07 14:28:20 [info     ] controller_decision_v3         action=PREDICTIVE available_replicas=4 budget_remaining=991 burn_adjustment=0 burst_ratio=0.0535 capacity_deficit=False confidence=0.8 current_load=70.3626853362083 decision_id=89ca55a3 k8s_capacity=66.6 k8s_weight=94 knative_weight=6 p99=206.0 predicted_load=67 r_effective=16.6 serverless_enabled=True total_load=70.4 weights_after={'k3s': 94, 'knative': 6} weights_before={'k3s': 100, 'knative': 0}
2026-08-07 14:28:20 [info     ] Weights updated                k3s=94 knative=6
2026-08-07 14:28:20 [info     ] Weights updated                action=PREDICTIVE reason='load=70RPS | k8s_cap=67RPS | (prediction-driven)' weights={'k3s': 94, 'knative': 6}
2026-08-07 14:28:20 [info     ] algorithm2_scaling_decision    action=SCALE_UP alpha=0.060060060060060066 beta=0.0 buffer=1.0 current_replicas=4 predicted_load=67.0 required_resources=4.024 target_replicas=5
2026-08-07 14:28:20 [info     ] algorithm2_decision            action=SCALE_UP applied_target=5 current_replicas=4 hold_until=1786087790.3 observed_load=63.04 observed_target=4 point_forecasts=[56.27631378173828, 55.42341613769531, 56.44313049316406, 55.587890625, 56.02625274658203, 56.411643981933594, 56.04010009765625, 55.585540771484375, 55.64317321777344] prediction_age_sec=0.08 predictive_target=5 proactive=True scenario=s4-hybrid-predictive target_replicas=5 upper_forecasts=[65.91729736328125, 65.71150207519531, 66.18611145019531, 66.16416931152344, 66.32047271728516, 67.00331115722656, 66.99755096435547, 66.25453186035156, 66.76191711425781]
2026-08-07 14:28:20 [info     ] k8s_scale_executed             deployment=test-app-warm replicas=5
2026-08-07 14:28:20 [debug    ] Decision loop completed        action=PREDICTIVE latency_ms=164.57 p99=206.0
2026-08-07 14:28:35 [debug    ] HAProxy fallback latency       delta_requests=1078 interval_avg_ms=1.48 max_rtime_ms=206.0 p99_est=2.96
2026-08-07 14:28:35 [debug    ] GRU prediction received        confidence=0.8 latency_ms=6.56 predicted=70
2026-08-07 14:28:35 [debug    ] Using GRU prediction           confidence=0.8 forecast_capacity_signal=70.0 predicted=70 required_steps=5
2026-08-07 14:28:35 [debug    ] Proactive amplification        amplified=133.6 approach_ratio=0.85 load_trend=7.0 raw_pred=70
2026-08-07 14:28:35 [info     ] controller_decision_v3         action=RECOVERY available_replicas=5 budget_remaining=991 burn_adjustment=0 burst_ratio=0 capacity_deficit=False confidence=0.8 current_load=71.02013219910926 decision_id=e2d4531a k8s_capacity=83.2 k8s_weight=100 knative_weight=0 p99=3.0 predicted_load=70 r_effective=16.6 serverless_enabled=False total_load=71.0 weights_after={'k3s': 100, 'knative': 0} weights_before={'k3s': 94, 'knative': 6}
2026-08-07 14:28:35 [info     ] Weights updated                k3s=100 knative=0
2026-08-07 14:28:35 [info     ] Weights updated                action=RECOVERY reason='load=71RPS | k8s_cap=83RPS | (reducing-serverless)' weights={'k3s': 100, 'knative': 0}
2026-08-07 14:28:35 [info     ] Scale readiness observed       elapsed_sec=15.2 ewma_delay=41.1 samples=7 target=5
2026-08-07 14:28:35 [info     ] algorithm2_scaling_decision    action=MAINTAIN alpha=0.060060060060060066 beta=0.0 buffer=1.0 current_replicas=5 predicted_load=70.69140876765877 required_resources=4.246 target_replicas=5
2026-08-07 14:28:35 [info     ] algorithm2_decision            action=MAINTAIN applied_target=5 current_replicas=5 hold_until=1786087790.3 observed_load=70.69 observed_target=5 point_forecasts=[59.120567321777344, 58.54131317138672, 59.13533020019531, 58.617244720458984, 58.870914459228516, 59.138553619384766, 58.723541259765625, 58.57405090332031, 58.781211853027344] prediction_age_sec=0.1 predictive_target=5 proactive=False scenario=s4-hybrid-predictive target_replicas=5 upper_forecasts=[68.76155090332031, 68.82939910888672, 68.87831115722656, 69.19352722167969, 69.16513061523438, 69.730224609375, 69.68099212646484, 69.2430419921875, 69.89995574951172]
2026-08-07 14:28:35 [debug    ] Decision loop completed        action=RECOVERY latency_ms=151.76 p99=2.9647495361781075
2026-08-07 14:28:50 [debug    ] HAProxy fallback latency       delta_requests=1053 interval_avg_ms=132.05 max_rtime_ms=206.0 p99_est=206.0
2026-08-07 14:28:50 [debug    ] GRU prediction received        confidence=0.8 latency_ms=5.81 predicted=72
2026-08-07 14:28:50 [debug    ] Using GRU prediction           confidence=0.8 forecast_capacity_signal=72.0 predicted=72 required_steps=4
2026-08-07 14:28:50 [debug    ] Proactive amplification        amplified=131.3 approach_ratio=0.84 load_trend=6.9 raw_pred=72
2026-08-07 14:28:50 [info     ] algorithm2_scaling_decision    action=MAINTAIN alpha=0.060060060060060066 beta=0.0 buffer=1.0 current_replicas=5 predicted_load=70.29147315022865 required_resources=4.222 target_replicas=5
2026-08-07 14:28:50 [info     ] algorithm2_decision            action=MAINTAIN applied_target=5 current_replicas=5 hold_until=1786087790.3 observed_load=70.29 observed_target=5 point_forecasts=[61.557579040527344, 61.08949279785156, 61.44233703613281, 61.1464729309082, 61.22645950317383, 61.43869400024414, 61.071495056152344, 61.05293273925781, 61.339046478271484] prediction_age_sec=0.07 predictive_target=5 proactive=False scenario=s4-hybrid-predictive target_replicas=5 upper_forecasts=[71.19856262207031, 71.37757873535156, 71.18531799316406, 71.72274780273438, 71.52067565917969, 72.03036499023438, 72.02894592285156, 71.721923828125, 72.4577865600586]
2026-08-07 14:28:50 [debug    ] Decision loop completed        action=MAINTAIN latency_ms=121.61 p99=206.0
2026-08-07 14:29:05 [debug    ] GRU prediction received        confidence=0.8 latency_ms=6.05 predicted=75
2026-08-07 14:29:05 [debug    ] Using GRU prediction           confidence=0.8 forecast_capacity_signal=75.0 predicted=75 required_steps=4
2026-08-07 14:29:05 [debug    ] Proactive amplification        amplified=105.3 approach_ratio=0.85 load_trend=3.8 raw_pred=75
2026-08-07 14:29:05 [info     ] algorithm2_scaling_decision    action=MAINTAIN alpha=0.060060060060060066 beta=0.0 buffer=1.0 current_replicas=5 predicted_load=70.26011978294963 required_resources=4.22 target_replicas=5
2026-08-07 14:29:05 [info     ] algorithm2_decision            action=MAINTAIN applied_target=5 current_replicas=5 hold_until=1786087790.3 observed_load=70.26 observed_target=5 point_forecasts=[63.940162658691406, 63.52840805053711, 63.723533630371094, 63.55908966064453, 63.526695251464844, 63.71117401123047, 63.38043212890625, 63.44854736328125, 63.776058197021484] prediction_age_sec=0.07 predictive_target=5 proactive=False scenario=s4-hybrid-predictive target_replicas=5 upper_forecasts=[73.58114624023438, 73.81649017333984, 73.46651458740234, 74.13536834716797, 73.82091522216797, 74.30284118652344, 74.33788299560547, 74.11753845214844, 74.8947982788086]
2026-08-07 14:29:05 [debug    ] Decision loop completed        action=MAINTAIN latency_ms=115.98 p99=206.0
2026-08-07 14:29:20 [debug    ] HAProxy fallback latency       delta_requests=1137 interval_avg_ms=65.0 max_rtime_ms=206.0 p99_est=130.0
2026-08-07 14:29:20 [debug    ] GRU prediction received        confidence=0.8 latency_ms=5.54 predicted=78
2026-08-07 14:29:20 [debug    ] Using GRU prediction           confidence=0.8 forecast_capacity_signal=78.0 predicted=78 required_steps=4
2026-08-07 14:29:20 [info     ] algorithm2_scaling_decision    action=MAINTAIN alpha=0.060060060060060066 beta=0.0 buffer=1.0 current_replicas=5 predicted_load=73.08668892422386 required_resources=4.39 target_replicas=5
2026-08-07 14:29:20 [info     ] algorithm2_decision            action=MAINTAIN applied_target=5 current_replicas=5 hold_until=1786087790.3 observed_load=73.09 observed_target=5 point_forecasts=[66.7999038696289, 66.52992248535156, 66.49366760253906, 66.50389099121094, 66.3402328491211, 66.49613952636719, 66.16455841064453, 66.37872314453125, 66.75669860839844] prediction_age_sec=0.07 predictive_target=5 proactive=False scenario=s4-hybrid-predictive target_replicas=5 upper_forecasts=[76.44088745117188, 76.81800842285156, 76.23664855957031, 77.08016967773438, 76.63445281982422, 77.08780670166016, 77.12200927734375, 77.04771423339844, 77.87544250488281]
2026-08-07 14:29:20 [debug    ] Decision loop completed        action=MAINTAIN latency_ms=118.57 p99=130.0
2026-08-07 14:29:35 [debug    ] HAProxy fallback latency       delta_requests=1408 interval_avg_ms=223.14 max_rtime_ms=206.0 p99_est=206.0
2026-08-07 14:29:35 [debug    ] GRU prediction received        confidence=0.8 latency_ms=5.84 predicted=86
2026-08-07 14:29:35 [debug    ] Using GRU prediction           confidence=0.8 forecast_capacity_signal=86.0 predicted=86 required_steps=4
2026-08-07 14:29:35 [debug    ] Proactive amplification        amplified=142.7 approach_ratio=1.12 load_trend=5.5 raw_pred=86
2026-08-07 14:29:35 [info     ] Knative pre-warm OK            cold_start_ms=2.3
2026-08-07 14:29:35 [info     ] controller_decision_v3         action=PREDICTIVE available_replicas=5 budget_remaining=988 burn_adjustment=0 burst_ratio=0.1055 capacity_deficit=False confidence=0.8 current_load=93.0677250303361 decision_id=841fe132 k8s_capacity=83.2 k8s_weight=89 knative_weight=11 p99=206.0 predicted_load=86 r_effective=16.6 serverless_enabled=True total_load=93.1 weights_after={'k3s': 89, 'knative': 11} weights_before={'k3s': 100, 'knative': 0}
2026-08-07 14:29:35 [info     ] Weights updated                k3s=89 knative=11
2026-08-07 14:29:35 [info     ] Weights updated                action=PREDICTIVE reason='load=93RPS | k8s_cap=83RPS | (prediction-driven)' weights={'k3s': 89, 'knative': 11}
2026-08-07 14:29:36 [info     ] algorithm2_scaling_decision    action=SCALE_UP alpha=0.060060060060060066 beta=0.0 buffer=1.0 current_replicas=5 predicted_load=84.1418387071163 required_resources=5.054 target_replicas=6
2026-08-07 14:29:36 [info     ] algorithm2_decision            action=SCALE_UP applied_target=6 current_replicas=5 hold_until=1786087790.3 observed_load=84.14 observed_target=6 point_forecasts=[73.59623718261719, 74.24031066894531, 73.55945587158203, 74.45709228515625, 73.56582641601562, 73.68682098388672, 72.800537109375, 73.80191040039062, 74.6800537109375] prediction_age_sec=0.07 predictive_target=6 proactive=False scenario=s4-hybrid-predictive target_replicas=6 upper_forecasts=[83.23722076416016, 84.52839660644531, 83.30243682861328, 85.03337097167969, 83.86004638671875, 84.27848815917969, 83.75798797607422, 84.47090148925781, 85.79879760742188]
2026-08-07 14:29:36 [info     ] k8s_scale_executed             deployment=test-app-warm replicas=6
2026-08-07 14:29:36 [debug    ] Decision loop completed        action=PREDICTIVE latency_ms=159.32 p99=206.0
2026-08-07 14:29:51 [debug    ] HAProxy fallback latency       delta_requests=1641 interval_avg_ms=21.77 max_rtime_ms=206.0 p99_est=43.54
2026-08-07 14:29:51 [debug    ] GRU prediction received        confidence=0.8 latency_ms=6.47 predicted=96
2026-08-07 14:29:51 [debug    ] Using GRU prediction           confidence=0.8 forecast_capacity_signal=96.0 predicted=96 required_steps=4
2026-08-07 14:29:51 [debug    ] Proactive amplification        amplified=195.3 approach_ratio=1.08 load_trend=9.7 raw_pred=96
2026-08-07 14:29:51 [info     ] controller_decision_v3         action=RECOVERY available_replicas=6 budget_remaining=988 burn_adjustment=0 burst_ratio=0.0771 capacity_deficit=False confidence=0.8 current_load=108.24639999109225 decision_id=aaef0f05 k8s_capacity=99.9 k8s_weight=92 knative_weight=8 p99=43.5 predicted_load=96 r_effective=16.6 serverless_enabled=True total_load=108.2 weights_after={'k3s': 92, 'knative': 8} weights_before={'k3s': 89, 'knative': 11}
2026-08-07 14:29:51 [info     ] Weights updated                k3s=92 knative=8
2026-08-07 14:29:51 [info     ] Weights updated                action=RECOVERY reason='load=108RPS | k8s_cap=100RPS | (reducing-serverless)' weights={'k3s': 92, 'knative': 8}
2026-08-07 14:29:51 [info     ] Scale readiness observed       elapsed_sec=15.2 ewma_delay=33.3 samples=8 target=6
2026-08-07 14:29:51 [info     ] algorithm2_scaling_decision    action=SCALE_UP alpha=0.060060060060060066 beta=0.0 buffer=1.0 current_replicas=6 predicted_load=100.65706251071418 required_resources=6.045 target_replicas=7
2026-08-07 14:29:51 [info     ] algorithm2_decision            action=SCALE_UP applied_target=7 current_replicas=6 hold_until=1786087790.3 observed_load=100.66 observed_target=7 point_forecasts=[82.40945434570312, 83.94499206542969, 83.06929779052734, 84.97743225097656, 83.24637603759766, 83.33159637451172, 81.84306335449219, 83.46204376220703, 84.79703521728516] prediction_age_sec=0.11 predictive_target=6 proactive=False scenario=s4-hybrid-predictive target_replicas=7 upper_forecasts=[92.0504379272461, 94.23307800292969, 92.8122787475586, 95.5537109375, 93.54059600830078, 93.92326354980469, 92.8005142211914, 94.13103485107422, 95.91577911376953]
2026-08-07 14:29:51 [info     ] k8s_scale_executed             deployment=test-app-warm replicas=7
2026-08-07 14:29:51 [debug    ] Decision loop completed        action=RECOVERY latency_ms=193.73 p99=43.540524070688605
2026-08-07 14:30:06 [debug    ] HAProxy fallback latency       delta_requests=1444 interval_avg_ms=67.0 max_rtime_ms=206.0 p99_est=134.0
2026-08-07 14:30:06 [debug    ] GRU prediction received        confidence=0.8 latency_ms=6.23 predicted=100
2026-08-07 14:30:06 [debug    ] Using GRU prediction           confidence=0.8 forecast_capacity_signal=100.0 predicted=100 required_steps=4
2026-08-07 14:30:06 [debug    ] Proactive amplification        amplified=149.4 approach_ratio=0.82 load_trend=6.0 raw_pred=100
2026-08-07 14:30:06 [info     ] controller_decision_v3         action=RECOVERY available_replicas=7 budget_remaining=988 burn_adjustment=0 burst_ratio=0 capacity_deficit=False confidence=0.8 current_load=95.10234977807247 decision_id=f08a5d66 k8s_capacity=116.5 k8s_weight=100 knative_weight=0 p99=134.0 predicted_load=100 r_effective=16.6 serverless_enabled=False total_load=95.1 weights_after={'k3s': 100, 'knative': 0} weights_before={'k3s': 92, 'knative': 8}
2026-08-07 14:30:06 [info     ] Weights updated                k3s=100 knative=0
2026-08-07 14:30:06 [info     ] Weights updated                action=RECOVERY reason='load=95RPS | k8s_cap=117RPS | (reducing-serverless)' weights={'k3s': 100, 'knative': 0}
2026-08-07 14:30:06 [info     ] Scale readiness observed       elapsed_sec=15.2 ewma_delay=27.9 samples=9 target=7
2026-08-07 14:30:06 [info     ] algorithm2_scaling_decision    action=MAINTAIN alpha=0.060060060060060066 beta=0.0 buffer=1.0 current_replicas=7 predicted_load=101.67437488458236 required_resources=6.107 target_replicas=7
2026-08-07 14:30:06 [info     ] algorithm2_decision            action=MAINTAIN applied_target=7 current_replicas=7 hold_until=1786087790.3 observed_load=101.67 observed_target=7 point_forecasts=[86.9374771118164, 88.3762435913086, 87.86402893066406, 89.46452331542969, 87.7887954711914, 87.93875122070312, 86.62574005126953, 87.97969818115234, 89.01240539550781] prediction_age_sec=0.11 predictive_target=7 proactive=False scenario=s4-hybrid-predictive target_replicas=7 upper_forecasts=[96.57846069335938, 98.6643295288086, 97.60700988769531, 100.04080200195312, 98.08301544189453, 98.5304183959961, 97.58319091796875, 98.64868927001953, 100.13114929199219]
2026-08-07 14:30:06 [debug    ] Decision loop completed        action=RECOVERY latency_ms=156.61 p99=134.0
2026-08-07 14:30:21 [debug    ] HAProxy fallback latency       delta_requests=1173 interval_avg_ms=0.09 max_rtime_ms=206.0 p99_est=0.19
2026-08-07 14:30:21 [debug    ] GRU prediction received        confidence=0.8 latency_ms=6.38 predicted=99
2026-08-07 14:30:21 [debug    ] Using GRU prediction           confidence=0.8 forecast_capacity_signal=99.0 predicted=99 required_steps=3
2026-08-07 14:30:21 [info     ] algorithm2_scaling_decision    action=MAINTAIN alpha=0.060060060060060066 beta=0.0 buffer=1.0 current_replicas=7 predicted_load=86.28037360972468 required_resources=5.182 target_replicas=6
2026-08-07 14:30:21 [info     ] algorithm2_decision            action=MAINTAIN applied_target=6 current_replicas=7 hold_until=1786087790.3 observed_load=86.28 observed_target=6 point_forecasts=[86.2813491821289, 87.22602844238281, 87.14934539794922, 88.11677551269531, 86.90834045410156, 87.09468078613281, 86.1074447631836, 87.06816101074219, 87.51412963867188] prediction_age_sec=0.08 predictive_target=6 proactive=False scenario=s4-hybrid-predictive target_replicas=6 upper_forecasts=[95.92233276367188, 97.51411437988281, 96.89232635498047, 98.69305419921875, 97.20256042480469, 97.68634796142578, 97.06489562988281, 97.73715209960938, 98.63287353515625]
2026-08-07 14:30:21 [debug    ] Decision loop completed        action=MAINTAIN latency_ms=126.72 p99=0.18925831202046037
2026-08-07 14:30:36 [debug    ] GRU prediction received        confidence=0.8 latency_ms=6.31 predicted=93
2026-08-07 14:30:36 [debug    ] Using GRU prediction           confidence=0.8 forecast_capacity_signal=93.0 predicted=93 required_steps=3
2026-08-07 14:30:36 [info     ] algorithm2_scaling_decision    action=MAINTAIN alpha=0.060060060060060066 beta=0.0 buffer=1.0 current_replicas=7 predicted_load=93.0 required_resources=5.586 target_replicas=6
2026-08-07 14:30:36 [info     ] algorithm2_decision            action=MAINTAIN applied_target=6 current_replicas=7 hold_until=1786087926.6 observed_load=68.84 observed_target=5 point_forecasts=[81.60070037841797, 81.34455108642578, 81.79887390136719, 82.02479553222656, 81.33329010009766, 81.58160400390625, 81.11133575439453, 81.38986206054688, 81.39400482177734] prediction_age_sec=0.07 predictive_target=6 proactive=True scenario=s4-hybrid-predictive target_replicas=6 upper_forecasts=[91.24168395996094, 91.63263702392578, 91.54185485839844, 92.60107421875, 91.62751007080078, 92.17327117919922, 92.06878662109375, 92.05885314941406, 92.51274871826172]
2026-08-07 14:30:36 [debug    ] Decision loop completed        action=MAINTAIN latency_ms=112.36 p99=0.18925831202046037
2026-08-07 14:30:51 [debug    ] GRU prediction received        confidence=0.8 latency_ms=5.56 predicted=84
2026-08-07 14:30:51 [debug    ] Using GRU prediction           confidence=0.8 forecast_capacity_signal=84.0 predicted=84 required_steps=3
2026-08-07 14:30:51 [info     ] algorithm2_scaling_decision    action=MAINTAIN alpha=0.060060060060060066 beta=0.0 buffer=1.0 current_replicas=7 predicted_load=84.0 required_resources=5.045 target_replicas=6
2026-08-07 14:30:51 [info     ] algorithm2_decision            action=MAINTAIN applied_target=6 current_replicas=7 hold_until=1786087941.8 observed_load=52.91 observed_target=4 point_forecasts=[73.8112564086914, 72.13748931884766, 73.56410217285156, 72.30103302001953, 72.68860626220703, 73.0389175415039, 73.2475814819336, 72.50460815429688, 71.90161895751953] prediction_age_sec=0.07 predictive_target=6 proactive=True scenario=s4-hybrid-predictive target_replicas=6 upper_forecasts=[83.45223999023438, 82.42557525634766, 83.30708312988281, 82.87731170654297, 82.98282623291016, 83.63058471679688, 84.20503234863281, 83.17359924316406, 83.0203628540039]
2026-08-07 14:30:51 [debug    ] Decision loop completed        action=MAINTAIN latency_ms=121.07 p99=0.18925831202046037
2026-08-07 14:31:06 [debug    ] HAProxy fallback latency       delta_requests=657 interval_avg_ms=64.0 max_rtime_ms=206.0 p99_est=128.0
2026-08-07 14:31:06 [debug    ] GRU prediction received        confidence=0.8 latency_ms=6.1 predicted=78
2026-08-07 14:31:06 [debug    ] Using GRU prediction           confidence=0.8 forecast_capacity_signal=78.0 predicted=78 required_steps=3
2026-08-07 14:31:06 [info     ] algorithm2_scaling_decision    action=SCALE_DOWN alpha=0.060060060060060066 beta=0.0 buffer=1.0 current_replicas=7 predicted_load=78.0 required_resources=4.685 target_replicas=5
2026-08-07 14:31:06 [info     ] algorithm2_decision            action=SCALE_DOWN applied_target=5 current_replicas=7 hold_until=1786087956.9 observed_load=44.52 observed_target=3 point_forecasts=[67.274169921875, 65.29832458496094, 67.22071838378906, 65.69318389892578, 66.22329711914062, 66.75950622558594, 67.02545928955078, 65.86941528320312, 65.24148559570312] prediction_age_sec=0.07 predictive_target=5 proactive=True scenario=s4-hybrid-predictive target_replicas=5 upper_forecasts=[76.91515350341797, 75.58641052246094, 76.96369934082031, 76.26946258544922, 76.51751708984375, 77.3511734008789, 77.98291015625, 76.53840637207031, 76.3602294921875]
2026-08-07 14:31:06 [info     ] k8s_scale_executed             deployment=test-app-warm replicas=5
2026-08-07 14:31:06 [debug    ] Decision loop completed        action=MAINTAIN latency_ms=156.21 p99=128.0
2026-08-07 14:31:21 [debug    ] HAProxy fallback latency       delta_requests=673 interval_avg_ms=64.0 max_rtime_ms=206.0 p99_est=128.0
2026-08-07 14:31:21 [debug    ] GRU prediction received        confidence=0.8 latency_ms=5.91 predicted=73
2026-08-07 14:31:21 [debug    ] Using GRU prediction           confidence=0.8 forecast_capacity_signal=73.0 predicted=73 required_steps=3
2026-08-07 14:31:22 [info     ] algorithm2_scaling_decision    action=MAINTAIN alpha=0.060060060060060066 beta=0.0 buffer=1.0 current_replicas=5 predicted_load=73.0 required_resources=4.384 target_replicas=5
2026-08-07 14:31:22 [info     ] algorithm2_decision            action=MAINTAIN applied_target=5 current_replicas=5 hold_until=1786087972.0 observed_load=43.93 observed_target=3 point_forecasts=[62.08843231201172, 60.36888122558594, 62.095130920410156, 60.847877502441406, 61.15631866455078, 61.7681884765625, 62.00373077392578, 60.730613708496094, 60.26087951660156] prediction_age_sec=0.07 predictive_target=5 proactive=True scenario=s4-hybrid-predictive target_replicas=5 upper_forecasts=[71.72941589355469, 70.65696716308594, 71.8381118774414, 71.42415618896484, 71.4505386352539, 72.35985565185547, 72.961181640625, 71.39960479736328, 71.37962341308594]
2026-08-07 14:31:22 [debug    ] Decision loop completed        action=MAINTAIN latency_ms=121.04 p99=128.0
2026-08-07 14:31:37 [debug    ] HAProxy fallback latency       delta_requests=781 interval_avg_ms=274.48 max_rtime_ms=206.0 p99_est=206.0
2026-08-07 14:31:37 [debug    ] GRU prediction received        confidence=0.8 latency_ms=6.1 predicted=70
2026-08-07 14:31:37 [debug    ] Using GRU prediction           confidence=0.8 forecast_capacity_signal=70.0 predicted=70 required_steps=3
2026-08-07 14:31:37 [info     ] algorithm2_scaling_decision    action=MAINTAIN alpha=0.060060060060060066 beta=0.0 buffer=1.0 current_replicas=5 predicted_load=70.0 required_resources=4.204 target_replicas=5
2026-08-07 14:31:37 [info     ] algorithm2_decision            action=MAINTAIN applied_target=5 current_replicas=5 hold_until=1786087987.2 observed_load=48.03 observed_target=3 point_forecasts=[59.06697082519531, 57.65336608886719, 59.150901794433594, 58.079078674316406, 58.353660583496094, 58.93814468383789, 59.01763916015625, 57.89813232421875, 57.5977783203125] prediction_age_sec=0.07 predictive_target=5 proactive=True scenario=s4-hybrid-predictive target_replicas=5 upper_forecasts=[68.70795440673828, 67.94145202636719, 68.89388275146484, 68.65535736083984, 68.64788055419922, 69.52981567382812, 69.97509002685547, 68.56712341308594, 68.71652221679688]
2026-08-07 14:31:37 [debug    ] Decision loop completed        action=MAINTAIN latency_ms=122.55 p99=206.0
2026-08-07 14:31:52 [debug    ] GRU prediction received        confidence=0.8 latency_ms=5.58 predicted=69
2026-08-07 14:31:52 [debug    ] Using GRU prediction           confidence=0.8 forecast_capacity_signal=69.0 predicted=69 required_steps=3
2026-08-07 14:31:52 [info     ] algorithm2_scaling_decision    action=MAINTAIN alpha=0.060060060060060066 beta=0.0 buffer=1.0 current_replicas=5 predicted_load=69.0 required_resources=4.144 target_replicas=5
2026-08-07 14:31:52 [info     ] algorithm2_decision            action=MAINTAIN applied_target=5 current_replicas=5 hold_until=1786088002.3 observed_load=54.03 observed_target=4 point_forecasts=[57.702579498291016, 56.51811599731445, 57.82957458496094, 56.856590270996094, 57.16761779785156, 57.695228576660156, 57.61208724975586, 56.71131134033203, 56.559722900390625] prediction_age_sec=0.07 predictive_target=5 proactive=True scenario=s4-hybrid-predictive target_replicas=5 upper_forecasts=[67.34355926513672, 66.80619812011719, 67.57255554199219, 67.43286895751953, 67.46183776855469, 68.28689575195312, 68.56953430175781, 67.38030242919922, 67.678466796875]
2026-08-07 14:31:52 [debug    ] Decision loop completed        action=MAINTAIN latency_ms=117.05 p99=206.0
2026-08-07 14:32:07 [debug    ] GRU prediction received        confidence=0.8 latency_ms=5.96 predicted=66
2026-08-07 14:32:07 [debug    ] Using GRU prediction           confidence=0.8 forecast_capacity_signal=66.0 predicted=66 required_steps=3
2026-08-07 14:32:07 [info     ] algorithm2_scaling_decision    action=MAINTAIN alpha=0.060060060060060066 beta=0.0 buffer=1.0 current_replicas=5 predicted_load=69.0 required_resources=4.144 target_replicas=5
2026-08-07 14:32:07 [info     ] algorithm2_decision            action=MAINTAIN applied_target=5 current_replicas=5 hold_until=1786088002.3 observed_load=51.65 observed_target=4 point_forecasts=[55.35546875, 54.264564514160156, 55.48503112792969, 54.666358947753906, 54.85275650024414, 55.36958312988281, 55.301048278808594, 54.398902893066406, 54.300071716308594] prediction_age_sec=0.07 predictive_target=4 proactive=True scenario=s4-hybrid-predictive target_replicas=5 upper_forecasts=[64.99645233154297, 64.55265045166016, 65.22801208496094, 65.24263763427734, 65.14697265625, 65.96125030517578, 66.25849914550781, 65.0678939819336, 65.41881561279297]
2026-08-07 14:32:07 [debug    ] Decision loop completed        action=MAINTAIN latency_ms=115.9 p99=206.0
2026-08-07 14:32:22 [debug    ] HAProxy fallback latency       delta_requests=576 interval_avg_ms=210.4 max_rtime_ms=206.0 p99_est=206.0
2026-08-07 14:32:22 [debug    ] GRU prediction received        confidence=0.8 latency_ms=5.91 predicted=63
2026-08-07 14:32:22 [debug    ] Using GRU prediction           confidence=0.8 forecast_capacity_signal=63.0 predicted=63 required_steps=3
2026-08-07 14:32:22 [info     ] algorithm2_scaling_decision    action=MAINTAIN alpha=0.060060060060060066 beta=0.0 buffer=1.0 current_replicas=5 predicted_load=63.0 required_resources=3.784 target_replicas=4
2026-08-07 14:32:22 [info     ] algorithm2_decision            action=MAINTAIN applied_target=4 current_replicas=5 hold_until=1786088032.5 observed_load=42.54 observed_target=3 point_forecasts=[52.04267501831055, 51.00672149658203, 52.160850524902344, 51.532005310058594, 51.52144241333008, 52.058101654052734, 52.06693649291992, 51.05586242675781, 50.99160385131836] prediction_age_sec=0.07 predictive_target=4 proactive=True scenario=s4-hybrid-predictive target_replicas=4 upper_forecasts=[61.68365478515625, 61.294803619384766, 61.903831481933594, 62.10828399658203, 61.8156623840332, 62.6497688293457, 63.024383544921875, 61.724853515625, 62.11034393310547]
2026-08-07 14:32:22 [debug    ] Decision loop completed        action=MAINTAIN latency_ms=116.62 p99=206.0
2026-08-07 14:32:37 [debug    ] GRU prediction received        confidence=0.8 latency_ms=6.01 predicted=60
2026-08-07 14:32:37 [debug    ] Using GRU prediction           confidence=0.8 forecast_capacity_signal=60.0 predicted=60 required_steps=3
2026-08-07 14:32:37 [info     ] algorithm2_scaling_decision    action=MAINTAIN alpha=0.060060060060060066 beta=0.0 buffer=1.0 current_replicas=5 predicted_load=60.0 required_resources=3.604 target_replicas=4
2026-08-07 14:32:37 [info     ] algorithm2_decision            action=MAINTAIN applied_target=4 current_replicas=5 hold_until=1786088047.6 observed_load=38.4 observed_target=3 point_forecasts=[49.32027816772461, 48.383113861083984, 49.44124221801758, 48.9549674987793, 48.844913482666016, 49.361900329589844, 49.37007522583008, 48.36909103393555, 48.35213851928711] prediction_age_sec=0.07 predictive_target=4 proactive=True scenario=s4-hybrid-predictive target_replicas=4 upper_forecasts=[58.96125793457031, 58.67119598388672, 59.18422317504883, 59.531246185302734, 59.13913345336914, 59.95356750488281, 60.32752227783203, 59.0380859375, 59.47087860107422]
2026-08-07 14:32:37 [debug    ] Decision loop completed        action=MAINTAIN latency_ms=117.79 p99=206.0
2026-08-07 14:32:52 [debug    ] HAProxy fallback latency       delta_requests=607 interval_avg_ms=64.0 max_rtime_ms=206.0 p99_est=128.0
2026-08-07 14:32:52 [debug    ] GRU prediction received        confidence=0.8 latency_ms=5.8 predicted=58
2026-08-07 14:32:52 [debug    ] Using GRU prediction           confidence=0.8 forecast_capacity_signal=58.0 predicted=58 required_steps=3
2026-08-07 14:32:52 [info     ] algorithm2_scaling_decision    action=MAINTAIN alpha=0.060060060060060066 beta=0.0 buffer=1.0 current_replicas=5 predicted_load=58.0 required_resources=3.483 target_replicas=4
2026-08-07 14:32:52 [info     ] algorithm2_decision            action=MAINTAIN applied_target=4 current_replicas=5 hold_until=1786088062.7 observed_load=39.42 observed_target=3 point_forecasts=[47.366580963134766, 46.53628158569336, 47.492431640625, 47.11365509033203, 46.96759033203125, 47.43088150024414, 47.40264129638672, 46.48890686035156, 46.513309478759766] prediction_age_sec=0.07 predictive_target=4 proactive=True scenario=s4-hybrid-predictive target_replicas=4 upper_forecasts=[57.00756072998047, 56.824363708496094, 57.23541259765625, 57.68993377685547, 57.261810302734375, 58.02254867553711, 58.36009216308594, 57.15789794921875, 57.632049560546875]
2026-08-07 14:32:52 [debug    ] Decision loop completed        action=MAINTAIN latency_ms=116.76 p99=128.0
2026-08-07 14:33:07 [debug    ] HAProxy fallback latency       delta_requests=631 interval_avg_ms=64.0 max_rtime_ms=206.0 p99_est=128.0
2026-08-07 14:33:07 [debug    ] GRU prediction received        confidence=0.8 latency_ms=6.01 predicted=57
2026-08-07 14:33:07 [debug    ] Using GRU prediction           confidence=0.8 forecast_capacity_signal=57.0 predicted=57 required_steps=3
2026-08-07 14:33:07 [info     ] algorithm2_scaling_decision    action=MAINTAIN alpha=0.060060060060060066 beta=0.0 buffer=1.0 current_replicas=5 predicted_load=57.0 required_resources=3.423 target_replicas=4
2026-08-07 14:33:07 [info     ] algorithm2_decision            action=MAINTAIN applied_target=4 current_replicas=5 hold_until=1786088077.9 observed_load=40.95 observed_target=3 point_forecasts=[46.083919525146484, 45.33881378173828, 46.20338821411133, 45.906864166259766, 45.75253677368164, 46.15628433227539, 46.08466339111328, 45.275299072265625, 45.347755432128906] prediction_age_sec=0.07 predictive_target=4 proactive=True scenario=s4-hybrid-predictive target_replicas=4 upper_forecasts=[55.72489929199219, 55.626895904541016, 55.94636917114258, 56.4831428527832, 56.046756744384766, 56.74795150756836, 57.0421142578125, 55.94429016113281, 56.466495513916016]
2026-08-07 14:33:07 [debug    ] Decision loop completed        action=MAINTAIN latency_ms=121.78 p99=128.0
2026-08-07 14:33:22 [debug    ] HAProxy fallback latency       delta_requests=666 interval_avg_ms=64.0 max_rtime_ms=206.0 p99_est=128.0
2026-08-07 14:33:22 [debug    ] GRU prediction received        confidence=0.8 latency_ms=5.61 predicted=56
2026-08-07 14:33:22 [debug    ] Using GRU prediction           confidence=0.8 forecast_capacity_signal=56.0 predicted=56 required_steps=3
2026-08-07 14:33:22 [info     ] algorithm2_scaling_decision    action=MAINTAIN alpha=0.060060060060060066 beta=0.0 buffer=1.0 current_replicas=5 predicted_load=56.0 required_resources=3.363 target_replicas=4
2026-08-07 14:33:22 [info     ] algorithm2_decision            action=MAINTAIN applied_target=4 current_replicas=5 hold_until=1786088093.0 observed_load=42.86 observed_target=3 point_forecasts=[45.5135498046875, 44.836952209472656, 45.62461471557617, 45.37654113769531, 45.2481803894043, 45.58651351928711, 45.46046447753906, 44.77835464477539, 44.89630126953125] prediction_age_sec=0.07 predictive_target=4 proactive=True scenario=s4-hybrid-predictive target_replicas=4 upper_forecasts=[55.15453338623047, 55.12503433227539, 55.36759567260742, 55.95281982421875, 55.54240036010742, 56.17818069458008, 56.41791534423828, 55.447349548339844, 56.01504135131836]
2026-08-07 14:33:22 [debug    ] Decision loop completed        action=MAINTAIN latency_ms=124.09 p99=128.0
2026-08-07 14:33:38 [debug    ] HAProxy fallback latency       delta_requests=745 interval_avg_ms=181.53 max_rtime_ms=206.0 p99_est=206.0
2026-08-07 14:33:38 [debug    ] GRU prediction received        confidence=0.8 latency_ms=6.19 predicted=57
2026-08-07 14:33:38 [debug    ] Using GRU prediction           confidence=0.8 forecast_capacity_signal=57.0 predicted=57 required_steps=3
2026-08-07 14:33:38 [info     ] algorithm2_scaling_decision    action=MAINTAIN alpha=0.060060060060060066 beta=0.0 buffer=1.0 current_replicas=5 predicted_load=57.0 required_resources=3.423 target_replicas=4
2026-08-07 14:33:38 [info     ] algorithm2_decision            action=MAINTAIN applied_target=4 current_replicas=5 hold_until=1786088108.1 observed_load=46.65 observed_target=3 point_forecasts=[46.021183013916016, 45.403812408447266, 46.125999450683594, 45.87001419067383, 45.831268310546875, 46.09698486328125, 45.87986373901367, 45.3773078918457, 45.54806900024414] prediction_age_sec=0.07 predictive_target=4 proactive=True scenario=s4-hybrid-predictive target_replicas=4 upper_forecasts=[55.66216278076172, 55.69189453125, 55.868980407714844, 56.446292877197266, 56.12548828125, 56.68865203857422, 56.837310791015625, 56.046302795410156, 56.66680908203125]
2026-08-07 14:33:38 [debug    ] Decision loop completed        action=MAINTAIN latency_ms=120.39 p99=206.0
2026-08-07 14:33:53 [debug    ] HAProxy fallback latency       delta_requests=278 interval_avg_ms=65.0 max_rtime_ms=206.0 p99_est=130.0
2026-08-07 14:33:53 [debug    ] GRU prediction received        confidence=0.8 latency_ms=5.84 predicted=53
2026-08-07 14:33:53 [debug    ] Using GRU prediction           confidence=0.8 forecast_capacity_signal=53.0 predicted=53 required_steps=3
2026-08-07 14:33:53 [info     ] algorithm2_scaling_decision    action=MAINTAIN alpha=0.060060060060060066 beta=0.0 buffer=1.0 current_replicas=5 predicted_load=53.0 required_resources=3.183 target_replicas=4
2026-08-07 14:33:53 [info     ] algorithm2_decision            action=MAINTAIN applied_target=4 current_replicas=5 hold_until=1786088123.2 observed_load=33.89 observed_target=3 point_forecasts=[41.58009719848633, 40.86561584472656, 41.63829040527344, 41.66391372680664, 41.22640609741211, 41.57415008544922, 41.67999267578125, 40.729583740234375, 40.85240936279297] prediction_age_sec=0.07 predictive_target=4 proactive=True scenario=s4-hybrid-predictive target_replicas=4 upper_forecasts=[51.22107696533203, 51.1536979675293, 51.38127136230469, 52.24019241333008, 51.520626068115234, 52.16581726074219, 52.63744354248047, 51.39857482910156, 51.97114944458008]
2026-08-07 14:33:53 [debug    ] Decision loop completed        action=MAINTAIN latency_ms=113.06 p99=130.0
2026-08-07 14:34:08 [debug    ] GRU prediction received        confidence=0.8 latency_ms=6.33 predicted=46
2026-08-07 14:34:08 [debug    ] Using GRU prediction           confidence=0.8 forecast_capacity_signal=46.0 predicted=46 required_steps=3
2026-08-07 14:34:08 [info     ] algorithm2_scaling_decision    action=MAINTAIN alpha=0.060060060060060066 beta=0.0 buffer=1.0 current_replicas=5 predicted_load=53.0 required_resources=3.183 target_replicas=4
2026-08-07 14:34:08 [info     ] algorithm2_decision            action=MAINTAIN applied_target=4 current_replicas=5 hold_until=1786088123.2 observed_load=9.26 observed_target=3 point_forecasts=[34.82135009765625, 34.05429458618164, 34.82427215576172, 35.203643798828125, 34.29043197631836, 34.777584075927734, 35.215049743652344, 33.73314666748047, 33.853816986083984] prediction_age_sec=0.07 predictive_target=3 proactive=True scenario=s4-hybrid-predictive target_replicas=4 upper_forecasts=[44.46233367919922, 44.342376708984375, 44.56725311279297, 45.77992248535156, 44.584651947021484, 45.3692512512207, 46.17250061035156, 44.402137756347656, 44.972557067871094]
2026-08-07 14:34:08 [debug    ] Decision loop completed        action=MAINTAIN latency_ms=125.6 p99=130.0
2026-08-07 14:34:23 [debug    ] GRU prediction received        confidence=0.8 latency_ms=5.84 predicted=41
2026-08-07 14:34:23 [debug    ] Using GRU prediction           confidence=0.8 forecast_capacity_signal=41.0 predicted=41 required_steps=3
2026-08-07 14:34:23 [info     ] algorithm2_scaling_decision    action=MAINTAIN alpha=0.060060060060060066 beta=0.0 buffer=1.0 current_replicas=5 predicted_load=53.0 required_resources=3.183 target_replicas=4
2026-08-07 14:34:23 [info     ] algorithm2_decision            action=MAINTAIN applied_target=4 current_replicas=5 hold_until=1786088123.2 observed_load=0.0 observed_target=3 point_forecasts=[29.062206268310547, 28.390995025634766, 29.058868408203125, 29.70101547241211, 28.541873931884766, 29.019371032714844, 29.588733673095703, 27.96595001220703, 28.034629821777344] prediction_age_sec=0.06 predictive_target=3 proactive=True scenario=s4-hybrid-predictive target_replicas=4 upper_forecasts=[38.70318603515625, 38.6790771484375, 38.801849365234375, 40.27729415893555, 38.83609390258789, 39.61103820800781, 40.546180725097656, 38.63494110107422, 39.15336990356445]
2026-08-07 14:34:23 [debug    ] Decision loop completed        action=MAINTAIN latency_ms=114.37 p99=130.0
2026-08-07 14:34:38 [debug    ] GRU prediction received        confidence=0.8 latency_ms=8.58 predicted=36
2026-08-07 14:34:38 [debug    ] Using GRU prediction           confidence=0.8 forecast_capacity_signal=36.0 predicted=36 required_steps=3
2026-08-07 14:34:38 [info     ] algorithm2_scaling_decision    action=MAINTAIN alpha=0.060060060060060066 beta=0.0 buffer=1.0 current_replicas=5 predicted_load=53.0 required_resources=3.183 target_replicas=4
2026-08-07 14:34:38 [info     ] algorithm2_decision            action=MAINTAIN applied_target=4 current_replicas=5 hold_until=1786088123.2 observed_load=0.0 observed_target=3 point_forecasts=[24.295578002929688, 23.74506378173828, 24.27581787109375, 25.161823272705078, 23.848663330078125, 24.2242431640625, 24.855308532714844, 23.261619567871094, 23.276958465576172] prediction_age_sec=0.07 predictive_target=3 proactive=True scenario=s4-hybrid-predictive target_replicas=4 upper_forecasts=[33.936561584472656, 34.033145904541016, 34.018798828125, 35.738101959228516, 34.14288330078125, 34.81591033935547, 35.81275939941406, 33.93061065673828, 34.39569854736328]
2026-08-07 14:34:38 [debug    ] Decision loop completed        action=MAINTAIN latency_ms=119.87 p99=130.0
2026-08-07 14:34:45 [info     ] Received shutdown signal
2026-08-07 14:34:45 [info     ] Stopping routing daemon...
2026-08-07 14:34:45 [info     ] Routing daemon stopped
