2026-08-07 06:24:48 [info     ] SLOMonitor initialized         threshold_ms=200.0 violation_window=30
2026-08-07 06:24:48 [info     ] Algorithm1ControllerV3 initialized max_knative=50 r_saturation=33.3 target_cpu_util=0.5 total_budget=1000
2026-08-07 06:24:48 [info     ] Using V3 controller (Capacity-Driven) scenario=s4-hybrid-predictive version=v3
2026-08-07 06:24:48 [info     ] HAProxyWeightAdjuster initialized backend=servers host=localhost port=19999
2026-08-07 06:24:48 [info     ] GRUClient initialized          base_url=http://localhost:8090
2026-08-07 06:24:48 [info     ] K8sScaler initialized          deployment=test-app-warm namespace=default
2026-08-07 06:24:48 [info     ] RoutingDaemon initialized      decision_interval=15 description='Algorithm 1 with GRU predictions (Algorithm 2)' scenario=s4-hybrid-predictive use_algorithm=True use_predictions=True
2026-08-07 06:24:48 [info     ] Starting routing daemon        interval=15 scenario=s4-hybrid-predictive
2026-08-07 06:24:48 [info     ] Weights updated                k3s=80 knative=20
2026-08-07 06:24:48 [info     ] Initial weights applied        k3s=80 knative=20
2026-08-07 06:24:48 [debug    ] HAProxy fallback primed        total_requests=0
2026-08-07 06:24:48 [info     ] Model status validated         prediction_horizon=9 sample_interval_sec=15 sequence_length=30
2026-08-07 06:24:48 [info     ] Model status validated on first eligible cycle prediction_horizon=9 sequence_length=30
2026-08-07 06:24:49 [info     ] algorithm2_scaling_decision    action=MAINTAIN alpha=0.060060060060060066 beta=0.0 buffer=1.0 current_replicas=3 predicted_load=0.0 required_resources=0.0 target_replicas=3
2026-08-07 06:24:49 [info     ] algorithm2_decision            action=MAINTAIN applied_target=3 current_replicas=3 hold_until=0.0 observed_load=0.0 observed_target=3 point_forecasts=None prediction_age_sec=None predictive_target=3 proactive=False scenario=s4-hybrid-predictive target_replicas=3 upper_forecasts=None
2026-08-07 06:24:49 [debug    ] Decision loop completed        action=MAINTAIN latency_ms=110.29 p99=0.0
2026-08-07 06:25:04 [info     ] algorithm2_scaling_decision    action=MAINTAIN alpha=0.060060060060060066 beta=0.0 buffer=1.0 current_replicas=3 predicted_load=0.0 required_resources=0.0 target_replicas=3
2026-08-07 06:25:04 [info     ] algorithm2_decision            action=MAINTAIN applied_target=3 current_replicas=3 hold_until=0.0 observed_load=0.0 observed_target=3 point_forecasts=None prediction_age_sec=None predictive_target=3 proactive=False scenario=s4-hybrid-predictive target_replicas=3 upper_forecasts=None
2026-08-07 06:25:04 [debug    ] Decision loop completed        action=MAINTAIN latency_ms=103.54 p99=0.0
2026-08-07 06:25:19 [info     ] algorithm2_scaling_decision    action=MAINTAIN alpha=0.060060060060060066 beta=0.0 buffer=1.0 current_replicas=3 predicted_load=0.0 required_resources=0.0 target_replicas=3
2026-08-07 06:25:19 [info     ] algorithm2_decision            action=MAINTAIN applied_target=3 current_replicas=3 hold_until=0.0 observed_load=0.0 observed_target=3 point_forecasts=None prediction_age_sec=None predictive_target=3 proactive=False scenario=s4-hybrid-predictive target_replicas=3 upper_forecasts=None
2026-08-07 06:25:19 [debug    ] Decision loop completed        action=MAINTAIN latency_ms=105.52 p99=0.0
2026-08-07 06:25:34 [debug    ] HAProxy fallback latency       delta_requests=639 interval_avg_ms=64.0 max_rtime_ms=117.0 p99_est=117.0
2026-08-07 06:25:34 [info     ] controller_decision_v3         action=RECOVERY available_replicas=3 budget_remaining=1000 burn_adjustment=0 burst_ratio=0 capacity_deficit=False confidence=0 current_load=42.171017713404375 decision_id=a29f6f51 k8s_capacity=49.9 k8s_weight=100 knative_weight=0 p99=117.0 predicted_load=0 r_effective=16.6 serverless_enabled=False total_load=42.2 weights_after={'k3s': 100, 'knative': 0} weights_before={'k3s': 80, 'knative': 20}
2026-08-07 06:25:34 [info     ] Weights updated                k3s=100 knative=0
2026-08-07 06:25:34 [info     ] Weights updated                action=RECOVERY reason='load=42RPS | k8s_cap=50RPS | (reducing-serverless)' weights={'k3s': 100, 'knative': 0}
2026-08-07 06:25:34 [info     ] algorithm2_scaling_decision    action=MAINTAIN alpha=0.060060060060060066 beta=0.0 buffer=1.0 current_replicas=3 predicted_load=21.085508856702187 required_resources=1.266 target_replicas=3
2026-08-07 06:25:34 [info     ] algorithm2_decision            action=MAINTAIN applied_target=3 current_replicas=3 hold_until=0.0 observed_load=21.09 observed_target=3 point_forecasts=None prediction_age_sec=None predictive_target=3 proactive=False scenario=s4-hybrid-predictive target_replicas=3 upper_forecasts=None
2026-08-07 06:25:34 [debug    ] Decision loop completed        action=RECOVERY latency_ms=143.97 p99=117.0
2026-08-07 06:25:49 [debug    ] HAProxy fallback latency       delta_requests=666 interval_avg_ms=64.0 max_rtime_ms=117.0 p99_est=117.0
2026-08-07 06:25:49 [info     ] algorithm2_scaling_decision    action=MAINTAIN alpha=0.060060060060060066 beta=0.0 buffer=1.0 current_replicas=3 predicted_load=43.10783834022753 required_resources=2.589 target_replicas=3
2026-08-07 06:25:49 [info     ] algorithm2_decision            action=MAINTAIN applied_target=3 current_replicas=3 hold_until=0.0 observed_load=43.11 observed_target=3 point_forecasts=None prediction_age_sec=None predictive_target=3 proactive=False scenario=s4-hybrid-predictive target_replicas=3 upper_forecasts=None
2026-08-07 06:25:49 [debug    ] Decision loop completed        action=MAINTAIN latency_ms=109.87 p99=117.0
2026-08-07 06:26:04 [debug    ] HAProxy fallback latency       delta_requests=716 interval_avg_ms=66.82 max_rtime_ms=117.0 p99_est=117.0
2026-08-07 06:26:04 [info     ] algorithm2_scaling_decision    action=MAINTAIN alpha=0.060060060060060066 beta=0.0 buffer=1.0 current_replicas=3 predicted_load=45.68154683217436 required_resources=2.744 target_replicas=3
2026-08-07 06:26:04 [info     ] algorithm2_decision            action=MAINTAIN applied_target=3 current_replicas=3 hold_until=0.0 observed_load=45.68 observed_target=3 point_forecasts=None prediction_age_sec=None predictive_target=3 proactive=False scenario=s4-hybrid-predictive target_replicas=3 upper_forecasts=None
2026-08-07 06:26:04 [debug    ] Decision loop completed        action=MAINTAIN latency_ms=104.92 p99=117.0
2026-08-07 06:26:19 [debug    ] HAProxy fallback latency       delta_requests=822 interval_avg_ms=65.0 max_rtime_ms=117.0 p99_est=117.0
2026-08-07 06:26:19 [info     ] Knative pre-warm OK            cold_start_ms=3.0
2026-08-07 06:26:19 [info     ] controller_decision_v3         action=REACTIVE available_replicas=3 budget_remaining=1000 burn_adjustment=0 burst_ratio=0.0821 capacity_deficit=False confidence=0 current_load=54.42012815473552 decision_id=02f2c6c3 k8s_capacity=49.9 k8s_weight=91 knative_weight=9 p99=117.0 predicted_load=0 r_effective=16.6 serverless_enabled=True total_load=54.4 weights_after={'k3s': 91, 'knative': 9} weights_before={'k3s': 100, 'knative': 0}
2026-08-07 06:26:19 [info     ] Weights updated                k3s=91 knative=9
2026-08-07 06:26:19 [info     ] Weights updated                action=REACTIVE reason='load=54RPS | k8s_cap=50RPS | (burst-routing)' weights={'k3s': 91, 'knative': 9}
2026-08-07 06:26:19 [info     ] algorithm2_scaling_decision    action=SCALE_UP alpha=0.060060060060060066 beta=0.0 buffer=1.0 current_replicas=3 predicted_load=50.86928142601678 required_resources=3.055 target_replicas=4
2026-08-07 06:26:19 [info     ] algorithm2_decision            action=SCALE_UP applied_target=4 current_replicas=3 hold_until=0.0 observed_load=50.87 observed_target=4 point_forecasts=None prediction_age_sec=None predictive_target=3 proactive=False scenario=s4-hybrid-predictive target_replicas=4 upper_forecasts=None
2026-08-07 06:26:19 [info     ] k8s_scale_executed             deployment=test-app-warm replicas=4
2026-08-07 06:26:19 [debug    ] Decision loop completed        action=REACTIVE latency_ms=145.04 p99=117.0
2026-08-07 06:26:34 [debug    ] HAProxy fallback latency       delta_requests=769 interval_avg_ms=60.3 max_rtime_ms=117.0 p99_est=117.0
2026-08-07 06:26:34 [info     ] controller_decision_v3         action=RECOVERY available_replicas=4 budget_remaining=1000 burn_adjustment=0 burst_ratio=0 capacity_deficit=False confidence=0 current_load=50.84135863524732 decision_id=3807c08c k8s_capacity=66.6 k8s_weight=100 knative_weight=0 p99=117.0 predicted_load=0 r_effective=16.6 serverless_enabled=False total_load=50.8 weights_after={'k3s': 100, 'knative': 0} weights_before={'k3s': 91, 'knative': 9}
2026-08-07 06:26:34 [info     ] Weights updated                k3s=100 knative=0
2026-08-07 06:26:34 [info     ] Weights updated                action=RECOVERY reason='load=51RPS | k8s_cap=67RPS | (reducing-serverless)' weights={'k3s': 100, 'knative': 0}
2026-08-07 06:26:34 [info     ] Scale readiness observed       elapsed_sec=15.1 ewma_delay=46.5 samples=1 target=4
2026-08-07 06:26:34 [info     ] algorithm2_scaling_decision    action=MAINTAIN alpha=0.060060060060060066 beta=0.0 buffer=1.0 current_replicas=4 predicted_load=52.63074339499142 required_resources=3.161 target_replicas=4
2026-08-07 06:26:34 [info     ] algorithm2_decision            action=MAINTAIN applied_target=4 current_replicas=4 hold_until=0.0 observed_load=52.63 observed_target=4 point_forecasts=None prediction_age_sec=None predictive_target=3 proactive=False scenario=s4-hybrid-predictive target_replicas=4 upper_forecasts=None
2026-08-07 06:26:34 [debug    ] Decision loop completed        action=RECOVERY latency_ms=143.64 p99=117.0
2026-08-07 06:26:49 [debug    ] HAProxy fallback latency       delta_requests=548 interval_avg_ms=71.59 max_rtime_ms=117.0 p99_est=117.0
2026-08-07 06:26:49 [info     ] algorithm2_scaling_decision    action=MAINTAIN alpha=0.060060060060060066 beta=0.0 buffer=1.0 current_replicas=4 predicted_load=43.51353344979374 required_resources=2.613 target_replicas=3
2026-08-07 06:26:49 [info     ] algorithm2_decision            action=MAINTAIN applied_target=3 current_replicas=4 hold_until=0.0 observed_load=43.51 observed_target=3 point_forecasts=None prediction_age_sec=None predictive_target=3 proactive=False scenario=s4-hybrid-predictive target_replicas=3 upper_forecasts=None
2026-08-07 06:26:49 [debug    ] Decision loop completed        action=MAINTAIN latency_ms=101.07 p99=117.0
2026-08-07 06:27:05 [debug    ] HAProxy fallback latency       delta_requests=411 interval_avg_ms=65.0 max_rtime_ms=117.0 p99_est=117.0
2026-08-07 06:27:05 [info     ] algorithm2_scaling_decision    action=MAINTAIN alpha=0.060060060060060066 beta=0.0 buffer=1.0 current_replicas=4 predicted_load=31.70142848815515 required_resources=1.904 target_replicas=3
2026-08-07 06:27:05 [info     ] algorithm2_decision            action=MAINTAIN applied_target=3 current_replicas=4 hold_until=0.0 observed_load=31.7 observed_target=3 point_forecasts=None prediction_age_sec=None predictive_target=3 proactive=False scenario=s4-hybrid-predictive target_replicas=3 upper_forecasts=None
2026-08-07 06:27:05 [debug    ] Decision loop completed        action=MAINTAIN latency_ms=109.04 p99=117.0
2026-08-07 06:27:20 [debug    ] HAProxy fallback latency       delta_requests=358 interval_avg_ms=65.0 max_rtime_ms=117.0 p99_est=117.0
2026-08-07 06:27:20 [info     ] algorithm2_scaling_decision    action=MAINTAIN alpha=0.060060060060060066 beta=0.0 buffer=1.0 current_replicas=4 predicted_load=25.455537330372415 required_resources=1.529 target_replicas=3
2026-08-07 06:27:20 [info     ] algorithm2_decision            action=MAINTAIN applied_target=3 current_replicas=4 hold_until=0.0 observed_load=25.46 observed_target=3 point_forecasts=None prediction_age_sec=None predictive_target=3 proactive=False scenario=s4-hybrid-predictive target_replicas=3 upper_forecasts=None
2026-08-07 06:27:20 [debug    ] Decision loop completed        action=MAINTAIN latency_ms=109.27 p99=117.0
2026-08-07 06:27:35 [debug    ] HAProxy fallback latency       delta_requests=484 interval_avg_ms=65.0 max_rtime_ms=117.0 p99_est=117.0
2026-08-07 06:27:35 [info     ] algorithm2_scaling_decision    action=MAINTAIN alpha=0.060060060060060066 beta=0.0 buffer=1.0 current_replicas=4 predicted_load=27.830299426255497 required_resources=1.671 target_replicas=3
2026-08-07 06:27:35 [info     ] algorithm2_decision            action=MAINTAIN applied_target=3 current_replicas=4 hold_until=0.0 observed_load=27.83 observed_target=3 point_forecasts=None prediction_age_sec=None predictive_target=3 proactive=False scenario=s4-hybrid-predictive target_replicas=3 upper_forecasts=None
2026-08-07 06:27:35 [debug    ] Decision loop completed        action=MAINTAIN latency_ms=102.51 p99=117.0
2026-08-07 06:27:50 [debug    ] HAProxy fallback latency       delta_requests=772 interval_avg_ms=56.99 max_rtime_ms=117.0 p99_est=113.98
2026-08-07 06:27:50 [info     ] algorithm2_scaling_decision    action=MAINTAIN alpha=0.060060060060060066 beta=0.0 buffer=1.0 current_replicas=4 predicted_load=41.54183163711894 required_resources=2.495 target_replicas=3
2026-08-07 06:27:50 [info     ] algorithm2_decision            action=MAINTAIN applied_target=3 current_replicas=4 hold_until=0.0 observed_load=41.54 observed_target=3 point_forecasts=None prediction_age_sec=None predictive_target=3 proactive=False scenario=s4-hybrid-predictive target_replicas=3 upper_forecasts=None
2026-08-07 06:27:50 [debug    ] Decision loop completed        action=MAINTAIN latency_ms=107.24 p99=113.97668393782384
2026-08-07 06:28:05 [debug    ] HAProxy fallback latency       delta_requests=812 interval_avg_ms=72.62 max_rtime_ms=117.0 p99_est=117.0
2026-08-07 06:28:05 [info     ] algorithm2_scaling_decision    action=MAINTAIN alpha=0.060060060060060066 beta=0.0 buffer=1.0 current_replicas=4 predicted_load=52.4647359667224 required_resources=3.151 target_replicas=4
2026-08-07 06:28:05 [info     ] algorithm2_decision            action=MAINTAIN applied_target=4 current_replicas=4 hold_until=0.0 observed_load=52.46 observed_target=4 point_forecasts=None prediction_age_sec=None predictive_target=3 proactive=False scenario=s4-hybrid-predictive target_replicas=4 upper_forecasts=None
2026-08-07 06:28:05 [debug    ] Decision loop completed        action=MAINTAIN latency_ms=106.55 p99=117.0
2026-08-07 06:28:20 [debug    ] HAProxy fallback latency       delta_requests=638 interval_avg_ms=53.03 max_rtime_ms=135.0 p99_est=106.07
2026-08-07 06:28:20 [info     ] algorithm2_scaling_decision    action=MAINTAIN alpha=0.060060060060060066 beta=0.0 buffer=1.0 current_replicas=4 predicted_load=48.02363164128769 required_resources=2.884 target_replicas=3
2026-08-07 06:28:20 [info     ] algorithm2_decision            action=MAINTAIN applied_target=3 current_replicas=4 hold_until=0.0 observed_load=48.02 observed_target=3 point_forecasts=None prediction_age_sec=None predictive_target=3 proactive=False scenario=s4-hybrid-predictive target_replicas=3 upper_forecasts=None
2026-08-07 06:28:20 [debug    ] Decision loop completed        action=MAINTAIN latency_ms=104.17 p99=106.06583072100314
2026-08-07 06:28:35 [debug    ] HAProxy fallback latency       delta_requests=655 interval_avg_ms=76.66 max_rtime_ms=135.0 p99_est=135.0
2026-08-07 06:28:35 [info     ] algorithm2_scaling_decision    action=MAINTAIN alpha=0.060060060060060066 beta=0.0 buffer=1.0 current_replicas=4 predicted_load=42.80018393486991 required_resources=2.571 target_replicas=3
2026-08-07 06:28:35 [info     ] algorithm2_decision            action=MAINTAIN applied_target=3 current_replicas=4 hold_until=0.0 observed_load=42.8 observed_target=3 point_forecasts=None prediction_age_sec=None predictive_target=3 proactive=False scenario=s4-hybrid-predictive target_replicas=3 upper_forecasts=None
2026-08-07 06:28:35 [debug    ] Decision loop completed        action=MAINTAIN latency_ms=103.28 p99=135.0
2026-08-07 06:28:50 [debug    ] HAProxy fallback latency       delta_requests=830 interval_avg_ms=65.0 max_rtime_ms=135.0 p99_est=130.0
2026-08-07 06:28:50 [info     ] algorithm2_scaling_decision    action=MAINTAIN alpha=0.060060060060060066 beta=0.0 buffer=1.0 current_replicas=4 predicted_load=49.126562203768344 required_resources=2.951 target_replicas=3
2026-08-07 06:28:50 [info     ] algorithm2_decision            action=MAINTAIN applied_target=3 current_replicas=4 hold_until=0.0 observed_load=49.13 observed_target=3 point_forecasts=None prediction_age_sec=None predictive_target=3 proactive=False scenario=s4-hybrid-predictive target_replicas=3 upper_forecasts=None
2026-08-07 06:28:50 [debug    ] Decision loop completed        action=MAINTAIN latency_ms=107.17 p99=130.0
2026-08-07 06:29:05 [debug    ] HAProxy fallback latency       delta_requests=916 interval_avg_ms=54.04 max_rtime_ms=135.0 p99_est=108.09
2026-08-07 06:29:05 [info     ] algorithm2_scaling_decision    action=MAINTAIN alpha=0.060060060060060066 beta=0.0 buffer=1.0 current_replicas=4 predicted_load=57.726533120182935 required_resources=3.467 target_replicas=4
2026-08-07 06:29:05 [info     ] algorithm2_decision            action=MAINTAIN applied_target=4 current_replicas=4 hold_until=0.0 observed_load=57.73 observed_target=4 point_forecasts=None prediction_age_sec=None predictive_target=3 proactive=False scenario=s4-hybrid-predictive target_replicas=4 upper_forecasts=None
2026-08-07 06:29:05 [debug    ] Decision loop completed        action=MAINTAIN latency_ms=107.7 p99=108.08733624454149
2026-08-07 06:29:20 [debug    ] HAProxy fallback latency       delta_requests=930 interval_avg_ms=52.21 max_rtime_ms=135.0 p99_est=104.42
2026-08-07 06:29:21 [info     ] algorithm2_scaling_decision    action=MAINTAIN alpha=0.060060060060060066 beta=0.0 buffer=1.0 current_replicas=4 predicted_load=61.09538942405791 required_resources=3.669 target_replicas=4
2026-08-07 06:29:21 [info     ] algorithm2_decision            action=MAINTAIN applied_target=4 current_replicas=4 hold_until=0.0 observed_load=61.1 observed_target=4 point_forecasts=None prediction_age_sec=None predictive_target=3 proactive=False scenario=s4-hybrid-predictive target_replicas=4 upper_forecasts=None
2026-08-07 06:29:21 [debug    ] Decision loop completed        action=MAINTAIN latency_ms=108.55 p99=104.41720430107527
2026-08-07 06:29:36 [debug    ] HAProxy fallback latency       delta_requests=1003 interval_avg_ms=86.87 max_rtime_ms=135.0 p99_est=135.0
2026-08-07 06:29:36 [info     ] algorithm2_scaling_decision    action=MAINTAIN alpha=0.060060060060060066 beta=0.0 buffer=1.0 current_replicas=4 predicted_load=64.00511304562806 required_resources=3.844 target_replicas=4
2026-08-07 06:29:36 [info     ] algorithm2_decision            action=MAINTAIN applied_target=4 current_replicas=4 hold_until=0.0 observed_load=64.01 observed_target=4 point_forecasts=None prediction_age_sec=None predictive_target=3 proactive=False scenario=s4-hybrid-predictive target_replicas=4 upper_forecasts=None
2026-08-07 06:29:36 [debug    ] Decision loop completed        action=MAINTAIN latency_ms=111.09 p99=135.0
2026-08-07 06:29:51 [debug    ] HAProxy fallback latency       delta_requests=1118 interval_avg_ms=53.29 max_rtime_ms=135.0 p99_est=106.59
2026-08-07 06:29:51 [info     ] Knative pre-warm OK            cold_start_ms=2.9
2026-08-07 06:29:51 [info     ] controller_decision_v3         action=REACTIVE available_replicas=4 budget_remaining=1000 burn_adjustment=0 burst_ratio=0.099 capacity_deficit=False confidence=0 current_load=73.9166706267383 decision_id=456e95d9 k8s_capacity=66.6 k8s_weight=90 knative_weight=10 p99=106.6 predicted_load=0 r_effective=16.6 serverless_enabled=True total_load=73.9 weights_after={'k3s': 90, 'knative': 10} weights_before={'k3s': 100, 'knative': 0}
2026-08-07 06:29:51 [info     ] Weights updated                k3s=90 knative=10
2026-08-07 06:29:51 [info     ] Weights updated                action=REACTIVE reason='load=74RPS | k8s_cap=67RPS | (burst-routing)' weights={'k3s': 90, 'knative': 10}
2026-08-07 06:29:51 [info     ] algorithm2_scaling_decision    action=SCALE_UP alpha=0.060060060060060066 beta=0.0 buffer=1.0 current_replicas=4 predicted_load=70.15082292640771 required_resources=4.213 target_replicas=5
2026-08-07 06:29:51 [info     ] algorithm2_decision            action=SCALE_UP applied_target=5 current_replicas=4 hold_until=0.0 observed_load=70.15 observed_target=5 point_forecasts=None prediction_age_sec=None predictive_target=3 proactive=False scenario=s4-hybrid-predictive target_replicas=5 upper_forecasts=None
2026-08-07 06:29:51 [info     ] k8s_scale_executed             deployment=test-app-warm replicas=5
2026-08-07 06:29:51 [debug    ] Decision loop completed        action=REACTIVE latency_ms=151.43 p99=106.58855098389982
2026-08-07 06:30:06 [debug    ] HAProxy fallback latency       delta_requests=1276 interval_avg_ms=75.26 max_rtime_ms=135.0 p99_est=135.0
2026-08-07 06:30:06 [info     ] controller_decision_v3         action=RECOVERY available_replicas=5 budget_remaining=1000 burn_adjustment=0 burst_ratio=0.0107 capacity_deficit=False confidence=0 current_load=84.15135278442212 decision_id=0ebbe3ab k8s_capacity=83.2 k8s_weight=98 knative_weight=2 p99=135.0 predicted_load=0 r_effective=16.6 serverless_enabled=True total_load=84.2 weights_after={'k3s': 98, 'knative': 2} weights_before={'k3s': 90, 'knative': 10}
2026-08-07 06:30:06 [info     ] Weights updated                k3s=98 knative=2
2026-08-07 06:30:06 [info     ] Weights updated                action=RECOVERY reason='load=84RPS | k8s_cap=83RPS | (reducing-serverless)' weights={'k3s': 98, 'knative': 2}
2026-08-07 06:30:06 [info     ] Scale readiness observed       elapsed_sec=15.1 ewma_delay=37.1 samples=2 target=5
2026-08-07 06:30:06 [info     ] algorithm2_scaling_decision    action=MAINTAIN alpha=0.060060060060060066 beta=0.0 buffer=1.0 current_replicas=5 predicted_load=79.03401170558021 required_resources=4.747 target_replicas=5
2026-08-07 06:30:06 [info     ] algorithm2_decision            action=MAINTAIN applied_target=5 current_replicas=5 hold_until=0.0 observed_load=79.03 observed_target=5 point_forecasts=None prediction_age_sec=None predictive_target=3 proactive=False scenario=s4-hybrid-predictive target_replicas=5 upper_forecasts=None
2026-08-07 06:30:06 [debug    ] Decision loop completed        action=RECOVERY latency_ms=145.07 p99=135.0
2026-08-07 06:30:21 [debug    ] HAProxy fallback latency       delta_requests=1459 interval_avg_ms=75.84 max_rtime_ms=156.0 p99_est=151.69
2026-08-07 06:30:21 [info     ] controller_decision_v3         action=REACTIVE available_replicas=5 budget_remaining=1000 burn_adjustment=0 burst_ratio=0.1358 capacity_deficit=False confidence=0 current_load=96.33713505291412 decision_id=80258661 k8s_capacity=83.2 k8s_weight=86 knative_weight=14 p99=151.7 predicted_load=0 r_effective=16.6 serverless_enabled=True total_load=96.3 weights_after={'k3s': 86, 'knative': 14} weights_before={'k3s': 98, 'knative': 2}
2026-08-07 06:30:21 [info     ] Weights updated                k3s=86 knative=14
2026-08-07 06:30:21 [info     ] Weights updated                action=REACTIVE reason='load=96RPS | k8s_cap=83RPS | (burst-routing)' weights={'k3s': 86, 'knative': 14}
2026-08-07 06:30:21 [info     ] algorithm2_scaling_decision    action=SCALE_UP alpha=0.060060060060060066 beta=0.0 buffer=1.0 current_replicas=5 predicted_load=90.24424391866812 required_resources=5.42 target_replicas=6
2026-08-07 06:30:21 [info     ] algorithm2_decision            action=SCALE_UP applied_target=6 current_replicas=5 hold_until=0.0 observed_load=90.24 observed_target=6 point_forecasts=None prediction_age_sec=None predictive_target=3 proactive=False scenario=s4-hybrid-predictive target_replicas=6 upper_forecasts=None
2026-08-07 06:30:21 [info     ] k8s_scale_executed             deployment=test-app-warm replicas=6
2026-08-07 06:30:21 [debug    ] Decision loop completed        action=REACTIVE latency_ms=137.59 p99=151.68882796435915
2026-08-07 06:30:36 [debug    ] HAProxy fallback latency       delta_requests=1670 interval_avg_ms=66.0 max_rtime_ms=156.0 p99_est=132.0
2026-08-07 06:30:36 [info     ] controller_decision_v3         action=REACTIVE available_replicas=5 budget_remaining=1000 burn_adjustment=0 burst_ratio=0.2449 capacity_deficit=False confidence=0 current_load=110.25305174351043 decision_id=5f906664 k8s_capacity=83.2 k8s_weight=75 knative_weight=25 p99=132.0 predicted_load=0 r_effective=16.6 serverless_enabled=True total_load=110.3 weights_after={'k3s': 75, 'knative': 25} weights_before={'k3s': 86, 'knative': 14}
2026-08-07 06:30:36 [info     ] Weights updated                k3s=75 knative=25
2026-08-07 06:30:36 [info     ] Weights updated                action=REACTIVE reason='load=110RPS | k8s_cap=83RPS | (burst-routing)' weights={'k3s': 75, 'knative': 25}
2026-08-07 06:30:36 [info     ] algorithm2_scaling_decision    action=SCALE_UP alpha=0.060060060060060066 beta=0.0 buffer=1.0 current_replicas=6 predicted_load=103.29509339821227 required_resources=6.204 target_replicas=7
2026-08-07 06:30:36 [info     ] algorithm2_decision            action=SCALE_UP applied_target=7 current_replicas=6 hold_until=0.0 observed_load=103.3 observed_target=7 point_forecasts=None prediction_age_sec=None predictive_target=3 proactive=False scenario=s4-hybrid-predictive target_replicas=7 upper_forecasts=None
2026-08-07 06:30:36 [info     ] k8s_scale_executed             deployment=test-app-warm replicas=7
2026-08-07 06:30:36 [debug    ] Decision loop completed        action=REACTIVE latency_ms=149.0 p99=132.0
2026-08-07 06:30:51 [debug    ] HAProxy fallback latency       delta_requests=1894 interval_avg_ms=76.24 max_rtime_ms=156.0 p99_est=152.47
2026-08-07 06:30:51 [info     ] controller_decision_v3         action=REACTIVE available_replicas=5 budget_remaining=1000 burn_adjustment=0 burst_ratio=0.3345 capacity_deficit=False confidence=0 current_load=125.08922023277952 decision_id=0b7b1034 k8s_capacity=83.2 k8s_weight=66 knative_weight=34 p99=152.5 predicted_load=0 r_effective=16.6 serverless_enabled=True total_load=125.1 weights_after={'k3s': 66, 'knative': 34} weights_before={'k3s': 75, 'knative': 25}
2026-08-07 06:30:51 [info     ] Weights updated                k3s=66 knative=34
2026-08-07 06:30:51 [info     ] Weights updated                action=REACTIVE reason='load=125RPS | k8s_cap=83RPS | (burst-routing)' weights={'k3s': 66, 'knative': 34}
2026-08-07 06:30:51 [info     ] algorithm2_scaling_decision    action=SCALE_UP alpha=0.060060060060060066 beta=0.0 buffer=1.0 current_replicas=7 predicted_load=117.67113598814498 required_resources=7.067 target_replicas=8
2026-08-07 06:30:51 [info     ] algorithm2_decision            action=SCALE_UP applied_target=8 current_replicas=7 hold_until=0.0 observed_load=117.67 observed_target=8 point_forecasts=None prediction_age_sec=None predictive_target=3 proactive=False scenario=s4-hybrid-predictive target_replicas=8 upper_forecasts=None
2026-08-07 06:30:51 [info     ] k8s_scale_executed             deployment=test-app-warm replicas=8
2026-08-07 06:30:51 [debug    ] Decision loop completed        action=REACTIVE latency_ms=141.12 p99=152.47096092925025
2026-08-07 06:31:06 [debug    ] HAProxy fallback latency       delta_requests=1723 interval_avg_ms=42.5 max_rtime_ms=156.0 p99_est=84.99
2026-08-07 06:31:06 [info     ] controller_decision_v3         action=RECOVERY available_replicas=5 budget_remaining=1000 burn_adjustment=0 burst_ratio=0.2684 capacity_deficit=False confidence=0 current_load=113.79667740069725 decision_id=1c489856 k8s_capacity=83.2 k8s_weight=73 knative_weight=27 p99=85.0 predicted_load=0 r_effective=16.6 serverless_enabled=True total_load=113.8 weights_after={'k3s': 73, 'knative': 27} weights_before={'k3s': 66, 'knative': 34}
2026-08-07 06:31:07 [info     ] Weights updated                k3s=73 knative=27
2026-08-07 06:31:07 [info     ] Weights updated                action=RECOVERY reason='load=114RPS | k8s_cap=83RPS | (reducing-serverless)' weights={'k3s': 73, 'knative': 27}
2026-08-07 06:31:07 [info     ] algorithm2_scaling_decision    action=MAINTAIN alpha=0.060060060060060066 beta=0.0 buffer=1.0 current_replicas=8 predicted_load=119.44294881673838 required_resources=7.174 target_replicas=8
2026-08-07 06:31:07 [info     ] algorithm2_decision            action=MAINTAIN applied_target=8 current_replicas=8 hold_until=0.0 observed_load=119.44 observed_target=8 point_forecasts=None prediction_age_sec=None predictive_target=3 proactive=False scenario=s4-hybrid-predictive target_replicas=8 upper_forecasts=None
2026-08-07 06:31:07 [debug    ] Decision loop completed        action=RECOVERY latency_ms=143.54 p99=84.99477655252467
2026-08-07 06:31:22 [debug    ] HAProxy fallback latency       delta_requests=1313 interval_avg_ms=65.0 max_rtime_ms=156.0 p99_est=130.0
2026-08-07 06:31:22 [info     ] controller_decision_v3         action=RECOVERY available_replicas=5 budget_remaining=1000 burn_adjustment=0 burst_ratio=0.0405 capacity_deficit=False confidence=0 current_load=86.7638493570452 decision_id=92e04b3b k8s_capacity=83.2 k8s_weight=95 knative_weight=5 p99=130.0 predicted_load=0 r_effective=16.6 serverless_enabled=True total_load=86.8 weights_after={'k3s': 95, 'knative': 5} weights_before={'k3s': 73, 'knative': 27}
2026-08-07 06:31:22 [info     ] Weights updated                k3s=95 knative=5
2026-08-07 06:31:22 [info     ] Weights updated                action=RECOVERY reason='load=87RPS | k8s_cap=83RPS | (reducing-serverless)' weights={'k3s': 95, 'knative': 5}
2026-08-07 06:31:22 [info     ] algorithm2_scaling_decision    action=MAINTAIN alpha=0.060060060060060066 beta=0.0 buffer=1.0 current_replicas=8 predicted_load=100.28026337887123 required_resources=6.023 target_replicas=7
2026-08-07 06:31:22 [info     ] algorithm2_decision            action=MAINTAIN applied_target=7 current_replicas=8 hold_until=0.0 observed_load=100.28 observed_target=7 point_forecasts=None prediction_age_sec=None predictive_target=3 proactive=False scenario=s4-hybrid-predictive target_replicas=7 upper_forecasts=None
2026-08-07 06:31:22 [debug    ] Decision loop completed        action=RECOVERY latency_ms=139.88 p99=130.0
2026-08-07 06:31:37 [debug    ] HAProxy fallback latency       delta_requests=1131 interval_avg_ms=44.18 max_rtime_ms=156.0 p99_est=88.35
2026-08-07 06:31:37 [info     ] controller_decision_v3         action=RECOVERY available_replicas=5 budget_remaining=1000 burn_adjustment=0 burst_ratio=0 capacity_deficit=False confidence=0 current_load=74.70658410894717 decision_id=a9459b4d k8s_capacity=83.2 k8s_weight=100 knative_weight=0 p99=88.4 predicted_load=0 r_effective=16.6 serverless_enabled=False total_load=74.7 weights_after={'k3s': 100, 'knative': 0} weights_before={'k3s': 95, 'knative': 5}
2026-08-07 06:31:37 [info     ] Weights updated                k3s=100 knative=0
2026-08-07 06:31:37 [info     ] Weights updated                action=RECOVERY reason='load=75RPS | k8s_cap=83RPS | (reducing-serverless)' weights={'k3s': 100, 'knative': 0}
2026-08-07 06:31:37 [info     ] algorithm2_scaling_decision    action=SCALE_DOWN alpha=0.060060060060060066 beta=0.0 buffer=1.0 current_replicas=8 predicted_load=80.73521673299618 required_resources=4.849 target_replicas=5
2026-08-07 06:31:37 [info     ] algorithm2_decision            action=SCALE_DOWN applied_target=5 current_replicas=8 hold_until=0.0 observed_load=80.74 observed_target=5 point_forecasts=None prediction_age_sec=None predictive_target=3 proactive=False scenario=s4-hybrid-predictive target_replicas=5 upper_forecasts=None
2026-08-07 06:31:37 [info     ] k8s_scale_executed             deployment=test-app-warm replicas=5
2026-08-07 06:31:37 [debug    ] Decision loop completed        action=RECOVERY latency_ms=176.76 p99=88.35013262599469
2026-08-07 06:31:52 [debug    ] HAProxy fallback latency       delta_requests=1078 interval_avg_ms=64.0 max_rtime_ms=156.0 p99_est=128.0
2026-08-07 06:31:52 [info     ] algorithm2_scaling_decision    action=MAINTAIN alpha=0.060060060060060066 beta=0.0 buffer=1.0 current_replicas=5 predicted_load=72.90005034442912 required_resources=4.378 target_replicas=5
2026-08-07 06:31:52 [info     ] algorithm2_decision            action=MAINTAIN applied_target=5 current_replicas=5 hold_until=0.0 observed_load=72.9 observed_target=5 point_forecasts=None prediction_age_sec=None predictive_target=3 proactive=False scenario=s4-hybrid-predictive target_replicas=5 upper_forecasts=None
2026-08-07 06:31:52 [debug    ] Decision loop completed        action=MAINTAIN latency_ms=105.05 p99=128.0
2026-08-07 06:32:07 [debug    ] HAProxy fallback latency       delta_requests=945 interval_avg_ms=64.0 max_rtime_ms=156.0 p99_est=128.0
2026-08-07 06:32:07 [info     ] algorithm2_scaling_decision    action=MAINTAIN alpha=0.060060060060060066 beta=0.0 buffer=1.0 current_replicas=5 predicted_load=66.82625851965005 required_resources=4.014 target_replicas=5
2026-08-07 06:32:07 [info     ] algorithm2_decision            action=MAINTAIN applied_target=5 current_replicas=5 hold_until=0.0 observed_load=66.83 observed_target=5 point_forecasts=None prediction_age_sec=None predictive_target=3 proactive=False scenario=s4-hybrid-predictive target_replicas=5 upper_forecasts=None
2026-08-07 06:32:07 [debug    ] Decision loop completed        action=MAINTAIN latency_ms=109.18 p99=128.0
2026-08-07 06:32:22 [debug    ] HAProxy fallback latency       delta_requests=793 interval_avg_ms=64.0 max_rtime_ms=156.0 p99_est=128.0
2026-08-07 06:32:22 [debug    ] GRU prediction received        confidence=0.8 latency_ms=6.7 predicted=87
2026-08-07 06:32:22 [debug    ] Using GRU prediction           confidence=0.8 forecast_capacity_signal=87.0 predicted=87 required_steps=4
2026-08-07 06:32:22 [info     ] algorithm2_scaling_decision    action=SCALE_UP alpha=0.060060060060060066 beta=0.0 buffer=1.0 current_replicas=5 predicted_load=87.0 required_resources=5.225 target_replicas=6
2026-08-07 06:32:22 [info     ] algorithm2_decision            action=SCALE_UP applied_target=6 current_replicas=5 hold_until=1786059232.7 observed_load=57.52 observed_target=4 point_forecasts=[76.2079849243164, 74.17938995361328, 75.95736694335938, 74.39446258544922, 75.0059585571289, 75.3050537109375, 75.66773223876953, 74.72453308105469, 73.83788299560547] prediction_age_sec=0.07 predictive_target=6 proactive=True scenario=s4-hybrid-predictive target_replicas=6 upper_forecasts=[85.84896850585938, 84.46747589111328, 85.70034790039062, 84.97074127197266, 85.30017852783203, 85.89672088623047, 86.62518310546875, 85.39352416992188, 84.95662689208984]
2026-08-07 06:32:22 [info     ] k8s_scale_executed             deployment=test-app-warm replicas=6
2026-08-07 06:32:22 [debug    ] Decision loop completed        action=MAINTAIN latency_ms=155.47 p99=128.0
2026-08-07 06:32:37 [debug    ] HAProxy fallback latency       delta_requests=1206 interval_avg_ms=109.73 max_rtime_ms=156.0 p99_est=156.0
2026-08-07 06:32:37 [debug    ] GRU prediction received        confidence=0.8 latency_ms=5.98 predicted=86
2026-08-07 06:32:37 [debug    ] Using GRU prediction           confidence=0.8 forecast_capacity_signal=86.0 predicted=86 required_steps=4
2026-08-07 06:32:37 [info     ] Scale readiness observed       elapsed_sec=15.1 ewma_delay=30.5 samples=3 target=6
2026-08-07 06:32:37 [info     ] algorithm2_scaling_decision    action=MAINTAIN alpha=0.060060060060060066 beta=0.0 buffer=1.0 current_replicas=6 predicted_load=86.0 required_resources=5.165 target_replicas=6
2026-08-07 06:32:37 [info     ] algorithm2_decision            action=MAINTAIN applied_target=6 current_replicas=6 hold_until=1786059247.8 observed_load=65.96 observed_target=4 point_forecasts=[75.35047912597656, 73.7955093383789, 75.09821319580078, 73.90158081054688, 74.43753051757812, 74.71316528320312, 74.8270263671875, 74.22123718261719, 73.62762451171875] prediction_age_sec=0.07 predictive_target=6 proactive=True scenario=s4-hybrid-predictive target_replicas=6 upper_forecasts=[84.99146270751953, 84.0835952758789, 84.84119415283203, 84.47785949707031, 84.73175048828125, 85.3048324584961, 85.78447723388672, 84.89022827148438, 84.74636840820312]
2026-08-07 06:32:37 [debug    ] Decision loop completed        action=MAINTAIN latency_ms=115.96 p99=156.0
2026-08-07 06:32:52 [debug    ] HAProxy fallback latency       delta_requests=1874 interval_avg_ms=97.43 max_rtime_ms=163.0 p99_est=163.0
2026-08-07 06:32:52 [debug    ] GRU prediction received        confidence=0.8 latency_ms=6.05 predicted=97
2026-08-07 06:32:52 [debug    ] Using GRU prediction           confidence=0.8 forecast_capacity_signal=97.0 predicted=97 required_steps=4
2026-08-07 06:32:52 [debug    ] Proactive amplification        amplified=242.8 approach_ratio=1.24 load_trend=13.2 raw_pred=97
2026-08-07 06:32:52 [info     ] Knative pre-warm OK            cold_start_ms=2.4
2026-08-07 06:32:52 [info     ] controller_decision_v3         action=PREDICTIVE available_replicas=6 budget_remaining=1000 burn_adjustment=0 burst_ratio=0.1938 capacity_deficit=False confidence=0.8 current_load=123.91174681000176 decision_id=eaf76340 k8s_capacity=99.9 k8s_weight=80 knative_weight=20 p99=163.0 predicted_load=97 r_effective=16.6 serverless_enabled=True total_load=123.9 weights_after={'k3s': 80, 'knative': 20} weights_before={'k3s': 100, 'knative': 0}
2026-08-07 06:32:52 [info     ] Weights updated                k3s=80 knative=20
2026-08-07 06:32:52 [info     ] Weights updated                action=PREDICTIVE reason='load=124RPS | k8s_cap=100RPS | (prediction-driven)' weights={'k3s': 80, 'knative': 20}
2026-08-07 06:32:52 [info     ] algorithm2_scaling_decision    action=SCALE_UP alpha=0.060060060060060066 beta=0.0 buffer=1.0 current_replicas=6 predicted_load=101.67635141852 required_resources=6.107 target_replicas=7
2026-08-07 06:32:52 [info     ] algorithm2_decision            action=SCALE_UP applied_target=7 current_replicas=6 hold_until=1786059247.8 observed_load=101.68 observed_target=7 point_forecasts=[84.78467559814453, 85.09564208984375, 85.41292572021484, 85.98944091796875, 85.28924560546875, 85.44466400146484, 84.51689147949219, 85.13166809082031, 85.58123779296875] prediction_age_sec=0.07 predictive_target=6 proactive=False scenario=s4-hybrid-predictive target_replicas=7 upper_forecasts=[94.4256591796875, 95.38372802734375, 95.1559066772461, 96.56571960449219, 95.58346557617188, 96.03633117675781, 95.4743423461914, 95.8006591796875, 96.69998168945312]
2026-08-07 06:32:53 [info     ] k8s_scale_executed             deployment=test-app-warm replicas=7
2026-08-07 06:32:53 [debug    ] Decision loop completed        action=PREDICTIVE latency_ms=157.4 p99=163.0
2026-08-07 06:33:08 [debug    ] HAProxy fallback latency       delta_requests=1820 interval_avg_ms=33.64 max_rtime_ms=163.0 p99_est=67.28
2026-08-07 06:33:08 [debug    ] GRU prediction received        confidence=0.8 latency_ms=6.1 predicted=107
2026-08-07 06:33:08 [debug    ] Using GRU prediction           confidence=0.8 forecast_capacity_signal=107.0 predicted=107 required_steps=4
2026-08-07 06:33:08 [debug    ] Proactive amplification        amplified=249.9 approach_ratio=1.03 load_trend=14.4 raw_pred=107
2026-08-07 06:33:08 [info     ] controller_decision_v3         action=RECOVERY available_replicas=7 budget_remaining=1000 burn_adjustment=0 burst_ratio=0.0304 capacity_deficit=False confidence=0.8 current_load=120.20046536415894 decision_id=2d0be18e k8s_capacity=116.5 k8s_weight=96 knative_weight=4 p99=67.3 predicted_load=107 r_effective=16.6 serverless_enabled=True total_load=120.2 weights_after={'k3s': 96, 'knative': 4} weights_before={'k3s': 80, 'knative': 20}
2026-08-07 06:33:08 [info     ] Weights updated                k3s=96 knative=4
2026-08-07 06:33:08 [info     ] Weights updated                action=RECOVERY reason='load=120RPS | k8s_cap=117RPS | (reducing-serverless)' weights={'k3s': 96, 'knative': 4}
2026-08-07 06:33:08 [info     ] Scale readiness observed       elapsed_sec=15.2 ewma_delay=25.9 samples=4 target=7
2026-08-07 06:33:08 [info     ] algorithm2_scaling_decision    action=SCALE_UP alpha=0.060060060060060066 beta=0.0 buffer=1.0 current_replicas=7 predicted_load=122.05610608708035 required_resources=7.331 target_replicas=8
2026-08-07 06:33:08 [info     ] algorithm2_decision            action=SCALE_UP applied_target=8 current_replicas=7 hold_until=1786059247.8 observed_load=122.06 observed_target=8 point_forecasts=[93.82340240478516, 94.4063720703125, 94.72759246826172, 95.373779296875, 94.8941421508789, 94.52661895751953, 94.21356964111328, 94.44609069824219, 95.47740936279297] prediction_age_sec=0.11 predictive_target=7 proactive=False scenario=s4-hybrid-predictive target_replicas=8 upper_forecasts=[103.46438598632812, 104.6944580078125, 104.47057342529297, 105.95005798339844, 105.18836212158203, 105.1182861328125, 105.1710205078125, 105.11508178710938, 106.59615325927734]
2026-08-07 06:33:08 [info     ] k8s_scale_executed             deployment=test-app-warm replicas=8
2026-08-07 06:33:08 [debug    ] Decision loop completed        action=RECOVERY latency_ms=189.93 p99=67.27692307692308
2026-08-07 06:33:23 [debug    ] HAProxy fallback latency       delta_requests=1426 interval_avg_ms=43.07 max_rtime_ms=163.0 p99_est=86.14
2026-08-07 06:33:23 [debug    ] GRU prediction received        confidence=0.8 latency_ms=5.32 predicted=108
2026-08-07 06:33:23 [debug    ] Using GRU prediction           confidence=0.8 forecast_capacity_signal=108.0 predicted=108 required_steps=3
2026-08-07 06:33:23 [info     ] controller_decision_v3         action=RECOVERY available_replicas=8 budget_remaining=1000 burn_adjustment=0 burst_ratio=0 capacity_deficit=False confidence=0.8 current_load=93.87585914289579 decision_id=62737f5f k8s_capacity=133.2 k8s_weight=100 knative_weight=0 p99=86.1 predicted_load=108 r_effective=16.6 serverless_enabled=False total_load=93.9 weights_after={'k3s': 100, 'knative': 0} weights_before={'k3s': 96, 'knative': 4}
2026-08-07 06:33:23 [info     ] Weights updated                k3s=100 knative=0
2026-08-07 06:33:23 [info     ] Weights updated                action=RECOVERY reason='load=94RPS | k8s_cap=133RPS | (reducing-serverless)' weights={'k3s': 100, 'knative': 0}
2026-08-07 06:33:23 [info     ] Scale readiness observed       elapsed_sec=15.2 ewma_delay=22.7 samples=5 target=8
2026-08-07 06:33:23 [info     ] algorithm2_scaling_decision    action=MAINTAIN alpha=0.060060060060060066 beta=0.0 buffer=1.0 current_replicas=8 predicted_load=107.03816225352736 required_resources=6.429 target_replicas=7
2026-08-07 06:33:23 [info     ] algorithm2_decision            action=MAINTAIN applied_target=7 current_replicas=8 hold_until=1786059247.8 observed_load=107.04 observed_target=7 point_forecasts=[95.23053741455078, 95.83274841308594, 96.23175811767578, 96.43487548828125, 96.57017517089844, 96.08672332763672, 95.93609619140625, 95.90447235107422, 96.6703109741211] prediction_age_sec=0.11 predictive_target=7 proactive=False scenario=s4-hybrid-predictive target_replicas=7 upper_forecasts=[104.87152099609375, 106.12083435058594, 105.97473907470703, 107.01115417480469, 106.86439514160156, 106.67839050292969, 106.89354705810547, 106.5734634399414, 107.78905487060547]
2026-08-07 06:33:23 [debug    ] Decision loop completed        action=RECOVERY latency_ms=154.41 p99=86.14446002805049
2026-08-07 06:33:38 [debug    ] HAProxy fallback latency       delta_requests=1231 interval_avg_ms=65.0 max_rtime_ms=163.0 p99_est=130.0
2026-08-07 06:33:38 [debug    ] GRU prediction received        confidence=0.8 latency_ms=5.86 predicted=105
2026-08-07 06:33:38 [debug    ] Using GRU prediction           confidence=0.8 forecast_capacity_signal=105.0 predicted=105 required_steps=3
2026-08-07 06:33:38 [info     ] algorithm2_scaling_decision    action=MAINTAIN alpha=0.060060060060060066 beta=0.0 buffer=1.0 current_replicas=8 predicted_load=105.0 required_resources=6.306 target_replicas=7
2026-08-07 06:33:38 [info     ] algorithm2_decision            action=MAINTAIN applied_target=7 current_replicas=8 hold_until=1786059308.5 observed_load=87.55 observed_target=6 point_forecasts=[93.38817596435547, 93.59729766845703, 94.18579864501953, 93.99415588378906, 94.3172836303711, 94.0984115600586, 93.85836791992188, 93.82948303222656, 94.18588256835938] prediction_age_sec=0.07 predictive_target=7 proactive=True scenario=s4-hybrid-predictive target_replicas=7 upper_forecasts=[103.02915954589844, 103.88538360595703, 103.92877960205078, 104.5704345703125, 104.61150360107422, 104.69007873535156, 104.8158187866211, 104.49847412109375, 105.30462646484375]
2026-08-07 06:33:38 [debug    ] Decision loop completed        action=MAINTAIN latency_ms=113.99 p99=130.0
2026-08-07 06:33:53 [debug    ] HAProxy fallback latency       delta_requests=1147 interval_avg_ms=65.0 max_rtime_ms=163.0 p99_est=130.0
2026-08-07 06:33:53 [debug    ] GRU prediction received        confidence=0.8 latency_ms=5.51 predicted=101
2026-08-07 06:33:53 [debug    ] Using GRU prediction           confidence=0.8 forecast_capacity_signal=101.0 predicted=101 required_steps=3
2026-08-07 06:33:53 [info     ] algorithm2_scaling_decision    action=MAINTAIN alpha=0.060060060060060066 beta=0.0 buffer=1.0 current_replicas=8 predicted_load=101.0 required_resources=6.066 target_replicas=7
2026-08-07 06:33:53 [info     ] algorithm2_decision            action=MAINTAIN applied_target=7 current_replicas=8 hold_until=1786059323.6 observed_load=78.56 observed_target=5 point_forecasts=[89.97854614257812, 89.910888671875, 90.55751037597656, 90.21548461914062, 90.42893981933594, 90.38235473632812, 90.06552124023438, 90.10868072509766, 89.92598724365234] prediction_age_sec=0.07 predictive_target=7 proactive=True scenario=s4-hybrid-predictive target_replicas=7 upper_forecasts=[99.6195297241211, 100.198974609375, 100.30049133300781, 100.79176330566406, 100.72315979003906, 100.9740219116211, 101.0229721069336, 100.77767181396484, 101.04473114013672]
2026-08-07 06:33:53 [debug    ] Decision loop completed        action=MAINTAIN latency_ms=114.49 p99=130.0
2026-08-07 06:34:08 [debug    ] HAProxy fallback latency       delta_requests=1496 interval_avg_ms=113.89 max_rtime_ms=163.0 p99_est=163.0
2026-08-07 06:34:08 [debug    ] GRU prediction received        confidence=0.8 latency_ms=6.09 predicted=103
2026-08-07 06:34:08 [debug    ] Using GRU prediction           confidence=0.8 forecast_capacity_signal=103.0 predicted=103 required_steps=3
2026-08-07 06:34:08 [info     ] algorithm2_scaling_decision    action=MAINTAIN alpha=0.060060060060060066 beta=0.0 buffer=1.0 current_replicas=8 predicted_load=103.0 required_resources=6.186 target_replicas=7
2026-08-07 06:34:08 [info     ] algorithm2_decision            action=MAINTAIN applied_target=7 current_replicas=8 hold_until=1786059338.7 observed_load=87.37 observed_target=6 point_forecasts=[91.60838317871094, 91.5158920288086, 92.24065399169922, 91.97395324707031, 92.15652465820312, 92.1759262084961, 91.83277893066406, 91.8270492553711, 92.051513671875] prediction_age_sec=0.07 predictive_target=7 proactive=True scenario=s4-hybrid-predictive target_replicas=7 upper_forecasts=[101.2493667602539, 101.8039779663086, 101.98363494873047, 102.55023193359375, 102.45074462890625, 102.76759338378906, 102.79022979736328, 102.49604034423828, 103.17025756835938]
2026-08-07 06:34:08 [debug    ] Decision loop completed        action=MAINTAIN latency_ms=116.1 p99=163.0
2026-08-07 06:34:23 [debug    ] HAProxy fallback latency       delta_requests=2009 interval_avg_ms=86.2 max_rtime_ms=172.0 p99_est=172.0
2026-08-07 06:34:23 [debug    ] GRU prediction received        confidence=0.8 latency_ms=5.85 predicted=113
2026-08-07 06:34:23 [debug    ] Using GRU prediction           confidence=0.8 forecast_capacity_signal=113.0 predicted=113 required_steps=3
2026-08-07 06:34:23 [debug    ] Proactive amplification        amplified=220.5 approach_ratio=1.0 load_trend=9.7 raw_pred=113
2026-08-07 06:34:23 [info     ] algorithm2_scaling_decision    action=MAINTAIN alpha=0.060060060060060066 beta=0.0 buffer=1.0 current_replicas=8 predicted_load=115.84172890171777 required_resources=6.957 target_replicas=7
2026-08-07 06:34:23 [info     ] algorithm2_decision            action=MAINTAIN applied_target=7 current_replicas=8 hold_until=1786059338.7 observed_load=115.84 observed_target=7 point_forecasts=[100.43376922607422, 100.88929748535156, 101.53105163574219, 101.34395599365234, 101.88375091552734, 101.65391540527344, 101.40476989746094, 101.07156372070312, 101.63472747802734] prediction_age_sec=0.07 predictive_target=7 proactive=False scenario=s4-hybrid-predictive target_replicas=7 upper_forecasts=[110.07475280761719, 111.17738342285156, 111.27403259277344, 111.92023468017578, 112.17797088623047, 112.2455825805664, 112.36222076416016, 111.74055480957031, 112.75347137451172]
2026-08-07 06:34:23 [debug    ] Decision loop completed        action=MAINTAIN latency_ms=115.8 p99=172.0
2026-08-07 06:34:38 [debug    ] HAProxy fallback latency       delta_requests=2274 interval_avg_ms=265.61 max_rtime_ms=253.0 p99_est=253.0
2026-08-07 06:34:38 [debug    ] GRU prediction received        confidence=0.8 latency_ms=6.19 predicted=125
2026-08-07 06:34:38 [debug    ] Using GRU prediction           confidence=0.8 forecast_capacity_signal=125.0 predicted=125 required_steps=3
2026-08-07 06:34:38 [debug    ] Proactive amplification        amplified=306.2 approach_ratio=1.13 load_trend=17.3 raw_pred=125
2026-08-07 06:34:38 [info     ] Knative pre-warm OK            cold_start_ms=2.5
2026-08-07 06:34:38 [info     ] controller_decision_v3         action=PREDICTIVE available_replicas=8 budget_remaining=999 burn_adjustment=0 burst_ratio=0.1146 capacity_deficit=False confidence=0.8 current_load=150.4387501093648 decision_id=69d59a7f k8s_capacity=133.2 k8s_weight=88 knative_weight=12 p99=253.0 predicted_load=125 r_effective=16.6 serverless_enabled=True total_load=150.4 weights_after={'k3s': 88, 'knative': 12} weights_before={'k3s': 100, 'knative': 0}
2026-08-07 06:34:38 [info     ] Weights updated                k3s=88 knative=12
2026-08-07 06:34:38 [info     ] Weights updated                action=PREDICTIVE reason='load=150RPS | k8s_cap=133RPS | (prediction-driven)' weights={'k3s': 88, 'knative': 12}
2026-08-07 06:34:38 [info     ] algorithm2_scaling_decision    action=SCALE_UP alpha=0.060060060060060066 beta=0.0 buffer=1.0 current_replicas=8 predicted_load=141.63654157541077 required_resources=8.507 target_replicas=9
2026-08-07 06:34:38 [info     ] algorithm2_decision            action=SCALE_UP applied_target=9 current_replicas=8 hold_until=1786059338.7 observed_load=141.64 observed_target=9 point_forecasts=[112.41474914550781, 112.87427520751953, 113.23393249511719, 113.68206787109375, 113.3681411743164, 113.37091827392578, 112.85718536376953, 112.93138885498047, 113.4417724609375] prediction_age_sec=0.07 predictive_target=8 proactive=False scenario=s4-hybrid-predictive target_replicas=9 upper_forecasts=[122.05573272705078, 123.16236114501953, 122.97691345214844, 124.25834655761719, 123.66236114501953, 123.96258544921875, 123.81463623046875, 123.60037994384766, 124.56051635742188]
2026-08-07 06:34:38 [info     ] k8s_scale_executed             deployment=test-app-warm replicas=9
2026-08-07 06:34:38 [debug    ] Decision loop completed        action=PREDICTIVE latency_ms=160.3 p99=253.0
2026-08-07 06:34:54 [debug    ] GRU prediction received        confidence=0.8 latency_ms=5.78 predicted=137
2026-08-07 06:34:54 [debug    ] Using GRU prediction           confidence=0.8 forecast_capacity_signal=137.0 predicted=137 required_steps=3
2026-08-07 06:34:54 [debug    ] Proactive amplification        amplified=349.7 approach_ratio=1.2 load_trend=21.1 raw_pred=137
2026-08-07 06:34:54 [info     ] controller_decision_v3         action=PREDICTIVE available_replicas=8 budget_remaining=998 burn_adjustment=0 burst_ratio=0.1683 capacity_deficit=False confidence=0.8 current_load=160.15354756607977 decision_id=d9ee5fe8 k8s_capacity=133.2 k8s_weight=83 knative_weight=17 p99=253.0 predicted_load=137 r_effective=16.6 serverless_enabled=True total_load=160.2 weights_after={'k3s': 83, 'knative': 17} weights_before={'k3s': 88, 'knative': 12}
2026-08-07 06:34:54 [info     ] Weights updated                k3s=83 knative=17
2026-08-07 06:34:54 [info     ] Weights updated                action=PREDICTIVE reason='load=160RPS | k8s_cap=133RPS | (prediction-driven)' weights={'k3s': 83, 'knative': 17}
2026-08-07 06:34:54 [info     ] algorithm2_scaling_decision    action=SCALE_UP alpha=0.060060060060060066 beta=0.0 buffer=1.0 current_replicas=9 predicted_load=155.29614883772228 required_resources=9.327 target_replicas=10
2026-08-07 06:34:54 [info     ] algorithm2_decision            action=SCALE_UP applied_target=10 current_replicas=9 hold_until=1786059338.7 observed_load=155.3 observed_target=10 point_forecasts=[124.36883544921875, 124.89777374267578, 124.82826232910156, 125.9596176147461, 124.86406707763672, 124.87798309326172, 124.03889465332031, 124.84103393554688, 125.33950805664062] prediction_age_sec=0.08 predictive_target=9 proactive=False scenario=s4-hybrid-predictive target_replicas=10 upper_forecasts=[134.0098114013672, 135.18585205078125, 134.5712432861328, 136.535888671875, 135.15829467773438, 135.4696502685547, 134.996337890625, 135.51002502441406, 136.458251953125]
2026-08-07 06:34:54 [info     ] k8s_scale_executed             deployment=test-app-warm replicas=10
2026-08-07 06:34:54 [debug    ] Decision loop completed        action=PREDICTIVE latency_ms=167.25 p99=253.0
2026-08-07 06:35:09 [debug    ] GRU prediction received        confidence=0.8 latency_ms=5.85 predicted=143
2026-08-07 06:35:09 [debug    ] Using GRU prediction           confidence=0.8 forecast_capacity_signal=143.0 predicted=143 required_steps=3
2026-08-07 06:35:09 [debug    ] Proactive amplification        amplified=249.4 approach_ratio=1.09 load_trend=11.6 raw_pred=143
2026-08-07 06:35:09 [info     ] controller_decision_v3         action=RECOVERY available_replicas=8 budget_remaining=997 burn_adjustment=0 burst_ratio=0.0825 capacity_deficit=False confidence=0.8 current_load=145.18185995390044 decision_id=a5151697 k8s_capacity=133.2 k8s_weight=91 knative_weight=9 p99=253.0 predicted_load=143 r_effective=16.6 serverless_enabled=True total_load=145.2 weights_after={'k3s': 91, 'knative': 9} weights_before={'k3s': 83, 'knative': 17}
2026-08-07 06:35:09 [info     ] Weights updated                k3s=91 knative=9
2026-08-07 06:35:09 [info     ] Weights updated                action=RECOVERY reason='load=145RPS | k8s_cap=133RPS | (reducing-serverless)' weights={'k3s': 91, 'knative': 9}
2026-08-07 06:35:09 [info     ] algorithm2_scaling_decision    action=MAINTAIN alpha=0.060060060060060066 beta=0.0 buffer=1.0 current_replicas=10 predicted_load=152.6677037599901 required_resources=9.169 target_replicas=10
2026-08-07 06:35:09 [info     ] algorithm2_decision            action=MAINTAIN applied_target=10 current_replicas=10 hold_until=1786059338.7 observed_load=152.67 observed_target=10 point_forecasts=[130.8103485107422, 131.27975463867188, 131.03012084960938, 132.3526611328125, 131.04629516601562, 130.94683837890625, 129.98513793945312, 131.26829528808594, 131.50381469726562] prediction_age_sec=0.11 predictive_target=9 proactive=False scenario=s4-hybrid-predictive target_replicas=10 upper_forecasts=[140.45132446289062, 141.56784057617188, 140.77310180664062, 142.92893981933594, 141.34051513671875, 141.53851318359375, 140.9425811767578, 141.93728637695312, 142.62255859375]
2026-08-07 06:35:09 [debug    ] Decision loop completed        action=RECOVERY latency_ms=152.49 p99=253.0
2026-08-07 06:35:24 [debug    ] HAProxy fallback latency       delta_requests=1849 interval_avg_ms=66.0 max_rtime_ms=253.0 p99_est=132.0
2026-08-07 06:35:24 [debug    ] GRU prediction received        confidence=0.8 latency_ms=5.78 predicted=142
2026-08-07 06:35:24 [debug    ] Using GRU prediction           confidence=0.8 forecast_capacity_signal=142.0 predicted=142 required_steps=3
2026-08-07 06:35:24 [info     ] controller_decision_v3         action=RECOVERY available_replicas=8 budget_remaining=997 burn_adjustment=0 burst_ratio=0 capacity_deficit=False confidence=0.8 current_load=122.08915435539336 decision_id=05c9a176 k8s_capacity=133.2 k8s_weight=100 knative_weight=0 p99=132.0 predicted_load=142 r_effective=16.6 serverless_enabled=False total_load=122.1 weights_after={'k3s': 100, 'knative': 0} weights_before={'k3s': 91, 'knative': 9}
2026-08-07 06:35:24 [info     ] Weights updated                k3s=100 knative=0
2026-08-07 06:35:24 [info     ] Weights updated                action=RECOVERY reason='load=122RPS | k8s_cap=133RPS | (reducing-serverless)' weights={'k3s': 100, 'knative': 0}
2026-08-07 06:35:24 [info     ] algorithm2_scaling_decision    action=MAINTAIN alpha=0.060060060060060066 beta=0.0 buffer=1.0 current_replicas=10 predicted_load=133.63550715464692 required_resources=8.026 target_replicas=9
2026-08-07 06:35:24 [info     ] algorithm2_decision            action=MAINTAIN applied_target=9 current_replicas=10 hold_until=1786059338.7 observed_load=133.64 observed_target=9 point_forecasts=[130.48655700683594, 130.82296752929688, 130.66090393066406, 131.5138397216797, 130.57447814941406, 130.5306396484375, 129.6085205078125, 130.87918090820312, 130.6711883544922] prediction_age_sec=0.1 predictive_target=9 proactive=False scenario=s4-hybrid-predictive target_replicas=9 upper_forecasts=[140.12753295898438, 141.11105346679688, 140.4038848876953, 142.09011840820312, 140.8686981201172, 141.122314453125, 140.5659637451172, 141.5481719970703, 141.78993225097656]
2026-08-07 06:35:24 [debug    ] Decision loop completed        action=RECOVERY latency_ms=154.21 p99=132.0
2026-08-07 06:35:39 [debug    ] HAProxy fallback latency       delta_requests=1789 interval_avg_ms=66.0 max_rtime_ms=253.0 p99_est=132.0
2026-08-07 06:35:39 [debug    ] GRU prediction received        confidence=0.8 latency_ms=5.97 predicted=140
2026-08-07 06:35:39 [debug    ] Using GRU prediction           confidence=0.8 forecast_capacity_signal=140.0 predicted=140 required_steps=3
2026-08-07 06:35:39 [info     ] algorithm2_scaling_decision    action=MAINTAIN alpha=0.060060060060060066 beta=0.0 buffer=1.0 current_replicas=10 predicted_load=140.0 required_resources=8.408 target_replicas=9
2026-08-07 06:35:39 [info     ] algorithm2_decision            action=MAINTAIN applied_target=9 current_replicas=10 hold_until=1786059429.6 observed_load=120.03 observed_target=8 point_forecasts=[128.43728637695312, 128.61123657226562, 128.63490295410156, 129.03065490722656, 128.45384216308594, 128.50518798828125, 127.63217163085938, 128.7387237548828, 128.3072509765625] prediction_age_sec=0.07 predictive_target=9 proactive=True scenario=s4-hybrid-predictive target_replicas=9 upper_forecasts=[138.07826232910156, 138.89932250976562, 138.3778839111328, 139.60693359375, 138.74806213378906, 139.09686279296875, 138.58961486816406, 139.40771484375, 139.42599487304688]
2026-08-07 06:35:39 [debug    ] Decision loop completed        action=MAINTAIN latency_ms=116.34 p99=132.0
2026-08-07 06:35:54 [debug    ] HAProxy fallback latency       delta_requests=1820 interval_avg_ms=93.99 max_rtime_ms=253.0 p99_est=187.98
2026-08-07 06:35:54 [debug    ] GRU prediction received        confidence=0.8 latency_ms=5.68 predicted=138
2026-08-07 06:35:54 [debug    ] Using GRU prediction           confidence=0.8 forecast_capacity_signal=138.0 predicted=138 required_steps=3
2026-08-07 06:35:54 [info     ] algorithm2_scaling_decision    action=MAINTAIN alpha=0.060060060060060066 beta=0.0 buffer=1.0 current_replicas=10 predicted_load=138.0 required_resources=8.288 target_replicas=9
2026-08-07 06:35:54 [info     ] algorithm2_decision            action=MAINTAIN applied_target=9 current_replicas=10 hold_until=1786059444.7 observed_load=119.19 observed_target=8 point_forecasts=[126.81324005126953, 126.86915588378906, 127.03825378417969, 127.17799377441406, 126.80697631835938, 126.92829895019531, 126.08302307128906, 127.04932403564453, 126.56439208984375] prediction_age_sec=0.07 predictive_target=9 proactive=True scenario=s4-hybrid-predictive target_replicas=9 upper_forecasts=[136.4542236328125, 137.15724182128906, 136.78123474121094, 137.7542724609375, 137.1011962890625, 137.51995849609375, 137.04046630859375, 137.71832275390625, 137.68313598632812]
2026-08-07 06:35:54 [debug    ] Decision loop completed        action=MAINTAIN latency_ms=122.09 p99=187.97692307692307
2026-08-07 06:36:09 [debug    ] HAProxy fallback latency       delta_requests=1817 interval_avg_ms=37.97 max_rtime_ms=253.0 p99_est=75.93
2026-08-07 06:36:09 [debug    ] GRU prediction received        confidence=0.8 latency_ms=5.74 predicted=136
2026-08-07 06:36:09 [debug    ] Using GRU prediction           confidence=0.8 forecast_capacity_signal=136.0 predicted=136 required_steps=3
2026-08-07 06:36:09 [info     ] algorithm2_scaling_decision    action=MAINTAIN alpha=0.060060060060060066 beta=0.0 buffer=1.0 current_replicas=10 predicted_load=136.0 required_resources=8.168 target_replicas=9
2026-08-07 06:36:09 [info     ] algorithm2_decision            action=MAINTAIN applied_target=9 current_replicas=10 hold_until=1786059459.8 observed_load=120.28 observed_target=8 point_forecasts=[125.33450317382812, 125.32218170166016, 125.58622741699219, 125.55316162109375, 125.33686828613281, 125.50914001464844, 124.69267272949219, 125.53351593017578, 125.02629089355469] prediction_age_sec=0.07 predictive_target=9 proactive=True scenario=s4-hybrid-predictive target_replicas=9 upper_forecasts=[134.97547912597656, 135.61026000976562, 135.32920837402344, 136.1294403076172, 135.63108825683594, 136.10079956054688, 135.65011596679688, 136.2025146484375, 136.14503479003906]
2026-08-07 06:36:09 [debug    ] Decision loop completed        action=MAINTAIN latency_ms=116.16 p99=75.9306549257017
2026-08-07 06:36:24 [debug    ] HAProxy fallback latency       delta_requests=1784 interval_avg_ms=66.0 max_rtime_ms=253.0 p99_est=132.0
2026-08-07 06:36:24 [debug    ] GRU prediction received        confidence=0.8 latency_ms=5.7 predicted=135
2026-08-07 06:36:24 [debug    ] Using GRU prediction           confidence=0.8 forecast_capacity_signal=135.0 predicted=135 required_steps=3
2026-08-07 06:36:24 [info     ] algorithm2_scaling_decision    action=MAINTAIN alpha=0.060060060060060066 beta=0.0 buffer=1.0 current_replicas=10 predicted_load=135.0 required_resources=8.108 target_replicas=9
2026-08-07 06:36:24 [info     ] algorithm2_decision            action=MAINTAIN applied_target=9 current_replicas=10 hold_until=1786059474.9 observed_load=119.15 observed_target=8 point_forecasts=[123.70623016357422, 123.65327453613281, 123.98855590820312, 123.79252624511719, 123.73550415039062, 123.95263671875, 123.17353057861328, 123.88094329833984, 123.34502410888672] prediction_age_sec=0.07 predictive_target=9 proactive=True scenario=s4-hybrid-predictive target_replicas=9 upper_forecasts=[133.3472137451172, 133.9413604736328, 133.73153686523438, 134.36880493164062, 134.02972412109375, 134.5443115234375, 134.1309814453125, 134.54994201660156, 134.46376037597656]
2026-08-07 06:36:24 [debug    ] Decision loop completed        action=MAINTAIN latency_ms=116.06 p99=132.0
2026-08-07 06:36:39 [debug    ] HAProxy fallback latency       delta_requests=1545 interval_avg_ms=29.7 max_rtime_ms=253.0 p99_est=59.4
2026-08-07 06:36:39 [debug    ] GRU prediction received        confidence=0.8 latency_ms=6.01 predicted=130
2026-08-07 06:36:39 [debug    ] Using GRU prediction           confidence=0.8 forecast_capacity_signal=130.0 predicted=130 required_steps=3
2026-08-07 06:36:40 [info     ] Scale readiness observed       elapsed_sec=105.9 ewma_delay=47.6 samples=6 target=10
2026-08-07 06:36:40 [info     ] algorithm2_scaling_decision    action=MAINTAIN alpha=0.060060060060060066 beta=0.0 buffer=1.0 current_replicas=10 predicted_load=130.0 required_resources=7.808 target_replicas=8
2026-08-07 06:36:40 [info     ] algorithm2_decision            action=MAINTAIN applied_target=8 current_replicas=10 hold_until=1786059490.0 observed_load=110.18 observed_target=7 point_forecasts=[119.05827331542969, 118.92292022705078, 119.43360900878906, 118.76317596435547, 119.18960571289062, 119.46424865722656, 118.81635284423828, 119.19802856445312, 118.49632263183594] prediction_age_sec=0.07 predictive_target=8 proactive=True scenario=s4-hybrid-predictive target_replicas=8 upper_forecasts=[128.69924926757812, 129.21099853515625, 129.1765899658203, 129.33944702148438, 129.48382568359375, 130.055908203125, 129.7738037109375, 129.8670196533203, 129.6150665283203]
2026-08-07 06:36:40 [debug    ] Decision loop completed        action=MAINTAIN latency_ms=109.71 p99=59.398058252427184
2026-08-07 06:36:55 [debug    ] HAProxy fallback latency       delta_requests=1252 interval_avg_ms=19.2 max_rtime_ms=253.0 p99_est=38.41
2026-08-07 06:36:55 [debug    ] GRU prediction received        confidence=0.8 latency_ms=5.58 predicted=122
2026-08-07 06:36:55 [debug    ] Using GRU prediction           confidence=0.8 forecast_capacity_signal=122.0 predicted=122 required_steps=5
2026-08-07 06:36:55 [info     ] algorithm2_scaling_decision    action=MAINTAIN alpha=0.060060060060060066 beta=0.0 buffer=1.0 current_replicas=10 predicted_load=122.0 required_resources=7.327 target_replicas=8
2026-08-07 06:36:55 [info     ] algorithm2_decision            action=MAINTAIN applied_target=8 current_replicas=10 hold_until=1786059505.1 observed_load=92.57 observed_target=6 point_forecasts=[111.00231170654297, 110.67920684814453, 111.53766632080078, 110.19161987304688, 111.40567779541016, 111.62776184082031, 111.21851348876953, 111.11396789550781, 110.24967956542969] prediction_age_sec=0.07 predictive_target=8 proactive=True scenario=s4-hybrid-predictive target_replicas=8 upper_forecasts=[120.64329528808594, 120.96729278564453, 121.28064727783203, 120.76789855957031, 121.69989776611328, 122.21942901611328, 122.17596435546875, 121.782958984375, 121.36842346191406]
2026-08-07 06:36:55 [debug    ] Decision loop completed        action=MAINTAIN latency_ms=115.1 p99=38.4073482428115
2026-08-07 06:37:10 [debug    ] HAProxy fallback latency       delta_requests=1117 interval_avg_ms=64.0 max_rtime_ms=253.0 p99_est=128.0
2026-08-07 06:37:10 [debug    ] GRU prediction received        confidence=0.8 latency_ms=5.92 predicted=114
2026-08-07 06:37:10 [debug    ] Using GRU prediction           confidence=0.8 forecast_capacity_signal=114.0 predicted=114 required_steps=5
2026-08-07 06:37:10 [info     ] algorithm2_scaling_decision    action=SCALE_DOWN alpha=0.060060060060060066 beta=0.0 buffer=1.0 current_replicas=10 predicted_load=114.0 required_resources=6.847 target_replicas=7
2026-08-07 06:37:10 [info     ] algorithm2_decision            action=SCALE_DOWN applied_target=7 current_replicas=10 hold_until=1786059520.3 observed_load=78.38 observed_target=5 point_forecasts=[102.24636840820312, 101.77324676513672, 102.97884368896484, 101.07426452636719, 103.00210571289062, 103.14984130859375, 102.97782897949219, 102.36420440673828, 101.46932983398438] prediction_age_sec=0.07 predictive_target=7 proactive=True scenario=s4-hybrid-predictive target_replicas=7 upper_forecasts=[111.8873519897461, 112.06133270263672, 112.7218246459961, 111.65054321289062, 113.29632568359375, 113.74150848388672, 113.9352798461914, 113.03319549560547, 112.58807373046875]
2026-08-07 06:37:10 [info     ] k8s_scale_executed             deployment=test-app-warm replicas=7
2026-08-07 06:37:10 [debug    ] Decision loop completed        action=MAINTAIN latency_ms=161.64 p99=128.0
2026-08-07 06:37:25 [debug    ] HAProxy fallback latency       delta_requests=1048 interval_avg_ms=64.0 max_rtime_ms=253.0 p99_est=128.0
2026-08-07 06:37:25 [debug    ] GRU prediction received        confidence=0.8 latency_ms=5.96 predicted=105
2026-08-07 06:37:25 [debug    ] Using GRU prediction           confidence=0.8 forecast_capacity_signal=105.0 predicted=105 required_steps=5
2026-08-07 06:37:25 [info     ] algorithm2_scaling_decision    action=MAINTAIN alpha=0.060060060060060066 beta=0.0 buffer=1.0 current_replicas=7 predicted_load=105.0 required_resources=6.306 target_replicas=7
2026-08-07 06:37:25 [info     ] algorithm2_decision            action=MAINTAIN applied_target=7 current_replicas=7 hold_until=1786059535.4 observed_load=71.48 observed_target=5 point_forecasts=[93.2236557006836, 92.51094818115234, 93.71466827392578, 92.2590103149414, 93.78575134277344, 93.57634735107422, 93.80368041992188, 93.13397979736328, 92.3853759765625] prediction_age_sec=0.07 predictive_target=7 proactive=True scenario=s4-hybrid-predictive target_replicas=7 upper_forecasts=[102.86463928222656, 102.79903411865234, 103.45764923095703, 102.83528900146484, 104.07997131347656, 104.16801452636719, 104.7611312866211, 103.80297088623047, 103.50411987304688]
2026-08-07 06:37:25 [debug    ] Decision loop completed        action=MAINTAIN latency_ms=121.8 p99=128.0
2026-08-07 06:37:40 [debug    ] HAProxy fallback latency       delta_requests=1178 interval_avg_ms=115.51 max_rtime_ms=253.0 p99_est=231.02
2026-08-07 06:37:40 [debug    ] GRU prediction received        confidence=0.8 latency_ms=6.3 predicted=99
2026-08-07 06:37:40 [debug    ] Using GRU prediction           confidence=0.8 forecast_capacity_signal=99.0 predicted=99 required_steps=5
2026-08-07 06:37:40 [info     ] algorithm2_scaling_decision    action=MAINTAIN alpha=0.060060060060060066 beta=0.0 buffer=1.0 current_replicas=7 predicted_load=99.0 required_resources=5.946 target_replicas=6
2026-08-07 06:37:40 [info     ] algorithm2_decision            action=MAINTAIN applied_target=6 current_replicas=7 hold_until=1786059550.5 observed_load=73.54 observed_target=5 point_forecasts=[88.40591430664062, 87.67412567138672, 88.68409729003906, 87.7099609375, 88.56739807128906, 88.2894515991211, 88.50041198730469, 88.10803985595703, 87.0854263305664] prediction_age_sec=0.07 predictive_target=6 proactive=True scenario=s4-hybrid-predictive target_replicas=6 upper_forecasts=[98.0468978881836, 97.96221160888672, 98.42707824707031, 98.28623962402344, 98.86161804199219, 98.88111877441406, 99.4578628540039, 98.77703094482422, 98.20417022705078]
2026-08-07 06:37:40 [debug    ] Decision loop completed        action=MAINTAIN latency_ms=111.06 p99=231.0220713073005
2026-08-07 06:37:55 [debug    ] HAProxy fallback latency       delta_requests=1330 interval_avg_ms=18.38 max_rtime_ms=253.0 p99_est=36.75
2026-08-07 06:37:55 [debug    ] GRU prediction received        confidence=0.8 latency_ms=5.72 predicted=98
2026-08-07 06:37:55 [debug    ] Using GRU prediction           confidence=0.8 forecast_capacity_signal=98.0 predicted=98 required_steps=5
2026-08-07 06:37:55 [info     ] algorithm2_scaling_decision    action=MAINTAIN alpha=0.060060060060060066 beta=0.0 buffer=1.0 current_replicas=7 predicted_load=98.0 required_resources=5.886 target_replicas=6
2026-08-07 06:37:55 [info     ] algorithm2_decision            action=MAINTAIN applied_target=6 current_replicas=7 hold_until=1786059565.7 observed_load=82.95 observed_target=5 point_forecasts=[86.94534301757812, 86.31192779541016, 87.27677154541016, 86.6641616821289, 87.04197692871094, 86.8762435913086, 86.89900970458984, 86.69203186035156, 85.93580627441406] prediction_age_sec=0.07 predictive_target=6 proactive=True scenario=s4-hybrid-predictive target_replicas=6 upper_forecasts=[96.5863265991211, 96.60001373291016, 97.0197525024414, 97.24044036865234, 97.33619689941406, 97.46791076660156, 97.85646057128906, 97.36102294921875, 97.05455017089844]
2026-08-07 06:37:55 [debug    ] Decision loop completed        action=MAINTAIN latency_ms=117.23 p99=36.75187969924812
2026-08-07 06:38:10 [debug    ] HAProxy fallback latency       delta_requests=1087 interval_avg_ms=64.0 max_rtime_ms=253.0 p99_est=128.0
2026-08-07 06:38:10 [debug    ] GRU prediction received        confidence=0.8 latency_ms=6.1 predicted=94
2026-08-07 06:38:10 [debug    ] Using GRU prediction           confidence=0.8 forecast_capacity_signal=94.0 predicted=94 required_steps=5
2026-08-07 06:38:10 [info     ] algorithm2_scaling_decision    action=MAINTAIN alpha=0.060060060060060066 beta=0.0 buffer=1.0 current_replicas=7 predicted_load=94.0 required_resources=5.646 target_replicas=6
2026-08-07 06:38:10 [info     ] algorithm2_decision            action=MAINTAIN applied_target=6 current_replicas=7 hold_until=1786059580.8 observed_load=79.96 observed_target=5 point_forecasts=[82.87683868408203, 81.83812713623047, 83.00594329833984, 82.48692321777344, 82.49246978759766, 82.6312255859375, 82.61320495605469, 82.24137115478516, 81.60243225097656] prediction_age_sec=0.07 predictive_target=6 proactive=True scenario=s4-hybrid-predictive target_replicas=6 upper_forecasts=[92.517822265625, 92.12621307373047, 92.7489242553711, 93.06320190429688, 92.78668975830078, 93.22289276123047, 93.5706558227539, 92.91036224365234, 92.72117614746094]
2026-08-07 06:38:10 [debug    ] Decision loop completed        action=MAINTAIN latency_ms=113.08 p99=128.0
2026-08-07 06:38:25 [debug    ] HAProxy fallback latency       delta_requests=772 interval_avg_ms=64.0 max_rtime_ms=253.0 p99_est=128.0
2026-08-07 06:38:25 [debug    ] GRU prediction received        confidence=0.8 latency_ms=5.79 predicted=86
2026-08-07 06:38:25 [debug    ] Using GRU prediction           confidence=0.8 forecast_capacity_signal=86.0 predicted=86 required_steps=5
2026-08-07 06:38:25 [info     ] algorithm2_scaling_decision    action=MAINTAIN alpha=0.060060060060060066 beta=0.0 buffer=1.0 current_replicas=7 predicted_load=86.0 required_resources=5.165 target_replicas=6
2026-08-07 06:38:25 [info     ] algorithm2_decision            action=MAINTAIN applied_target=6 current_replicas=7 hold_until=1786059595.9 observed_load=61.53 observed_target=4 point_forecasts=[75.72467041015625, 73.7315673828125, 75.49518585205078, 73.97491455078125, 74.604248046875, 74.89793395996094, 75.23926544189453, 74.295654296875, 73.39938354492188] prediction_age_sec=0.07 predictive_target=6 proactive=True scenario=s4-hybrid-predictive target_replicas=6 upper_forecasts=[85.36565399169922, 84.0196533203125, 85.23816680908203, 84.55119323730469, 84.89846801757812, 85.4896011352539, 86.19671630859375, 84.96464538574219, 84.51812744140625]
2026-08-07 06:38:25 [debug    ] Decision loop completed        action=MAINTAIN latency_ms=117.72 p99=128.0
2026-08-07 06:38:40 [debug    ] GRU prediction received        confidence=0.8 latency_ms=6.46 predicted=80
2026-08-07 06:38:40 [debug    ] Using GRU prediction           confidence=0.8 forecast_capacity_signal=80.0 predicted=80 required_steps=5
2026-08-07 06:38:41 [info     ] algorithm2_scaling_decision    action=SCALE_DOWN alpha=0.060060060060060066 beta=0.0 buffer=1.0 current_replicas=7 predicted_load=80.0 required_resources=4.805 target_replicas=5
2026-08-07 06:38:41 [info     ] algorithm2_decision            action=SCALE_DOWN applied_target=5 current_replicas=7 hold_until=1786059611.0 observed_load=48.82 observed_target=3 point_forecasts=[69.17788696289062, 67.06895446777344, 69.0973892211914, 67.49955749511719, 68.08728790283203, 68.572021484375, 68.95618438720703, 67.68367767333984, 66.86080932617188] prediction_age_sec=0.07 predictive_target=5 proactive=True scenario=s4-hybrid-predictive target_replicas=5 upper_forecasts=[78.8188705444336, 77.35704040527344, 78.84037017822266, 78.07583618164062, 78.38150787353516, 79.16368865966797, 79.91363525390625, 78.35266876220703, 77.97955322265625]
2026-08-07 06:38:41 [debug    ] Decision loop completed        action=MAINTAIN latency_ms=120.11 p99=128.0
2026-08-07 06:38:56 [debug    ] HAProxy fallback latency       delta_requests=693 interval_avg_ms=157.18 max_rtime_ms=253.0 p99_est=253.0
2026-08-07 06:38:56 [debug    ] GRU prediction received        confidence=0.8 latency_ms=5.96 predicted=75
2026-08-07 06:38:56 [debug    ] Using GRU prediction           confidence=0.8 forecast_capacity_signal=75.0 predicted=75 required_steps=5
2026-08-07 06:38:56 [info     ] algorithm2_scaling_decision    action=SCALE_DOWN alpha=0.060060060060060066 beta=0.0 buffer=1.0 current_replicas=7 predicted_load=75.0 required_resources=4.505 target_replicas=5
2026-08-07 06:38:56 [info     ] algorithm2_decision            action=SCALE_DOWN applied_target=5 current_replicas=7 hold_until=1786059626.1 observed_load=46.2 observed_target=3 point_forecasts=[63.70294189453125, 61.871856689453125, 63.690765380859375, 62.37889099121094, 62.73164367675781, 63.3067626953125, 63.633487701416016, 62.284698486328125, 61.64869689941406] prediction_age_sec=0.07 predictive_target=5 proactive=True scenario=s4-hybrid-predictive target_replicas=5 upper_forecasts=[73.34392547607422, 72.15994262695312, 73.43374633789062, 72.95516967773438, 73.02586364746094, 73.89842987060547, 74.59093475341797, 72.95368957519531, 72.76744079589844]
2026-08-07 06:38:56 [debug    ] Decision loop completed        action=MAINTAIN latency_ms=111.77 p99=253.0
2026-08-07 06:39:11 [debug    ] GRU prediction received        confidence=0.8 latency_ms=6.94 predicted=70
2026-08-07 06:39:11 [debug    ] Using GRU prediction           confidence=0.8 forecast_capacity_signal=70.0 predicted=70 required_steps=5
2026-08-07 06:39:11 [info     ] algorithm2_scaling_decision    action=SCALE_DOWN alpha=0.060060060060060066 beta=0.0 buffer=1.0 current_replicas=7 predicted_load=70.0 required_resources=4.204 target_replicas=5
2026-08-07 06:39:11 [info     ] algorithm2_decision            action=SCALE_DOWN applied_target=5 current_replicas=7 hold_until=1786059641.2 observed_load=44.55 observed_target=3 point_forecasts=[58.89141082763672, 57.337310791015625, 58.93706512451172, 57.89063262939453, 58.04981994628906, 58.67561340332031, 58.92871856689453, 57.57099151611328, 57.13285827636719] prediction_age_sec=0.07 predictive_target=5 proactive=True scenario=s4-hybrid-predictive target_replicas=5 upper_forecasts=[68.53239440917969, 67.62539672851562, 68.68004608154297, 68.46691131591797, 68.34403991699219, 69.26728057861328, 69.88616943359375, 68.23998260498047, 68.25160217285156]
2026-08-07 06:39:11 [debug    ] Decision loop completed        action=MAINTAIN latency_ms=122.3 p99=253.0
2026-08-07 06:39:26 [debug    ] HAProxy fallback latency       delta_requests=636 interval_avg_ms=63.0 max_rtime_ms=253.0 p99_est=126.0
2026-08-07 06:39:26 [debug    ] GRU prediction received        confidence=0.8 latency_ms=5.93 predicted=66
2026-08-07 06:39:26 [debug    ] Using GRU prediction           confidence=0.8 forecast_capacity_signal=66.0 predicted=66 required_steps=5
2026-08-07 06:39:26 [info     ] algorithm2_scaling_decision    action=SCALE_DOWN alpha=0.060060060060060066 beta=0.0 buffer=1.0 current_replicas=7 predicted_load=66.0 required_resources=3.964 target_replicas=4
2026-08-07 06:39:26 [info     ] algorithm2_decision            action=SCALE_DOWN applied_target=4 current_replicas=7 hold_until=1786059656.4 observed_load=42.63 observed_target=3 point_forecasts=[54.899131774902344, 53.59116744995117, 54.98786163330078, 54.16543960571289, 54.18653106689453, 54.818634033203125, 54.991241455078125, 53.689823150634766, 53.41918182373047] prediction_age_sec=0.07 predictive_target=4 proactive=True scenario=s4-hybrid-predictive target_replicas=4 upper_forecasts=[64.54011535644531, 63.879249572753906, 64.73084259033203, 64.74171447753906, 64.48075103759766, 65.4103012084961, 65.94869232177734, 64.35881805419922, 64.53792572021484]
2026-08-07 06:39:26 [info     ] k8s_scale_executed             deployment=test-app-warm replicas=4
2026-08-07 06:39:26 [debug    ] Decision loop completed        action=MAINTAIN latency_ms=149.06 p99=126.0
2026-08-07 06:39:41 [debug    ] HAProxy fallback latency       delta_requests=841 interval_avg_ms=223.28 max_rtime_ms=253.0 p99_est=253.0
2026-08-07 06:39:41 [debug    ] GRU prediction received        confidence=0.8 latency_ms=6.59 predicted=65
2026-08-07 06:39:41 [debug    ] Using GRU prediction           confidence=0.8 forecast_capacity_signal=65.0 predicted=65 required_steps=5
2026-08-07 06:39:41 [info     ] algorithm2_scaling_decision    action=MAINTAIN alpha=0.060060060060060066 beta=0.0 buffer=1.0 current_replicas=4 predicted_load=65.0 required_resources=3.904 target_replicas=4
2026-08-07 06:39:41 [info     ] algorithm2_decision            action=MAINTAIN applied_target=4 current_replicas=4 hold_until=1786059671.5 observed_load=48.75 observed_target=3 point_forecasts=[54.02117919921875, 52.97538757324219, 54.16058349609375, 53.39325714111328, 53.53898620605469, 54.07087326049805, 54.00328826904297, 53.056819915771484, 52.94874954223633] prediction_age_sec=0.07 predictive_target=4 proactive=True scenario=s4-hybrid-predictive target_replicas=4 upper_forecasts=[63.66216278076172, 63.26346969604492, 63.903564453125, 63.96953582763672, 63.83320617675781, 64.66253662109375, 64.96073913574219, 63.72581481933594, 64.06748962402344]
2026-08-07 06:39:41 [debug    ] Decision loop completed        action=MAINTAIN latency_ms=113.78 p99=253.0
2026-08-07 06:39:56 [debug    ] HAProxy fallback latency       delta_requests=1062 interval_avg_ms=65.0 max_rtime_ms=253.0 p99_est=130.0
2026-08-07 06:39:56 [debug    ] GRU prediction received        confidence=0.8 latency_ms=5.66 predicted=67
2026-08-07 06:39:56 [debug    ] Using GRU prediction           confidence=0.8 forecast_capacity_signal=67.0 predicted=67 required_steps=5
2026-08-07 06:39:56 [debug    ] Proactive amplification        amplified=125.0 approach_ratio=1.05 load_trend=6.1 raw_pred=67
2026-08-07 06:39:56 [info     ] Knative pre-warm OK            cold_start_ms=4.0
2026-08-07 06:39:56 [info     ] controller_decision_v3         action=PREDICTIVE available_replicas=4 budget_remaining=993 burn_adjustment=0 burst_ratio=0.0513 capacity_deficit=False confidence=0.8 current_load=70.20004801829869 decision_id=942becf3 k8s_capacity=66.6 k8s_weight=94 knative_weight=6 p99=130.0 predicted_load=67 r_effective=16.6 serverless_enabled=True total_load=70.2 weights_after={'k3s': 94, 'knative': 6} weights_before={'k3s': 100, 'knative': 0}
2026-08-07 06:39:56 [info     ] Weights updated                k3s=94 knative=6
2026-08-07 06:39:56 [info     ] Weights updated                action=PREDICTIVE reason='load=70RPS | k8s_cap=67RPS | (prediction-driven)' weights={'k3s': 94, 'knative': 6}
2026-08-07 06:39:56 [info     ] algorithm2_scaling_decision    action=SCALE_UP alpha=0.060060060060060066 beta=0.0 buffer=1.0 current_replicas=4 predicted_load=67.0 required_resources=4.024 target_replicas=5
2026-08-07 06:39:56 [info     ] algorithm2_decision            action=SCALE_UP applied_target=5 current_replicas=4 hold_until=1786059686.6 observed_load=62.86 observed_target=4 point_forecasts=[56.232425689697266, 55.37763595581055, 56.39900207519531, 55.5455322265625, 55.97960662841797, 56.367042541503906, 55.99927520751953, 55.53819274902344, 55.59389114379883] prediction_age_sec=0.07 predictive_target=5 proactive=True scenario=s4-hybrid-predictive target_replicas=5 upper_forecasts=[65.87340545654297, 65.66571807861328, 66.14198303222656, 66.12181091308594, 66.2738265991211, 66.95870971679688, 66.95672607421875, 66.20718383789062, 66.71263122558594]
2026-08-07 06:39:56 [info     ] k8s_scale_executed             deployment=test-app-warm replicas=5
2026-08-07 06:39:56 [debug    ] Decision loop completed        action=PREDICTIVE latency_ms=153.12 p99=130.0
2026-08-07 06:40:11 [debug    ] HAProxy fallback latency       delta_requests=1078 interval_avg_ms=65.0 max_rtime_ms=253.0 p99_est=130.0
2026-08-07 06:40:11 [debug    ] GRU prediction received        confidence=0.8 latency_ms=5.91 predicted=70
2026-08-07 06:40:11 [debug    ] Using GRU prediction           confidence=0.8 forecast_capacity_signal=70.0 predicted=70 required_steps=5
2026-08-07 06:40:11 [debug    ] Proactive amplification        amplified=133.8 approach_ratio=0.85 load_trend=7.0 raw_pred=70
2026-08-07 06:40:11 [info     ] controller_decision_v3         action=RECOVERY available_replicas=5 budget_remaining=993 burn_adjustment=0 burst_ratio=0 capacity_deficit=False confidence=0.8 current_load=71.13908003660718 decision_id=2553cf71 k8s_capacity=83.2 k8s_weight=100 knative_weight=0 p99=130.0 predicted_load=70 r_effective=16.6 serverless_enabled=False total_load=71.1 weights_after={'k3s': 100, 'knative': 0} weights_before={'k3s': 94, 'knative': 6}
2026-08-07 06:40:11 [info     ] Weights updated                k3s=100 knative=0
2026-08-07 06:40:11 [info     ] Weights updated                action=RECOVERY reason='load=71RPS | k8s_cap=83RPS | (reducing-serverless)' weights={'k3s': 100, 'knative': 0}
2026-08-07 06:40:11 [info     ] Scale readiness observed       elapsed_sec=15.2 ewma_delay=37.9 samples=7 target=5
2026-08-07 06:40:11 [info     ] algorithm2_scaling_decision    action=MAINTAIN alpha=0.060060060060060066 beta=0.0 buffer=1.0 current_replicas=5 predicted_load=70.66956402745294 required_resources=4.244 target_replicas=5
2026-08-07 06:40:11 [info     ] algorithm2_decision            action=MAINTAIN applied_target=5 current_replicas=5 hold_until=1786059686.6 observed_load=70.67 observed_target=5 point_forecasts=[59.094276428222656, 58.51371765136719, 59.110633850097656, 58.58960723876953, 58.84577941894531, 59.114234924316406, 58.69822692871094, 58.547393798828125, 58.753570556640625] prediction_age_sec=0.1 predictive_target=5 proactive=False scenario=s4-hybrid-predictive target_replicas=5 upper_forecasts=[68.73526000976562, 68.80180358886719, 68.8536148071289, 69.16588592529297, 69.13999938964844, 69.70590209960938, 69.65567779541016, 69.21638488769531, 69.872314453125]
2026-08-07 06:40:11 [debug    ] Decision loop completed        action=RECOVERY latency_ms=153.61 p99=130.0
2026-08-07 06:40:26 [debug    ] HAProxy fallback latency       delta_requests=1053 interval_avg_ms=65.0 max_rtime_ms=253.0 p99_est=130.0
2026-08-07 06:40:26 [debug    ] GRU prediction received        confidence=0.8 latency_ms=5.44 predicted=72
2026-08-07 06:40:26 [debug    ] Using GRU prediction           confidence=0.8 forecast_capacity_signal=72.0 predicted=72 required_steps=4
2026-08-07 06:40:26 [debug    ] Proactive amplification        amplified=131.4 approach_ratio=0.83 load_trend=6.9 raw_pred=72
2026-08-07 06:40:26 [info     ] algorithm2_scaling_decision    action=MAINTAIN alpha=0.060060060060060066 beta=0.0 buffer=1.0 current_replicas=5 predicted_load=70.31298359081208 required_resources=4.223 target_replicas=5
2026-08-07 06:40:26 [info     ] algorithm2_decision            action=MAINTAIN applied_target=5 current_replicas=5 hold_until=1786059686.6 observed_load=70.31 observed_target=5 point_forecasts=[61.51994323730469, 61.05006790161133, 61.40658187866211, 61.10760498046875, 61.18978500366211, 61.40271759033203, 61.03526306152344, 61.01447296142578, 61.29938507080078] prediction_age_sec=0.07 predictive_target=5 proactive=False scenario=s4-hybrid-predictive target_replicas=5 upper_forecasts=[71.16092681884766, 71.33815002441406, 71.14956665039062, 71.68388366699219, 71.4840087890625, 71.994384765625, 71.99271392822266, 71.68346405029297, 72.41812896728516]
2026-08-07 06:40:26 [debug    ] Decision loop completed        action=MAINTAIN latency_ms=117.64 p99=130.0
2026-08-07 06:40:41 [debug    ] HAProxy fallback latency       delta_requests=1072 interval_avg_ms=65.0 max_rtime_ms=253.0 p99_est=130.0
2026-08-07 06:40:41 [debug    ] GRU prediction received        confidence=0.8 latency_ms=6.39 predicted=75
2026-08-07 06:40:41 [debug    ] Using GRU prediction           confidence=0.8 forecast_capacity_signal=75.0 predicted=75 required_steps=4
2026-08-07 06:40:42 [debug    ] Proactive amplification        amplified=105.8 approach_ratio=0.85 load_trend=3.9 raw_pred=75
2026-08-07 06:40:42 [info     ] algorithm2_scaling_decision    action=MAINTAIN alpha=0.060060060060060066 beta=0.0 buffer=1.0 current_replicas=5 predicted_load=70.23207966427404 required_resources=4.218 target_replicas=5
2026-08-07 06:40:42 [info     ] algorithm2_decision            action=MAINTAIN applied_target=5 current_replicas=5 hold_until=1786059686.6 observed_load=70.23 observed_target=5 point_forecasts=[63.91130065917969, 63.49940872192383, 63.69572448730469, 63.53034210205078, 63.49903106689453, 63.683685302734375, 63.35231018066406, 63.41991424560547, 63.74726486206055] prediction_age_sec=0.07 predictive_target=5 proactive=False scenario=s4-hybrid-predictive target_replicas=5 upper_forecasts=[73.55228424072266, 73.78749084472656, 73.43870544433594, 74.10662078857422, 73.79325103759766, 74.27535247802734, 74.30976104736328, 74.08890533447266, 74.86600494384766]
2026-08-07 06:40:42 [debug    ] Decision loop completed        action=MAINTAIN latency_ms=117.9 p99=130.0
2026-08-07 06:40:57 [debug    ] HAProxy fallback latency       delta_requests=1136 interval_avg_ms=65.0 max_rtime_ms=253.0 p99_est=130.0
2026-08-07 06:40:57 [debug    ] GRU prediction received        confidence=0.8 latency_ms=5.83 predicted=78
2026-08-07 06:40:57 [debug    ] Using GRU prediction           confidence=0.8 forecast_capacity_signal=78.0 predicted=78 required_steps=4
2026-08-07 06:40:57 [info     ] algorithm2_scaling_decision    action=MAINTAIN alpha=0.060060060060060066 beta=0.0 buffer=1.0 current_replicas=5 predicted_load=72.99268377860969 required_resources=4.384 target_replicas=5
2026-08-07 06:40:57 [info     ] algorithm2_decision            action=MAINTAIN applied_target=5 current_replicas=5 hold_until=1786059686.6 observed_load=72.99 observed_target=5 point_forecasts=[66.7313461303711, 66.45172119140625, 66.42679595947266, 66.42823028564453, 66.27017974853516, 66.42784118652344, 66.09820556640625, 66.30555725097656, 66.68197631835938] prediction_age_sec=0.07 predictive_target=5 proactive=False scenario=s4-hybrid-predictive target_replicas=5 upper_forecasts=[76.37232971191406, 76.73980712890625, 76.1697769165039, 77.00450897216797, 76.56439971923828, 77.0195083618164, 77.05565643310547, 76.97454833984375, 77.80072021484375]
2026-08-07 06:40:57 [debug    ] Decision loop completed        action=MAINTAIN latency_ms=116.69 p99=130.0
2026-08-07 06:41:12 [debug    ] HAProxy fallback latency       delta_requests=1403 interval_avg_ms=117.89 max_rtime_ms=253.0 p99_est=235.77
2026-08-07 06:41:12 [debug    ] GRU prediction received        confidence=0.8 latency_ms=6.49 predicted=86
2026-08-07 06:41:12 [debug    ] Using GRU prediction           confidence=0.8 forecast_capacity_signal=86.0 predicted=86 required_steps=4
2026-08-07 06:41:12 [debug    ] Proactive amplification        amplified=141.6 approach_ratio=1.11 load_trend=5.4 raw_pred=86
2026-08-07 06:41:12 [info     ] Knative pre-warm OK            cold_start_ms=2.7
2026-08-07 06:41:12 [info     ] controller_decision_v3         action=PREDICTIVE available_replicas=5 budget_remaining=992 burn_adjustment=0 burst_ratio=0.103 capacity_deficit=False confidence=0.8 current_load=92.81154756557332 decision_id=e51a1196 k8s_capacity=83.2 k8s_weight=89 knative_weight=11 p99=235.8 predicted_load=86 r_effective=16.6 serverless_enabled=True total_load=92.8 weights_after={'k3s': 89, 'knative': 11} weights_before={'k3s': 100, 'knative': 0}
2026-08-07 06:41:12 [info     ] Weights updated                k3s=89 knative=11
2026-08-07 06:41:12 [info     ] Weights updated                action=PREDICTIVE reason='load=93RPS | k8s_cap=83RPS | (prediction-driven)' weights={'k3s': 89, 'knative': 11}
2026-08-07 06:41:12 [info     ] algorithm2_scaling_decision    action=SCALE_UP alpha=0.060060060060060066 beta=0.0 buffer=1.0 current_replicas=5 predicted_load=83.9098214696308 required_resources=5.04 target_replicas=6
2026-08-07 06:41:12 [info     ] algorithm2_decision            action=SCALE_UP applied_target=6 current_replicas=5 hold_until=1786059686.6 observed_load=83.91 observed_target=6 point_forecasts=[73.471923828125, 74.0989990234375, 73.42951202392578, 74.31047058105469, 73.43302917480469, 73.55457305908203, 72.67882537841797, 73.66545104980469, 74.53441619873047] prediction_age_sec=0.08 predictive_target=6 proactive=False scenario=s4-hybrid-predictive target_replicas=6 upper_forecasts=[83.11290740966797, 84.3870849609375, 83.17249298095703, 84.88674926757812, 83.72724914550781, 84.146240234375, 83.63627624511719, 84.33444213867188, 85.65316009521484]
2026-08-07 06:41:12 [info     ] k8s_scale_executed             deployment=test-app-warm replicas=6
2026-08-07 06:41:12 [debug    ] Decision loop completed        action=PREDICTIVE latency_ms=164.21 p99=235.77334283677834
2026-08-07 06:41:27 [debug    ] HAProxy fallback latency       delta_requests=1641 interval_avg_ms=66.0 max_rtime_ms=253.0 p99_est=132.0
2026-08-07 06:41:27 [debug    ] GRU prediction received        confidence=0.8 latency_ms=6.5 predicted=96
2026-08-07 06:41:27 [debug    ] Using GRU prediction           confidence=0.8 forecast_capacity_signal=96.0 predicted=96 required_steps=4
2026-08-07 06:41:27 [debug    ] Proactive amplification        amplified=195.3 approach_ratio=1.08 load_trend=9.7 raw_pred=96
2026-08-07 06:41:27 [info     ] controller_decision_v3         action=RECOVERY available_replicas=6 budget_remaining=992 burn_adjustment=0 burst_ratio=0.0768 capacity_deficit=False confidence=0.8 current_load=108.2129294874006 decision_id=8c464b88 k8s_capacity=99.9 k8s_weight=92 knative_weight=8 p99=132.0 predicted_load=96 r_effective=16.6 serverless_enabled=True total_load=108.2 weights_after={'k3s': 92, 'knative': 8} weights_before={'k3s': 89, 'knative': 11}
2026-08-07 06:41:27 [info     ] Weights updated                k3s=92 knative=8
2026-08-07 06:41:27 [info     ] Weights updated                action=RECOVERY reason='load=108RPS | k8s_cap=100RPS | (reducing-serverless)' weights={'k3s': 92, 'knative': 8}
2026-08-07 06:41:27 [info     ] Scale readiness observed       elapsed_sec=15.2 ewma_delay=31.1 samples=8 target=6
2026-08-07 06:41:27 [info     ] algorithm2_scaling_decision    action=SCALE_UP alpha=0.060060060060060066 beta=0.0 buffer=1.0 current_replicas=6 predicted_load=100.51223852648695 required_resources=6.037 target_replicas=7
2026-08-07 06:41:27 [info     ] algorithm2_decision            action=SCALE_UP applied_target=7 current_replicas=6 hold_until=1786059686.6 observed_load=100.51 observed_target=7 point_forecasts=[82.31132507324219, 83.83596801757812, 82.95789337158203, 84.8653564453125, 83.13706970214844, 83.22026824951172, 81.73492431640625, 83.35163879394531, 84.68870544433594] prediction_age_sec=0.11 predictive_target=6 proactive=False scenario=s4-hybrid-predictive target_replicas=7 upper_forecasts=[91.95230865478516, 94.12405395507812, 92.70087432861328, 95.44163513183594, 93.43128967285156, 93.81193542480469, 92.69237518310547, 94.0206298828125, 95.80744934082031]
2026-08-07 06:41:27 [info     ] k8s_scale_executed             deployment=test-app-warm replicas=7
2026-08-07 06:41:27 [debug    ] Decision loop completed        action=RECOVERY latency_ms=195.11 p99=132.0
2026-08-07 06:41:42 [debug    ] HAProxy fallback latency       delta_requests=1448 interval_avg_ms=66.0 max_rtime_ms=253.0 p99_est=132.0
2026-08-07 06:41:42 [debug    ] GRU prediction received        confidence=0.8 latency_ms=6.33 predicted=100
2026-08-07 06:41:42 [debug    ] Using GRU prediction           confidence=0.8 forecast_capacity_signal=100.0 predicted=100 required_steps=4
2026-08-07 06:41:42 [debug    ] Proactive amplification        amplified=150.2 approach_ratio=0.82 load_trend=6.1 raw_pred=100
2026-08-07 06:41:42 [info     ] controller_decision_v3         action=RECOVERY available_replicas=7 budget_remaining=992 burn_adjustment=0 burst_ratio=0 capacity_deficit=False confidence=0.8 current_load=95.36009486636799 decision_id=45ff06fd k8s_capacity=116.5 k8s_weight=100 knative_weight=0 p99=132.0 predicted_load=100 r_effective=16.6 serverless_enabled=False total_load=95.4 weights_after={'k3s': 100, 'knative': 0} weights_before={'k3s': 92, 'knative': 8}
2026-08-07 06:41:42 [info     ] Weights updated                k3s=100 knative=0
2026-08-07 06:41:42 [info     ] Weights updated                action=RECOVERY reason='load=95RPS | k8s_cap=117RPS | (reducing-serverless)' weights={'k3s': 100, 'knative': 0}
2026-08-07 06:41:42 [info     ] Scale readiness observed       elapsed_sec=15.2 ewma_delay=26.3 samples=9 target=7
2026-08-07 06:41:42 [info     ] algorithm2_scaling_decision    action=MAINTAIN alpha=0.060060060060060066 beta=0.0 buffer=1.0 current_replicas=7 predicted_load=101.78651217688429 required_resources=6.113 target_replicas=7
2026-08-07 06:41:42 [info     ] algorithm2_decision            action=MAINTAIN applied_target=7 current_replicas=7 hold_until=1786059686.6 observed_load=101.79 observed_target=7 point_forecasts=[86.90343475341797, 88.34752655029297, 87.827880859375, 89.4365005493164, 87.75365447998047, 87.90582275390625, 86.58658599853516, 87.9462890625, 88.9858627319336] prediction_age_sec=0.1 predictive_target=7 proactive=False scenario=s4-hybrid-predictive target_replicas=7 upper_forecasts=[96.54441833496094, 98.63561248779297, 97.57086181640625, 100.01277923583984, 98.0478744506836, 98.49748992919922, 97.54403686523438, 98.61528015136719, 100.10460662841797]
2026-08-07 06:41:42 [debug    ] Decision loop completed        action=RECOVERY latency_ms=150.55 p99=132.0
2026-08-07 06:41:57 [debug    ] HAProxy fallback latency       delta_requests=1177 interval_avg_ms=132.67 max_rtime_ms=253.0 p99_est=253.0
2026-08-07 06:41:57 [debug    ] GRU prediction received        confidence=0.8 latency_ms=5.54 predicted=99
2026-08-07 06:41:57 [debug    ] Using GRU prediction           confidence=0.8 forecast_capacity_signal=99.0 predicted=99 required_steps=3
2026-08-07 06:41:57 [info     ] algorithm2_scaling_decision    action=MAINTAIN alpha=0.060060060060060066 beta=0.0 buffer=1.0 current_replicas=7 predicted_load=86.52353794098727 required_resources=5.197 target_replicas=6
2026-08-07 06:41:57 [info     ] algorithm2_decision            action=MAINTAIN applied_target=6 current_replicas=7 hold_until=1786059686.6 observed_load=86.52 observed_target=6 point_forecasts=[86.32083892822266, 87.27486419677734, 87.19159698486328, 88.16694641113281, 86.9541244506836, 87.13839721679688, 86.14569091796875, 87.1141586303711, 87.56732940673828] prediction_age_sec=0.07 predictive_target=6 proactive=False scenario=s4-hybrid-predictive target_replicas=6 upper_forecasts=[95.96182250976562, 97.56295013427734, 96.93457794189453, 98.74322509765625, 97.24834442138672, 97.73006439208984, 97.10314178466797, 97.78314971923828, 98.68607330322266]
2026-08-07 06:41:57 [debug    ] Decision loop completed        action=MAINTAIN latency_ms=115.52 p99=253.0
2026-08-07 06:42:12 [debug    ] GRU prediction received        confidence=0.8 latency_ms=6.2 predicted=93
2026-08-07 06:42:12 [debug    ] Using GRU prediction           confidence=0.8 forecast_capacity_signal=93.0 predicted=93 required_steps=3
2026-08-07 06:42:12 [info     ] algorithm2_scaling_decision    action=MAINTAIN alpha=0.060060060060060066 beta=0.0 buffer=1.0 current_replicas=7 predicted_load=93.0 required_resources=5.586 target_replicas=6
2026-08-07 06:42:12 [info     ] algorithm2_decision            action=MAINTAIN applied_target=6 current_replicas=7 hold_until=1786059822.9 observed_load=69.08 observed_target=5 point_forecasts=[81.68391418457031, 81.44745635986328, 81.89545440673828, 82.13228607177734, 81.43162536621094, 81.68058013916016, 81.20220947265625, 81.49063110351562, 81.50042724609375] prediction_age_sec=0.07 predictive_target=6 proactive=True scenario=s4-hybrid-predictive target_replicas=6 upper_forecasts=[91.32489776611328, 91.73554229736328, 91.63843536376953, 92.70856475830078, 91.72584533691406, 92.27224731445312, 92.15966033935547, 92.15962219238281, 92.61917114257812]
2026-08-07 06:42:12 [debug    ] Decision loop completed        action=MAINTAIN latency_ms=115.78 p99=253.0
2026-08-07 06:42:27 [debug    ] HAProxy fallback latency       delta_requests=692 interval_avg_ms=65.0 max_rtime_ms=253.0 p99_est=130.0
2026-08-07 06:42:27 [debug    ] GRU prediction received        confidence=0.8 latency_ms=5.48 predicted=84
2026-08-07 06:42:27 [debug    ] Using GRU prediction           confidence=0.8 forecast_capacity_signal=84.0 predicted=84 required_steps=3
2026-08-07 06:42:28 [info     ] algorithm2_scaling_decision    action=MAINTAIN alpha=0.060060060060060066 beta=0.0 buffer=1.0 current_replicas=7 predicted_load=84.0 required_resources=5.045 target_replicas=6
2026-08-07 06:42:28 [info     ] algorithm2_decision            action=MAINTAIN applied_target=6 current_replicas=7 hold_until=1786059838.0 observed_load=53.12 observed_target=4 point_forecasts=[73.92450714111328, 72.26654815673828, 73.67134094238281, 72.42921447753906, 72.80510711669922, 73.15419006347656, 73.35845184326172, 72.62995910644531, 72.02802276611328] prediction_age_sec=0.07 predictive_target=6 proactive=True scenario=s4-hybrid-predictive target_replicas=6 upper_forecasts=[83.56549072265625, 82.55463409423828, 83.41432189941406, 83.0054931640625, 83.09932708740234, 83.74585723876953, 84.31590270996094, 83.2989501953125, 83.14676666259766]
2026-08-07 06:42:28 [debug    ] Decision loop completed        action=MAINTAIN latency_ms=116.29 p99=130.0
2026-08-07 06:42:43 [debug    ] GRU prediction received        confidence=0.8 latency_ms=6.49 predicted=78
2026-08-07 06:42:43 [debug    ] Using GRU prediction           confidence=0.8 forecast_capacity_signal=78.0 predicted=78 required_steps=3
2026-08-07 06:42:43 [info     ] algorithm2_scaling_decision    action=SCALE_DOWN alpha=0.060060060060060066 beta=0.0 buffer=1.0 current_replicas=7 predicted_load=78.0 required_resources=4.685 target_replicas=5
2026-08-07 06:42:43 [info     ] algorithm2_decision            action=SCALE_DOWN applied_target=5 current_replicas=7 hold_until=1786059853.1 observed_load=44.62 observed_target=3 point_forecasts=[67.36737823486328, 65.3885269165039, 67.31311798095703, 65.78082275390625, 66.31565856933594, 66.8501205444336, 67.115234375, 65.9631118774414, 65.33381652832031] prediction_age_sec=0.07 predictive_target=5 proactive=True scenario=s4-hybrid-predictive target_replicas=5 upper_forecasts=[77.00836181640625, 75.6766128540039, 77.05609893798828, 76.35710144042969, 76.60987854003906, 77.44178771972656, 78.07268524169922, 76.6321029663086, 76.45256042480469]
2026-08-07 06:42:43 [info     ] k8s_scale_executed             deployment=test-app-warm replicas=5
2026-08-07 06:42:43 [debug    ] Decision loop completed        action=MAINTAIN latency_ms=149.4 p99=130.0
2026-08-07 06:42:58 [debug    ] HAProxy fallback latency       delta_requests=671 interval_avg_ms=185.31 max_rtime_ms=253.0 p99_est=253.0
2026-08-07 06:42:58 [debug    ] GRU prediction received        confidence=0.8 latency_ms=5.75 predicted=73
2026-08-07 06:42:58 [debug    ] Using GRU prediction           confidence=0.8 forecast_capacity_signal=73.0 predicted=73 required_steps=3
2026-08-07 06:42:58 [info     ] algorithm2_scaling_decision    action=MAINTAIN alpha=0.060060060060060066 beta=0.0 buffer=1.0 current_replicas=5 predicted_load=73.0 required_resources=4.384 target_replicas=5
2026-08-07 06:42:58 [info     ] algorithm2_decision            action=MAINTAIN applied_target=5 current_replicas=5 hold_until=1786059868.3 observed_load=43.88 observed_target=3 point_forecasts=[62.14909362792969, 60.42472839355469, 62.15448760986328, 60.903907775878906, 61.213783264160156, 61.825592041015625, 62.06303024291992, 60.7888298034668, 60.316505432128906] prediction_age_sec=0.07 predictive_target=5 proactive=True scenario=s4-hybrid-predictive target_replicas=5 upper_forecasts=[71.79007720947266, 70.71281433105469, 71.89746856689453, 71.48018646240234, 71.50800323486328, 72.4172592163086, 73.02047729492188, 71.45782470703125, 71.43524932861328]
2026-08-07 06:42:58 [debug    ] Decision loop completed        action=MAINTAIN latency_ms=115.42 p99=253.0
2026-08-07 06:43:13 [debug    ] HAProxy fallback latency       delta_requests=779 interval_avg_ms=65.0 max_rtime_ms=253.0 p99_est=130.0
2026-08-07 06:43:13 [debug    ] GRU prediction received        confidence=0.8 latency_ms=5.94 predicted=70
2026-08-07 06:43:13 [debug    ] Using GRU prediction           confidence=0.8 forecast_capacity_signal=70.0 predicted=70 required_steps=3
2026-08-07 06:43:13 [info     ] algorithm2_scaling_decision    action=MAINTAIN alpha=0.060060060060060066 beta=0.0 buffer=1.0 current_replicas=5 predicted_load=70.0 required_resources=4.204 target_replicas=5
2026-08-07 06:43:13 [info     ] algorithm2_decision            action=MAINTAIN applied_target=5 current_replicas=5 hold_until=1786059883.4 observed_load=47.91 observed_target=3 point_forecasts=[59.094573974609375, 57.676761627197266, 59.17759704589844, 58.10395812988281, 58.378028869628906, 58.963294982910156, 59.045616149902344, 57.922698974609375, 57.61967468261719] prediction_age_sec=0.07 predictive_target=5 proactive=True scenario=s4-hybrid-predictive target_replicas=5 upper_forecasts=[68.73555755615234, 67.96484375, 68.92057800292969, 68.68023681640625, 68.67224884033203, 69.55496215820312, 70.00306701660156, 68.59169006347656, 68.73841857910156]
2026-08-07 06:43:13 [debug    ] Decision loop completed        action=MAINTAIN latency_ms=112.57 p99=130.0
2026-08-07 06:43:28 [debug    ] HAProxy fallback latency       delta_requests=853 interval_avg_ms=65.0 max_rtime_ms=253.0 p99_est=130.0
2026-08-07 06:43:28 [debug    ] GRU prediction received        confidence=0.8 latency_ms=6.12 predicted=69
2026-08-07 06:43:28 [debug    ] Using GRU prediction           confidence=0.8 forecast_capacity_signal=69.0 predicted=69 required_steps=3
2026-08-07 06:43:28 [info     ] algorithm2_scaling_decision    action=MAINTAIN alpha=0.060060060060060066 beta=0.0 buffer=1.0 current_replicas=5 predicted_load=69.0 required_resources=4.144 target_replicas=5
2026-08-07 06:43:28 [info     ] algorithm2_decision            action=MAINTAIN applied_target=5 current_replicas=5 hold_until=1786059898.5 observed_load=53.99 observed_target=4 point_forecasts=[57.7251091003418, 56.53828430175781, 57.851783752441406, 56.87715148925781, 57.18852996826172, 57.71676254272461, 57.6348876953125, 56.73213195800781, 56.57904052734375] prediction_age_sec=0.07 predictive_target=5 proactive=True scenario=s4-hybrid-predictive target_replicas=5 upper_forecasts=[67.3660888671875, 66.82637023925781, 67.59476470947266, 67.45343017578125, 67.48274993896484, 68.30842590332031, 68.59233856201172, 67.401123046875, 67.69778442382812]
2026-08-07 06:43:28 [debug    ] Decision loop completed        action=MAINTAIN latency_ms=118.77 p99=130.0
2026-08-07 06:43:43 [debug    ] GRU prediction received        confidence=0.8 latency_ms=6.4 predicted=66
2026-08-07 06:43:43 [debug    ] Using GRU prediction           confidence=0.8 forecast_capacity_signal=66.0 predicted=66 required_steps=3
2026-08-07 06:43:43 [info     ] algorithm2_scaling_decision    action=MAINTAIN alpha=0.060060060060060066 beta=0.0 buffer=1.0 current_replicas=5 predicted_load=69.0 required_resources=4.144 target_replicas=5
2026-08-07 06:43:43 [info     ] algorithm2_decision            action=MAINTAIN applied_target=5 current_replicas=5 hold_until=1786059898.5 observed_load=51.8 observed_target=4 point_forecasts=[55.41345977783203, 54.32203674316406, 55.54322814941406, 54.721099853515625, 54.91151428222656, 55.42784118652344, 55.35725402832031, 54.45781707763672, 54.35896301269531] prediction_age_sec=0.07 predictive_target=4 proactive=True scenario=s4-hybrid-predictive target_replicas=5 upper_forecasts=[65.054443359375, 64.61012268066406, 65.28620910644531, 65.29737854003906, 65.20573425292969, 66.0195083618164, 66.31470489501953, 65.1268081665039, 65.47770690917969]
2026-08-07 06:43:43 [debug    ] Decision loop completed        action=MAINTAIN latency_ms=119.27 p99=130.0
2026-08-07 06:43:58 [debug    ] HAProxy fallback latency       delta_requests=578 interval_avg_ms=64.0 max_rtime_ms=253.0 p99_est=128.0
2026-08-07 06:43:58 [debug    ] GRU prediction received        confidence=0.8 latency_ms=5.68 predicted=63
2026-08-07 06:43:58 [debug    ] Using GRU prediction           confidence=0.8 forecast_capacity_signal=63.0 predicted=63 required_steps=3
2026-08-07 06:43:58 [info     ] algorithm2_scaling_decision    action=MAINTAIN alpha=0.060060060060060066 beta=0.0 buffer=1.0 current_replicas=5 predicted_load=63.0 required_resources=3.784 target_replicas=4
2026-08-07 06:43:58 [info     ] algorithm2_decision            action=MAINTAIN applied_target=4 current_replicas=5 hold_until=1786059928.8 observed_load=42.66 observed_target=3 point_forecasts=[52.090858459472656, 51.05339813232422, 52.209014892578125, 51.57767105102539, 51.56913757324219, 52.10582733154297, 52.114444732666016, 51.103782653808594, 51.03866958618164] prediction_age_sec=0.07 predictive_target=4 proactive=True scenario=s4-hybrid-predictive target_replicas=4 upper_forecasts=[61.731842041015625, 61.34148025512695, 61.951995849609375, 62.15394973754883, 61.86335754394531, 62.69749450683594, 63.07189178466797, 61.77277374267578, 62.15740966796875]
2026-08-07 06:43:58 [debug    ] Decision loop completed        action=MAINTAIN latency_ms=116.55 p99=128.0
2026-08-07 06:44:13 [debug    ] HAProxy fallback latency       delta_requests=584 interval_avg_ms=209.39 max_rtime_ms=253.0 p99_est=253.0
2026-08-07 06:44:13 [debug    ] GRU prediction received        confidence=0.8 latency_ms=6.52 predicted=60
2026-08-07 06:44:13 [debug    ] Using GRU prediction           confidence=0.8 forecast_capacity_signal=60.0 predicted=60 required_steps=3
2026-08-07 06:44:13 [info     ] algorithm2_scaling_decision    action=MAINTAIN alpha=0.060060060060060066 beta=0.0 buffer=1.0 current_replicas=5 predicted_load=60.0 required_resources=3.604 target_replicas=4
2026-08-07 06:44:13 [info     ] algorithm2_decision            action=MAINTAIN applied_target=4 current_replicas=5 hold_until=1786059943.9 observed_load=38.4 observed_target=3 point_forecasts=[49.35988235473633, 48.42097854614258, 49.48074722290039, 48.99234390258789, 48.88347244262695, 49.401092529296875, 49.40950012207031, 48.407772064208984, 48.39019012451172] prediction_age_sec=0.06 predictive_target=4 proactive=True scenario=s4-hybrid-predictive target_replicas=4 upper_forecasts=[59.00086212158203, 58.70906066894531, 59.22372817993164, 59.56862258911133, 59.17769241333008, 59.992759704589844, 60.36695098876953, 59.07676696777344, 59.50893020629883]
2026-08-07 06:44:13 [debug    ] Decision loop completed        action=MAINTAIN latency_ms=111.89 p99=253.0
2026-08-07 06:44:28 [debug    ] GRU prediction received        confidence=0.8 latency_ms=5.84 predicted=58
2026-08-07 06:44:28 [debug    ] Using GRU prediction           confidence=0.8 forecast_capacity_signal=58.0 predicted=58 required_steps=3
2026-08-07 06:44:28 [info     ] algorithm2_scaling_decision    action=MAINTAIN alpha=0.060060060060060066 beta=0.0 buffer=1.0 current_replicas=5 predicted_load=58.0 required_resources=3.483 target_replicas=4
2026-08-07 06:44:28 [info     ] algorithm2_decision            action=MAINTAIN applied_target=4 current_replicas=5 hold_until=1786059959.0 observed_load=39.4 observed_target=3 point_forecasts=[47.39019775390625, 46.55826187133789, 47.51609420776367, 47.13591384887695, 46.98993682861328, 47.45419692993164, 47.42686080932617, 46.51126480102539, 46.53476333618164] prediction_age_sec=0.07 predictive_target=4 proactive=True scenario=s4-hybrid-predictive target_replicas=4 upper_forecasts=[57.03118133544922, 56.846343994140625, 57.25907516479492, 57.71219253540039, 57.284156799316406, 58.04586410522461, 58.384307861328125, 57.180259704589844, 57.65350341796875]
2026-08-07 06:44:28 [debug    ] Decision loop completed        action=MAINTAIN latency_ms=112.45 p99=253.0
2026-08-07 06:44:44 [debug    ] HAProxy fallback latency       delta_requests=629 interval_avg_ms=64.0 max_rtime_ms=253.0 p99_est=128.0
2026-08-07 06:44:44 [debug    ] GRU prediction received        confidence=0.8 latency_ms=6.22 predicted=57
2026-08-07 06:44:44 [debug    ] Using GRU prediction           confidence=0.8 forecast_capacity_signal=57.0 predicted=57 required_steps=3
2026-08-07 06:44:44 [info     ] algorithm2_scaling_decision    action=MAINTAIN alpha=0.060060060060060066 beta=0.0 buffer=1.0 current_replicas=5 predicted_load=57.0 required_resources=3.423 target_replicas=4
2026-08-07 06:44:44 [info     ] algorithm2_decision            action=MAINTAIN applied_target=4 current_replicas=5 hold_until=1786059974.1 observed_load=40.93 observed_target=3 point_forecasts=[46.10383605957031, 45.357635498046875, 46.22345733642578, 45.92555618286133, 45.771583557128906, 46.1762580871582, 46.10498046875, 45.294315338134766, 45.366172790527344] prediction_age_sec=0.07 predictive_target=4 proactive=True scenario=s4-hybrid-predictive target_replicas=4 upper_forecasts=[55.74481964111328, 55.64571762084961, 55.96643829345703, 56.501834869384766, 56.06580352783203, 56.76792526245117, 57.06243133544922, 55.96331024169922, 56.48491287231445]
2026-08-07 06:44:44 [debug    ] Decision loop completed        action=MAINTAIN latency_ms=113.59 p99=128.0
2026-08-07 06:44:59 [debug    ] HAProxy fallback latency       delta_requests=665 interval_avg_ms=64.0 max_rtime_ms=253.0 p99_est=128.0
2026-08-07 06:44:59 [debug    ] GRU prediction received        confidence=0.8 latency_ms=5.37 predicted=56
2026-08-07 06:44:59 [debug    ] Using GRU prediction           confidence=0.8 forecast_capacity_signal=56.0 predicted=56 required_steps=3
2026-08-07 06:44:59 [info     ] algorithm2_scaling_decision    action=MAINTAIN alpha=0.060060060060060066 beta=0.0 buffer=1.0 current_replicas=5 predicted_load=56.0 required_resources=3.363 target_replicas=4
2026-08-07 06:44:59 [info     ] algorithm2_decision            action=MAINTAIN applied_target=4 current_replicas=5 hold_until=1786059989.2 observed_load=42.81 observed_target=3 point_forecasts=[45.510650634765625, 44.832847595214844, 45.62181091308594, 45.37363815307617, 45.2439079284668, 45.58348083496094, 45.45901870727539, 44.77386474609375, 44.89088821411133] prediction_age_sec=0.07 predictive_target=4 proactive=True scenario=s4-hybrid-predictive target_replicas=4 upper_forecasts=[55.151634216308594, 55.12092971801758, 55.36479187011719, 55.94991683959961, 55.53812789916992, 56.175148010253906, 56.416465759277344, 55.44285583496094, 56.00962829589844]
2026-08-07 06:44:59 [debug    ] Decision loop completed        action=MAINTAIN latency_ms=116.57 p99=128.0
2026-08-07 06:45:14 [debug    ] HAProxy fallback latency       delta_requests=743 interval_avg_ms=181.83 max_rtime_ms=253.0 p99_est=253.0
2026-08-07 06:45:14 [debug    ] GRU prediction received        confidence=0.8 latency_ms=6.37 predicted=57
2026-08-07 06:45:14 [debug    ] Using GRU prediction           confidence=0.8 forecast_capacity_signal=57.0 predicted=57 required_steps=3
2026-08-07 06:45:14 [info     ] algorithm2_scaling_decision    action=MAINTAIN alpha=0.060060060060060066 beta=0.0 buffer=1.0 current_replicas=5 predicted_load=57.0 required_resources=3.423 target_replicas=4
2026-08-07 06:45:14 [info     ] algorithm2_decision            action=MAINTAIN applied_target=4 current_replicas=5 hold_until=1786060004.3 observed_load=46.57 observed_target=3 point_forecasts=[46.009117126464844, 45.39105987548828, 46.11404800415039, 45.85829162597656, 45.81818389892578, 46.08497619628906, 45.869056701660156, 45.36393737792969, 45.533966064453125] prediction_age_sec=0.07 predictive_target=4 proactive=True scenario=s4-hybrid-predictive target_replicas=4 upper_forecasts=[55.65010070800781, 55.679141998291016, 55.85702896118164, 56.4345703125, 56.112403869628906, 56.67664337158203, 56.826507568359375, 56.032928466796875, 56.652706146240234]
2026-08-07 06:45:14 [debug    ] Decision loop completed        action=MAINTAIN latency_ms=113.22 p99=253.0
2026-08-07 06:45:29 [debug    ] HAProxy fallback latency       delta_requests=293 interval_avg_ms=65.0 max_rtime_ms=253.0 p99_est=130.0
2026-08-07 06:45:29 [debug    ] GRU prediction received        confidence=0.8 latency_ms=5.95 predicted=53
2026-08-07 06:45:29 [debug    ] Using GRU prediction           confidence=0.8 forecast_capacity_signal=53.0 predicted=53 required_steps=3
2026-08-07 06:45:29 [info     ] algorithm2_scaling_decision    action=MAINTAIN alpha=0.060060060060060066 beta=0.0 buffer=1.0 current_replicas=5 predicted_load=53.0 required_resources=3.183 target_replicas=4
2026-08-07 06:45:29 [info     ] algorithm2_decision            action=MAINTAIN applied_target=4 current_replicas=5 hold_until=1786060019.4 observed_load=34.33 observed_target=3 point_forecasts=[41.715980529785156, 41.0059814453125, 41.77674102783203, 41.7935791015625, 41.3694953918457, 41.71237564086914, 41.808006286621094, 40.87485122680664, 40.9965934753418] prediction_age_sec=0.07 predictive_target=4 proactive=True scenario=s4-hybrid-predictive target_replicas=4 upper_forecasts=[51.356964111328125, 51.294063568115234, 51.51972198486328, 52.36985778808594, 51.66371536254883, 52.30404281616211, 52.76545715332031, 51.543846130371094, 52.115333557128906]
2026-08-07 06:45:29 [debug    ] Decision loop completed        action=MAINTAIN latency_ms=115.95 p99=130.0
2026-08-07 06:45:44 [debug    ] GRU prediction received        confidence=0.8 latency_ms=6.62 predicted=46
2026-08-07 06:45:44 [debug    ] Using GRU prediction           confidence=0.8 forecast_capacity_signal=46.0 predicted=46 required_steps=3
2026-08-07 06:45:44 [info     ] algorithm2_scaling_decision    action=MAINTAIN alpha=0.060060060060060066 beta=0.0 buffer=1.0 current_replicas=5 predicted_load=53.0 required_resources=3.183 target_replicas=4
2026-08-07 06:45:44 [info     ] algorithm2_decision            action=MAINTAIN applied_target=4 current_replicas=5 hold_until=1786060019.4 observed_load=9.73 observed_target=3 point_forecasts=[34.94086456298828, 34.17295455932617, 34.943965911865234, 35.31810760498047, 34.41121292114258, 34.896907806396484, 35.33049392700195, 33.85439682006836, 33.9759635925293] prediction_age_sec=0.07 predictive_target=3 proactive=True scenario=s4-hybrid-predictive target_replicas=4 upper_forecasts=[44.58184814453125, 44.461036682128906, 44.686946868896484, 45.894386291503906, 44.7054328918457, 45.48857498168945, 46.287940979003906, 44.52339172363281, 45.094703674316406]
2026-08-07 06:45:44 [debug    ] Decision loop completed        action=MAINTAIN latency_ms=118.08 p99=130.0
2026-08-07 06:45:59 [debug    ] GRU prediction received        confidence=0.8 latency_ms=6.53 predicted=41
2026-08-07 06:45:59 [debug    ] Using GRU prediction           confidence=0.8 forecast_capacity_signal=41.0 predicted=41 required_steps=3
2026-08-07 06:45:59 [info     ] algorithm2_scaling_decision    action=MAINTAIN alpha=0.060060060060060066 beta=0.0 buffer=1.0 current_replicas=5 predicted_load=53.0 required_resources=3.183 target_replicas=4
2026-08-07 06:45:59 [info     ] algorithm2_decision            action=MAINTAIN applied_target=4 current_replicas=5 hold_until=1786060019.4 observed_load=0.0 observed_target=3 point_forecasts=[29.162330627441406, 28.48896026611328, 29.15912628173828, 29.796600341796875, 28.641109466552734, 29.119651794433594, 29.687355041503906, 28.065494537353516, 28.135303497314453] prediction_age_sec=0.07 predictive_target=3 proactive=True scenario=s4-hybrid-predictive target_replicas=4 upper_forecasts=[38.803314208984375, 38.777042388916016, 38.90210723876953, 40.37287902832031, 38.93532943725586, 39.71131896972656, 40.644805908203125, 38.73448944091797, 39.25404357910156]
2026-08-07 06:45:59 [debug    ] Decision loop completed        action=MAINTAIN latency_ms=116.6 p99=130.0
2026-08-07 06:46:14 [debug    ] GRU prediction received        confidence=0.8 latency_ms=6.35 predicted=36
2026-08-07 06:46:14 [debug    ] Using GRU prediction           confidence=0.8 forecast_capacity_signal=36.0 predicted=36 required_steps=3
2026-08-07 06:46:14 [info     ] algorithm2_scaling_decision    action=MAINTAIN alpha=0.060060060060060066 beta=0.0 buffer=1.0 current_replicas=5 predicted_load=53.0 required_resources=3.183 target_replicas=4
2026-08-07 06:46:14 [info     ] algorithm2_decision            action=MAINTAIN applied_target=4 current_replicas=5 hold_until=1786060019.4 observed_load=0.0 observed_target=3 point_forecasts=[24.378055572509766, 23.82534408569336, 24.35873794555664, 25.240264892578125, 23.929588317871094, 24.307483673095703, 24.93769073486328, 23.342727661132812, 23.359046936035156] prediction_age_sec=0.07 predictive_target=3 proactive=True scenario=s4-hybrid-predictive target_replicas=4 upper_forecasts=[34.01903533935547, 34.113426208496094, 34.10171890258789, 35.81654357910156, 34.22380828857422, 34.89915084838867, 35.8951416015625, 34.01171875, 34.477787017822266]
2026-08-07 06:46:14 [debug    ] Decision loop completed        action=MAINTAIN latency_ms=115.88 p99=130.0
2026-08-07 06:46:21 [info     ] Received shutdown signal
2026-08-07 06:46:21 [info     ] Stopping routing daemon...
2026-08-07 06:46:21 [info     ] Routing daemon stopped
