2026-07-13 03:04:32 [info     ] SLOMonitor initialized         threshold_ms=200.0 violation_window=30
2026-07-13 03:04:32 [info     ] Algorithm1ControllerV3 initialized max_knative=50 r_saturation=33.3 target_cpu_util=0.5 total_budget=1000
2026-07-13 03:04:32 [info     ] Using V3 controller (Capacity-Driven) scenario=s4-hybrid-predictive version=v3
2026-07-13 03:04:32 [info     ] HAProxyWeightAdjuster initialized backend=servers host=localhost port=19999
2026-07-13 03:04:32 [info     ] GRUClient initialized          base_url=http://localhost:8090
2026-07-13 03:04:32 [info     ] K8sScaler initialized          deployment=test-app-warm namespace=default
2026-07-13 03:04:32 [info     ] RoutingDaemon initialized      decision_interval=15 description='Algorithm 1 with GRU predictions (Algorithm 2)' scenario=s4-hybrid-predictive use_algorithm=True use_predictions=True
2026-07-13 03:04:32 [info     ] Starting routing daemon        interval=15 scenario=s4-hybrid-predictive
2026-07-13 03:04:32 [info     ] Weights updated                k3s=80 knative=20
2026-07-13 03:04:32 [info     ] Initial weights applied        k3s=80 knative=20
2026-07-13 03:04:32 [debug    ] HAProxy fallback primed        total_requests=0
2026-07-13 03:04:32 [info     ] Model status validated         prediction_horizon=5 sample_interval_sec=15 sequence_length=30
2026-07-13 03:04:32 [info     ] Model status validated on first eligible cycle prediction_horizon=5 sequence_length=30
2026-07-13 03:04:32 [info     ] algorithm2_scaling_decision    action=MAINTAIN alpha=0.060060060060060066 beta=0.0 buffer=1.0 current_replicas=3 predicted_load=0.0 required_resources=0.0 target_replicas=3
2026-07-13 03:04:32 [info     ] algorithm2_decision            action=MAINTAIN applied_target=3 current_replicas=3 hold_until=0.0 observed_load=0.0 observed_target=3 point_forecasts=None prediction_age_sec=None predictive_target=3 proactive=False scenario=s4-hybrid-predictive target_replicas=3 upper_forecasts=None
2026-07-13 03:04:32 [debug    ] Decision loop completed        action=MAINTAIN latency_ms=107.67 p99=0.0
2026-07-13 03:04:47 [info     ] algorithm2_scaling_decision    action=MAINTAIN alpha=0.060060060060060066 beta=0.0 buffer=1.0 current_replicas=3 predicted_load=0.0 required_resources=0.0 target_replicas=3
2026-07-13 03:04:47 [info     ] algorithm2_decision            action=MAINTAIN applied_target=3 current_replicas=3 hold_until=0.0 observed_load=0.0 observed_target=3 point_forecasts=None prediction_age_sec=None predictive_target=3 proactive=False scenario=s4-hybrid-predictive target_replicas=3 upper_forecasts=None
2026-07-13 03:04:47 [debug    ] Decision loop completed        action=MAINTAIN latency_ms=104.93 p99=0.0
2026-07-13 03:05:02 [info     ] algorithm2_scaling_decision    action=MAINTAIN alpha=0.060060060060060066 beta=0.0 buffer=1.0 current_replicas=3 predicted_load=0.0 required_resources=0.0 target_replicas=3
2026-07-13 03:05:02 [info     ] algorithm2_decision            action=MAINTAIN applied_target=3 current_replicas=3 hold_until=0.0 observed_load=0.0 observed_target=3 point_forecasts=None prediction_age_sec=None predictive_target=3 proactive=False scenario=s4-hybrid-predictive target_replicas=3 upper_forecasts=None
2026-07-13 03:05:02 [debug    ] Decision loop completed        action=MAINTAIN latency_ms=110.05 p99=0.0
2026-07-13 03:05:17 [debug    ] HAProxy fallback latency       delta_requests=639 interval_avg_ms=64.0 max_rtime_ms=115.0 p99_est=115.0
2026-07-13 03:05:17 [info     ] controller_decision_v3         action=RECOVERY available_replicas=3 budget_remaining=1000 burn_adjustment=0 burst_ratio=0 capacity_deficit=False confidence=0 current_load=42.159500243510855 decision_id=b5e5cc89 k8s_capacity=49.9 k8s_weight=100 knative_weight=0 p99=115.0 predicted_load=0 r_effective=16.6 serverless_enabled=False total_load=42.2 weights_after={'k3s': 100, 'knative': 0} weights_before={'k3s': 80, 'knative': 20}
2026-07-13 03:05:17 [info     ] Weights updated                k3s=100 knative=0
2026-07-13 03:05:17 [info     ] Weights updated                action=RECOVERY reason='load=42RPS | k8s_cap=50RPS | (reducing-serverless)' weights={'k3s': 100, 'knative': 0}
2026-07-13 03:05:17 [info     ] algorithm2_scaling_decision    action=MAINTAIN alpha=0.060060060060060066 beta=0.0 buffer=1.0 current_replicas=3 predicted_load=21.079750121755428 required_resources=1.266 target_replicas=3
2026-07-13 03:05:17 [info     ] algorithm2_decision            action=MAINTAIN applied_target=3 current_replicas=3 hold_until=0.0 observed_load=21.08 observed_target=3 point_forecasts=None prediction_age_sec=None predictive_target=3 proactive=False scenario=s4-hybrid-predictive target_replicas=3 upper_forecasts=None
2026-07-13 03:05:17 [debug    ] Decision loop completed        action=RECOVERY latency_ms=140.46 p99=115.0
2026-07-13 03:05:32 [debug    ] HAProxy fallback latency       delta_requests=666 interval_avg_ms=64.0 max_rtime_ms=115.0 p99_est=115.0
2026-07-13 03:05:32 [info     ] algorithm2_scaling_decision    action=MAINTAIN alpha=0.060060060060060066 beta=0.0 buffer=1.0 current_replicas=3 predicted_load=43.07394053207754 required_resources=2.587 target_replicas=3
2026-07-13 03:05:32 [info     ] algorithm2_decision            action=MAINTAIN applied_target=3 current_replicas=3 hold_until=0.0 observed_load=43.07 observed_target=3 point_forecasts=None prediction_age_sec=None predictive_target=3 proactive=False scenario=s4-hybrid-predictive target_replicas=3 upper_forecasts=None
2026-07-13 03:05:32 [debug    ] Decision loop completed        action=MAINTAIN latency_ms=108.35 p99=115.0
2026-07-13 03:05:47 [debug    ] HAProxy fallback latency       delta_requests=715 interval_avg_ms=66.83 max_rtime_ms=115.0 p99_est=115.0
2026-07-13 03:05:47 [info     ] algorithm2_scaling_decision    action=MAINTAIN alpha=0.060060060060060066 beta=0.0 buffer=1.0 current_replicas=3 predicted_load=45.68848762680391 required_resources=2.744 target_replicas=3
2026-07-13 03:05:47 [info     ] algorithm2_decision            action=MAINTAIN applied_target=3 current_replicas=3 hold_until=0.0 observed_load=45.69 observed_target=3 point_forecasts=None prediction_age_sec=None predictive_target=3 proactive=False scenario=s4-hybrid-predictive target_replicas=3 upper_forecasts=None
2026-07-13 03:05:47 [debug    ] Decision loop completed        action=MAINTAIN latency_ms=107.06 p99=115.0
2026-07-13 03:06:03 [debug    ] HAProxy fallback latency       delta_requests=822 interval_avg_ms=65.0 max_rtime_ms=136.0 p99_est=130.0
2026-07-13 03:06:03 [info     ] Knative pre-warm OK            cold_start_ms=2.4
2026-07-13 03:06:03 [info     ] controller_decision_v3         action=REACTIVE available_replicas=3 budget_remaining=1000 burn_adjustment=0 burst_ratio=0.0809 capacity_deficit=False confidence=0 current_load=54.346184354251804 decision_id=3f820bb4 k8s_capacity=49.9 k8s_weight=91 knative_weight=9 p99=130.0 predicted_load=0 r_effective=16.6 serverless_enabled=True total_load=54.3 weights_after={'k3s': 91, 'knative': 9} weights_before={'k3s': 100, 'knative': 0}
2026-07-13 03:06:03 [info     ] Weights updated                k3s=91 knative=9
2026-07-13 03:06:03 [info     ] Weights updated                action=REACTIVE reason='load=54RPS | k8s_cap=50RPS | (burst-routing)' weights={'k3s': 91, 'knative': 9}
2026-07-13 03:06:03 [info     ] algorithm2_scaling_decision    action=SCALE_UP alpha=0.060060060060060066 beta=0.0 buffer=1.0 current_replicas=3 predicted_load=50.8673893936077 required_resources=3.055 target_replicas=4
2026-07-13 03:06:03 [info     ] algorithm2_decision            action=SCALE_UP applied_target=4 current_replicas=3 hold_until=0.0 observed_load=50.87 observed_target=4 point_forecasts=None prediction_age_sec=None predictive_target=3 proactive=False scenario=s4-hybrid-predictive target_replicas=4 upper_forecasts=None
2026-07-13 03:06:03 [info     ] k8s_scale_executed             deployment=test-app-warm replicas=4
2026-07-13 03:06:03 [debug    ] Decision loop completed        action=REACTIVE latency_ms=160.71 p99=130.0
2026-07-13 03:06:18 [debug    ] HAProxy fallback latency       delta_requests=771 interval_avg_ms=65.0 max_rtime_ms=136.0 p99_est=130.0
2026-07-13 03:06:18 [info     ] controller_decision_v3         action=RECOVERY available_replicas=4 budget_remaining=1000 burn_adjustment=0 burst_ratio=0 capacity_deficit=False confidence=0 current_load=50.85395092328114 decision_id=2db92701 k8s_capacity=66.6 k8s_weight=100 knative_weight=0 p99=130.0 predicted_load=0 r_effective=16.6 serverless_enabled=False total_load=50.9 weights_after={'k3s': 100, 'knative': 0} weights_before={'k3s': 91, 'knative': 9}
2026-07-13 03:06:18 [info     ] Weights updated                k3s=100 knative=0
2026-07-13 03:06:18 [info     ] Weights updated                action=RECOVERY reason='load=51RPS | k8s_cap=67RPS | (reducing-serverless)' weights={'k3s': 100, 'knative': 0}
2026-07-13 03:06:18 [info     ] Scale readiness observed       elapsed_sec=15.2 ewma_delay=46.5 samples=1 target=4
2026-07-13 03:06:18 [info     ] algorithm2_scaling_decision    action=MAINTAIN alpha=0.060060060060060066 beta=0.0 buffer=1.0 current_replicas=4 predicted_load=52.600067638766475 required_resources=3.159 target_replicas=4
2026-07-13 03:06:18 [info     ] algorithm2_decision            action=MAINTAIN applied_target=4 current_replicas=4 hold_until=0.0 observed_load=52.6 observed_target=4 point_forecasts=None prediction_age_sec=None predictive_target=3 proactive=False scenario=s4-hybrid-predictive target_replicas=4 upper_forecasts=None
2026-07-13 03:06:18 [debug    ] Decision loop completed        action=RECOVERY latency_ms=152.23 p99=130.0
2026-07-13 03:06:33 [debug    ] HAProxy fallback latency       delta_requests=547 interval_avg_ms=65.0 max_rtime_ms=136.0 p99_est=130.0
2026-07-13 03:06:33 [info     ] algorithm2_scaling_decision    action=MAINTAIN alpha=0.060060060060060066 beta=0.0 buffer=1.0 current_replicas=4 predicted_load=43.510514084583704 required_resources=2.613 target_replicas=3
2026-07-13 03:06:33 [info     ] algorithm2_decision            action=MAINTAIN applied_target=3 current_replicas=4 hold_until=0.0 observed_load=43.51 observed_target=3 point_forecasts=None prediction_age_sec=None predictive_target=3 proactive=False scenario=s4-hybrid-predictive target_replicas=3 upper_forecasts=None
2026-07-13 03:06:33 [debug    ] Decision loop completed        action=MAINTAIN latency_ms=110.73 p99=130.0
2026-07-13 03:06:48 [debug    ] HAProxy fallback latency       delta_requests=412 interval_avg_ms=53.9 max_rtime_ms=136.0 p99_est=107.81
2026-07-13 03:06:48 [info     ] algorithm2_scaling_decision    action=MAINTAIN alpha=0.060060060060060066 beta=0.0 buffer=1.0 current_replicas=4 predicted_load=31.71137811623025 required_resources=1.905 target_replicas=3
2026-07-13 03:06:48 [info     ] algorithm2_decision            action=MAINTAIN applied_target=3 current_replicas=4 hold_until=0.0 observed_load=31.71 observed_target=3 point_forecasts=None prediction_age_sec=None predictive_target=3 proactive=False scenario=s4-hybrid-predictive target_replicas=3 upper_forecasts=None
2026-07-13 03:06:48 [debug    ] Decision loop completed        action=MAINTAIN latency_ms=110.47 p99=107.80582524271844
2026-07-13 03:07:03 [debug    ] HAProxy fallback latency       delta_requests=357 interval_avg_ms=77.81 max_rtime_ms=136.0 p99_est=136.0
2026-07-13 03:07:03 [info     ] algorithm2_scaling_decision    action=MAINTAIN alpha=0.060060060060060066 beta=0.0 buffer=1.0 current_replicas=4 predicted_load=25.475869614580624 required_resources=1.53 target_replicas=3
2026-07-13 03:07:03 [info     ] algorithm2_decision            action=MAINTAIN applied_target=3 current_replicas=4 hold_until=0.0 observed_load=25.48 observed_target=3 point_forecasts=None prediction_age_sec=None predictive_target=3 proactive=False scenario=s4-hybrid-predictive target_replicas=3 upper_forecasts=None
2026-07-13 03:07:03 [debug    ] Decision loop completed        action=MAINTAIN latency_ms=111.11 p99=136.0
2026-07-13 03:07:18 [debug    ] HAProxy fallback latency       delta_requests=485 interval_avg_ms=53.84 max_rtime_ms=136.0 p99_est=107.67
2026-07-13 03:07:18 [info     ] algorithm2_scaling_decision    action=MAINTAIN alpha=0.060060060060060066 beta=0.0 buffer=1.0 current_replicas=4 predicted_load=27.831206927465324 required_resources=1.672 target_replicas=3
2026-07-13 03:07:18 [info     ] algorithm2_decision            action=MAINTAIN applied_target=3 current_replicas=4 hold_until=0.0 observed_load=27.83 observed_target=3 point_forecasts=None prediction_age_sec=None predictive_target=3 proactive=False scenario=s4-hybrid-predictive target_replicas=3 upper_forecasts=None
2026-07-13 03:07:18 [debug    ] Decision loop completed        action=MAINTAIN latency_ms=111.86 p99=107.6742268041237
2026-07-13 03:07:33 [debug    ] HAProxy fallback latency       delta_requests=774 interval_avg_ms=64.0 max_rtime_ms=136.0 p99_est=128.0
2026-07-13 03:07:33 [info     ] algorithm2_scaling_decision    action=MAINTAIN alpha=0.060060060060060066 beta=0.0 buffer=1.0 current_replicas=4 predicted_load=41.56002021654783 required_resources=2.496 target_replicas=3
2026-07-13 03:07:33 [info     ] algorithm2_decision            action=MAINTAIN applied_target=3 current_replicas=4 hold_until=0.0 observed_load=41.56 observed_target=3 point_forecasts=None prediction_age_sec=None predictive_target=3 proactive=False scenario=s4-hybrid-predictive target_replicas=3 upper_forecasts=None
2026-07-13 03:07:33 [debug    ] Decision loop completed        action=MAINTAIN latency_ms=113.98 p99=128.0
2026-07-13 03:07:48 [debug    ] HAProxy fallback latency       delta_requests=812 interval_avg_ms=72.62 max_rtime_ms=136.0 p99_est=136.0
2026-07-13 03:07:48 [info     ] algorithm2_scaling_decision    action=MAINTAIN alpha=0.060060060060060066 beta=0.0 buffer=1.0 current_replicas=4 predicted_load=52.471020616908234 required_resources=3.151 target_replicas=4
2026-07-13 03:07:48 [info     ] algorithm2_decision            action=MAINTAIN applied_target=4 current_replicas=4 hold_until=0.0 observed_load=52.47 observed_target=4 point_forecasts=None prediction_age_sec=None predictive_target=3 proactive=False scenario=s4-hybrid-predictive target_replicas=4 upper_forecasts=None
2026-07-13 03:07:48 [debug    ] Decision loop completed        action=MAINTAIN latency_ms=109.98 p99=136.0
2026-07-13 03:08:03 [debug    ] HAProxy fallback latency       delta_requests=637 interval_avg_ms=65.0 max_rtime_ms=136.0 p99_est=130.0
2026-07-13 03:08:04 [info     ] algorithm2_scaling_decision    action=MAINTAIN alpha=0.060060060060060066 beta=0.0 buffer=1.0 current_replicas=4 predicted_load=48.00558809928472 required_resources=2.883 target_replicas=3
2026-07-13 03:08:04 [info     ] algorithm2_decision            action=MAINTAIN applied_target=3 current_replicas=4 hold_until=0.0 observed_load=48.01 observed_target=3 point_forecasts=None prediction_age_sec=None predictive_target=3 proactive=False scenario=s4-hybrid-predictive target_replicas=3 upper_forecasts=None
2026-07-13 03:08:04 [debug    ] Decision loop completed        action=MAINTAIN latency_ms=110.92 p99=130.0
2026-07-13 03:08:19 [debug    ] HAProxy fallback latency       delta_requests=656 interval_avg_ms=65.0 max_rtime_ms=136.0 p99_est=130.0
2026-07-13 03:08:19 [info     ] algorithm2_scaling_decision    action=MAINTAIN alpha=0.060060060060060066 beta=0.0 buffer=1.0 current_replicas=4 predicted_load=42.81866107657429 required_resources=2.572 target_replicas=3
2026-07-13 03:08:19 [info     ] algorithm2_decision            action=MAINTAIN applied_target=3 current_replicas=4 hold_until=0.0 observed_load=42.82 observed_target=3 point_forecasts=None prediction_age_sec=None predictive_target=3 proactive=False scenario=s4-hybrid-predictive target_replicas=3 upper_forecasts=None
2026-07-13 03:08:19 [debug    ] Decision loop completed        action=MAINTAIN latency_ms=107.02 p99=130.0
2026-07-13 03:08:34 [debug    ] HAProxy fallback latency       delta_requests=831 interval_avg_ms=54.02 max_rtime_ms=136.0 p99_est=108.04
2026-07-13 03:08:34 [info     ] algorithm2_scaling_decision    action=MAINTAIN alpha=0.060060060060060066 beta=0.0 buffer=1.0 current_replicas=4 predicted_load=49.17685993566839 required_resources=2.954 target_replicas=3
2026-07-13 03:08:34 [info     ] algorithm2_decision            action=MAINTAIN applied_target=3 current_replicas=4 hold_until=0.0 observed_load=49.18 observed_target=3 point_forecasts=None prediction_age_sec=None predictive_target=3 proactive=False scenario=s4-hybrid-predictive target_replicas=3 upper_forecasts=None
2026-07-13 03:08:34 [debug    ] Decision loop completed        action=MAINTAIN latency_ms=104.45 p99=108.04091456077016
2026-07-13 03:08:49 [debug    ] HAProxy fallback latency       delta_requests=915 interval_avg_ms=64.0 max_rtime_ms=136.0 p99_est=128.0
2026-07-13 03:08:49 [info     ] algorithm2_scaling_decision    action=MAINTAIN alpha=0.060060060060060066 beta=0.0 buffer=1.0 current_replicas=4 predicted_load=57.75925233375071 required_resources=3.469 target_replicas=4
2026-07-13 03:08:49 [info     ] algorithm2_decision            action=MAINTAIN applied_target=4 current_replicas=4 hold_until=0.0 observed_load=57.76 observed_target=4 point_forecasts=None prediction_age_sec=None predictive_target=3 proactive=False scenario=s4-hybrid-predictive target_replicas=4 upper_forecasts=None
2026-07-13 03:08:49 [debug    ] Decision loop completed        action=MAINTAIN latency_ms=101.62 p99=128.0
2026-07-13 03:09:04 [debug    ] HAProxy fallback latency       delta_requests=930 interval_avg_ms=64.0 max_rtime_ms=136.0 p99_est=128.0
2026-07-13 03:09:04 [info     ] algorithm2_scaling_decision    action=MAINTAIN alpha=0.060060060060060066 beta=0.0 buffer=1.0 current_replicas=4 predicted_load=61.08055751988027 required_resources=3.669 target_replicas=4
2026-07-13 03:09:04 [info     ] algorithm2_decision            action=MAINTAIN applied_target=4 current_replicas=4 hold_until=0.0 observed_load=61.08 observed_target=4 point_forecasts=None prediction_age_sec=None predictive_target=3 proactive=False scenario=s4-hybrid-predictive target_replicas=4 upper_forecasts=None
2026-07-13 03:09:04 [debug    ] Decision loop completed        action=MAINTAIN latency_ms=102.16 p99=128.0
2026-07-13 03:09:19 [debug    ] HAProxy fallback latency       delta_requests=1003 interval_avg_ms=75.94 max_rtime_ms=136.0 p99_est=136.0
2026-07-13 03:09:19 [info     ] algorithm2_scaling_decision    action=MAINTAIN alpha=0.060060060060060066 beta=0.0 buffer=1.0 current_replicas=4 predicted_load=63.99871603035669 required_resources=3.844 target_replicas=4
2026-07-13 03:09:19 [info     ] algorithm2_decision            action=MAINTAIN applied_target=4 current_replicas=4 hold_until=0.0 observed_load=64.0 observed_target=4 point_forecasts=None prediction_age_sec=None predictive_target=3 proactive=False scenario=s4-hybrid-predictive target_replicas=4 upper_forecasts=None
2026-07-13 03:09:19 [debug    ] Decision loop completed        action=MAINTAIN latency_ms=108.07 p99=136.0
2026-07-13 03:09:34 [debug    ] HAProxy fallback latency       delta_requests=1118 interval_avg_ms=65.0 max_rtime_ms=136.0 p99_est=130.0
2026-07-13 03:09:34 [info     ] Knative pre-warm OK            cold_start_ms=3.0
2026-07-13 03:09:34 [info     ] controller_decision_v3         action=REACTIVE available_replicas=4 budget_remaining=1000 burn_adjustment=0 burst_ratio=0.0991 capacity_deficit=False confidence=0 current_load=73.92967250522297 decision_id=9eaf684d k8s_capacity=66.6 k8s_weight=90 knative_weight=10 p99=130.0 predicted_load=0 r_effective=16.6 serverless_enabled=True total_load=73.9 weights_after={'k3s': 90, 'knative': 10} weights_before={'k3s': 100, 'knative': 0}
2026-07-13 03:09:34 [info     ] Weights updated                k3s=90 knative=10
2026-07-13 03:09:34 [info     ] Weights updated                action=REACTIVE reason='load=74RPS | k8s_cap=67RPS | (burst-routing)' weights={'k3s': 90, 'knative': 10}
2026-07-13 03:09:34 [info     ] algorithm2_scaling_decision    action=SCALE_UP alpha=0.060060060060060066 beta=0.0 buffer=1.0 current_replicas=4 predicted_load=70.17263734499201 required_resources=4.215 target_replicas=5
2026-07-13 03:09:34 [info     ] algorithm2_decision            action=SCALE_UP applied_target=5 current_replicas=4 hold_until=0.0 observed_load=70.17 observed_target=5 point_forecasts=None prediction_age_sec=None predictive_target=3 proactive=False scenario=s4-hybrid-predictive target_replicas=5 upper_forecasts=None
2026-07-13 03:09:34 [info     ] k8s_scale_executed             deployment=test-app-warm replicas=5
2026-07-13 03:09:34 [debug    ] Decision loop completed        action=REACTIVE latency_ms=158.46 p99=130.0
2026-07-13 03:09:49 [debug    ] HAProxy fallback latency       delta_requests=1277 interval_avg_ms=76.25 max_rtime_ms=136.0 p99_est=136.0
2026-07-13 03:09:49 [info     ] controller_decision_v3         action=RECOVERY available_replicas=5 budget_remaining=1000 burn_adjustment=0 burst_ratio=0.0118 capacity_deficit=False confidence=0 current_load=84.24298924453451 decision_id=fa62fb88 k8s_capacity=83.2 k8s_weight=98 knative_weight=2 p99=136.0 predicted_load=0 r_effective=16.6 serverless_enabled=True total_load=84.2 weights_after={'k3s': 98, 'knative': 2} weights_before={'k3s': 90, 'knative': 10}
2026-07-13 03:09:49 [info     ] Weights updated                k3s=98 knative=2
2026-07-13 03:09:49 [info     ] Weights updated                action=RECOVERY reason='load=84RPS | k8s_cap=83RPS | (reducing-serverless)' weights={'k3s': 98, 'knative': 2}
2026-07-13 03:09:49 [info     ] Scale readiness observed       elapsed_sec=15.1 ewma_delay=37.1 samples=2 target=5
2026-07-13 03:09:49 [info     ] algorithm2_scaling_decision    action=MAINTAIN alpha=0.060060060060060066 beta=0.0 buffer=1.0 current_replicas=5 predicted_load=79.08633087487874 required_resources=4.75 target_replicas=5
2026-07-13 03:09:49 [info     ] algorithm2_decision            action=MAINTAIN applied_target=5 current_replicas=5 hold_until=0.0 observed_load=79.09 observed_target=5 point_forecasts=None prediction_age_sec=None predictive_target=3 proactive=False scenario=s4-hybrid-predictive target_replicas=5 upper_forecasts=None
2026-07-13 03:09:49 [debug    ] Decision loop completed        action=RECOVERY latency_ms=145.22 p99=136.0
2026-07-13 03:10:04 [debug    ] HAProxy fallback latency       delta_requests=1460 interval_avg_ms=66.0 max_rtime_ms=136.0 p99_est=132.0
2026-07-13 03:10:04 [info     ] controller_decision_v3         action=REACTIVE available_replicas=5 budget_remaining=1000 burn_adjustment=0 burst_ratio=0.1358 capacity_deficit=False confidence=0 current_load=96.33590206947251 decision_id=15973ea8 k8s_capacity=83.2 k8s_weight=86 knative_weight=14 p99=132.0 predicted_load=0 r_effective=16.6 serverless_enabled=True total_load=96.3 weights_after={'k3s': 86, 'knative': 14} weights_before={'k3s': 98, 'knative': 2}
2026-07-13 03:10:04 [info     ] Weights updated                k3s=86 knative=14
2026-07-13 03:10:04 [info     ] Weights updated                action=REACTIVE reason='load=96RPS | k8s_cap=83RPS | (burst-routing)' weights={'k3s': 86, 'knative': 14}
2026-07-13 03:10:04 [info     ] algorithm2_scaling_decision    action=SCALE_UP alpha=0.060060060060060066 beta=0.0 buffer=1.0 current_replicas=5 predicted_load=90.28944565700351 required_resources=5.423 target_replicas=6
2026-07-13 03:10:04 [info     ] algorithm2_decision            action=SCALE_UP applied_target=6 current_replicas=5 hold_until=0.0 observed_load=90.29 observed_target=6 point_forecasts=None prediction_age_sec=None predictive_target=3 proactive=False scenario=s4-hybrid-predictive target_replicas=6 upper_forecasts=None
2026-07-13 03:10:05 [info     ] k8s_scale_executed             deployment=test-app-warm replicas=6
2026-07-13 03:10:05 [debug    ] Decision loop completed        action=REACTIVE latency_ms=143.03 p99=132.0
2026-07-13 03:10:20 [debug    ] HAProxy fallback latency       delta_requests=1671 interval_avg_ms=76.47 max_rtime_ms=136.0 p99_est=136.0
2026-07-13 03:10:20 [info     ] controller_decision_v3         action=RECOVERY available_replicas=6 budget_remaining=1000 burn_adjustment=0 burst_ratio=0.0947 capacity_deficit=False confidence=0 current_load=110.34662478773173 decision_id=b5f0ec3c k8s_capacity=99.9 k8s_weight=90 knative_weight=10 p99=136.0 predicted_load=0 r_effective=16.6 serverless_enabled=True total_load=110.3 weights_after={'k3s': 90, 'knative': 10} weights_before={'k3s': 86, 'knative': 14}
2026-07-13 03:10:20 [info     ] Weights updated                k3s=90 knative=10
2026-07-13 03:10:20 [info     ] Weights updated                action=RECOVERY reason='load=110RPS | k8s_cap=100RPS | (reducing-serverless)' weights={'k3s': 90, 'knative': 10}
2026-07-13 03:10:20 [info     ] Scale readiness observed       elapsed_sec=15.1 ewma_delay=30.5 samples=3 target=6
2026-07-13 03:10:20 [info     ] algorithm2_scaling_decision    action=MAINTAIN alpha=0.060060060060060066 beta=0.0 buffer=1.0 current_replicas=6 predicted_load=103.34126342860212 required_resources=6.207 target_replicas=6
2026-07-13 03:10:20 [info     ] algorithm2_decision            action=MAINTAIN applied_target=6 current_replicas=6 hold_until=0.0 observed_load=103.34 observed_target=6 point_forecasts=None prediction_age_sec=None predictive_target=3 proactive=False scenario=s4-hybrid-predictive target_replicas=6 upper_forecasts=None
2026-07-13 03:10:20 [debug    ] Decision loop completed        action=RECOVERY latency_ms=136.14 p99=136.0
2026-07-13 03:10:35 [debug    ] HAProxy fallback latency       delta_requests=1893 interval_avg_ms=159.19 max_rtime_ms=245.0 p99_est=245.0
2026-07-13 03:10:35 [info     ] controller_decision_v3         action=REACTIVE available_replicas=6 budget_remaining=999 burn_adjustment=0 burst_ratio=0.2012 capacity_deficit=False confidence=0 current_load=125.06374967193638 decision_id=e87742ed k8s_capacity=99.9 k8s_weight=79 knative_weight=21 p99=245.0 predicted_load=0 r_effective=16.6 serverless_enabled=True total_load=125.1 weights_after={'k3s': 79, 'knative': 21} weights_before={'k3s': 90, 'knative': 10}
2026-07-13 03:10:35 [info     ] Weights updated                k3s=79 knative=21
2026-07-13 03:10:35 [info     ] Weights updated                action=REACTIVE reason='load=125RPS | k8s_cap=100RPS | (burst-routing)' weights={'k3s': 79, 'knative': 21}
2026-07-13 03:10:35 [info     ] algorithm2_scaling_decision    action=MAINTAIN alpha=0.060060060060060066 beta=0.0 buffer=1.0 current_replicas=6 predicted_load=117.70518722983405 required_resources=7.069 target_replicas=6
2026-07-13 03:10:35 [info     ] algorithm2_decision            action=MAINTAIN applied_target=6 current_replicas=6 hold_until=0.0 observed_load=117.71 observed_target=6 point_forecasts=None prediction_age_sec=None predictive_target=3 proactive=False scenario=s4-hybrid-predictive target_replicas=6 upper_forecasts=None
2026-07-13 03:10:35 [debug    ] Decision loop completed        action=REACTIVE latency_ms=106.61 p99=245.0
2026-07-13 03:10:50 [info     ] controller_decision_v3         action=RECOVERY available_replicas=6 budget_remaining=998 burn_adjustment=0 burst_ratio=0.1216 capacity_deficit=False confidence=0 current_load=113.72307134445946 decision_id=3a5b44ff k8s_capacity=99.9 k8s_weight=87 knative_weight=13 p99=245.0 predicted_load=0 r_effective=16.6 serverless_enabled=True total_load=113.7 weights_after={'k3s': 87, 'knative': 13} weights_before={'k3s': 79, 'knative': 21}
2026-07-13 03:10:50 [info     ] Weights updated                k3s=87 knative=13
2026-07-13 03:10:50 [info     ] Weights updated                action=RECOVERY reason='load=114RPS | k8s_cap=100RPS | (reducing-serverless)' weights={'k3s': 87, 'knative': 13}
2026-07-13 03:10:50 [info     ] algorithm2_scaling_decision    action=MAINTAIN alpha=0.060060060060060066 beta=0.0 buffer=1.0 current_replicas=6 predicted_load=119.39341050819792 required_resources=7.171 target_replicas=6
2026-07-13 03:10:50 [info     ] algorithm2_decision            action=MAINTAIN applied_target=6 current_replicas=6 hold_until=0.0 observed_load=119.39 observed_target=6 point_forecasts=None prediction_age_sec=None predictive_target=3 proactive=False scenario=s4-hybrid-predictive target_replicas=6 upper_forecasts=None
2026-07-13 03:10:50 [debug    ] Decision loop completed        action=RECOVERY latency_ms=145.77 p99=245.0
2026-07-13 03:11:05 [debug    ] HAProxy fallback latency       delta_requests=1314 interval_avg_ms=33.87 max_rtime_ms=245.0 p99_est=67.74
2026-07-13 03:11:05 [info     ] controller_decision_v3         action=RECOVERY available_replicas=6 budget_remaining=998 burn_adjustment=0 burst_ratio=0 capacity_deficit=False confidence=0 current_load=86.82206143181644 decision_id=e62ea31a k8s_capacity=99.9 k8s_weight=100 knative_weight=0 p99=67.7 predicted_load=0 r_effective=16.6 serverless_enabled=False total_load=86.8 weights_after={'k3s': 100, 'knative': 0} weights_before={'k3s': 87, 'knative': 13}
2026-07-13 03:11:05 [info     ] Weights updated                k3s=100 knative=0
2026-07-13 03:11:05 [info     ] Weights updated                action=RECOVERY reason='load=87RPS | k8s_cap=100RPS | (reducing-serverless)' weights={'k3s': 100, 'knative': 0}
2026-07-13 03:11:05 [info     ] algorithm2_scaling_decision    action=MAINTAIN alpha=0.060060060060060066 beta=0.0 buffer=1.0 current_replicas=6 predicted_load=100.27256638813795 required_resources=6.022 target_replicas=6
2026-07-13 03:11:05 [info     ] algorithm2_decision            action=MAINTAIN applied_target=6 current_replicas=6 hold_until=0.0 observed_load=100.27 observed_target=6 point_forecasts=None prediction_age_sec=None predictive_target=3 proactive=False scenario=s4-hybrid-predictive target_replicas=6 upper_forecasts=None
2026-07-13 03:11:05 [debug    ] Decision loop completed        action=RECOVERY latency_ms=142.55 p99=67.74124809741248
2026-07-13 03:11:20 [debug    ] HAProxy fallback latency       delta_requests=1131 interval_avg_ms=24.35 max_rtime_ms=245.0 p99_est=48.7
2026-07-13 03:11:20 [info     ] algorithm2_scaling_decision    action=MAINTAIN alpha=0.060060060060060066 beta=0.0 buffer=1.0 current_replicas=6 predicted_load=80.75636949864341 required_resources=4.85 target_replicas=5
2026-07-13 03:11:20 [info     ] algorithm2_decision            action=MAINTAIN applied_target=5 current_replicas=6 hold_until=0.0 observed_load=80.76 observed_target=5 point_forecasts=None prediction_age_sec=None predictive_target=3 proactive=False scenario=s4-hybrid-predictive target_replicas=5 upper_forecasts=None
2026-07-13 03:11:20 [debug    ] Decision loop completed        action=MAINTAIN latency_ms=107.92 p99=48.696728558797524
2026-07-13 03:11:35 [debug    ] HAProxy fallback latency       delta_requests=1073 interval_avg_ms=64.0 max_rtime_ms=245.0 p99_est=128.0
2026-07-13 03:11:35 [info     ] algorithm2_scaling_decision    action=MAINTAIN alpha=0.060060060060060066 beta=0.0 buffer=1.0 current_replicas=6 predicted_load=72.8897657015645 required_resources=4.378 target_replicas=5
2026-07-13 03:11:35 [info     ] algorithm2_decision            action=MAINTAIN applied_target=5 current_replicas=6 hold_until=0.0 observed_load=72.89 observed_target=5 point_forecasts=None prediction_age_sec=None predictive_target=3 proactive=False scenario=s4-hybrid-predictive target_replicas=5 upper_forecasts=None
2026-07-13 03:11:35 [debug    ] Decision loop completed        action=MAINTAIN latency_ms=105.55 p99=128.0
2026-07-13 03:11:50 [debug    ] HAProxy fallback latency       delta_requests=946 interval_avg_ms=64.0 max_rtime_ms=245.0 p99_est=128.0
2026-07-13 03:11:50 [info     ] algorithm2_scaling_decision    action=MAINTAIN alpha=0.060060060060060066 beta=0.0 buffer=1.0 current_replicas=6 predicted_load=66.85715861090196 required_resources=4.015 target_replicas=5
2026-07-13 03:11:50 [info     ] algorithm2_decision            action=MAINTAIN applied_target=5 current_replicas=6 hold_until=0.0 observed_load=66.86 observed_target=5 point_forecasts=None prediction_age_sec=None predictive_target=3 proactive=False scenario=s4-hybrid-predictive target_replicas=5 upper_forecasts=None
2026-07-13 03:11:50 [debug    ] Decision loop completed        action=MAINTAIN latency_ms=106.91 p99=128.0
2026-07-13 03:12:05 [debug    ] HAProxy fallback latency       delta_requests=792 interval_avg_ms=64.0 max_rtime_ms=245.0 p99_est=128.0
2026-07-13 03:12:05 [debug    ] GRU prediction received        confidence=0.8 latency_ms=5.74 predicted=88
2026-07-13 03:12:05 [debug    ] Using GRU prediction           confidence=0.8 forecast_capacity_signal=88.4 predicted=88 required_steps=4
2026-07-13 03:12:05 [info     ] algorithm2_scaling_decision    action=MAINTAIN alpha=0.060060060060060066 beta=0.0 buffer=1.0 current_replicas=6 predicted_load=88.3898696899414 required_resources=5.309 target_replicas=6
2026-07-13 03:12:05 [info     ] algorithm2_decision            action=MAINTAIN applied_target=6 current_replicas=6 hold_until=1783887216.0 observed_load=57.53 observed_target=4 point_forecasts=[74.34647369384766, 73.35028076171875, 73.06787872314453, 74.021728515625, 72.27913665771484] prediction_age_sec=0.07 predictive_target=6 proactive=True scenario=s4-hybrid-predictive target_replicas=6 upper_forecasts=[88.41413879394531, 86.97578430175781, 87.22052001953125, 88.3898696899414, 86.958251953125]
2026-07-13 03:12:05 [debug    ] Decision loop completed        action=MAINTAIN latency_ms=118.28 p99=128.0
2026-07-13 03:12:21 [debug    ] HAProxy fallback latency       delta_requests=1200 interval_avg_ms=86.97 max_rtime_ms=245.0 p99_est=173.94
2026-07-13 03:12:21 [debug    ] GRU prediction received        confidence=0.8 latency_ms=5.98 predicted=88
2026-07-13 03:12:21 [debug    ] Using GRU prediction           confidence=0.8 forecast_capacity_signal=88.1 predicted=88 required_steps=4
2026-07-13 03:12:21 [info     ] algorithm2_scaling_decision    action=MAINTAIN alpha=0.060060060060060066 beta=0.0 buffer=1.0 current_replicas=6 predicted_load=88.13741302490234 required_resources=5.294 target_replicas=6
2026-07-13 03:12:21 [info     ] algorithm2_decision            action=MAINTAIN applied_target=6 current_replicas=6 hold_until=1783887231.1 observed_load=65.83 observed_target=4 point_forecasts=[73.66644287109375, 73.26712036132812, 73.12088012695312, 73.76927185058594, 72.62464904785156] prediction_age_sec=0.07 predictive_target=6 proactive=True scenario=s4-hybrid-predictive target_replicas=6 upper_forecasts=[87.7341079711914, 86.89262390136719, 87.27352905273438, 88.13741302490234, 87.30376434326172]
2026-07-13 03:12:21 [debug    ] Decision loop completed        action=MAINTAIN latency_ms=118.66 p99=173.94166666666666
2026-07-13 03:12:36 [debug    ] HAProxy fallback latency       delta_requests=1871 interval_avg_ms=253.79 max_rtime_ms=245.0 p99_est=245.0
2026-07-13 03:12:36 [debug    ] GRU prediction received        confidence=0.8 latency_ms=5.35 predicted=101
2026-07-13 03:12:36 [debug    ] Using GRU prediction           confidence=0.8 forecast_capacity_signal=101.0 predicted=101 required_steps=4
2026-07-13 03:12:36 [debug    ] Proactive amplification        amplified=189.6 approach_ratio=1.24 load_trend=13.2 raw_pred=101
2026-07-13 03:12:36 [info     ] Knative pre-warm OK            cold_start_ms=2.8
2026-07-13 03:12:36 [info     ] controller_decision_v3         action=PREDICTIVE available_replicas=6 budget_remaining=997 burn_adjustment=0 burst_ratio=0.1928 capacity_deficit=False confidence=0.8 current_load=123.75465855885548 decision_id=b48dd2a4 k8s_capacity=99.9 k8s_weight=80 knative_weight=20 p99=245.0 predicted_load=101 r_effective=16.6 serverless_enabled=True total_load=123.8 weights_after={'k3s': 80, 'knative': 20} weights_before={'k3s': 100, 'knative': 0}
2026-07-13 03:12:36 [info     ] Weights updated                k3s=80 knative=20
2026-07-13 03:12:36 [info     ] Weights updated                action=PREDICTIVE reason='load=124RPS | k8s_cap=100RPS | (prediction-driven)' weights={'k3s': 80, 'knative': 20}
2026-07-13 03:12:36 [info     ] algorithm2_scaling_decision    action=MAINTAIN alpha=0.060060060060060066 beta=0.0 buffer=1.0 current_replicas=6 predicted_load=101.49742707138847 required_resources=6.096 target_replicas=6
2026-07-13 03:12:36 [info     ] algorithm2_decision            action=MAINTAIN applied_target=6 current_replicas=6 hold_until=1783887231.1 observed_load=101.5 observed_target=6 point_forecasts=[85.6031723022461, 85.72154998779297, 85.5882797241211, 85.24849700927734, 86.05560302734375] prediction_age_sec=0.07 predictive_target=6 proactive=False scenario=s4-hybrid-predictive target_replicas=6 upper_forecasts=[99.67083740234375, 99.34705352783203, 99.74092102050781, 99.61663818359375, 100.7347183227539]
2026-07-13 03:12:36 [debug    ] Decision loop completed        action=PREDICTIVE latency_ms=119.59 p99=245.0
2026-07-13 03:12:51 [debug    ] GRU prediction received        confidence=0.8 latency_ms=5.83 predicted=110
2026-07-13 03:12:51 [debug    ] Using GRU prediction           confidence=0.8 forecast_capacity_signal=110.0 predicted=110 required_steps=4
2026-07-13 03:12:51 [debug    ] Proactive amplification        amplified=192.6 approach_ratio=1.2 load_trend=14.4 raw_pred=110
2026-07-13 03:12:51 [info     ] controller_decision_v3         action=RECOVERY available_replicas=6 budget_remaining=996 burn_adjustment=0 burst_ratio=0.1701 capacity_deficit=False confidence=0.8 current_load=120.37393782518313 decision_id=5e38046e k8s_capacity=99.9 k8s_weight=82 knative_weight=18 p99=245.0 predicted_load=110 r_effective=16.6 serverless_enabled=True total_load=120.4 weights_after={'k3s': 82, 'knative': 18} weights_before={'k3s': 80, 'knative': 20}
2026-07-13 03:12:51 [info     ] Weights updated                k3s=82 knative=18
2026-07-13 03:12:51 [info     ] Weights updated                action=RECOVERY reason='load=120RPS | k8s_cap=100RPS | (reducing-serverless)' weights={'k3s': 82, 'knative': 18}
2026-07-13 03:12:51 [info     ] algorithm2_scaling_decision    action=MAINTAIN alpha=0.060060060060060066 beta=0.0 buffer=1.0 current_replicas=6 predicted_load=122.06429819201931 required_resources=7.331 target_replicas=6
2026-07-13 03:12:51 [info     ] algorithm2_decision            action=MAINTAIN applied_target=6 current_replicas=6 hold_until=1783887231.1 observed_load=122.06 observed_target=6 point_forecasts=[96.09901428222656, 95.94950103759766, 95.92145538330078, 95.4453125, 95.69657897949219] prediction_age_sec=0.11 predictive_target=6 proactive=False scenario=s4-hybrid-predictive target_replicas=6 upper_forecasts=[110.16667938232422, 109.57500457763672, 110.0740966796875, 109.8134536743164, 110.37569427490234]
2026-07-13 03:12:51 [debug    ] Decision loop completed        action=RECOVERY latency_ms=155.57 p99=245.0
2026-07-13 03:13:06 [debug    ] HAProxy fallback latency       delta_requests=1425 interval_avg_ms=43.07 max_rtime_ms=245.0 p99_est=86.13
2026-07-13 03:13:06 [debug    ] GRU prediction received        confidence=0.8 latency_ms=5.9 predicted=112
2026-07-13 03:13:06 [debug    ] Using GRU prediction           confidence=0.8 forecast_capacity_signal=112.0 predicted=112 required_steps=4
2026-07-13 03:13:06 [debug    ] Proactive amplification        amplified=146.2 approach_ratio=0.94 load_trend=10.4 raw_pred=112
2026-07-13 03:13:06 [info     ] controller_decision_v3         action=RECOVERY available_replicas=6 budget_remaining=996 burn_adjustment=0 burst_ratio=0 capacity_deficit=False confidence=0.8 current_load=94.08731428732513 decision_id=589b059a k8s_capacity=99.9 k8s_weight=100 knative_weight=0 p99=86.1 predicted_load=112 r_effective=16.6 serverless_enabled=False total_load=94.1 weights_after={'k3s': 100, 'knative': 0} weights_before={'k3s': 82, 'knative': 18}
2026-07-13 03:13:06 [info     ] Weights updated                k3s=100 knative=0
2026-07-13 03:13:06 [info     ] Weights updated                action=RECOVERY reason='load=94RPS | k8s_cap=100RPS | (reducing-serverless)' weights={'k3s': 100, 'knative': 0}
2026-07-13 03:13:06 [info     ] algorithm2_scaling_decision    action=MAINTAIN alpha=0.060060060060060066 beta=0.0 buffer=1.0 current_replicas=6 predicted_load=107.23062605625412 required_resources=6.44 target_replicas=6
2026-07-13 03:13:06 [info     ] algorithm2_decision            action=MAINTAIN applied_target=6 current_replicas=6 hold_until=1783887231.1 observed_load=107.23 observed_target=6 point_forecasts=[97.43711853027344, 97.59353637695312, 97.15184783935547, 96.96187591552734, 96.94548034667969] prediction_age_sec=0.1 predictive_target=6 proactive=False scenario=s4-hybrid-predictive target_replicas=6 upper_forecasts=[111.5047836303711, 111.21903991699219, 111.30448913574219, 111.33001708984375, 111.62459564208984]
2026-07-13 03:13:06 [debug    ] Decision loop completed        action=RECOVERY latency_ms=154.79 p99=86.1319298245614
2026-07-13 03:13:21 [debug    ] HAProxy fallback latency       delta_requests=1232 interval_avg_ms=37.47 max_rtime_ms=245.0 p99_est=74.95
2026-07-13 03:13:21 [debug    ] GRU prediction received        confidence=0.8 latency_ms=5.9 predicted=109
2026-07-13 03:13:21 [debug    ] Using GRU prediction           confidence=0.8 forecast_capacity_signal=109.0 predicted=109 required_steps=4
2026-07-13 03:13:21 [info     ] algorithm2_scaling_decision    action=MAINTAIN alpha=0.060060060060060066 beta=0.0 buffer=1.0 current_replicas=6 predicted_load=87.6906013623904 required_resources=5.267 target_replicas=6
2026-07-13 03:13:21 [info     ] algorithm2_decision            action=MAINTAIN applied_target=6 current_replicas=6 hold_until=1783887231.1 observed_load=87.69 observed_target=6 point_forecasts=[94.2650146484375, 94.7393569946289, 93.79511260986328, 93.9775390625, 93.92338562011719] prediction_age_sec=0.07 predictive_target=6 proactive=False scenario=s4-hybrid-predictive target_replicas=6 upper_forecasts=[108.33267974853516, 108.36486053466797, 107.94775390625, 108.3456802368164, 108.60250091552734]
2026-07-13 03:13:21 [debug    ] Decision loop completed        action=MAINTAIN latency_ms=116.69 p99=74.94642857142857
2026-07-13 03:13:36 [debug    ] HAProxy fallback latency       delta_requests=1147 interval_avg_ms=94.57 max_rtime_ms=245.0 p99_est=189.13
2026-07-13 03:13:36 [debug    ] GRU prediction received        confidence=0.8 latency_ms=5.85 predicted=104
2026-07-13 03:13:36 [debug    ] Using GRU prediction           confidence=0.8 forecast_capacity_signal=104.0 predicted=104 required_steps=4
2026-07-13 03:13:36 [info     ] algorithm2_scaling_decision    action=MAINTAIN alpha=0.060060060060060066 beta=0.0 buffer=1.0 current_replicas=6 predicted_load=104.0 required_resources=6.246 target_replicas=6
2026-07-13 03:13:36 [info     ] algorithm2_decision            action=MAINTAIN applied_target=6 current_replicas=6 hold_until=1783887306.8 observed_load=78.59 observed_target=5 point_forecasts=[89.78565979003906, 90.41244506835938, 89.21182250976562, 89.56990814208984, 89.6556167602539] prediction_age_sec=0.07 predictive_target=6 proactive=True scenario=s4-hybrid-predictive target_replicas=6 upper_forecasts=[103.85332489013672, 104.03794860839844, 103.36447143554688, 103.93804931640625, 104.33473205566406]
2026-07-13 03:13:36 [debug    ] Decision loop completed        action=MAINTAIN latency_ms=117.67 p99=189.1333914559721
2026-07-13 03:13:51 [debug    ] HAProxy fallback latency       delta_requests=1491 interval_avg_ms=187.57 max_rtime_ms=250.0 p99_est=250.0
2026-07-13 03:13:51 [debug    ] GRU prediction received        confidence=0.8 latency_ms=6.33 predicted=107
2026-07-13 03:13:51 [debug    ] Using GRU prediction           confidence=0.8 forecast_capacity_signal=107.0 predicted=107 required_steps=4
2026-07-13 03:13:51 [info     ] algorithm2_scaling_decision    action=MAINTAIN alpha=0.060060060060060066 beta=0.0 buffer=1.0 current_replicas=6 predicted_load=87.18367544535678 required_resources=5.236 target_replicas=6
2026-07-13 03:13:51 [info     ] algorithm2_decision            action=MAINTAIN applied_target=6 current_replicas=6 hold_until=1783887306.8 observed_load=87.18 observed_target=6 point_forecasts=[92.18098449707031, 92.50902557373047, 91.56034851074219, 91.77745819091797, 91.83139038085938] prediction_age_sec=0.07 predictive_target=6 proactive=False scenario=s4-hybrid-predictive target_replicas=6 upper_forecasts=[106.24864959716797, 106.13452911376953, 105.71299743652344, 106.14559936523438, 106.51050567626953]
2026-07-13 03:13:51 [debug    ] Decision loop completed        action=MAINTAIN latency_ms=120.35 p99=250.0
2026-07-13 03:14:06 [debug    ] HAProxy fallback latency       delta_requests=2012 interval_avg_ms=932.49 max_rtime_ms=402.0 p99_est=402.0
2026-07-13 03:14:06 [debug    ] GRU prediction received        confidence=0.8 latency_ms=5.69 predicted=118
2026-07-13 03:14:06 [debug    ] Using GRU prediction           confidence=0.8 forecast_capacity_signal=118.0 predicted=118 required_steps=4
2026-07-13 03:14:07 [debug    ] Proactive amplification        amplified=180.6 approach_ratio=1.33 load_trend=9.6 raw_pred=118
2026-07-13 03:14:07 [info     ] Knative pre-warm OK            cold_start_ms=2.3
2026-07-13 03:14:07 [info     ] controller_decision_v3         action=PREDICTIVE available_replicas=6 budget_remaining=994 burn_adjustment=0 burst_ratio=0.2463 capacity_deficit=False confidence=0.8 current_load=132.54019558062646 decision_id=88f40645 k8s_capacity=99.9 k8s_weight=75 knative_weight=25 p99=402.0 predicted_load=118 r_effective=16.6 serverless_enabled=True total_load=132.5 weights_after={'k3s': 75, 'knative': 25} weights_before={'k3s': 100, 'knative': 0}
2026-07-13 03:14:07 [info     ] Weights updated                k3s=75 knative=25
2026-07-13 03:14:07 [info     ] Weights updated                action=PREDICTIVE reason='load=133RPS | k8s_cap=100RPS | (prediction-driven)' weights={'k3s': 75, 'knative': 25}
2026-07-13 03:14:07 [info     ] algorithm2_scaling_decision    action=MAINTAIN alpha=0.060060060060060066 beta=0.0 buffer=1.0 current_replicas=6 predicted_load=115.51511405863289 required_resources=6.938 target_replicas=6
2026-07-13 03:14:07 [info     ] algorithm2_decision            action=MAINTAIN applied_target=6 current_replicas=6 hold_until=1783887306.8 observed_load=115.52 observed_target=6 point_forecasts=[103.68614196777344, 103.2978515625, 103.02320098876953, 102.81721496582031, 102.49706268310547] prediction_age_sec=0.08 predictive_target=6 proactive=False scenario=s4-hybrid-predictive target_replicas=6 upper_forecasts=[117.7538070678711, 116.92335510253906, 117.17584228515625, 117.18535614013672, 117.17617797851562]
2026-07-13 03:14:07 [debug    ] Decision loop completed        action=PREDICTIVE latency_ms=179.26 p99=402.0
2026-07-13 03:14:22 [debug    ] GRU prediction received        confidence=0.8 latency_ms=6.35 predicted=133
2026-07-13 03:14:22 [debug    ] Using GRU prediction           confidence=0.8 forecast_capacity_signal=133.0 predicted=133 required_steps=4
2026-07-13 03:14:22 [debug    ] Proactive amplification        amplified=236.6 approach_ratio=1.5 load_trend=17.3 raw_pred=133
2026-07-13 03:14:22 [info     ] controller_decision_v3         action=PREDICTIVE available_replicas=6 budget_remaining=993 burn_adjustment=0 burst_ratio=0.3355 capacity_deficit=False confidence=0.8 current_load=150.33747198745053 decision_id=44e98b34 k8s_capacity=99.9 k8s_weight=66 knative_weight=34 p99=402.0 predicted_load=133 r_effective=16.6 serverless_enabled=True total_load=150.3 weights_after={'k3s': 66, 'knative': 34} weights_before={'k3s': 75, 'knative': 25}
2026-07-13 03:14:22 [info     ] Weights updated                k3s=66 knative=34
2026-07-13 03:14:22 [info     ] Weights updated                action=PREDICTIVE reason='load=150RPS | k8s_cap=100RPS | (prediction-driven)' weights={'k3s': 66, 'knative': 34}
2026-07-13 03:14:22 [info     ] algorithm2_scaling_decision    action=MAINTAIN alpha=0.060060060060060066 beta=0.0 buffer=1.0 current_replicas=6 predicted_load=141.43883378403848 required_resources=8.495 target_replicas=6
2026-07-13 03:14:22 [info     ] algorithm2_decision            action=MAINTAIN applied_target=6 current_replicas=6 hold_until=1783887306.8 observed_load=141.44 observed_target=6 point_forecasts=[118.85668182373047, 117.85588073730469, 118.0848159790039, 117.53166198730469, 116.5899658203125] prediction_age_sec=0.07 predictive_target=6 proactive=False scenario=s4-hybrid-predictive target_replicas=6 upper_forecasts=[132.92434692382812, 131.48138427734375, 132.23745727539062, 131.89981079101562, 131.26907348632812]
2026-07-13 03:14:22 [debug    ] Decision loop completed        action=PREDICTIVE latency_ms=119.03 p99=402.0
2026-07-13 03:14:37 [debug    ] HAProxy fallback latency       delta_requests=2421 interval_avg_ms=68.0 max_rtime_ms=402.0 p99_est=136.0
2026-07-13 03:14:37 [debug    ] GRU prediction received        confidence=0.8 latency_ms=5.55 predicted=148
2026-07-13 03:14:37 [debug    ] Using GRU prediction           confidence=0.8 forecast_capacity_signal=148.0 predicted=148 required_steps=4
2026-07-13 03:14:37 [debug    ] Proactive amplification        amplified=265.4 approach_ratio=1.6 load_trend=21.1 raw_pred=148
2026-07-13 03:14:37 [info     ] controller_decision_v3         action=PREDICTIVE available_replicas=6 budget_remaining=993 burn_adjustment=0 burst_ratio=0.3761 capacity_deficit=False confidence=0.8 current_load=160.1268913220059 decision_id=0930fc76 k8s_capacity=99.9 k8s_weight=62 knative_weight=38 p99=136.0 predicted_load=148 r_effective=16.6 serverless_enabled=True total_load=160.1 weights_after={'k3s': 62, 'knative': 38} weights_before={'k3s': 66, 'knative': 34}
2026-07-13 03:14:37 [info     ] Weights updated                k3s=62 knative=38
2026-07-13 03:14:37 [info     ] Weights updated                action=PREDICTIVE reason='load=160RPS | k8s_cap=100RPS | (prediction-driven)' weights={'k3s': 62, 'knative': 38}
2026-07-13 03:14:37 [info     ] algorithm2_scaling_decision    action=MAINTAIN alpha=0.060060060060060066 beta=0.0 buffer=1.0 current_replicas=6 predicted_load=155.2321816547282 required_resources=9.323 target_replicas=6
2026-07-13 03:14:37 [info     ] algorithm2_decision            action=MAINTAIN applied_target=6 current_replicas=6 hold_until=1783887306.8 observed_load=155.23 observed_target=6 point_forecasts=[134.2066192626953, 132.829345703125, 133.19422912597656, 132.5221710205078, 130.87109375] prediction_age_sec=0.07 predictive_target=6 proactive=False scenario=s4-hybrid-predictive target_replicas=6 upper_forecasts=[148.2742919921875, 146.45484924316406, 147.3468780517578, 146.89031982421875, 145.55020141601562]
2026-07-13 03:14:37 [debug    ] Decision loop completed        action=PREDICTIVE latency_ms=118.09 p99=136.0
2026-07-13 03:14:52 [debug    ] HAProxy fallback latency       delta_requests=2198 interval_avg_ms=47.32 max_rtime_ms=402.0 p99_est=94.64
2026-07-13 03:14:52 [debug    ] GRU prediction received        confidence=0.8 latency_ms=5.72 predicted=155
2026-07-13 03:14:52 [debug    ] Using GRU prediction           confidence=0.8 forecast_capacity_signal=155.0 predicted=155 required_steps=4
2026-07-13 03:14:52 [debug    ] Proactive amplification        amplified=204.1 approach_ratio=1.46 load_trend=11.7 raw_pred=155
2026-07-13 03:14:52 [info     ] controller_decision_v3         action=RECOVERY available_replicas=6 budget_remaining=993 burn_adjustment=0 burst_ratio=0.3132 capacity_deficit=False confidence=0.8 current_load=145.44955452412398 decision_id=7a8d7da4 k8s_capacity=99.9 k8s_weight=68 knative_weight=32 p99=94.6 predicted_load=155 r_effective=16.6 serverless_enabled=True total_load=145.4 weights_after={'k3s': 68, 'knative': 32} weights_before={'k3s': 62, 'knative': 38}
2026-07-13 03:14:52 [info     ] Weights updated                k3s=68 knative=32
2026-07-13 03:14:52 [info     ] Weights updated                action=RECOVERY reason='load=145RPS | k8s_cap=100RPS | (reducing-serverless)' weights={'k3s': 68, 'knative': 32}
2026-07-13 03:14:52 [info     ] algorithm2_scaling_decision    action=MAINTAIN alpha=0.060060060060060066 beta=0.0 buffer=1.0 current_replicas=6 predicted_load=152.78822292306495 required_resources=9.176 target_replicas=6
2026-07-13 03:14:52 [info     ] algorithm2_decision            action=MAINTAIN applied_target=6 current_replicas=6 hold_until=1783887306.8 observed_load=152.79 observed_target=6 point_forecasts=[140.84535217285156, 139.67247009277344, 139.54574584960938, 139.16915893554688, 137.11224365234375] prediction_age_sec=0.11 predictive_target=6 proactive=False scenario=s4-hybrid-predictive target_replicas=6 upper_forecasts=[154.91302490234375, 153.2979736328125, 153.69839477539062, 153.53729248046875, 151.79135131835938]
2026-07-13 03:14:52 [debug    ] Decision loop completed        action=RECOVERY latency_ms=160.59 p99=94.6378525932666
2026-07-13 03:15:07 [debug    ] HAProxy fallback latency       delta_requests=1853 interval_avg_ms=15.94 max_rtime_ms=402.0 p99_est=31.87
2026-07-13 03:15:07 [debug    ] GRU prediction received        confidence=0.8 latency_ms=5.66 predicted=151
2026-07-13 03:15:07 [debug    ] Using GRU prediction           confidence=0.8 forecast_capacity_signal=151.0 predicted=151 required_steps=4
2026-07-13 03:15:07 [info     ] controller_decision_v3         action=RECOVERY available_replicas=6 budget_remaining=993 burn_adjustment=0 burst_ratio=0.1831 capacity_deficit=False confidence=0.8 current_load=122.28917681035873 decision_id=3874c8c1 k8s_capacity=99.9 k8s_weight=81 knative_weight=19 p99=31.9 predicted_load=151 r_effective=16.6 serverless_enabled=True total_load=122.3 weights_after={'k3s': 81, 'knative': 19} weights_before={'k3s': 68, 'knative': 32}
2026-07-13 03:15:07 [info     ] Weights updated                k3s=81 knative=19
2026-07-13 03:15:07 [info     ] Weights updated                action=RECOVERY reason='load=122RPS | k8s_cap=100RPS | (reducing-serverless)' weights={'k3s': 81, 'knative': 19}
2026-07-13 03:15:07 [info     ] algorithm2_scaling_decision    action=MAINTAIN alpha=0.060060060060060066 beta=0.0 buffer=1.0 current_replicas=6 predicted_load=133.86936566724137 required_resources=8.04 target_replicas=6
2026-07-13 03:15:07 [info     ] algorithm2_decision            action=MAINTAIN applied_target=6 current_replicas=6 hold_until=1783887306.8 observed_load=133.87 observed_target=6 point_forecasts=[136.74905395507812, 136.06785583496094, 135.2022247314453, 135.31631469726562, 133.35214233398438] prediction_age_sec=0.1 predictive_target=6 proactive=False scenario=s4-hybrid-predictive target_replicas=6 upper_forecasts=[150.8167266845703, 149.693359375, 149.35487365722656, 149.6844482421875, 148.03125]
2026-07-13 03:15:07 [debug    ] Decision loop completed        action=RECOVERY latency_ms=149.21 p99=31.873718294657312
2026-07-13 03:15:22 [debug    ] HAProxy fallback latency       delta_requests=1787 interval_avg_ms=65.0 max_rtime_ms=402.0 p99_est=130.0
2026-07-13 03:15:22 [debug    ] GRU prediction received        confidence=0.8 latency_ms=6.24 predicted=145
2026-07-13 03:15:22 [debug    ] Using GRU prediction           confidence=0.8 forecast_capacity_signal=145.0 predicted=145 required_steps=4
2026-07-13 03:15:22 [info     ] controller_decision_v3         action=RECOVERY available_replicas=6 budget_remaining=993 burn_adjustment=0 burst_ratio=0.1531 capacity_deficit=False confidence=0.8 current_load=117.96037545450979 decision_id=b2c735fe k8s_capacity=99.9 k8s_weight=84 knative_weight=16 p99=130.0 predicted_load=145 r_effective=16.6 serverless_enabled=True total_load=118.0 weights_after={'k3s': 84, 'knative': 16} weights_before={'k3s': 81, 'knative': 19}
2026-07-13 03:15:22 [info     ] Weights updated                k3s=84 knative=16
2026-07-13 03:15:22 [info     ] Weights updated                action=RECOVERY reason='load=118RPS | k8s_cap=100RPS | (reducing-serverless)' weights={'k3s': 84, 'knative': 16}
2026-07-13 03:15:22 [info     ] algorithm2_scaling_decision    action=MAINTAIN alpha=0.060060060060060066 beta=0.0 buffer=1.0 current_replicas=6 predicted_load=120.12477613243425 required_resources=7.215 target_replicas=6
2026-07-13 03:15:22 [info     ] algorithm2_decision            action=MAINTAIN applied_target=6 current_replicas=6 hold_until=1783887306.8 observed_load=120.12 observed_target=6 point_forecasts=[131.08680725097656, 130.56533813476562, 129.40704345703125, 129.68731689453125, 128.0657958984375] prediction_age_sec=0.1 predictive_target=6 proactive=False scenario=s4-hybrid-predictive target_replicas=6 upper_forecasts=[145.15447998046875, 144.1908416748047, 143.5596923828125, 144.05545043945312, 142.74490356445312]
2026-07-13 03:15:22 [debug    ] Decision loop completed        action=RECOVERY latency_ms=148.99 p99=130.0
2026-07-13 03:15:37 [debug    ] HAProxy fallback latency       delta_requests=1824 interval_avg_ms=92.92 max_rtime_ms=402.0 p99_est=185.83
2026-07-13 03:15:37 [debug    ] GRU prediction received        confidence=0.8 latency_ms=5.54 predicted=141
2026-07-13 03:15:37 [debug    ] Using GRU prediction           confidence=0.8 forecast_capacity_signal=141.0 predicted=141 required_steps=4
2026-07-13 03:15:37 [info     ] controller_decision_v3         action=PREDICTIVE available_replicas=6 budget_remaining=993 burn_adjustment=0 burst_ratio=0.1698 capacity_deficit=False confidence=0.8 current_load=120.33658844621371 decision_id=d54b8d29 k8s_capacity=99.9 k8s_weight=83 knative_weight=17 p99=185.8 predicted_load=141 r_effective=16.6 serverless_enabled=True total_load=120.3 weights_after={'k3s': 83, 'knative': 17} weights_before={'k3s': 84, 'knative': 16}
2026-07-13 03:15:37 [info     ] Weights updated                k3s=83 knative=17
2026-07-13 03:15:37 [info     ] Weights updated                action=PREDICTIVE reason='load=120RPS | k8s_cap=100RPS | (prediction-driven)' weights={'k3s': 83, 'knative': 17}
2026-07-13 03:15:37 [info     ] algorithm2_scaling_decision    action=MAINTAIN alpha=0.060060060060060066 beta=0.0 buffer=1.0 current_replicas=6 predicted_load=119.14848195036174 required_resources=7.156 target_replicas=6
2026-07-13 03:15:37 [info     ] algorithm2_decision            action=MAINTAIN applied_target=6 current_replicas=6 hold_until=1783887306.8 observed_load=119.15 observed_target=6 point_forecasts=[127.30828857421875, 126.79158020019531, 125.63760375976562, 125.85082244873047, 124.56696319580078] prediction_age_sec=0.07 predictive_target=6 proactive=False scenario=s4-hybrid-predictive target_replicas=6 upper_forecasts=[141.37596130371094, 140.41708374023438, 139.79025268554688, 140.21896362304688, 139.24607849121094]
2026-07-13 03:15:37 [debug    ] Decision loop completed        action=PREDICTIVE latency_ms=118.98 p99=185.8344298245614
2026-07-13 03:15:52 [debug    ] HAProxy fallback latency       delta_requests=1817 interval_avg_ms=95.02 max_rtime_ms=402.0 p99_est=190.05
2026-07-13 03:15:52 [debug    ] GRU prediction received        confidence=0.8 latency_ms=6.28 predicted=139
2026-07-13 03:15:52 [debug    ] Using GRU prediction           confidence=0.8 forecast_capacity_signal=139.0 predicted=139 required_steps=4
2026-07-13 03:15:53 [info     ] algorithm2_scaling_decision    action=MAINTAIN alpha=0.060060060060060066 beta=0.0 buffer=1.0 current_replicas=6 predicted_load=120.25909837389133 required_resources=7.223 target_replicas=6
2026-07-13 03:15:53 [info     ] algorithm2_decision            action=MAINTAIN applied_target=6 current_replicas=6 hold_until=1783887306.8 observed_load=120.26 observed_target=6 point_forecasts=[124.53221130371094, 124.05101013183594, 122.932373046875, 123.069091796875, 122.02999877929688] prediction_age_sec=0.07 predictive_target=6 proactive=False scenario=s4-hybrid-predictive target_replicas=6 upper_forecasts=[138.59988403320312, 137.676513671875, 137.08502197265625, 137.43722534179688, 136.7091064453125]
2026-07-13 03:15:53 [debug    ] Decision loop completed        action=MAINTAIN latency_ms=120.61 p99=190.04953219592736
2026-07-13 03:16:08 [debug    ] HAProxy fallback latency       delta_requests=1786 interval_avg_ms=67.0 max_rtime_ms=402.0 p99_est=134.0
2026-07-13 03:16:08 [debug    ] GRU prediction received        confidence=0.8 latency_ms=5.6 predicted=136
2026-07-13 03:16:08 [debug    ] Using GRU prediction           confidence=0.8 forecast_capacity_signal=136.0 predicted=136 required_steps=4
2026-07-13 03:16:08 [info     ] controller_decision_v3         action=RECOVERY available_replicas=6 budget_remaining=993 burn_adjustment=0 burst_ratio=0.1547 capacity_deficit=False confidence=0.8 current_load=118.18274221184922 decision_id=ac9972d3 k8s_capacity=99.9 k8s_weight=84 knative_weight=16 p99=134.0 predicted_load=136 r_effective=16.6 serverless_enabled=True total_load=118.2 weights_after={'k3s': 84, 'knative': 16} weights_before={'k3s': 83, 'knative': 17}
2026-07-13 03:16:08 [info     ] Weights updated                k3s=84 knative=16
2026-07-13 03:16:08 [info     ] Weights updated                action=RECOVERY reason='load=118RPS | k8s_cap=100RPS | (reducing-serverless)' weights={'k3s': 84, 'knative': 16}
2026-07-13 03:16:08 [info     ] algorithm2_scaling_decision    action=MAINTAIN alpha=0.060060060060060066 beta=0.0 buffer=1.0 current_replicas=6 predicted_load=119.18217525670909 required_resources=7.158 target_replicas=6
2026-07-13 03:16:08 [info     ] algorithm2_decision            action=MAINTAIN applied_target=6 current_replicas=6 hold_until=1783887306.8 observed_load=119.18 observed_target=6 point_forecasts=[122.02072143554688, 121.60635375976562, 120.4926986694336, 120.6035385131836, 119.72836303710938] prediction_age_sec=0.11 predictive_target=6 proactive=False scenario=s4-hybrid-predictive target_replicas=6 upper_forecasts=[136.08839416503906, 135.2318572998047, 134.6453399658203, 134.9716796875, 134.407470703125]
2026-07-13 03:16:08 [debug    ] Decision loop completed        action=RECOVERY latency_ms=153.96 p99=134.0
2026-07-13 03:16:23 [debug    ] GRU prediction received        confidence=0.8 latency_ms=5.8 predicted=129
2026-07-13 03:16:23 [debug    ] Using GRU prediction           confidence=0.8 forecast_capacity_signal=129.0 predicted=129 required_steps=4
2026-07-13 03:16:23 [info     ] controller_decision_v3         action=RECOVERY available_replicas=6 budget_remaining=993 burn_adjustment=0 burst_ratio=0.0245 capacity_deficit=False confidence=0.8 current_load=102.41067443735687 decision_id=f907096e k8s_capacity=99.9 k8s_weight=97 knative_weight=3 p99=134.0 predicted_load=129 r_effective=16.6 serverless_enabled=True total_load=102.4 weights_after={'k3s': 97, 'knative': 3} weights_before={'k3s': 84, 'knative': 16}
2026-07-13 03:16:23 [info     ] Weights updated                k3s=97 knative=3
2026-07-13 03:16:23 [info     ] Weights updated                action=RECOVERY reason='load=102RPS | k8s_cap=100RPS | (reducing-serverless)' weights={'k3s': 97, 'knative': 3}
2026-07-13 03:16:23 [info     ] algorithm2_scaling_decision    action=MAINTAIN alpha=0.060060060060060066 beta=0.0 buffer=1.0 current_replicas=6 predicted_load=110.29670832460305 required_resources=6.624 target_replicas=6
2026-07-13 03:16:23 [info     ] algorithm2_decision            action=MAINTAIN applied_target=6 current_replicas=6 hold_until=1783887306.8 observed_load=110.3 observed_target=6 point_forecasts=[115.35430908203125, 115.28789520263672, 113.89559936523438, 114.19932556152344, 113.56072998046875] prediction_age_sec=0.11 predictive_target=6 proactive=False scenario=s4-hybrid-predictive target_replicas=6 upper_forecasts=[129.42198181152344, 128.91339111328125, 128.04824829101562, 128.56747436523438, 128.23983764648438]
2026-07-13 03:16:23 [debug    ] Decision loop completed        action=RECOVERY latency_ms=155.75 p99=134.0
2026-07-13 03:16:38 [debug    ] HAProxy fallback latency       delta_requests=1258 interval_avg_ms=19.43 max_rtime_ms=402.0 p99_est=38.85
2026-07-13 03:16:38 [debug    ] GRU prediction received        confidence=0.8 latency_ms=5.67 predicted=119
2026-07-13 03:16:38 [debug    ] Using GRU prediction           confidence=0.8 forecast_capacity_signal=119.0 predicted=119 required_steps=4
2026-07-13 03:16:38 [info     ] controller_decision_v3         action=RECOVERY available_replicas=6 budget_remaining=993 burn_adjustment=0 burst_ratio=0 capacity_deficit=False confidence=0.8 current_load=83.00510159327727 decision_id=f41170e2 k8s_capacity=99.9 k8s_weight=100 knative_weight=0 p99=38.9 predicted_load=119 r_effective=16.6 serverless_enabled=False total_load=83.0 weights_after={'k3s': 100, 'knative': 0} weights_before={'k3s': 97, 'knative': 3}
2026-07-13 03:16:38 [info     ] Weights updated                k3s=100 knative=0
2026-07-13 03:16:38 [info     ] Weights updated                action=RECOVERY reason='load=83RPS | k8s_cap=100RPS | (reducing-serverless)' weights={'k3s': 100, 'knative': 0}
2026-07-13 03:16:38 [info     ] algorithm2_scaling_decision    action=MAINTAIN alpha=0.060060060060060066 beta=0.0 buffer=1.0 current_replicas=6 predicted_load=92.70788801531708 required_resources=5.568 target_replicas=6
2026-07-13 03:16:38 [info     ] algorithm2_decision            action=MAINTAIN applied_target=6 current_replicas=6 hold_until=1783887306.8 observed_load=92.71 observed_target=6 point_forecasts=[104.48888397216797, 104.86663818359375, 103.05889892578125, 103.78306579589844, 103.41949462890625] prediction_age_sec=0.11 predictive_target=6 proactive=False scenario=s4-hybrid-predictive target_replicas=6 upper_forecasts=[118.55654907226562, 118.49214172363281, 117.2115478515625, 118.15120697021484, 118.0986099243164]
2026-07-13 03:16:38 [debug    ] Decision loop completed        action=RECOVERY latency_ms=156.1 p99=38.850556438791735
2026-07-13 03:16:53 [debug    ] HAProxy fallback latency       delta_requests=1120 interval_avg_ms=64.0 max_rtime_ms=402.0 p99_est=128.0
2026-07-13 03:16:53 [debug    ] GRU prediction received        confidence=0.8 latency_ms=5.99 predicted=108
2026-07-13 03:16:53 [debug    ] Using GRU prediction           confidence=0.8 forecast_capacity_signal=108.0 predicted=108 required_steps=4
2026-07-13 03:16:53 [info     ] algorithm2_scaling_decision    action=MAINTAIN alpha=0.060060060060060066 beta=0.0 buffer=1.0 current_replicas=6 predicted_load=108.01821899414062 required_resources=6.488 target_replicas=6
2026-07-13 03:16:53 [info     ] algorithm2_decision            action=MAINTAIN applied_target=6 current_replicas=6 hold_until=1783887503.6 observed_load=78.45 observed_target=5 point_forecasts=[94.13924407958984, 94.62518310546875, 92.78218078613281, 93.65007781982422, 93.54791259765625] prediction_age_sec=0.07 predictive_target=6 proactive=True scenario=s4-hybrid-predictive target_replicas=6 upper_forecasts=[108.2069091796875, 108.25068664550781, 106.93482971191406, 108.01821899414062, 108.2270278930664]
2026-07-13 03:16:53 [debug    ] Decision loop completed        action=MAINTAIN latency_ms=118.75 p99=128.0
2026-07-13 03:17:08 [debug    ] HAProxy fallback latency       delta_requests=1044 interval_avg_ms=120.99 max_rtime_ms=402.0 p99_est=241.98
2026-07-13 03:17:08 [debug    ] GRU prediction received        confidence=0.8 latency_ms=5.58 predicted=100
2026-07-13 03:17:08 [debug    ] Using GRU prediction           confidence=0.8 forecast_capacity_signal=100.0 predicted=100 required_steps=4
2026-07-13 03:17:08 [info     ] algorithm2_scaling_decision    action=MAINTAIN alpha=0.060060060060060066 beta=0.0 buffer=1.0 current_replicas=6 predicted_load=100.0 required_resources=6.006 target_replicas=6
2026-07-13 03:17:08 [info     ] algorithm2_decision            action=MAINTAIN applied_target=6 current_replicas=6 hold_until=1783887518.7 observed_load=71.47 observed_target=5 point_forecasts=[85.9009780883789, 86.15570831298828, 84.67008209228516, 85.18727111816406, 85.41173553466797] prediction_age_sec=0.07 predictive_target=6 proactive=True scenario=s4-hybrid-predictive target_replicas=6 upper_forecasts=[99.96864318847656, 99.78121185302734, 98.82272338867188, 99.55541229248047, 100.09085083007812]
2026-07-13 03:17:08 [debug    ] Decision loop completed        action=MAINTAIN latency_ms=118.59 p99=241.97892720306513
2026-07-13 03:17:23 [debug    ] HAProxy fallback latency       delta_requests=1177 interval_avg_ms=13.45 max_rtime_ms=402.0 p99_est=26.9
2026-07-13 03:17:23 [debug    ] GRU prediction received        confidence=0.8 latency_ms=6.09 predicted=97
2026-07-13 03:17:23 [debug    ] Using GRU prediction           confidence=0.8 forecast_capacity_signal=97.0 predicted=97 required_steps=4
2026-07-13 03:17:23 [info     ] algorithm2_scaling_decision    action=MAINTAIN alpha=0.060060060060060066 beta=0.0 buffer=1.0 current_replicas=6 predicted_load=97.0 required_resources=5.826 target_replicas=6
2026-07-13 03:17:23 [info     ] algorithm2_decision            action=MAINTAIN applied_target=6 current_replicas=6 hold_until=1783887533.8 observed_load=73.45 observed_target=5 point_forecasts=[82.59710693359375, 82.66742706298828, 81.86113739013672, 81.8221664428711, 82.1397476196289] prediction_age_sec=0.07 predictive_target=6 proactive=True scenario=s4-hybrid-predictive target_replicas=6 upper_forecasts=[96.6647720336914, 96.29293060302734, 96.01377868652344, 96.1903076171875, 96.81886291503906]
2026-07-13 03:17:23 [debug    ] Decision loop completed        action=MAINTAIN latency_ms=123.4 p99=26.900594732370433
2026-07-13 03:17:38 [debug    ] HAProxy fallback latency       delta_requests=1330 interval_avg_ms=110.62 max_rtime_ms=402.0 p99_est=221.24
2026-07-13 03:17:38 [debug    ] GRU prediction received        confidence=0.8 latency_ms=5.48 predicted=98
2026-07-13 03:17:38 [debug    ] Using GRU prediction           confidence=0.8 forecast_capacity_signal=98.0 predicted=98 required_steps=4
2026-07-13 03:17:38 [info     ] algorithm2_scaling_decision    action=MAINTAIN alpha=0.060060060060060066 beta=0.0 buffer=1.0 current_replicas=6 predicted_load=98.0 required_resources=5.886 target_replicas=6
2026-07-13 03:17:38 [info     ] algorithm2_decision            action=MAINTAIN applied_target=6 current_replicas=6 hold_until=1783887549.0 observed_load=82.9 observed_target=5 point_forecasts=[82.85547637939453, 83.15679931640625, 82.59781646728516, 82.23445129394531, 82.94844818115234] prediction_age_sec=0.07 predictive_target=6 proactive=True scenario=s4-hybrid-predictive target_replicas=6 upper_forecasts=[96.92314147949219, 96.78230285644531, 96.75045776367188, 96.60259246826172, 97.6275634765625]
2026-07-13 03:17:38 [debug    ] Decision loop completed        action=MAINTAIN latency_ms=116.81 p99=221.2390977443609
2026-07-13 03:17:53 [debug    ] HAProxy fallback latency       delta_requests=1089 interval_avg_ms=7.06 max_rtime_ms=402.0 p99_est=14.13
2026-07-13 03:17:54 [debug    ] GRU prediction received        confidence=0.8 latency_ms=5.89 predicted=94
2026-07-13 03:17:54 [debug    ] Using GRU prediction           confidence=0.8 forecast_capacity_signal=94.0 predicted=94 required_steps=4
2026-07-13 03:17:54 [info     ] algorithm2_scaling_decision    action=MAINTAIN alpha=0.060060060060060066 beta=0.0 buffer=1.0 current_replicas=6 predicted_load=94.0 required_resources=5.646 target_replicas=6
2026-07-13 03:17:54 [info     ] algorithm2_decision            action=MAINTAIN applied_target=6 current_replicas=6 hold_until=1783887564.1 observed_load=80.02 observed_target=5 point_forecasts=[79.6054916381836, 79.69377899169922, 79.72874450683594, 79.42362976074219, 79.59485626220703] prediction_age_sec=0.07 predictive_target=6 proactive=True scenario=s4-hybrid-predictive target_replicas=6 upper_forecasts=[93.67315673828125, 93.31928253173828, 93.88139343261719, 93.7917709350586, 94.27397155761719]
2026-07-13 03:17:54 [debug    ] Decision loop completed        action=MAINTAIN latency_ms=112.15 p99=14.1267217630854
2026-07-13 03:18:09 [debug    ] HAProxy fallback latency       delta_requests=773 interval_avg_ms=64.0 max_rtime_ms=402.0 p99_est=128.0
2026-07-13 03:18:09 [debug    ] GRU prediction received        confidence=0.8 latency_ms=5.43 predicted=87
2026-07-13 03:18:09 [debug    ] Using GRU prediction           confidence=0.8 forecast_capacity_signal=87.0 predicted=87 required_steps=4
2026-07-13 03:18:09 [info     ] algorithm2_scaling_decision    action=MAINTAIN alpha=0.060060060060060066 beta=0.0 buffer=1.0 current_replicas=6 predicted_load=87.0 required_resources=5.225 target_replicas=6
2026-07-13 03:18:09 [info     ] algorithm2_decision            action=MAINTAIN applied_target=6 current_replicas=6 hold_until=1783887579.2 observed_load=61.63 observed_target=4 point_forecasts=[72.53591918945312, 71.67835235595703, 71.5097885131836, 72.61305236816406, 70.85262298583984] prediction_age_sec=0.07 predictive_target=6 proactive=True scenario=s4-hybrid-predictive target_replicas=6 upper_forecasts=[86.60358428955078, 85.3038558959961, 85.66242980957031, 86.98119354248047, 85.53173828125]
2026-07-13 03:18:09 [debug    ] Decision loop completed        action=MAINTAIN latency_ms=117.05 p99=128.0
2026-07-13 03:18:24 [debug    ] GRU prediction received        confidence=0.8 latency_ms=6.12 predicted=82
2026-07-13 03:18:24 [debug    ] Using GRU prediction           confidence=0.8 forecast_capacity_signal=82.0 predicted=82 required_steps=4
2026-07-13 03:18:24 [info     ] algorithm2_scaling_decision    action=MAINTAIN alpha=0.060060060060060066 beta=0.0 buffer=1.0 current_replicas=6 predicted_load=82.0 required_resources=4.925 target_replicas=5
2026-07-13 03:18:24 [info     ] algorithm2_decision            action=MAINTAIN applied_target=5 current_replicas=6 hold_until=1783887594.3 observed_load=48.86 observed_target=3 point_forecasts=[67.44512176513672, 66.01573181152344, 65.8398666381836, 67.0163803100586, 65.26544189453125] prediction_age_sec=0.07 predictive_target=5 proactive=True scenario=s4-hybrid-predictive target_replicas=5 upper_forecasts=[81.51278686523438, 79.6412353515625, 79.99250793457031, 81.384521484375, 79.9445571899414]
2026-07-13 03:18:24 [debug    ] Decision loop completed        action=MAINTAIN latency_ms=115.2 p99=128.0
2026-07-13 03:18:39 [debug    ] HAProxy fallback latency       delta_requests=693 interval_avg_ms=157.17 max_rtime_ms=402.0 p99_est=314.35
2026-07-13 03:18:39 [debug    ] GRU prediction received        confidence=0.8 latency_ms=5.53 predicted=77
2026-07-13 03:18:39 [debug    ] Using GRU prediction           confidence=0.8 forecast_capacity_signal=77.3 predicted=77 required_steps=4
2026-07-13 03:18:39 [info     ] algorithm2_scaling_decision    action=MAINTAIN alpha=0.060060060060060066 beta=0.0 buffer=1.0 current_replicas=6 predicted_load=77.34174346923828 required_resources=4.645 target_replicas=5
2026-07-13 03:18:39 [info     ] algorithm2_decision            action=MAINTAIN applied_target=5 current_replicas=6 hold_until=1783887609.4 observed_load=46.18 observed_target=3 point_forecasts=[63.26970672607422, 61.94632339477539, 61.836082458496094, 62.973602294921875, 61.27022933959961] prediction_age_sec=0.07 predictive_target=5 proactive=True scenario=s4-hybrid-predictive target_replicas=5 upper_forecasts=[77.33737182617188, 75.57182312011719, 75.98872375488281, 77.34174346923828, 75.9493408203125]
2026-07-13 03:18:39 [debug    ] Decision loop completed        action=MAINTAIN latency_ms=116.39 p99=314.34632034632034
2026-07-13 03:18:54 [debug    ] HAProxy fallback latency       delta_requests=654 interval_avg_ms=64.0 max_rtime_ms=402.0 p99_est=128.0
2026-07-13 03:18:54 [debug    ] GRU prediction received        confidence=0.8 latency_ms=5.88 predicted=74
2026-07-13 03:18:54 [debug    ] Using GRU prediction           confidence=0.8 forecast_capacity_signal=74.0 predicted=74 required_steps=4
2026-07-13 03:18:54 [info     ] algorithm2_scaling_decision    action=MAINTAIN alpha=0.060060060060060066 beta=0.0 buffer=1.0 current_replicas=6 predicted_load=74.0 required_resources=4.444 target_replicas=5
2026-07-13 03:18:54 [info     ] algorithm2_decision            action=MAINTAIN applied_target=5 current_replicas=6 hold_until=1783887624.5 observed_load=44.52 observed_target=3 point_forecasts=[59.50977325439453, 58.34771728515625, 58.28412628173828, 59.35160827636719, 57.74380874633789] prediction_age_sec=0.06 predictive_target=5 proactive=True scenario=s4-hybrid-predictive target_replicas=5 upper_forecasts=[73.57743835449219, 71.97322082519531, 72.436767578125, 73.7197494506836, 72.42292022705078]
2026-07-13 03:18:54 [debug    ] Decision loop completed        action=MAINTAIN latency_ms=109.68 p99=128.0
2026-07-13 03:19:09 [debug    ] GRU prediction received        confidence=0.8 latency_ms=5.54 predicted=71
2026-07-13 03:19:09 [debug    ] Using GRU prediction           confidence=0.8 forecast_capacity_signal=71.0 predicted=71 required_steps=4
2026-07-13 03:19:09 [info     ] algorithm2_scaling_decision    action=MAINTAIN alpha=0.060060060060060066 beta=0.0 buffer=1.0 current_replicas=6 predicted_load=71.0 required_resources=4.264 target_replicas=5
2026-07-13 03:19:09 [info     ] algorithm2_decision            action=MAINTAIN applied_target=5 current_replicas=6 hold_until=1783887639.6 observed_load=42.64 observed_target=3 point_forecasts=[56.260765075683594, 55.28533172607422, 55.2376823425293, 56.24787139892578, 54.76360321044922] prediction_age_sec=0.06 predictive_target=5 proactive=True scenario=s4-hybrid-predictive target_replicas=5 upper_forecasts=[70.32843017578125, 68.91083526611328, 69.39032745361328, 70.61601257324219, 69.44271850585938]
2026-07-13 03:19:09 [debug    ] Decision loop completed        action=MAINTAIN latency_ms=111.18 p99=128.0
2026-07-13 03:19:24 [debug    ] HAProxy fallback latency       delta_requests=836 interval_avg_ms=63.0 max_rtime_ms=402.0 p99_est=126.0
2026-07-13 03:19:24 [debug    ] GRU prediction received        confidence=0.8 latency_ms=5.96 predicted=70
2026-07-13 03:19:24 [debug    ] Using GRU prediction           confidence=0.8 forecast_capacity_signal=70.0 predicted=70 required_steps=4
2026-07-13 03:19:24 [info     ] algorithm2_scaling_decision    action=MAINTAIN alpha=0.060060060060060066 beta=0.0 buffer=1.0 current_replicas=6 predicted_load=70.0 required_resources=4.204 target_replicas=5
2026-07-13 03:19:24 [info     ] algorithm2_decision            action=MAINTAIN applied_target=5 current_replicas=6 hold_until=1783887654.8 observed_load=48.67 observed_target=3 point_forecasts=[55.29764175415039, 54.705810546875, 54.58230209350586, 55.51210021972656, 54.258689880371094] prediction_age_sec=0.07 predictive_target=5 proactive=True scenario=s4-hybrid-predictive target_replicas=5 upper_forecasts=[69.36531066894531, 68.33131408691406, 68.73494720458984, 69.88024139404297, 68.93780517578125]
2026-07-13 03:19:24 [debug    ] Decision loop completed        action=MAINTAIN latency_ms=119.46 p99=126.0
2026-07-13 03:19:39 [debug    ] HAProxy fallback latency       delta_requests=1062 interval_avg_ms=127.45 max_rtime_ms=402.0 p99_est=254.91
2026-07-13 03:19:39 [debug    ] GRU prediction received        confidence=0.8 latency_ms=5.92 predicted=72
2026-07-13 03:19:39 [debug    ] Using GRU prediction           confidence=0.8 forecast_capacity_signal=72.0 predicted=72 required_steps=4
2026-07-13 03:19:39 [info     ] algorithm2_scaling_decision    action=MAINTAIN alpha=0.060060060060060066 beta=0.0 buffer=1.0 current_replicas=6 predicted_load=72.0 required_resources=4.324 target_replicas=5
2026-07-13 03:19:39 [info     ] algorithm2_decision            action=MAINTAIN applied_target=5 current_replicas=6 hold_until=1783887669.9 observed_load=62.75 observed_target=4 point_forecasts=[56.662452697753906, 56.554466247558594, 56.21022415161133, 57.185264587402344, 56.149269104003906] prediction_age_sec=0.07 predictive_target=5 proactive=True scenario=s4-hybrid-predictive target_replicas=5 upper_forecasts=[70.73011779785156, 70.17996978759766, 70.36286926269531, 71.55340576171875, 70.82838439941406]
2026-07-13 03:19:39 [debug    ] Decision loop completed        action=MAINTAIN latency_ms=111.96 p99=254.90583804143125
2026-07-13 03:19:54 [debug    ] HAProxy fallback latency       delta_requests=1074 interval_avg_ms=128.73 max_rtime_ms=402.0 p99_est=257.47
2026-07-13 03:19:54 [debug    ] GRU prediction received        confidence=0.8 latency_ms=5.65 predicted=73
2026-07-13 03:19:54 [debug    ] Using GRU prediction           confidence=0.8 forecast_capacity_signal=73.5 predicted=73 required_steps=4
2026-07-13 03:19:54 [info     ] algorithm2_scaling_decision    action=MAINTAIN alpha=0.060060060060060066 beta=0.0 buffer=1.0 current_replicas=6 predicted_load=70.65531188508038 required_resources=4.244 target_replicas=5
2026-07-13 03:19:54 [info     ] algorithm2_decision            action=MAINTAIN applied_target=5 current_replicas=6 hold_until=1783887669.9 observed_load=70.66 observed_target=5 point_forecasts=[58.499725341796875, 58.664066314697266, 58.27882385253906, 59.08283996582031, 58.23033905029297] prediction_age_sec=0.07 predictive_target=5 proactive=False scenario=s4-hybrid-predictive target_replicas=5 upper_forecasts=[72.56739044189453, 72.28956604003906, 72.43147277832031, 73.45098114013672, 72.90945434570312]
2026-07-13 03:19:54 [debug    ] Decision loop completed        action=MAINTAIN latency_ms=115.11 p99=257.4655493482309
2026-07-13 03:20:10 [debug    ] HAProxy fallback latency       delta_requests=1051 interval_avg_ms=65.0 max_rtime_ms=402.0 p99_est=130.0
2026-07-13 03:20:10 [debug    ] GRU prediction received        confidence=0.8 latency_ms=5.74 predicted=75
2026-07-13 03:20:10 [debug    ] Using GRU prediction           confidence=0.8 forecast_capacity_signal=75.3 predicted=75 required_steps=4
2026-07-13 03:20:10 [info     ] algorithm2_scaling_decision    action=MAINTAIN alpha=0.060060060060060066 beta=0.0 buffer=1.0 current_replicas=6 predicted_load=70.29972687192557 required_resources=4.222 target_replicas=5
2026-07-13 03:20:10 [info     ] algorithm2_decision            action=MAINTAIN applied_target=5 current_replicas=6 hold_until=1783887669.9 observed_load=70.3 observed_target=5 point_forecasts=[60.164024353027344, 60.55984115600586, 60.204097747802734, 60.9392204284668, 60.135520935058594] prediction_age_sec=0.07 predictive_target=5 proactive=False scenario=s4-hybrid-predictive target_replicas=5 upper_forecasts=[74.231689453125, 74.18534088134766, 74.35674285888672, 75.30735778808594, 74.81463623046875]
2026-07-13 03:20:10 [debug    ] Decision loop completed        action=MAINTAIN latency_ms=122.21 p99=130.0
2026-07-13 03:20:25 [debug    ] HAProxy fallback latency       delta_requests=1072 interval_avg_ms=65.0 max_rtime_ms=402.0 p99_est=130.0
2026-07-13 03:20:25 [debug    ] GRU prediction received        confidence=0.8 latency_ms=5.85 predicted=77
2026-07-13 03:20:25 [debug    ] Using GRU prediction           confidence=0.8 forecast_capacity_signal=77.4 predicted=77 required_steps=4
2026-07-13 03:20:25 [info     ] algorithm2_scaling_decision    action=MAINTAIN alpha=0.060060060060060066 beta=0.0 buffer=1.0 current_replicas=6 predicted_load=70.21039210765935 required_resources=4.217 target_replicas=5
2026-07-13 03:20:25 [info     ] algorithm2_decision            action=MAINTAIN applied_target=5 current_replicas=6 hold_until=1783887669.9 observed_load=70.21 observed_target=5 point_forecasts=[62.001956939697266, 62.64098358154297, 62.33209991455078, 63.040611267089844, 62.22780227661133] prediction_age_sec=0.07 predictive_target=5 proactive=False scenario=s4-hybrid-predictive target_replicas=5 upper_forecasts=[76.06962585449219, 76.26648712158203, 76.4847412109375, 77.40875244140625, 76.90691375732422]
2026-07-13 03:20:25 [debug    ] Decision loop completed        action=MAINTAIN latency_ms=113.58 p99=130.0
2026-07-13 03:20:40 [debug    ] HAProxy fallback latency       delta_requests=1133 interval_avg_ms=65.0 max_rtime_ms=402.0 p99_est=130.0
2026-07-13 03:20:40 [debug    ] GRU prediction received        confidence=0.8 latency_ms=5.69 predicted=80
2026-07-13 03:20:40 [debug    ] Using GRU prediction           confidence=0.8 forecast_capacity_signal=80.2 predicted=80 required_steps=4
2026-07-13 03:20:40 [info     ] algorithm2_scaling_decision    action=MAINTAIN alpha=0.060060060060060066 beta=0.0 buffer=1.0 current_replicas=6 predicted_load=72.92798527792684 required_resources=4.38 target_replicas=5
2026-07-13 03:20:40 [info     ] algorithm2_decision            action=MAINTAIN applied_target=5 current_replicas=6 hold_until=1783887669.9 observed_load=72.93 observed_target=5 point_forecasts=[64.45628356933594, 65.18412780761719, 65.02806091308594, 65.8428955078125, 64.84361267089844] prediction_age_sec=0.07 predictive_target=5 proactive=False scenario=s4-hybrid-predictive target_replicas=5 upper_forecasts=[78.5239486694336, 78.80963134765625, 79.18070983886719, 80.2110366821289, 79.5227279663086]
2026-07-13 03:20:40 [debug    ] Decision loop completed        action=MAINTAIN latency_ms=117.8 p99=130.0
2026-07-13 03:20:55 [debug    ] HAProxy fallback latency       delta_requests=1400 interval_avg_ms=117.98 max_rtime_ms=402.0 p99_est=235.97
2026-07-13 03:20:55 [debug    ] GRU prediction received        confidence=0.8 latency_ms=5.74 predicted=87
2026-07-13 03:20:55 [debug    ] Using GRU prediction           confidence=0.8 forecast_capacity_signal=87.0 predicted=87 required_steps=4
2026-07-13 03:20:55 [debug    ] Proactive amplification        amplified=119.3 approach_ratio=0.93 load_trend=5.4 raw_pred=87
2026-07-13 03:20:55 [info     ] algorithm2_scaling_decision    action=MAINTAIN alpha=0.060060060060060066 beta=0.0 buffer=1.0 current_replicas=6 predicted_load=83.71885646384675 required_resources=5.028 target_replicas=6
2026-07-13 03:20:55 [info     ] algorithm2_decision            action=MAINTAIN applied_target=6 current_replicas=6 hold_until=1783887669.9 observed_load=83.72 observed_target=6 point_forecasts=[70.70868682861328, 71.5857925415039, 72.49435424804688, 72.60350036621094, 72.31822204589844] prediction_age_sec=0.07 predictive_target=6 proactive=False scenario=s4-hybrid-predictive target_replicas=6 upper_forecasts=[84.77635192871094, 85.21129608154297, 86.64700317382812, 86.97164154052734, 86.9973373413086]
2026-07-13 03:20:55 [debug    ] Decision loop completed        action=MAINTAIN latency_ms=117.93 p99=235.97
2026-07-13 03:21:10 [debug    ] HAProxy fallback latency       delta_requests=1637 interval_avg_ms=112.31 max_rtime_ms=402.0 p99_est=224.63
2026-07-13 03:21:10 [debug    ] GRU prediction received        confidence=0.8 latency_ms=5.6 predicted=99
2026-07-13 03:21:10 [debug    ] Using GRU prediction           confidence=0.8 forecast_capacity_signal=99.0 predicted=99 required_steps=4
2026-07-13 03:21:10 [debug    ] Proactive amplification        amplified=156.8 approach_ratio=1.08 load_trend=9.7 raw_pred=99
2026-07-13 03:21:10 [info     ] Knative pre-warm OK            cold_start_ms=3.0
2026-07-13 03:21:10 [info     ] controller_decision_v3         action=PREDICTIVE available_replicas=6 budget_remaining=986 burn_adjustment=0 burst_ratio=0.0774 capacity_deficit=False confidence=0.8 current_load=108.28294270368836 decision_id=176fe838 k8s_capacity=99.9 k8s_weight=92 knative_weight=8 p99=224.6 predicted_load=99 r_effective=16.6 serverless_enabled=True total_load=108.3 weights_after={'k3s': 92, 'knative': 8} weights_before={'k3s': 100, 'knative': 0}
2026-07-13 03:21:10 [info     ] Weights updated                k3s=92 knative=8
2026-07-13 03:21:10 [info     ] Weights updated                action=PREDICTIVE reason='load=108RPS | k8s_cap=100RPS | (prediction-driven)' weights={'k3s': 92, 'knative': 8}
2026-07-13 03:21:10 [info     ] algorithm2_scaling_decision    action=MAINTAIN alpha=0.060060060060060066 beta=0.0 buffer=1.0 current_replicas=6 predicted_load=100.41070230546815 required_resources=6.031 target_replicas=6
2026-07-13 03:21:10 [info     ] algorithm2_decision            action=MAINTAIN applied_target=6 current_replicas=6 hold_until=1783887669.9 observed_load=100.41 observed_target=6 point_forecasts=[82.65398406982422, 83.02951049804688, 84.01809692382812, 83.50891876220703, 84.51484680175781] prediction_age_sec=0.08 predictive_target=6 proactive=False scenario=s4-hybrid-predictive target_replicas=6 upper_forecasts=[96.72164916992188, 96.65501403808594, 98.17074584960938, 97.87705993652344, 99.19396209716797]
2026-07-13 03:21:10 [debug    ] Decision loop completed        action=PREDICTIVE latency_ms=124.56 p99=224.62797800855222
2026-07-13 03:21:25 [debug    ] GRU prediction received        confidence=0.8 latency_ms=5.66 predicted=105
2026-07-13 03:21:25 [debug    ] Using GRU prediction           confidence=0.8 forecast_capacity_signal=105.0 predicted=105 required_steps=4
2026-07-13 03:21:25 [debug    ] Proactive amplification        amplified=126.4 approach_ratio=0.96 load_trend=6.2 raw_pred=105
2026-07-13 03:21:25 [info     ] controller_decision_v3         action=RECOVERY available_replicas=6 budget_remaining=985 burn_adjustment=0 burst_ratio=0 capacity_deficit=False confidence=0.8 current_load=95.60333592543671 decision_id=f01392c8 k8s_capacity=99.9 k8s_weight=100 knative_weight=0 p99=224.6 predicted_load=105 r_effective=16.6 serverless_enabled=False total_load=95.6 weights_after={'k3s': 100, 'knative': 0} weights_before={'k3s': 92, 'knative': 8}
2026-07-13 03:21:25 [info     ] Weights updated                k3s=100 knative=0
2026-07-13 03:21:25 [info     ] Weights updated                action=RECOVERY reason='load=96RPS | k8s_cap=100RPS | (reducing-serverless)' weights={'k3s': 100, 'knative': 0}
2026-07-13 03:21:25 [info     ] algorithm2_scaling_decision    action=MAINTAIN alpha=0.060060060060060066 beta=0.0 buffer=1.0 current_replicas=6 predicted_load=101.94313931456253 required_resources=6.123 target_replicas=6
2026-07-13 03:21:25 [info     ] algorithm2_decision            action=MAINTAIN applied_target=6 current_replicas=6 hold_until=1783887669.9 observed_load=101.94 observed_target=6 point_forecasts=[89.20233917236328, 89.43339538574219, 89.78211975097656, 89.00892639160156, 89.96885681152344] prediction_age_sec=0.11 predictive_target=6 proactive=False scenario=s4-hybrid-predictive target_replicas=6 upper_forecasts=[103.27000427246094, 103.05889892578125, 103.93476867675781, 103.37706756591797, 104.6479721069336]
2026-07-13 03:21:25 [debug    ] Decision loop completed        action=RECOVERY latency_ms=153.18 p99=224.62797800855222
2026-07-13 03:21:40 [debug    ] HAProxy fallback latency       delta_requests=1181 interval_avg_ms=65.0 max_rtime_ms=402.0 p99_est=130.0
2026-07-13 03:21:40 [debug    ] GRU prediction received        confidence=0.8 latency_ms=5.54 predicted=103
2026-07-13 03:21:40 [debug    ] Using GRU prediction           confidence=0.8 forecast_capacity_signal=103.0 predicted=103 required_steps=4
2026-07-13 03:21:40 [info     ] algorithm2_scaling_decision    action=MAINTAIN alpha=0.060060060060060066 beta=0.0 buffer=1.0 current_replicas=6 predicted_load=86.83556905664523 required_resources=5.215 target_replicas=6
2026-07-13 03:21:40 [info     ] algorithm2_decision            action=MAINTAIN applied_target=6 current_replicas=6 hold_until=1783887669.9 observed_load=86.84 observed_target=6 point_forecasts=[88.06331634521484, 88.59459686279297, 88.30529022216797, 87.8949203491211, 88.61283111572266] prediction_age_sec=0.07 predictive_target=6 proactive=False scenario=s4-hybrid-predictive target_replicas=6 upper_forecasts=[102.1309814453125, 102.22010040283203, 102.45793151855469, 102.2630615234375, 103.29194641113281]
2026-07-13 03:21:40 [debug    ] Decision loop completed        action=MAINTAIN latency_ms=116.74 p99=130.0
2026-07-13 03:21:55 [debug    ] GRU prediction received        confidence=0.8 latency_ms=5.87 predicted=97
2026-07-13 03:21:55 [debug    ] Using GRU prediction           confidence=0.8 forecast_capacity_signal=97.0 predicted=97 required_steps=4
2026-07-13 03:21:55 [info     ] algorithm2_scaling_decision    action=MAINTAIN alpha=0.060060060060060066 beta=0.0 buffer=1.0 current_replicas=6 predicted_load=97.0 required_resources=5.826 target_replicas=6
2026-07-13 03:21:55 [info     ] algorithm2_decision            action=MAINTAIN applied_target=6 current_replicas=6 hold_until=1783887806.0 observed_load=69.43 observed_target=5 point_forecasts=[81.94609069824219, 82.53292846679688, 82.36073303222656, 81.68814086914062, 82.29505157470703] prediction_age_sec=0.07 predictive_target=6 proactive=True scenario=s4-hybrid-predictive target_replicas=6 upper_forecasts=[96.01375579833984, 96.15843200683594, 96.51338195800781, 96.05628204345703, 96.97416687011719]
2026-07-13 03:21:55 [debug    ] Decision loop completed        action=MAINTAIN latency_ms=115.44 p99=130.0
2026-07-13 03:22:11 [debug    ] HAProxy fallback latency       delta_requests=694 interval_avg_ms=64.0 max_rtime_ms=402.0 p99_est=128.0
2026-07-13 03:22:11 [debug    ] GRU prediction received        confidence=0.8 latency_ms=5.68 predicted=88
2026-07-13 03:22:11 [debug    ] Using GRU prediction           confidence=0.8 forecast_capacity_signal=88.0 predicted=88 required_steps=4
2026-07-13 03:22:11 [info     ] algorithm2_scaling_decision    action=MAINTAIN alpha=0.060060060060060066 beta=0.0 buffer=1.0 current_replicas=6 predicted_load=88.0 required_resources=5.285 target_replicas=6
2026-07-13 03:22:11 [info     ] algorithm2_decision            action=MAINTAIN applied_target=6 current_replicas=6 hold_until=1783887821.1 observed_load=53.35 observed_target=4 point_forecasts=[73.1725082397461, 72.45115661621094, 72.33489227294922, 73.19994354248047, 71.56201171875] prediction_age_sec=0.07 predictive_target=6 proactive=True scenario=s4-hybrid-predictive target_replicas=6 upper_forecasts=[87.24017333984375, 86.07666015625, 86.48753356933594, 87.56808471679688, 86.24112701416016]
2026-07-13 03:22:11 [debug    ] Decision loop completed        action=MAINTAIN latency_ms=113.71 p99=128.0
2026-07-13 03:22:26 [debug    ] HAProxy fallback latency       delta_requests=657 interval_avg_ms=64.0 max_rtime_ms=402.0 p99_est=128.0
2026-07-13 03:22:26 [debug    ] GRU prediction received        confidence=0.8 latency_ms=6.02 predicted=82
2026-07-13 03:22:26 [debug    ] Using GRU prediction           confidence=0.8 forecast_capacity_signal=82.0 predicted=82 required_steps=4
2026-07-13 03:22:26 [info     ] algorithm2_scaling_decision    action=MAINTAIN alpha=0.060060060060060066 beta=0.0 buffer=1.0 current_replicas=6 predicted_load=82.0 required_resources=4.925 target_replicas=5
2026-07-13 03:22:26 [info     ] algorithm2_decision            action=MAINTAIN applied_target=5 current_replicas=6 hold_until=1783887836.2 observed_load=44.72 observed_target=3 point_forecasts=[67.4898452758789, 65.94097137451172, 65.81683349609375, 66.9529037475586, 65.14795684814453] prediction_age_sec=0.07 predictive_target=5 proactive=True scenario=s4-hybrid-predictive target_replicas=5 upper_forecasts=[81.55751037597656, 79.56647491455078, 79.969482421875, 81.321044921875, 79.82707214355469]
2026-07-13 03:22:26 [debug    ] Decision loop completed        action=MAINTAIN latency_ms=113.74 p99=128.0
2026-07-13 03:22:41 [debug    ] GRU prediction received        confidence=0.8 latency_ms=5.82 predicted=77
2026-07-13 03:22:41 [debug    ] Using GRU prediction           confidence=0.8 forecast_capacity_signal=77.0 predicted=77 required_steps=4
2026-07-13 03:22:41 [info     ] algorithm2_scaling_decision    action=MAINTAIN alpha=0.060060060060060066 beta=0.0 buffer=1.0 current_replicas=6 predicted_load=77.03631591796875 required_resources=4.627 target_replicas=5
2026-07-13 03:22:41 [info     ] algorithm2_decision            action=MAINTAIN applied_target=5 current_replicas=6 hold_until=1783887851.3 observed_load=43.87 observed_target=3 point_forecasts=[63.05255889892578, 61.6184196472168, 61.55144500732422, 62.66817855834961, 60.91484832763672] prediction_age_sec=0.07 predictive_target=5 proactive=True scenario=s4-hybrid-predictive target_replicas=5 upper_forecasts=[77.12022399902344, 75.2439193725586, 75.70408630371094, 77.03631591796875, 75.59396362304688]
2026-07-13 03:22:41 [debug    ] Decision loop completed        action=MAINTAIN latency_ms=122.99 p99=128.0
2026-07-13 03:22:56 [debug    ] HAProxy fallback latency       delta_requests=777 interval_avg_ms=168.74 max_rtime_ms=402.0 p99_est=337.47
2026-07-13 03:22:56 [debug    ] GRU prediction received        confidence=0.8 latency_ms=5.86 predicted=75
2026-07-13 03:22:56 [debug    ] Using GRU prediction           confidence=0.8 forecast_capacity_signal=75.0 predicted=75 required_steps=4
2026-07-13 03:22:56 [info     ] algorithm2_scaling_decision    action=MAINTAIN alpha=0.060060060060060066 beta=0.0 buffer=1.0 current_replicas=6 predicted_load=75.0 required_resources=4.505 target_replicas=5
2026-07-13 03:22:56 [info     ] algorithm2_decision            action=MAINTAIN applied_target=5 current_replicas=6 hold_until=1783887866.4 observed_load=47.76 observed_target=3 point_forecasts=[60.34286117553711, 59.25751495361328, 59.14448165893555, 60.16400909423828, 58.620975494384766] prediction_age_sec=0.07 predictive_target=5 proactive=True scenario=s4-hybrid-predictive target_replicas=5 upper_forecasts=[74.41053009033203, 72.88301849365234, 73.29712677001953, 74.53215026855469, 73.30008697509766]
2026-07-13 03:22:56 [debug    ] Decision loop completed        action=MAINTAIN latency_ms=118.35 p99=337.4749034749035
2026-07-13 03:23:11 [debug    ] HAProxy fallback latency       delta_requests=854 interval_avg_ms=161.2 max_rtime_ms=402.0 p99_est=322.41
2026-07-13 03:23:11 [debug    ] GRU prediction received        confidence=0.8 latency_ms=5.46 predicted=73
2026-07-13 03:23:11 [debug    ] Using GRU prediction           confidence=0.8 forecast_capacity_signal=73.3 predicted=73 required_steps=4
2026-07-13 03:23:11 [info     ] algorithm2_scaling_decision    action=MAINTAIN alpha=0.060060060060060066 beta=0.0 buffer=1.0 current_replicas=6 predicted_load=73.33775329589844 required_resources=4.405 target_replicas=5
2026-07-13 03:23:11 [info     ] algorithm2_decision            action=MAINTAIN applied_target=5 current_replicas=6 hold_until=1783887881.6 observed_load=53.9 observed_target=4 point_forecasts=[58.923614501953125, 58.19487380981445, 58.01194381713867, 58.9696159362793, 57.63793182373047] prediction_age_sec=0.07 predictive_target=5 proactive=True scenario=s4-hybrid-predictive target_replicas=5 upper_forecasts=[72.99127960205078, 71.82037353515625, 72.16458892822266, 73.33775329589844, 72.31704711914062]
2026-07-13 03:23:11 [debug    ] Decision loop completed        action=MAINTAIN latency_ms=117.93 p99=322.40749414519905
2026-07-13 03:23:26 [debug    ] GRU prediction received        confidence=0.8 latency_ms=5.68 predicted=71
2026-07-13 03:23:26 [debug    ] Using GRU prediction           confidence=0.8 forecast_capacity_signal=71.3 predicted=71 required_steps=4
2026-07-13 03:23:26 [info     ] algorithm2_scaling_decision    action=MAINTAIN alpha=0.060060060060060066 beta=0.0 buffer=1.0 current_replicas=6 predicted_load=71.26885986328125 required_resources=4.28 target_replicas=5
2026-07-13 03:23:26 [info     ] algorithm2_decision            action=MAINTAIN applied_target=5 current_replicas=6 hold_until=1783887896.7 observed_load=51.92 observed_target=4 point_forecasts=[56.72308349609375, 56.09305191040039, 55.954566955566406, 56.900718688964844, 55.62720489501953] prediction_age_sec=0.07 predictive_target=5 proactive=True scenario=s4-hybrid-predictive target_replicas=5 upper_forecasts=[70.7907485961914, 69.71855163574219, 70.10720825195312, 71.26885986328125, 70.30632019042969]
2026-07-13 03:23:26 [debug    ] Decision loop completed        action=MAINTAIN latency_ms=117.14 p99=322.40749414519905
2026-07-13 03:23:41 [debug    ] HAProxy fallback latency       delta_requests=578 interval_avg_ms=209.86 max_rtime_ms=402.0 p99_est=402.0
2026-07-13 03:23:41 [debug    ] GRU prediction received        confidence=0.8 latency_ms=5.85 predicted=68
2026-07-13 03:23:41 [debug    ] Using GRU prediction           confidence=0.8 forecast_capacity_signal=68.3 predicted=68 required_steps=4
2026-07-13 03:23:41 [info     ] algorithm2_scaling_decision    action=MAINTAIN alpha=0.060060060060060066 beta=0.0 buffer=1.0 current_replicas=6 predicted_load=68.34766387939453 required_resources=4.105 target_replicas=5
2026-07-13 03:23:41 [info     ] algorithm2_decision            action=MAINTAIN applied_target=5 current_replicas=6 hold_until=1783887911.8 observed_load=42.83 observed_target=3 point_forecasts=[53.72967529296875, 53.079097747802734, 53.028350830078125, 53.979522705078125, 52.70356750488281] prediction_age_sec=0.07 predictive_target=5 proactive=True scenario=s4-hybrid-predictive target_replicas=5 upper_forecasts=[67.7973403930664, 66.70459747314453, 67.18099975585938, 68.34766387939453, 67.38268280029297]
2026-07-13 03:23:41 [debug    ] Decision loop completed        action=MAINTAIN latency_ms=111.85 p99=402.0
2026-07-13 03:23:56 [debug    ] GRU prediction received        confidence=0.8 latency_ms=5.85 predicted=66
2026-07-13 03:23:56 [debug    ] Using GRU prediction           confidence=0.8 forecast_capacity_signal=66.0 predicted=66 required_steps=4
2026-07-13 03:23:56 [info     ] algorithm2_scaling_decision    action=MAINTAIN alpha=0.060060060060060066 beta=0.0 buffer=1.0 current_replicas=6 predicted_load=66.0 required_resources=3.964 target_replicas=4
2026-07-13 03:23:56 [info     ] algorithm2_decision            action=MAINTAIN applied_target=4 current_replicas=6 hold_until=1783887926.9 observed_load=38.47 observed_target=3 point_forecasts=[51.206172943115234, 50.65413284301758, 50.59962463378906, 51.53108215332031, 50.350074768066406] prediction_age_sec=0.07 predictive_target=4 proactive=True scenario=s4-hybrid-predictive target_replicas=4 upper_forecasts=[65.27384185791016, 64.27963256835938, 64.75227355957031, 65.89922332763672, 65.02919006347656]
2026-07-13 03:23:56 [debug    ] Decision loop completed        action=MAINTAIN latency_ms=117.94 p99=402.0
2026-07-13 03:24:11 [debug    ] HAProxy fallback latency       delta_requests=607 interval_avg_ms=64.0 max_rtime_ms=402.0 p99_est=128.0
2026-07-13 03:24:11 [debug    ] GRU prediction received        confidence=0.8 latency_ms=5.93 predicted=64
2026-07-13 03:24:11 [debug    ] Using GRU prediction           confidence=0.8 forecast_capacity_signal=64.0 predicted=64 required_steps=4
2026-07-13 03:24:12 [info     ] algorithm2_scaling_decision    action=MAINTAIN alpha=0.060060060060060066 beta=0.0 buffer=1.0 current_replicas=6 predicted_load=64.02986907958984 required_resources=3.846 target_replicas=4
2026-07-13 03:24:12 [info     ] algorithm2_decision            action=MAINTAIN applied_target=4 current_replicas=6 hold_until=1783887942.0 observed_load=39.36 observed_target=3 point_forecasts=[49.23998260498047, 48.82317352294922, 48.772064208984375, 49.66172790527344, 48.58833312988281] prediction_age_sec=0.07 predictive_target=4 proactive=True scenario=s4-hybrid-predictive target_replicas=4 upper_forecasts=[63.307647705078125, 62.44867706298828, 62.92470932006836, 64.02986907958984, 63.26744842529297]
2026-07-13 03:24:12 [debug    ] Decision loop completed        action=MAINTAIN latency_ms=113.26 p99=128.0
2026-07-13 03:24:27 [debug    ] HAProxy fallback latency       delta_requests=629 interval_avg_ms=64.0 max_rtime_ms=402.0 p99_est=128.0
2026-07-13 03:24:27 [debug    ] GRU prediction received        confidence=0.8 latency_ms=5.74 predicted=63
2026-07-13 03:24:27 [debug    ] Using GRU prediction           confidence=0.8 forecast_capacity_signal=63.0 predicted=63 required_steps=4
2026-07-13 03:24:27 [info     ] algorithm2_scaling_decision    action=MAINTAIN alpha=0.060060060060060066 beta=0.0 buffer=1.0 current_replicas=6 predicted_load=63.0 required_resources=3.784 target_replicas=4
2026-07-13 03:24:27 [info     ] algorithm2_decision            action=MAINTAIN applied_target=4 current_replicas=6 hold_until=1783887957.1 observed_load=40.85 observed_target=3 point_forecasts=[47.77873229980469, 47.50355529785156, 47.46156311035156, 48.31053924560547, 47.33529281616211] prediction_age_sec=0.07 predictive_target=4 proactive=True scenario=s4-hybrid-predictive target_replicas=4 upper_forecasts=[61.846397399902344, 61.129058837890625, 61.61420822143555, 62.678680419921875, 62.014404296875]
2026-07-13 03:24:27 [debug    ] Decision loop completed        action=MAINTAIN latency_ms=114.97 p99=128.0
2026-07-13 03:24:42 [debug    ] GRU prediction received        confidence=0.8 latency_ms=5.55 predicted=62
2026-07-13 03:24:42 [debug    ] Using GRU prediction           confidence=0.8 forecast_capacity_signal=62.0 predicted=62 required_steps=4
2026-07-13 03:24:42 [info     ] algorithm2_scaling_decision    action=MAINTAIN alpha=0.060060060060060066 beta=0.0 buffer=1.0 current_replicas=6 predicted_load=62.0 required_resources=3.724 target_replicas=4
2026-07-13 03:24:42 [info     ] algorithm2_decision            action=MAINTAIN applied_target=4 current_replicas=6 hold_until=1783887972.2 observed_load=42.74 observed_target=3 point_forecasts=[46.8388671875, 46.695152282714844, 46.65796661376953, 47.514915466308594, 46.58940124511719] prediction_age_sec=0.07 predictive_target=4 proactive=True scenario=s4-hybrid-predictive target_replicas=4 upper_forecasts=[60.906532287597656, 60.320655822753906, 60.810611724853516, 61.883056640625, 61.268516540527344]
2026-07-13 03:24:42 [debug    ] Decision loop completed        action=MAINTAIN latency_ms=114.05 p99=128.0
2026-07-13 03:24:57 [debug    ] HAProxy fallback latency       delta_requests=742 interval_avg_ms=180.97 max_rtime_ms=402.0 p99_est=361.93
2026-07-13 03:24:57 [debug    ] GRU prediction received        confidence=0.8 latency_ms=6.11 predicted=62
2026-07-13 03:24:57 [debug    ] Using GRU prediction           confidence=0.8 forecast_capacity_signal=62.0 predicted=62 required_steps=4
2026-07-13 03:24:57 [info     ] algorithm2_scaling_decision    action=MAINTAIN alpha=0.060060060060060066 beta=0.0 buffer=1.0 current_replicas=6 predicted_load=62.0 required_resources=3.724 target_replicas=4
2026-07-13 03:24:57 [info     ] algorithm2_decision            action=MAINTAIN applied_target=4 current_replicas=6 hold_until=1783887987.4 observed_load=46.48 observed_target=3 point_forecasts=[46.75538635253906, 46.77281951904297, 46.7160758972168, 47.597076416015625, 46.71678161621094] prediction_age_sec=0.07 predictive_target=4 proactive=True scenario=s4-hybrid-predictive target_replicas=4 upper_forecasts=[60.82305145263672, 60.39832305908203, 60.86872100830078, 61.96521759033203, 61.395896911621094]
2026-07-13 03:24:57 [debug    ] Decision loop completed        action=MAINTAIN latency_ms=116.55 p99=361.93261455525607
2026-07-13 03:25:12 [debug    ] HAProxy fallback latency       delta_requests=309 interval_avg_ms=64.0 max_rtime_ms=402.0 p99_est=128.0
2026-07-13 03:25:12 [debug    ] GRU prediction received        confidence=0.8 latency_ms=5.92 predicted=58
2026-07-13 03:25:12 [debug    ] Using GRU prediction           confidence=0.8 forecast_capacity_signal=58.3 predicted=58 required_steps=4
2026-07-13 03:25:12 [info     ] algorithm2_scaling_decision    action=MAINTAIN alpha=0.060060060060060066 beta=0.0 buffer=1.0 current_replicas=6 predicted_load=58.336090087890625 required_resources=3.504 target_replicas=4
2026-07-13 03:25:12 [info     ] algorithm2_decision            action=MAINTAIN applied_target=4 current_replicas=6 hold_until=1783888002.5 observed_load=34.83 observed_target=3 point_forecasts=[43.296974182128906, 43.14177703857422, 43.15385437011719, 43.96794891357422, 43.15737533569336] prediction_age_sec=0.07 predictive_target=4 proactive=True scenario=s4-hybrid-predictive target_replicas=4 upper_forecasts=[57.36463928222656, 56.76728057861328, 57.30649948120117, 58.336090087890625, 57.83648681640625]
2026-07-13 03:25:12 [debug    ] Decision loop completed        action=MAINTAIN latency_ms=114.42 p99=128.0
2026-07-13 03:25:27 [debug    ] GRU prediction received        confidence=0.8 latency_ms=6.36 predicted=53
2026-07-13 03:25:27 [debug    ] Using GRU prediction           confidence=0.8 forecast_capacity_signal=53.0 predicted=53 required_steps=4
2026-07-13 03:25:27 [info     ] algorithm2_scaling_decision    action=MAINTAIN alpha=0.060060060060060066 beta=0.0 buffer=1.0 current_replicas=6 predicted_load=53.0 required_resources=3.183 target_replicas=4
2026-07-13 03:25:27 [info     ] algorithm2_decision            action=MAINTAIN applied_target=4 current_replicas=6 hold_until=1783888017.6 observed_load=10.29 observed_target=3 point_forecasts=[37.89797592163086, 37.51713562011719, 37.526214599609375, 38.40165328979492, 37.59982681274414] prediction_age_sec=0.07 predictive_target=4 proactive=True scenario=s4-hybrid-predictive target_replicas=4 upper_forecasts=[51.96564483642578, 51.14263916015625, 51.67885971069336, 52.76979446411133, 52.27893829345703]
2026-07-13 03:25:27 [debug    ] Decision loop completed        action=MAINTAIN latency_ms=114.6 p99=128.0
2026-07-13 03:25:42 [debug    ] GRU prediction received        confidence=0.8 latency_ms=5.6 predicted=48
2026-07-13 03:25:42 [debug    ] Using GRU prediction           confidence=0.8 forecast_capacity_signal=48.1 predicted=48 required_steps=4
2026-07-13 03:25:42 [info     ] algorithm2_scaling_decision    action=MAINTAIN alpha=0.060060060060060066 beta=0.0 buffer=1.0 current_replicas=6 predicted_load=53.0 required_resources=3.183 target_replicas=4
2026-07-13 03:25:42 [info     ] algorithm2_decision            action=MAINTAIN applied_target=4 current_replicas=6 hold_until=1783888017.6 observed_load=0.0 observed_target=3 point_forecasts=[33.29509735107422, 32.88261032104492, 32.8807487487793, 33.7532958984375, 33.02241134643555] prediction_age_sec=0.07 predictive_target=3 proactive=True scenario=s4-hybrid-predictive target_replicas=4 upper_forecasts=[47.362762451171875, 46.50811004638672, 47.03339385986328, 48.121437072753906, 47.70152282714844]
2026-07-13 03:25:42 [debug    ] Decision loop completed        action=MAINTAIN latency_ms=110.87 p99=128.0
2026-07-13 03:25:57 [debug    ] GRU prediction received        confidence=0.8 latency_ms=5.88 predicted=44
2026-07-13 03:25:57 [debug    ] Using GRU prediction           confidence=0.8 forecast_capacity_signal=44.2 predicted=44 required_steps=4
2026-07-13 03:25:57 [info     ] algorithm2_scaling_decision    action=MAINTAIN alpha=0.060060060060060066 beta=0.0 buffer=1.0 current_replicas=6 predicted_load=53.0 required_resources=3.183 target_replicas=4
2026-07-13 03:25:57 [info     ] algorithm2_decision            action=MAINTAIN applied_target=4 current_replicas=6 hold_until=1783888017.6 observed_load=0.0 observed_target=3 point_forecasts=[29.39488983154297, 29.028793334960938, 29.03021240234375, 29.851261138916016, 29.229652404785156] prediction_age_sec=0.07 predictive_target=3 proactive=True scenario=s4-hybrid-predictive target_replicas=4 upper_forecasts=[43.462554931640625, 42.654296875, 43.182857513427734, 44.21940231323242, 43.90876770019531]
2026-07-13 03:25:57 [debug    ] Decision loop completed        action=MAINTAIN latency_ms=115.72 p99=128.0
2026-07-13 03:26:05 [info     ] Received shutdown signal
2026-07-13 03:26:05 [info     ] Stopping routing daemon...
2026-07-13 03:26:05 [info     ] Routing daemon stopped
