2026-07-14 02:00:34 [info     ] SLOMonitor initialized         threshold_ms=200.0 violation_window=30
2026-07-14 02:00:34 [info     ] Algorithm1ControllerV3 initialized max_knative=50 r_saturation=33.3 target_cpu_util=0.5 total_budget=1000
2026-07-14 02:00:34 [info     ] Using V3 controller (Capacity-Driven) scenario=s4-hybrid-predictive version=v3
2026-07-14 02:00:34 [info     ] HAProxyWeightAdjuster initialized backend=servers host=localhost port=19999
2026-07-14 02:00:34 [info     ] GRUClient initialized          base_url=http://localhost:8090
2026-07-14 02:00:34 [info     ] K8sScaler initialized          deployment=test-app-warm namespace=default
2026-07-14 02:00:34 [info     ] RoutingDaemon initialized      decision_interval=15 description='Algorithm 1 with GRU predictions (Algorithm 2)' scenario=s4-hybrid-predictive use_algorithm=True use_predictions=True
2026-07-14 02:00:34 [info     ] Starting routing daemon        interval=15 scenario=s4-hybrid-predictive
2026-07-14 02:00:34 [info     ] Weights updated                k3s=80 knative=20
2026-07-14 02:00:34 [info     ] Initial weights applied        k3s=80 knative=20
2026-07-14 02:00:34 [debug    ] HAProxy fallback primed        total_requests=0
2026-07-14 02:00:34 [info     ] Model status validated         prediction_horizon=9 sample_interval_sec=15 sequence_length=30
2026-07-14 02:00:34 [info     ] Model status validated on first eligible cycle prediction_horizon=9 sequence_length=30
2026-07-14 02:00:35 [info     ] algorithm2_scaling_decision    action=MAINTAIN alpha=0.060060060060060066 beta=0.0 buffer=1.0 current_replicas=3 predicted_load=0.0 required_resources=0.0 target_replicas=3
2026-07-14 02:00:35 [info     ] algorithm2_decision            action=MAINTAIN applied_target=3 current_replicas=3 hold_until=0.0 observed_load=0.0 observed_target=3 point_forecasts=None prediction_age_sec=None predictive_target=3 proactive=False scenario=s4-hybrid-predictive target_replicas=3 upper_forecasts=None
2026-07-14 02:00:35 [debug    ] Decision loop completed        action=MAINTAIN latency_ms=118.83 p99=0.0
2026-07-14 02:00:50 [info     ] algorithm2_scaling_decision    action=MAINTAIN alpha=0.060060060060060066 beta=0.0 buffer=1.0 current_replicas=3 predicted_load=0.0 required_resources=0.0 target_replicas=3
2026-07-14 02:00:50 [info     ] algorithm2_decision            action=MAINTAIN applied_target=3 current_replicas=3 hold_until=0.0 observed_load=0.0 observed_target=3 point_forecasts=None prediction_age_sec=None predictive_target=3 proactive=False scenario=s4-hybrid-predictive target_replicas=3 upper_forecasts=None
2026-07-14 02:00:50 [debug    ] Decision loop completed        action=MAINTAIN latency_ms=114.77 p99=0.0
2026-07-14 02:01:05 [info     ] algorithm2_scaling_decision    action=MAINTAIN alpha=0.060060060060060066 beta=0.0 buffer=1.0 current_replicas=3 predicted_load=0.0 required_resources=0.0 target_replicas=3
2026-07-14 02:01:05 [info     ] algorithm2_decision            action=MAINTAIN applied_target=3 current_replicas=3 hold_until=0.0 observed_load=0.0 observed_target=3 point_forecasts=None prediction_age_sec=None predictive_target=3 proactive=False scenario=s4-hybrid-predictive target_replicas=3 upper_forecasts=None
2026-07-14 02:01:05 [debug    ] Decision loop completed        action=MAINTAIN latency_ms=112.24 p99=0.0
2026-07-14 02:01:20 [debug    ] HAProxy fallback latency       delta_requests=641 interval_avg_ms=65.0 max_rtime_ms=113.0 p99_est=113.0
2026-07-14 02:01:20 [info     ] controller_decision_v3         action=RECOVERY available_replicas=3 budget_remaining=1000 burn_adjustment=0 burst_ratio=0 capacity_deficit=False confidence=0 current_load=42.35070256909226 decision_id=8b9895fd k8s_capacity=49.9 k8s_weight=100 knative_weight=0 p99=113.0 predicted_load=0 r_effective=16.6 serverless_enabled=False total_load=42.4 weights_after={'k3s': 100, 'knative': 0} weights_before={'k3s': 80, 'knative': 20}
2026-07-14 02:01:20 [info     ] Weights updated                k3s=100 knative=0
2026-07-14 02:01:20 [info     ] Weights updated                action=RECOVERY reason='load=42RPS | k8s_cap=50RPS | (reducing-serverless)' weights={'k3s': 100, 'knative': 0}
2026-07-14 02:01:20 [info     ] algorithm2_scaling_decision    action=MAINTAIN alpha=0.060060060060060066 beta=0.0 buffer=1.0 current_replicas=3 predicted_load=21.17535128454613 required_resources=1.272 target_replicas=3
2026-07-14 02:01:20 [info     ] algorithm2_decision            action=MAINTAIN applied_target=3 current_replicas=3 hold_until=0.0 observed_load=21.18 observed_target=3 point_forecasts=None prediction_age_sec=None predictive_target=3 proactive=False scenario=s4-hybrid-predictive target_replicas=3 upper_forecasts=None
2026-07-14 02:01:20 [debug    ] Decision loop completed        action=RECOVERY latency_ms=150.51 p99=113.0
2026-07-14 02:01:35 [debug    ] HAProxy fallback latency       delta_requests=667 interval_avg_ms=65.0 max_rtime_ms=128.0 p99_est=128.0
2026-07-14 02:01:35 [info     ] algorithm2_scaling_decision    action=MAINTAIN alpha=0.060060060060060066 beta=0.0 buffer=1.0 current_replicas=3 predicted_load=43.15410475425264 required_resources=2.592 target_replicas=3
2026-07-14 02:01:35 [info     ] algorithm2_decision            action=MAINTAIN applied_target=3 current_replicas=3 hold_until=0.0 observed_load=43.15 observed_target=3 point_forecasts=None prediction_age_sec=None predictive_target=3 proactive=False scenario=s4-hybrid-predictive target_replicas=3 upper_forecasts=None
2026-07-14 02:01:35 [debug    ] Decision loop completed        action=MAINTAIN latency_ms=115.52 p99=128.0
2026-07-14 02:01:50 [debug    ] HAProxy fallback latency       delta_requests=716 interval_avg_ms=70.65 max_rtime_ms=149.0 p99_est=141.31
2026-07-14 02:01:50 [info     ] algorithm2_scaling_decision    action=MAINTAIN alpha=0.060060060060060066 beta=0.0 buffer=1.0 current_replicas=3 predicted_load=45.6625336964739 required_resources=2.742 target_replicas=3
2026-07-14 02:01:50 [info     ] algorithm2_decision            action=MAINTAIN applied_target=3 current_replicas=3 hold_until=0.0 observed_load=45.66 observed_target=3 point_forecasts=None prediction_age_sec=None predictive_target=3 proactive=False scenario=s4-hybrid-predictive target_replicas=3 upper_forecasts=None
2026-07-14 02:01:50 [debug    ] Decision loop completed        action=MAINTAIN latency_ms=116.52 p99=141.3072625698324
2026-07-14 02:02:05 [debug    ] HAProxy fallback latency       delta_requests=823 interval_avg_ms=63.54 max_rtime_ms=149.0 p99_est=127.08
2026-07-14 02:02:05 [info     ] Knative pre-warm OK            cold_start_ms=2.5
2026-07-14 02:02:05 [info     ] controller_decision_v3         action=REACTIVE available_replicas=3 budget_remaining=1000 burn_adjustment=0 burst_ratio=0.0826 capacity_deficit=False confidence=0 current_load=54.444578260102276 decision_id=87165646 k8s_capacity=49.9 k8s_weight=91 knative_weight=9 p99=127.1 predicted_load=0 r_effective=16.6 serverless_enabled=True total_load=54.4 weights_after={'k3s': 91, 'knative': 9} weights_before={'k3s': 100, 'knative': 0}
2026-07-14 02:02:05 [info     ] Weights updated                k3s=91 knative=9
2026-07-14 02:02:05 [info     ] Weights updated                action=REACTIVE reason='load=54RPS | k8s_cap=50RPS | (burst-routing)' weights={'k3s': 91, 'knative': 9}
2026-07-14 02:02:05 [info     ] algorithm2_scaling_decision    action=SCALE_UP alpha=0.060060060060060066 beta=0.0 buffer=1.0 current_replicas=3 predicted_load=50.90606935681852 required_resources=3.057 target_replicas=4
2026-07-14 02:02:05 [info     ] algorithm2_decision            action=SCALE_UP applied_target=4 current_replicas=3 hold_until=0.0 observed_load=50.91 observed_target=4 point_forecasts=None prediction_age_sec=None predictive_target=3 proactive=False scenario=s4-hybrid-predictive target_replicas=4 upper_forecasts=None
2026-07-14 02:02:05 [info     ] k8s_scale_executed             deployment=test-app-warm replicas=4
2026-07-14 02:02:05 [debug    ] Decision loop completed        action=REACTIVE latency_ms=151.92 p99=127.08140947752126
2026-07-14 02:02:20 [debug    ] HAProxy fallback latency       delta_requests=769 interval_avg_ms=61.3 max_rtime_ms=149.0 p99_est=122.6
2026-07-14 02:02:20 [info     ] controller_decision_v3         action=RECOVERY available_replicas=4 budget_remaining=1000 burn_adjustment=0 burst_ratio=0 capacity_deficit=False confidence=0 current_load=50.75232098709213 decision_id=f386c0c6 k8s_capacity=66.6 k8s_weight=100 knative_weight=0 p99=122.6 predicted_load=0 r_effective=16.6 serverless_enabled=False total_load=50.8 weights_after={'k3s': 100, 'knative': 0} weights_before={'k3s': 91, 'knative': 9}
2026-07-14 02:02:20 [info     ] Weights updated                k3s=100 knative=0
2026-07-14 02:02:20 [info     ] Weights updated                action=RECOVERY reason='load=51RPS | k8s_cap=67RPS | (reducing-serverless)' weights={'k3s': 100, 'knative': 0}
2026-07-14 02:02:20 [info     ] Scale readiness observed       elapsed_sec=15.1 ewma_delay=46.5 samples=1 target=4
2026-07-14 02:02:20 [info     ] algorithm2_scaling_decision    action=MAINTAIN alpha=0.060060060060060066 beta=0.0 buffer=1.0 current_replicas=4 predicted_load=52.598449623597205 required_resources=3.159 target_replicas=4
2026-07-14 02:02:20 [info     ] algorithm2_decision            action=MAINTAIN applied_target=4 current_replicas=4 hold_until=0.0 observed_load=52.6 observed_target=4 point_forecasts=None prediction_age_sec=None predictive_target=3 proactive=False scenario=s4-hybrid-predictive target_replicas=4 upper_forecasts=None
2026-07-14 02:02:20 [debug    ] Decision loop completed        action=RECOVERY latency_ms=149.05 p99=122.59557867360208
2026-07-14 02:02:35 [debug    ] HAProxy fallback latency       delta_requests=547 interval_avg_ms=65.0 max_rtime_ms=149.0 p99_est=130.0
2026-07-14 02:02:36 [info     ] algorithm2_scaling_decision    action=MAINTAIN alpha=0.060060060060060066 beta=0.0 buffer=1.0 current_replicas=4 predicted_load=43.46280407414342 required_resources=2.61 target_replicas=3
2026-07-14 02:02:36 [info     ] algorithm2_decision            action=MAINTAIN applied_target=3 current_replicas=4 hold_until=0.0 observed_load=43.46 observed_target=3 point_forecasts=None prediction_age_sec=None predictive_target=3 proactive=False scenario=s4-hybrid-predictive target_replicas=3 upper_forecasts=None
2026-07-14 02:02:36 [debug    ] Decision loop completed        action=MAINTAIN latency_ms=109.88 p99=130.0
2026-07-14 02:02:51 [debug    ] HAProxy fallback latency       delta_requests=410 interval_avg_ms=53.85 max_rtime_ms=149.0 p99_est=107.69
2026-07-14 02:02:51 [info     ] algorithm2_scaling_decision    action=MAINTAIN alpha=0.060060060060060066 beta=0.0 buffer=1.0 current_replicas=4 predicted_load=31.65391706302318 required_resources=1.901 target_replicas=3
2026-07-14 02:02:51 [info     ] algorithm2_decision            action=MAINTAIN applied_target=3 current_replicas=4 hold_until=0.0 observed_load=31.65 observed_target=3 point_forecasts=None prediction_age_sec=None predictive_target=3 proactive=False scenario=s4-hybrid-predictive target_replicas=3 upper_forecasts=None
2026-07-14 02:02:51 [debug    ] Decision loop completed        action=MAINTAIN latency_ms=110.9 p99=107.69268292682926
2026-07-14 02:03:06 [debug    ] HAProxy fallback latency       delta_requests=358 interval_avg_ms=64.0 max_rtime_ms=149.0 p99_est=128.0
2026-07-14 02:03:06 [info     ] algorithm2_scaling_decision    action=MAINTAIN alpha=0.060060060060060066 beta=0.0 buffer=1.0 current_replicas=4 predicted_load=25.4122890541052 required_resources=1.526 target_replicas=3
2026-07-14 02:03:06 [info     ] algorithm2_decision            action=MAINTAIN applied_target=3 current_replicas=4 hold_until=0.0 observed_load=25.41 observed_target=3 point_forecasts=None prediction_age_sec=None predictive_target=3 proactive=False scenario=s4-hybrid-predictive target_replicas=3 upper_forecasts=None
2026-07-14 02:03:06 [debug    ] Decision loop completed        action=MAINTAIN latency_ms=124.68 p99=128.0
2026-07-14 02:03:21 [debug    ] HAProxy fallback latency       delta_requests=486 interval_avg_ms=64.0 max_rtime_ms=149.0 p99_est=128.0
2026-07-14 02:03:21 [info     ] algorithm2_scaling_decision    action=MAINTAIN alpha=0.060060060060060066 beta=0.0 buffer=1.0 current_replicas=4 predicted_load=27.912210966746592 required_resources=1.676 target_replicas=3
2026-07-14 02:03:21 [info     ] algorithm2_decision            action=MAINTAIN applied_target=3 current_replicas=4 hold_until=0.0 observed_load=27.91 observed_target=3 point_forecasts=None prediction_age_sec=None predictive_target=3 proactive=False scenario=s4-hybrid-predictive target_replicas=3 upper_forecasts=None
2026-07-14 02:03:21 [debug    ] Decision loop completed        action=MAINTAIN latency_ms=115.36 p99=128.0
2026-07-14 02:03:36 [debug    ] HAProxy fallback latency       delta_requests=776 interval_avg_ms=64.0 max_rtime_ms=149.0 p99_est=128.0
2026-07-14 02:03:36 [info     ] algorithm2_scaling_decision    action=MAINTAIN alpha=0.060060060060060066 beta=0.0 buffer=1.0 current_replicas=4 predicted_load=41.66954622461747 required_resources=2.503 target_replicas=3
2026-07-14 02:03:36 [info     ] algorithm2_decision            action=MAINTAIN applied_target=3 current_replicas=4 hold_until=0.0 observed_load=41.67 observed_target=3 point_forecasts=None prediction_age_sec=None predictive_target=3 proactive=False scenario=s4-hybrid-predictive target_replicas=3 upper_forecasts=None
2026-07-14 02:03:36 [debug    ] Decision loop completed        action=MAINTAIN latency_ms=114.68 p99=128.0
2026-07-14 02:03:51 [debug    ] HAProxy fallback latency       delta_requests=811 interval_avg_ms=81.27 max_rtime_ms=149.0 p99_est=149.0
2026-07-14 02:03:51 [info     ] algorithm2_scaling_decision    action=MAINTAIN alpha=0.060060060060060066 beta=0.0 buffer=1.0 current_replicas=4 predicted_load=52.464130470218414 required_resources=3.151 target_replicas=4
2026-07-14 02:03:51 [info     ] algorithm2_decision            action=MAINTAIN applied_target=4 current_replicas=4 hold_until=0.0 observed_load=52.46 observed_target=4 point_forecasts=None prediction_age_sec=None predictive_target=3 proactive=False scenario=s4-hybrid-predictive target_replicas=4 upper_forecasts=None
2026-07-14 02:03:51 [debug    ] Decision loop completed        action=MAINTAIN latency_ms=111.36 p99=149.0
2026-07-14 02:04:06 [debug    ] HAProxy fallback latency       delta_requests=636 interval_avg_ms=53.99 max_rtime_ms=149.0 p99_est=107.97
2026-07-14 02:04:06 [info     ] algorithm2_scaling_decision    action=MAINTAIN alpha=0.060060060060060066 beta=0.0 buffer=1.0 current_replicas=4 predicted_load=47.93748076856223 required_resources=2.879 target_replicas=3
2026-07-14 02:04:06 [info     ] algorithm2_decision            action=MAINTAIN applied_target=3 current_replicas=4 hold_until=0.0 observed_load=47.94 observed_target=3 point_forecasts=None prediction_age_sec=None predictive_target=3 proactive=False scenario=s4-hybrid-predictive target_replicas=3 upper_forecasts=None
2026-07-14 02:04:06 [debug    ] Decision loop completed        action=MAINTAIN latency_ms=111.94 p99=107.9748427672956
2026-07-14 02:04:21 [debug    ] HAProxy fallback latency       delta_requests=658 interval_avg_ms=77.61 max_rtime_ms=149.0 p99_est=149.0
2026-07-14 02:04:21 [info     ] algorithm2_scaling_decision    action=MAINTAIN alpha=0.060060060060060066 beta=0.0 buffer=1.0 current_replicas=4 predicted_load=42.814496372943836 required_resources=2.571 target_replicas=3
2026-07-14 02:04:21 [info     ] algorithm2_decision            action=MAINTAIN applied_target=3 current_replicas=4 hold_until=0.0 observed_load=42.81 observed_target=3 point_forecasts=None prediction_age_sec=None predictive_target=3 proactive=False scenario=s4-hybrid-predictive target_replicas=3 upper_forecasts=None
2026-07-14 02:04:21 [debug    ] Decision loop completed        action=MAINTAIN latency_ms=109.39 p99=149.0
2026-07-14 02:04:36 [debug    ] HAProxy fallback latency       delta_requests=832 interval_avg_ms=66.0 max_rtime_ms=149.0 p99_est=132.0
2026-07-14 02:04:36 [info     ] algorithm2_scaling_decision    action=MAINTAIN alpha=0.060060060060060066 beta=0.0 buffer=1.0 current_replicas=4 predicted_load=49.268786783764355 required_resources=2.959 target_replicas=3
2026-07-14 02:04:36 [info     ] algorithm2_decision            action=MAINTAIN applied_target=3 current_replicas=4 hold_until=0.0 observed_load=49.27 observed_target=3 point_forecasts=None prediction_age_sec=None predictive_target=3 proactive=False scenario=s4-hybrid-predictive target_replicas=3 upper_forecasts=None
2026-07-14 02:04:36 [debug    ] Decision loop completed        action=MAINTAIN latency_ms=112.64 p99=132.0
2026-07-14 02:04:52 [debug    ] HAProxy fallback latency       delta_requests=916 interval_avg_ms=66.0 max_rtime_ms=156.0 p99_est=132.0
2026-07-14 02:04:52 [info     ] algorithm2_scaling_decision    action=MAINTAIN alpha=0.060060060060060066 beta=0.0 buffer=1.0 current_replicas=4 predicted_load=57.80456409463602 required_resources=3.472 target_replicas=4
2026-07-14 02:04:52 [info     ] algorithm2_decision            action=MAINTAIN applied_target=4 current_replicas=4 hold_until=0.0 observed_load=57.8 observed_target=4 point_forecasts=None prediction_age_sec=None predictive_target=3 proactive=False scenario=s4-hybrid-predictive target_replicas=4 upper_forecasts=None
2026-07-14 02:04:52 [debug    ] Decision loop completed        action=MAINTAIN latency_ms=116.54 p99=132.0
2026-07-14 02:05:07 [debug    ] HAProxy fallback latency       delta_requests=931 interval_avg_ms=54.21 max_rtime_ms=156.0 p99_est=108.42
2026-07-14 02:05:07 [info     ] algorithm2_scaling_decision    action=MAINTAIN alpha=0.060060060060060066 beta=0.0 buffer=1.0 current_replicas=4 predicted_load=61.06862830893742 required_resources=3.668 target_replicas=4
2026-07-14 02:05:07 [info     ] algorithm2_decision            action=MAINTAIN applied_target=4 current_replicas=4 hold_until=0.0 observed_load=61.07 observed_target=4 point_forecasts=None prediction_age_sec=None predictive_target=3 proactive=False scenario=s4-hybrid-predictive target_replicas=4 upper_forecasts=None
2026-07-14 02:05:07 [debug    ] Decision loop completed        action=MAINTAIN latency_ms=116.5 p99=108.4189044038668
2026-07-14 02:05:22 [debug    ] HAProxy fallback latency       delta_requests=1005 interval_avg_ms=88.84 max_rtime_ms=156.0 p99_est=156.0
2026-07-14 02:05:22 [info     ] algorithm2_scaling_decision    action=MAINTAIN alpha=0.060060060060060066 beta=0.0 buffer=1.0 current_replicas=4 predicted_load=64.03526074056471 required_resources=3.846 target_replicas=4
2026-07-14 02:05:22 [info     ] algorithm2_decision            action=MAINTAIN applied_target=4 current_replicas=4 hold_until=0.0 observed_load=64.04 observed_target=4 point_forecasts=None prediction_age_sec=None predictive_target=3 proactive=False scenario=s4-hybrid-predictive target_replicas=4 upper_forecasts=None
2026-07-14 02:05:22 [debug    ] Decision loop completed        action=MAINTAIN latency_ms=115.04 p99=156.0
2026-07-14 02:05:37 [debug    ] HAProxy fallback latency       delta_requests=1119 interval_avg_ms=43.58 max_rtime_ms=156.0 p99_est=87.17
2026-07-14 02:05:37 [info     ] Knative pre-warm OK            cold_start_ms=3.0
2026-07-14 02:05:37 [info     ] controller_decision_v3         action=REACTIVE available_replicas=4 budget_remaining=1000 burn_adjustment=0 burst_ratio=0.1004 capacity_deficit=False confidence=0 current_load=74.02994718167652 decision_id=a266f387 k8s_capacity=66.6 k8s_weight=89 knative_weight=11 p99=87.2 predicted_load=0 r_effective=16.6 serverless_enabled=True total_load=74.0 weights_after={'k3s': 89, 'knative': 11} weights_before={'k3s': 100, 'knative': 0}
2026-07-14 02:05:37 [info     ] Weights updated                k3s=89 knative=11
2026-07-14 02:05:37 [info     ] Weights updated                action=REACTIVE reason='load=74RPS | k8s_cap=67RPS | (burst-routing)' weights={'k3s': 89, 'knative': 11}
2026-07-14 02:05:37 [info     ] algorithm2_scaling_decision    action=SCALE_UP alpha=0.060060060060060066 beta=0.0 buffer=1.0 current_replicas=4 predicted_load=70.256178578387 required_resources=4.22 target_replicas=5
2026-07-14 02:05:37 [info     ] algorithm2_decision            action=SCALE_UP applied_target=5 current_replicas=4 hold_until=0.0 observed_load=70.26 observed_target=5 point_forecasts=None prediction_age_sec=None predictive_target=3 proactive=False scenario=s4-hybrid-predictive target_replicas=5 upper_forecasts=None
2026-07-14 02:05:37 [info     ] k8s_scale_executed             deployment=test-app-warm replicas=5
2026-07-14 02:05:37 [debug    ] Decision loop completed        action=REACTIVE latency_ms=165.36 p99=87.16890080428955
2026-07-14 02:05:52 [debug    ] HAProxy fallback latency       delta_requests=1279 interval_avg_ms=87.49 max_rtime_ms=156.0 p99_est=156.0
2026-07-14 02:05:52 [info     ] controller_decision_v3         action=RECOVERY available_replicas=5 budget_remaining=1000 burn_adjustment=0 burst_ratio=0.0129 capacity_deficit=False confidence=0 current_load=84.33727983129636 decision_id=c97b6a66 k8s_capacity=83.2 k8s_weight=98 knative_weight=2 p99=156.0 predicted_load=0 r_effective=16.6 serverless_enabled=True total_load=84.3 weights_after={'k3s': 98, 'knative': 2} weights_before={'k3s': 89, 'knative': 11}
2026-07-14 02:05:52 [info     ] Weights updated                k3s=98 knative=2
2026-07-14 02:05:52 [info     ] Weights updated                action=RECOVERY reason='load=84RPS | k8s_cap=83RPS | (reducing-serverless)' weights={'k3s': 98, 'knative': 2}
2026-07-14 02:05:52 [info     ] Scale readiness observed       elapsed_sec=15.2 ewma_delay=37.1 samples=2 target=5
2026-07-14 02:05:52 [info     ] algorithm2_scaling_decision    action=MAINTAIN alpha=0.060060060060060066 beta=0.0 buffer=1.0 current_replicas=5 predicted_load=79.18361350648644 required_resources=4.756 target_replicas=5
2026-07-14 02:05:52 [info     ] algorithm2_decision            action=MAINTAIN applied_target=5 current_replicas=5 hold_until=0.0 observed_load=79.18 observed_target=5 point_forecasts=None prediction_age_sec=None predictive_target=3 proactive=False scenario=s4-hybrid-predictive target_replicas=5 upper_forecasts=None
2026-07-14 02:05:52 [debug    ] Decision loop completed        action=RECOVERY latency_ms=150.13 p99=156.0
2026-07-14 02:06:07 [debug    ] HAProxy fallback latency       delta_requests=1462 interval_avg_ms=67.0 max_rtime_ms=156.0 p99_est=134.0
2026-07-14 02:06:07 [info     ] controller_decision_v3         action=REACTIVE available_replicas=5 budget_remaining=1000 burn_adjustment=0 burst_ratio=0.1373 capacity_deficit=False confidence=0 current_load=96.50026303564744 decision_id=14c9f6d7 k8s_capacity=83.2 k8s_weight=86 knative_weight=14 p99=134.0 predicted_load=0 r_effective=16.6 serverless_enabled=True total_load=96.5 weights_after={'k3s': 86, 'knative': 14} weights_before={'k3s': 98, 'knative': 2}
2026-07-14 02:06:07 [info     ] Weights updated                k3s=86 knative=14
2026-07-14 02:06:07 [info     ] Weights updated                action=REACTIVE reason='load=97RPS | k8s_cap=83RPS | (burst-routing)' weights={'k3s': 86, 'knative': 14}
2026-07-14 02:06:07 [info     ] algorithm2_scaling_decision    action=SCALE_UP alpha=0.060060060060060066 beta=0.0 buffer=1.0 current_replicas=5 predicted_load=90.4187714334719 required_resources=5.431 target_replicas=6
2026-07-14 02:06:07 [info     ] algorithm2_decision            action=SCALE_UP applied_target=6 current_replicas=5 hold_until=0.0 observed_load=90.42 observed_target=6 point_forecasts=None prediction_age_sec=None predictive_target=3 proactive=False scenario=s4-hybrid-predictive target_replicas=6 upper_forecasts=None
2026-07-14 02:06:07 [info     ] k8s_scale_executed             deployment=test-app-warm replicas=6
2026-07-14 02:06:07 [debug    ] Decision loop completed        action=REACTIVE latency_ms=153.63 p99=134.0
2026-07-14 02:06:22 [debug    ] HAProxy fallback latency       delta_requests=1676 interval_avg_ms=87.9 max_rtime_ms=174.0 p99_est=174.0
2026-07-14 02:06:22 [info     ] controller_decision_v3         action=RECOVERY available_replicas=6 budget_remaining=1000 burn_adjustment=0 burst_ratio=0.0957 capacity_deficit=False confidence=0 current_load=110.46685828217348 decision_id=3847ced6 k8s_capacity=99.9 k8s_weight=90 knative_weight=10 p99=174.0 predicted_load=0 r_effective=16.6 serverless_enabled=True total_load=110.5 weights_after={'k3s': 90, 'knative': 10} weights_before={'k3s': 86, 'knative': 14}
2026-07-14 02:06:22 [info     ] Weights updated                k3s=90 knative=10
2026-07-14 02:06:22 [info     ] Weights updated                action=RECOVERY reason='load=110RPS | k8s_cap=100RPS | (reducing-serverless)' weights={'k3s': 90, 'knative': 10}
2026-07-14 02:06:22 [info     ] Scale readiness observed       elapsed_sec=15.2 ewma_delay=30.5 samples=3 target=6
2026-07-14 02:06:22 [info     ] algorithm2_scaling_decision    action=SCALE_UP alpha=0.060060060060060066 beta=0.0 buffer=1.0 current_replicas=6 predicted_load=103.48356065891045 required_resources=6.215 target_replicas=7
2026-07-14 02:06:22 [info     ] algorithm2_decision            action=SCALE_UP applied_target=7 current_replicas=6 hold_until=0.0 observed_load=103.48 observed_target=7 point_forecasts=None prediction_age_sec=None predictive_target=3 proactive=False scenario=s4-hybrid-predictive target_replicas=7 upper_forecasts=None
2026-07-14 02:06:22 [info     ] k8s_scale_executed             deployment=test-app-warm replicas=7
2026-07-14 02:06:22 [debug    ] Decision loop completed        action=RECOVERY latency_ms=201.44 p99=174.0
2026-07-14 02:06:38 [debug    ] HAProxy fallback latency       delta_requests=1903 interval_avg_ms=181.26 max_rtime_ms=352.0 p99_est=352.0
2026-07-14 02:06:38 [info     ] controller_decision_v3         action=REACTIVE available_replicas=6 budget_remaining=999 burn_adjustment=0 burst_ratio=0.202 capacity_deficit=False confidence=0 current_load=125.18610090198963 decision_id=78155585 k8s_capacity=99.9 k8s_weight=79 knative_weight=21 p99=352.0 predicted_load=0 r_effective=16.6 serverless_enabled=True total_load=125.2 weights_after={'k3s': 79, 'knative': 21} weights_before={'k3s': 90, 'knative': 10}
2026-07-14 02:06:38 [info     ] Weights updated                k3s=79 knative=21
2026-07-14 02:06:38 [info     ] Weights updated                action=REACTIVE reason='load=125RPS | k8s_cap=100RPS | (burst-routing)' weights={'k3s': 79, 'knative': 21}
2026-07-14 02:06:38 [info     ] algorithm2_scaling_decision    action=SCALE_UP alpha=0.060060060060060066 beta=0.0 buffer=1.0 current_replicas=7 predicted_load=117.82647959208155 required_resources=7.077 target_replicas=8
2026-07-14 02:06:38 [info     ] algorithm2_decision            action=SCALE_UP applied_target=8 current_replicas=7 hold_until=0.0 observed_load=117.83 observed_target=8 point_forecasts=None prediction_age_sec=None predictive_target=3 proactive=False scenario=s4-hybrid-predictive target_replicas=8 upper_forecasts=None
2026-07-14 02:06:38 [info     ] k8s_scale_executed             deployment=test-app-warm replicas=8
2026-07-14 02:06:38 [debug    ] Decision loop completed        action=REACTIVE latency_ms=159.06 p99=352.0
2026-07-14 02:06:53 [info     ] controller_decision_v3         action=RECOVERY available_replicas=6 budget_remaining=998 burn_adjustment=0 burst_ratio=0.118 capacity_deficit=False confidence=0 current_load=113.26212637508806 decision_id=c51e2cf4 k8s_capacity=99.9 k8s_weight=88 knative_weight=12 p99=352.0 predicted_load=0 r_effective=16.6 serverless_enabled=True total_load=113.3 weights_after={'k3s': 88, 'knative': 12} weights_before={'k3s': 79, 'knative': 21}
2026-07-14 02:06:53 [info     ] Weights updated                k3s=88 knative=12
2026-07-14 02:06:53 [info     ] Weights updated                action=RECOVERY reason='load=113RPS | k8s_cap=100RPS | (reducing-serverless)' weights={'k3s': 88, 'knative': 12}
2026-07-14 02:06:53 [info     ] algorithm2_scaling_decision    action=MAINTAIN alpha=0.060060060060060066 beta=0.0 buffer=1.0 current_replicas=8 predicted_load=119.22411363853885 required_resources=7.161 target_replicas=8
2026-07-14 02:06:53 [info     ] algorithm2_decision            action=MAINTAIN applied_target=8 current_replicas=8 hold_until=0.0 observed_load=119.22 observed_target=8 point_forecasts=None prediction_age_sec=None predictive_target=3 proactive=False scenario=s4-hybrid-predictive target_replicas=8 upper_forecasts=None
2026-07-14 02:06:53 [debug    ] Decision loop completed        action=RECOVERY latency_ms=151.09 p99=352.0
2026-07-14 02:07:08 [debug    ] HAProxy fallback latency       delta_requests=1308 interval_avg_ms=16.52 max_rtime_ms=352.0 p99_est=33.04
2026-07-14 02:07:08 [info     ] controller_decision_v3         action=RECOVERY available_replicas=6 budget_remaining=998 burn_adjustment=0 burst_ratio=0 capacity_deficit=False confidence=0 current_load=86.39730716620926 decision_id=03143f2a k8s_capacity=99.9 k8s_weight=100 knative_weight=0 p99=33.0 predicted_load=0 r_effective=16.6 serverless_enabled=False total_load=86.4 weights_after={'k3s': 100, 'knative': 0} weights_before={'k3s': 88, 'knative': 12}
2026-07-14 02:07:08 [info     ] Weights updated                k3s=100 knative=0
2026-07-14 02:07:08 [info     ] Weights updated                action=RECOVERY reason='load=86RPS | k8s_cap=100RPS | (reducing-serverless)' weights={'k3s': 100, 'knative': 0}
2026-07-14 02:07:08 [info     ] algorithm2_scaling_decision    action=MAINTAIN alpha=0.060060060060060066 beta=0.0 buffer=1.0 current_replicas=8 predicted_load=99.82971677064866 required_resources=5.996 target_replicas=6
2026-07-14 02:07:08 [info     ] algorithm2_decision            action=MAINTAIN applied_target=6 current_replicas=8 hold_until=0.0 observed_load=99.83 observed_target=6 point_forecasts=None prediction_age_sec=None predictive_target=3 proactive=False scenario=s4-hybrid-predictive target_replicas=6 upper_forecasts=None
2026-07-14 02:07:08 [debug    ] Decision loop completed        action=RECOVERY latency_ms=155.09 p99=33.04128440366973
2026-07-14 02:07:23 [debug    ] HAProxy fallback latency       delta_requests=1132 interval_avg_ms=85.83 max_rtime_ms=352.0 p99_est=171.66
2026-07-14 02:07:23 [info     ] algorithm2_scaling_decision    action=SCALE_DOWN alpha=0.060060060060060066 beta=0.0 buffer=1.0 current_replicas=8 predicted_load=80.51135728653391 required_resources=4.836 target_replicas=5
2026-07-14 02:07:23 [info     ] algorithm2_decision            action=SCALE_DOWN applied_target=5 current_replicas=8 hold_until=0.0 observed_load=80.51 observed_target=5 point_forecasts=None prediction_age_sec=None predictive_target=3 proactive=False scenario=s4-hybrid-predictive target_replicas=5 upper_forecasts=None
2026-07-14 02:07:23 [debug    ] Decision loop completed        action=MAINTAIN latency_ms=131.66 p99=171.65547703180212
2026-07-14 02:07:38 [debug    ] HAProxy fallback latency       delta_requests=1073 interval_avg_ms=43.03 max_rtime_ms=352.0 p99_est=86.05
2026-07-14 02:07:38 [info     ] Scale readiness observed       elapsed_sec=60.6 ewma_delay=39.5 samples=4 target=8
2026-07-14 02:07:38 [info     ] algorithm2_scaling_decision    action=SCALE_DOWN alpha=0.060060060060060066 beta=0.0 buffer=1.0 current_replicas=8 predicted_load=72.80156101608222 required_resources=4.372 target_replicas=5
2026-07-14 02:07:38 [info     ] algorithm2_decision            action=SCALE_DOWN applied_target=5 current_replicas=8 hold_until=0.0 observed_load=72.8 observed_target=5 point_forecasts=None prediction_age_sec=None predictive_target=3 proactive=False scenario=s4-hybrid-predictive target_replicas=5 upper_forecasts=None
2026-07-14 02:07:38 [info     ] k8s_scale_executed             deployment=test-app-warm replicas=5
2026-07-14 02:07:38 [debug    ] Decision loop completed        action=MAINTAIN latency_ms=158.29 p99=86.05405405405405
2026-07-14 02:07:53 [debug    ] HAProxy fallback latency       delta_requests=947 interval_avg_ms=65.0 max_rtime_ms=352.0 p99_est=130.0
2026-07-14 02:07:53 [info     ] algorithm2_scaling_decision    action=MAINTAIN alpha=0.060060060060060066 beta=0.0 buffer=1.0 current_replicas=5 predicted_load=66.7580658869932 required_resources=4.009 target_replicas=5
2026-07-14 02:07:53 [info     ] algorithm2_decision            action=MAINTAIN applied_target=5 current_replicas=5 hold_until=0.0 observed_load=66.76 observed_target=5 point_forecasts=None prediction_age_sec=None predictive_target=3 proactive=False scenario=s4-hybrid-predictive target_replicas=5 upper_forecasts=None
2026-07-14 02:07:53 [debug    ] Decision loop completed        action=MAINTAIN latency_ms=113.79 p99=130.0
2026-07-14 02:08:08 [debug    ] HAProxy fallback latency       delta_requests=793 interval_avg_ms=31.72 max_rtime_ms=352.0 p99_est=63.44
2026-07-14 02:08:08 [debug    ] GRU prediction received        confidence=0.8 latency_ms=5.73 predicted=87
2026-07-14 02:08:08 [debug    ] Using GRU prediction           confidence=0.8 forecast_capacity_signal=87.0 predicted=87 required_steps=4
2026-07-14 02:08:08 [info     ] algorithm2_scaling_decision    action=SCALE_UP alpha=0.060060060060060066 beta=0.0 buffer=1.0 current_replicas=5 predicted_load=87.0 required_resources=5.225 target_replicas=6
2026-07-14 02:08:08 [info     ] algorithm2_decision            action=SCALE_UP applied_target=6 current_replicas=5 hold_until=1783969779.0 observed_load=57.5 observed_target=4 point_forecasts=[76.12139129638672, 74.08846282958984, 75.87443542480469, 74.30311584472656, 74.9200668334961, 75.22023010253906, 75.5828857421875, 74.63420104980469, 73.7499008178711] prediction_age_sec=0.08 predictive_target=6 proactive=True scenario=s4-hybrid-predictive target_replicas=6 upper_forecasts=[85.76237487792969, 84.37654876708984, 85.61741638183594, 84.87939453125, 85.21428680419922, 85.81189727783203, 86.54033660888672, 85.30319213867188, 84.86864471435547]
2026-07-14 02:08:09 [info     ] k8s_scale_executed             deployment=test-app-warm replicas=6
2026-07-14 02:08:09 [debug    ] Decision loop completed        action=MAINTAIN latency_ms=167.44 p99=63.442622950819676
2026-07-14 02:08:24 [debug    ] HAProxy fallback latency       delta_requests=1223 interval_avg_ms=86.58 max_rtime_ms=352.0 p99_est=173.16
2026-07-14 02:08:24 [debug    ] GRU prediction received        confidence=0.8 latency_ms=6.18 predicted=86
2026-07-14 02:08:24 [debug    ] Using GRU prediction           confidence=0.8 forecast_capacity_signal=86.0 predicted=86 required_steps=4
2026-07-14 02:08:24 [info     ] Scale readiness observed       elapsed_sec=15.1 ewma_delay=32.2 samples=5 target=6
2026-07-14 02:08:24 [info     ] algorithm2_scaling_decision    action=MAINTAIN alpha=0.060060060060060066 beta=0.0 buffer=1.0 current_replicas=6 predicted_load=86.0 required_resources=5.165 target_replicas=6
2026-07-14 02:08:24 [info     ] algorithm2_decision            action=MAINTAIN applied_target=6 current_replicas=6 hold_until=1783969794.2 observed_load=66.48 observed_target=4 point_forecasts=[75.48744201660156, 73.97123718261719, 75.23321533203125, 74.06824493408203, 74.58842468261719, 74.86002349853516, 74.96072387695312, 74.3861312866211, 73.80879974365234] prediction_age_sec=0.07 predictive_target=6 proactive=True scenario=s4-hybrid-predictive target_replicas=6 upper_forecasts=[85.12842559814453, 84.25932312011719, 84.9761962890625, 84.64452362060547, 84.88264465332031, 85.45169067382812, 85.91817474365234, 85.05512237548828, 84.92754364013672]
2026-07-14 02:08:24 [debug    ] Decision loop completed        action=MAINTAIN latency_ms=122.24 p99=173.1561733442355
2026-07-14 02:08:39 [debug    ] HAProxy fallback latency       delta_requests=1885 interval_avg_ms=96.3 max_rtime_ms=352.0 p99_est=192.6
2026-07-14 02:08:39 [debug    ] GRU prediction received        confidence=0.8 latency_ms=5.86 predicted=97
2026-07-14 02:08:39 [debug    ] Using GRU prediction           confidence=0.8 forecast_capacity_signal=97.0 predicted=97 required_steps=4
2026-07-14 02:08:39 [debug    ] Proactive amplification        amplified=191.4 approach_ratio=1.25 load_trend=13.4 raw_pred=97
2026-07-14 02:08:39 [info     ] Knative pre-warm OK            cold_start_ms=3.0
2026-07-14 02:08:39 [info     ] controller_decision_v3         action=PREDICTIVE available_replicas=6 budget_remaining=998 burn_adjustment=0 burst_ratio=0.1977 capacity_deficit=False confidence=0.8 current_load=124.51361873985927 decision_id=99733eec k8s_capacity=99.9 k8s_weight=80 knative_weight=20 p99=192.6 predicted_load=97 r_effective=16.6 serverless_enabled=True total_load=124.5 weights_after={'k3s': 80, 'knative': 20} weights_before={'k3s': 100, 'knative': 0}
2026-07-14 02:08:39 [info     ] Weights updated                k3s=80 knative=20
2026-07-14 02:08:39 [info     ] Weights updated                action=PREDICTIVE reason='load=125RPS | k8s_cap=100RPS | (prediction-driven)' weights={'k3s': 80, 'knative': 20}
2026-07-14 02:08:39 [info     ] algorithm2_scaling_decision    action=SCALE_UP alpha=0.060060060060060066 beta=0.0 buffer=1.0 current_replicas=6 predicted_load=102.50740511074494 required_resources=6.157 target_replicas=7
2026-07-14 02:08:39 [info     ] algorithm2_decision            action=SCALE_UP applied_target=7 current_replicas=6 hold_until=1783969794.2 observed_load=102.51 observed_target=7 point_forecasts=[85.0750732421875, 85.41397094726562, 85.7167739868164, 86.29705810546875, 85.59286499023438, 85.73765563964844, 84.80189514160156, 85.42948913574219, 85.8866958618164] prediction_age_sec=0.08 predictive_target=6 proactive=False scenario=s4-hybrid-predictive target_replicas=7 upper_forecasts=[94.71605682373047, 95.70205688476562, 95.45975494384766, 96.87333679199219, 95.8870849609375, 96.3293228149414, 95.75934600830078, 96.09848022460938, 97.00543975830078]
2026-07-14 02:08:39 [info     ] k8s_scale_executed             deployment=test-app-warm replicas=7
2026-07-14 02:08:39 [debug    ] Decision loop completed        action=PREDICTIVE latency_ms=165.83 p99=192.59522546419097
2026-07-14 02:08:54 [debug    ] HAProxy fallback latency       delta_requests=1812 interval_avg_ms=49.72 max_rtime_ms=352.0 p99_est=99.44
2026-07-14 02:08:54 [debug    ] GRU prediction received        confidence=0.8 latency_ms=6.35 predicted=107
2026-07-14 02:08:54 [debug    ] Using GRU prediction           confidence=0.8 forecast_capacity_signal=107.0 predicted=107 required_steps=4
2026-07-14 02:08:54 [debug    ] Proactive amplification        amplified=191.0 approach_ratio=1.03 load_trend=14.3 raw_pred=107
2026-07-14 02:08:54 [info     ] controller_decision_v3         action=RECOVERY available_replicas=7 budget_remaining=998 burn_adjustment=0 burst_ratio=0.0257 capacity_deficit=False confidence=0.8 current_load=119.6193987350051 decision_id=91802b42 k8s_capacity=116.5 k8s_weight=97 knative_weight=3 p99=99.4 predicted_load=107 r_effective=16.6 serverless_enabled=True total_load=119.6 weights_after={'k3s': 97, 'knative': 3} weights_before={'k3s': 80, 'knative': 20}
2026-07-14 02:08:54 [info     ] Weights updated                k3s=97 knative=3
2026-07-14 02:08:54 [info     ] Weights updated                action=RECOVERY reason='load=120RPS | k8s_cap=117RPS | (reducing-serverless)' weights={'k3s': 97, 'knative': 3}
2026-07-14 02:08:54 [info     ] Scale readiness observed       elapsed_sec=15.2 ewma_delay=27.1 samples=6 target=7
2026-07-14 02:08:54 [info     ] algorithm2_scaling_decision    action=SCALE_UP alpha=0.060060060060060066 beta=0.0 buffer=1.0 current_replicas=7 predicted_load=122.06650873743219 required_resources=7.331 target_replicas=8
2026-07-14 02:08:54 [info     ] algorithm2_decision            action=SCALE_UP applied_target=8 current_replicas=7 hold_until=1783969794.2 observed_load=122.07 observed_target=8 point_forecasts=[93.94213104248047, 94.5333251953125, 94.85507202148438, 95.49002838134766, 95.03208923339844, 94.65443420410156, 94.35311126708984, 94.57371520996094, 95.59841918945312] prediction_age_sec=0.11 predictive_target=7 proactive=False scenario=s4-hybrid-predictive target_replicas=8 upper_forecasts=[103.58311462402344, 104.8214111328125, 104.59805297851562, 106.0663070678711, 105.32630920410156, 105.24610137939453, 105.31056213378906, 105.24270629882812, 106.7171630859375]
2026-07-14 02:08:54 [info     ] k8s_scale_executed             deployment=test-app-warm replicas=8
2026-07-14 02:08:54 [debug    ] Decision loop completed        action=RECOVERY latency_ms=199.68 p99=99.44150110375276
2026-07-14 02:09:09 [debug    ] HAProxy fallback latency       delta_requests=1419 interval_avg_ms=42.94 max_rtime_ms=352.0 p99_est=85.87
2026-07-14 02:09:09 [debug    ] GRU prediction received        confidence=0.8 latency_ms=5.84 predicted=108
2026-07-14 02:09:09 [debug    ] Using GRU prediction           confidence=0.8 forecast_capacity_signal=108.0 predicted=108 required_steps=3
2026-07-14 02:09:09 [info     ] controller_decision_v3         action=RECOVERY available_replicas=8 budget_remaining=998 burn_adjustment=0 burst_ratio=0 capacity_deficit=False confidence=0.8 current_load=93.3539757475182 decision_id=e12d1112 k8s_capacity=133.2 k8s_weight=100 knative_weight=0 p99=85.9 predicted_load=108 r_effective=16.6 serverless_enabled=False total_load=93.4 weights_after={'k3s': 100, 'knative': 0} weights_before={'k3s': 97, 'knative': 3}
2026-07-14 02:09:09 [info     ] Weights updated                k3s=100 knative=0
2026-07-14 02:09:09 [info     ] Weights updated                action=RECOVERY reason='load=93RPS | k8s_cap=133RPS | (reducing-serverless)' weights={'k3s': 100, 'knative': 0}
2026-07-14 02:09:09 [info     ] Scale readiness observed       elapsed_sec=15.2 ewma_delay=23.5 samples=7 target=8
2026-07-14 02:09:09 [info     ] algorithm2_scaling_decision    action=MAINTAIN alpha=0.060060060060060066 beta=0.0 buffer=1.0 current_replicas=8 predicted_load=106.48668724126165 required_resources=6.396 target_replicas=7
2026-07-14 02:09:09 [info     ] algorithm2_decision            action=MAINTAIN applied_target=7 current_replicas=8 hold_until=1783969794.2 observed_load=106.49 observed_target=7 point_forecasts=[95.21299743652344, 95.80772399902344, 96.21194458007812, 96.40180969238281, 96.54914093017578, 96.0689926147461, 95.9181137084961, 95.88328552246094, 96.63838958740234] prediction_age_sec=0.11 predictive_target=7 proactive=False scenario=s4-hybrid-predictive target_replicas=7 upper_forecasts=[104.8539810180664, 106.09580993652344, 105.95492553710938, 106.97808837890625, 106.8433609008789, 106.66065979003906, 106.87556457519531, 106.55227661132812, 107.75713348388672]
2026-07-14 02:09:09 [debug    ] Decision loop completed        action=RECOVERY latency_ms=158.61 p99=85.87033121916843
2026-07-14 02:09:24 [debug    ] HAProxy fallback latency       delta_requests=1229 interval_avg_ms=65.0 max_rtime_ms=352.0 p99_est=130.0
2026-07-14 02:09:24 [debug    ] GRU prediction received        confidence=0.8 latency_ms=6.07 predicted=105
2026-07-14 02:09:24 [debug    ] Using GRU prediction           confidence=0.8 forecast_capacity_signal=105.0 predicted=105 required_steps=3
2026-07-14 02:09:24 [info     ] algorithm2_scaling_decision    action=MAINTAIN alpha=0.060060060060060066 beta=0.0 buffer=1.0 current_replicas=8 predicted_load=105.0 required_resources=6.306 target_replicas=7
2026-07-14 02:09:24 [info     ] algorithm2_decision            action=MAINTAIN applied_target=7 current_replicas=8 hold_until=1783969854.8 observed_load=87.21 observed_target=6 point_forecasts=[93.32772064208984, 93.52558135986328, 94.11874389648438, 93.92008209228516, 94.24060821533203, 94.03218078613281, 93.79000091552734, 93.76002502441406, 94.10472106933594] prediction_age_sec=0.08 predictive_target=7 proactive=True scenario=s4-hybrid-predictive target_replicas=7 upper_forecasts=[102.96870422363281, 103.81366729736328, 103.86172485351562, 104.4963607788086, 104.53482818603516, 104.62384796142578, 104.74745178222656, 104.42901611328125, 105.22346496582031]
2026-07-14 02:09:24 [debug    ] Decision loop completed        action=MAINTAIN latency_ms=127.79 p99=130.0
2026-07-14 02:09:39 [debug    ] HAProxy fallback latency       delta_requests=1149 interval_avg_ms=65.0 max_rtime_ms=352.0 p99_est=130.0
2026-07-14 02:09:39 [debug    ] GRU prediction received        confidence=0.8 latency_ms=6.66 predicted=101
2026-07-14 02:09:39 [debug    ] Using GRU prediction           confidence=0.8 forecast_capacity_signal=101.0 predicted=101 required_steps=3
2026-07-14 02:09:39 [info     ] algorithm2_scaling_decision    action=MAINTAIN alpha=0.060060060060060066 beta=0.0 buffer=1.0 current_replicas=8 predicted_load=101.0 required_resources=6.066 target_replicas=7
2026-07-14 02:09:39 [info     ] algorithm2_decision            action=MAINTAIN applied_target=7 current_replicas=8 hold_until=1783969869.9 observed_load=78.55 observed_target=5 point_forecasts=[89.93287658691406, 89.8617172241211, 90.50804138183594, 90.16610717773438, 90.37886047363281, 90.3307876586914, 90.0158920288086, 90.05831146240234, 89.86866760253906] prediction_age_sec=0.08 predictive_target=7 proactive=True scenario=s4-hybrid-predictive target_replicas=7 upper_forecasts=[99.57386016845703, 100.1498031616211, 100.25102233886719, 100.74238586425781, 100.67308044433594, 100.92245483398438, 100.97334289550781, 100.72730255126953, 100.98741149902344]
2026-07-14 02:09:39 [debug    ] Decision loop completed        action=MAINTAIN latency_ms=132.09 p99=130.0
2026-07-14 02:09:54 [debug    ] HAProxy fallback latency       delta_requests=1511 interval_avg_ms=89.23 max_rtime_ms=352.0 p99_est=178.47
2026-07-14 02:09:54 [debug    ] GRU prediction received        confidence=0.8 latency_ms=6.37 predicted=103
2026-07-14 02:09:54 [debug    ] Using GRU prediction           confidence=0.8 forecast_capacity_signal=103.0 predicted=103 required_steps=3
2026-07-14 02:09:55 [info     ] algorithm2_scaling_decision    action=MAINTAIN alpha=0.060060060060060066 beta=0.0 buffer=1.0 current_replicas=8 predicted_load=103.0 required_resources=6.186 target_replicas=7
2026-07-14 02:09:55 [info     ] algorithm2_decision            action=MAINTAIN applied_target=7 current_replicas=8 hold_until=1783969885.1 observed_load=87.87 observed_target=6 point_forecasts=[91.75198364257812, 91.6607894897461, 92.38924407958984, 92.12854766845703, 92.31539154052734, 92.325439453125, 91.99169921875, 91.9767837524414, 92.2181625366211] prediction_age_sec=0.07 predictive_target=7 proactive=True scenario=s4-hybrid-predictive target_replicas=7 upper_forecasts=[101.3929672241211, 101.9488754272461, 102.1322250366211, 102.70482635498047, 102.60961151123047, 102.91710662841797, 102.94915008544922, 102.6457748413086, 103.33690643310547]
2026-07-14 02:09:55 [debug    ] Decision loop completed        action=MAINTAIN latency_ms=122.8 p99=178.46856386499007
2026-07-14 02:10:10 [debug    ] HAProxy fallback latency       delta_requests=2021 interval_avg_ms=85.12 max_rtime_ms=352.0 p99_est=170.24
2026-07-14 02:10:10 [debug    ] GRU prediction received        confidence=0.8 latency_ms=6.04 predicted=113
2026-07-14 02:10:10 [debug    ] Using GRU prediction           confidence=0.8 forecast_capacity_signal=113.0 predicted=113 required_steps=3
2026-07-14 02:10:10 [debug    ] Proactive amplification        amplified=183.8 approach_ratio=1.0 load_trend=10.1 raw_pred=113
2026-07-14 02:10:10 [info     ] Knative pre-warm OK            cold_start_ms=10.9
2026-07-14 02:10:10 [info     ] controller_decision_v3         action=PREDICTIVE available_replicas=8 budget_remaining=998 burn_adjustment=0 burst_ratio=0.0028 capacity_deficit=False confidence=0.8 current_load=133.57292151717883 decision_id=bc107902 k8s_capacity=133.2 k8s_weight=99 knative_weight=1 p99=170.2 predicted_load=113 r_effective=16.6 serverless_enabled=True total_load=133.6 weights_after={'k3s': 99, 'knative': 1} weights_before={'k3s': 100, 'knative': 0}
2026-07-14 02:10:10 [info     ] Weights updated                k3s=99 knative=1
2026-07-14 02:10:10 [info     ] Weights updated                action=PREDICTIVE reason='load=134RPS | k8s_cap=133RPS | (prediction-driven)' weights={'k3s': 99, 'knative': 1}
2026-07-14 02:10:10 [info     ] algorithm2_scaling_decision    action=MAINTAIN alpha=0.060060060060060066 beta=0.0 buffer=1.0 current_replicas=8 predicted_load=116.64699864130452 required_resources=7.006 target_replicas=8
2026-07-14 02:10:10 [info     ] algorithm2_decision            action=MAINTAIN applied_target=8 current_replicas=8 hold_until=1783969885.1 observed_load=116.65 observed_target=8 point_forecasts=[100.74594116210938, 101.20448303222656, 101.84864044189453, 101.66862487792969, 102.19782257080078, 101.9803695678711, 101.72425079345703, 101.38774108886719, 101.94601440429688] prediction_age_sec=0.09 predictive_target=7 proactive=False scenario=s4-hybrid-predictive target_replicas=8 upper_forecasts=[110.38692474365234, 111.49256896972656, 111.59162139892578, 112.24490356445312, 112.4920425415039, 112.57203674316406, 112.68170166015625, 112.05673217773438, 113.06475830078125]
2026-07-14 02:10:10 [debug    ] Decision loop completed        action=PREDICTIVE latency_ms=135.35 p99=170.2375061850569
2026-07-14 02:10:25 [debug    ] HAProxy fallback latency       delta_requests=2282 interval_avg_ms=84.93 max_rtime_ms=352.0 p99_est=169.86
2026-07-14 02:10:25 [debug    ] GRU prediction received        confidence=0.8 latency_ms=6.08 predicted=125
2026-07-14 02:10:25 [debug    ] Using GRU prediction           confidence=0.8 forecast_capacity_signal=125.0 predicted=125 required_steps=3
2026-07-14 02:10:25 [debug    ] Proactive amplification        amplified=237.8 approach_ratio=1.13 load_trend=17.4 raw_pred=125
2026-07-14 02:10:25 [info     ] controller_decision_v3         action=PREDICTIVE available_replicas=8 budget_remaining=998 burn_adjustment=0 burst_ratio=0.1162 capacity_deficit=False confidence=0.8 current_load=150.70933177873104 decision_id=f9d2b80c k8s_capacity=133.2 k8s_weight=88 knative_weight=12 p99=169.9 predicted_load=125 r_effective=16.6 serverless_enabled=True total_load=150.7 weights_after={'k3s': 88, 'knative': 12} weights_before={'k3s': 99, 'knative': 1}
2026-07-14 02:10:25 [info     ] Weights updated                k3s=88 knative=12
2026-07-14 02:10:25 [info     ] Weights updated                action=PREDICTIVE reason='load=151RPS | k8s_cap=133RPS | (prediction-driven)' weights={'k3s': 88, 'knative': 12}
2026-07-14 02:10:25 [info     ] algorithm2_scaling_decision    action=SCALE_UP alpha=0.060060060060060066 beta=0.0 buffer=1.0 current_replicas=8 predicted_load=142.14112664795493 required_resources=8.537 target_replicas=9
2026-07-14 02:10:25 [info     ] algorithm2_decision            action=SCALE_UP applied_target=9 current_replicas=8 hold_until=1783969885.1 observed_load=142.14 observed_target=9 point_forecasts=[112.72891235351562, 113.19173431396484, 113.53890991210938, 114.00346374511719, 113.66835021972656, 113.67540740966797, 113.15245819091797, 113.24333190917969, 113.75338745117188] prediction_age_sec=0.07 predictive_target=8 proactive=False scenario=s4-hybrid-predictive target_replicas=9 upper_forecasts=[122.3698959350586, 123.47982025146484, 123.28189086914062, 124.57974243164062, 123.96257019042969, 124.26707458496094, 124.10990905761719, 123.91232299804688, 124.87213134765625]
2026-07-14 02:10:25 [info     ] k8s_scale_executed             deployment=test-app-warm replicas=9
2026-07-14 02:10:25 [debug    ] Decision loop completed        action=PREDICTIVE latency_ms=161.24 p99=169.86415425065732
2026-07-14 02:10:40 [debug    ] HAProxy fallback latency       delta_requests=2428 interval_avg_ms=68.0 max_rtime_ms=352.0 p99_est=136.0
2026-07-14 02:10:40 [debug    ] GRU prediction received        confidence=0.8 latency_ms=6.29 predicted=137
2026-07-14 02:10:40 [debug    ] Using GRU prediction           confidence=0.8 forecast_capacity_signal=137.0 predicted=137 required_steps=3
2026-07-14 02:10:40 [debug    ] Proactive amplification        amplified=265.4 approach_ratio=1.07 load_trend=21.0 raw_pred=137
2026-07-14 02:10:40 [info     ] controller_decision_v3         action=RECOVERY available_replicas=9 budget_remaining=998 burn_adjustment=0 burst_ratio=0.0646 capacity_deficit=False confidence=0.8 current_load=160.20301661384048 decision_id=406591f5 k8s_capacity=149.8 k8s_weight=93 knative_weight=7 p99=136.0 predicted_load=137 r_effective=16.6 serverless_enabled=True total_load=160.2 weights_after={'k3s': 93, 'knative': 7} weights_before={'k3s': 88, 'knative': 12}
2026-07-14 02:10:40 [info     ] Weights updated                k3s=93 knative=7
2026-07-14 02:10:40 [info     ] Weights updated                action=RECOVERY reason='load=160RPS | k8s_cap=150RPS | (reducing-serverless)' weights={'k3s': 93, 'knative': 7}
2026-07-14 02:10:40 [info     ] Scale readiness observed       elapsed_sec=15.2 ewma_delay=21.0 samples=8 target=9
2026-07-14 02:10:40 [info     ] algorithm2_scaling_decision    action=SCALE_UP alpha=0.060060060060060066 beta=0.0 buffer=1.0 current_replicas=9 predicted_load=155.45617419628576 required_resources=9.337 target_replicas=10
2026-07-14 02:10:40 [info     ] algorithm2_decision            action=SCALE_UP applied_target=10 current_replicas=9 hold_until=1783969885.1 observed_load=155.46 observed_target=10 point_forecasts=[124.63353729248047, 125.16114807128906, 125.08393859863281, 126.23123168945312, 125.12078857421875, 125.12930297851562, 124.28421020507812, 125.10565185546875, 125.60282897949219] prediction_age_sec=0.11 predictive_target=9 proactive=False scenario=s4-hybrid-predictive target_replicas=10 upper_forecasts=[134.27452087402344, 135.44923400878906, 134.82691955566406, 136.80751037597656, 135.41500854492188, 135.72097778320312, 135.2416534423828, 135.77464294433594, 136.72157287597656]
2026-07-14 02:10:40 [info     ] k8s_scale_executed             deployment=test-app-warm replicas=10
2026-07-14 02:10:40 [debug    ] Decision loop completed        action=RECOVERY latency_ms=203.02 p99=136.0
2026-07-14 02:10:55 [debug    ] HAProxy fallback latency       delta_requests=2196 interval_avg_ms=47.26 max_rtime_ms=352.0 p99_est=94.52
2026-07-14 02:10:55 [debug    ] GRU prediction received        confidence=0.8 latency_ms=5.87 predicted=143
2026-07-14 02:10:55 [debug    ] Using GRU prediction           confidence=0.8 forecast_capacity_signal=143.0 predicted=143 required_steps=3
2026-07-14 02:10:55 [debug    ] Proactive amplification        amplified=200.3 approach_ratio=0.96 load_trend=11.2 raw_pred=143
2026-07-14 02:10:55 [info     ] controller_decision_v3         action=RECOVERY available_replicas=9 budget_remaining=998 burn_adjustment=0 burst_ratio=0 capacity_deficit=False confidence=0.8 current_load=144.44417114850384 decision_id=1691bff6 k8s_capacity=149.8 k8s_weight=100 knative_weight=0 p99=94.5 predicted_load=143 r_effective=16.6 serverless_enabled=False total_load=144.4 weights_after={'k3s': 100, 'knative': 0} weights_before={'k3s': 93, 'knative': 7}
2026-07-14 02:10:55 [info     ] Weights updated                k3s=100 knative=0
2026-07-14 02:10:55 [info     ] Weights updated                action=RECOVERY reason='load=144RPS | k8s_cap=150RPS | (reducing-serverless)' weights={'k3s': 100, 'knative': 0}
2026-07-14 02:10:55 [info     ] algorithm2_scaling_decision    action=MAINTAIN alpha=0.060060060060060066 beta=0.0 buffer=1.0 current_replicas=10 predicted_load=152.32359388117214 required_resources=9.149 target_replicas=10
2026-07-14 02:10:55 [info     ] algorithm2_decision            action=MAINTAIN applied_target=10 current_replicas=10 hold_until=1783969885.1 observed_load=152.32 observed_target=10 point_forecasts=[130.86183166503906, 131.32867431640625, 131.0784912109375, 132.3934783935547, 131.09266662597656, 130.9931640625, 130.0313720703125, 131.31869506835938, 131.54222106933594] prediction_age_sec=0.11 predictive_target=9 proactive=False scenario=s4-hybrid-predictive target_replicas=10 upper_forecasts=[140.5028076171875, 141.61676025390625, 140.82147216796875, 142.96975708007812, 141.3868865966797, 141.5848388671875, 140.9888153076172, 141.98768615722656, 142.6609649658203]
2026-07-14 02:10:55 [debug    ] Decision loop completed        action=RECOVERY latency_ms=162.84 p99=94.52003642987249
2026-07-14 02:11:10 [debug    ] HAProxy fallback latency       delta_requests=1843 interval_avg_ms=67.0 max_rtime_ms=352.0 p99_est=134.0
2026-07-14 02:11:10 [debug    ] GRU prediction received        confidence=0.8 latency_ms=6.0 predicted=142
2026-07-14 02:11:10 [debug    ] Using GRU prediction           confidence=0.8 forecast_capacity_signal=142.0 predicted=142 required_steps=3
2026-07-14 02:11:10 [info     ] algorithm2_scaling_decision    action=MAINTAIN alpha=0.060060060060060066 beta=0.0 buffer=1.0 current_replicas=10 predicted_load=142.0 required_resources=8.529 target_replicas=9
2026-07-14 02:11:10 [info     ] algorithm2_decision            action=MAINTAIN applied_target=9 current_replicas=10 hold_until=1783969960.8 observed_load=133.03 observed_target=8 point_forecasts=[130.4029998779297, 130.73464965820312, 130.5782470703125, 131.4130401611328, 130.4886474609375, 130.4481658935547, 129.52853393554688, 130.79293823242188, 130.57403564453125] prediction_age_sec=0.07 predictive_target=9 proactive=True scenario=s4-hybrid-predictive target_replicas=9 upper_forecasts=[140.04397583007812, 141.02273559570312, 140.32122802734375, 141.98931884765625, 140.78286743164062, 141.03982543945312, 140.48597717285156, 141.46192932128906, 141.69277954101562]
2026-07-14 02:11:10 [debug    ] Decision loop completed        action=MAINTAIN latency_ms=124.26 p99=134.0
2026-07-14 02:11:25 [debug    ] HAProxy fallback latency       delta_requests=1786 interval_avg_ms=149.6 max_rtime_ms=352.0 p99_est=299.2
2026-07-14 02:11:25 [debug    ] GRU prediction received        confidence=0.8 latency_ms=5.77 predicted=140
2026-07-14 02:11:25 [debug    ] Using GRU prediction           confidence=0.8 forecast_capacity_signal=140.0 predicted=140 required_steps=3
2026-07-14 02:11:25 [info     ] algorithm2_scaling_decision    action=MAINTAIN alpha=0.060060060060060066 beta=0.0 buffer=1.0 current_replicas=10 predicted_load=140.0 required_resources=8.408 target_replicas=9
2026-07-14 02:11:25 [info     ] algorithm2_decision            action=MAINTAIN applied_target=9 current_replicas=10 hold_until=1783969976.0 observed_load=119.85 observed_target=8 point_forecasts=[128.37095642089844, 128.5406494140625, 128.5697021484375, 128.9551239013672, 128.3867645263672, 128.4407501220703, 127.5689926147461, 128.66990661621094, 128.23590087890625] prediction_age_sec=0.07 predictive_target=9 proactive=True scenario=s4-hybrid-predictive target_replicas=9 upper_forecasts=[138.01193237304688, 138.8287353515625, 138.31268310546875, 139.53140258789062, 138.6809844970703, 139.03240966796875, 138.5264434814453, 139.33889770507812, 139.35464477539062]
2026-07-14 02:11:25 [debug    ] Decision loop completed        action=MAINTAIN latency_ms=120.32 p99=299.1982082866741
2026-07-14 02:11:41 [debug    ] HAProxy fallback latency       delta_requests=1820 interval_avg_ms=98.02 max_rtime_ms=352.0 p99_est=196.04
2026-07-14 02:11:41 [debug    ] GRU prediction received        confidence=0.8 latency_ms=5.74 predicted=138
2026-07-14 02:11:41 [debug    ] Using GRU prediction           confidence=0.8 forecast_capacity_signal=138.0 predicted=138 required_steps=3
2026-07-14 02:11:41 [info     ] algorithm2_scaling_decision    action=MAINTAIN alpha=0.060060060060060066 beta=0.0 buffer=1.0 current_replicas=10 predicted_load=138.0 required_resources=8.288 target_replicas=9
2026-07-14 02:11:41 [info     ] algorithm2_decision            action=MAINTAIN applied_target=9 current_replicas=10 hold_until=1783969991.1 observed_load=119.26 observed_target=8 point_forecasts=[126.76050567626953, 126.81388854980469, 126.98646545410156, 127.12013244628906, 126.75454711914062, 126.877685546875, 126.03340148925781, 126.99514770507812, 126.50970458984375] prediction_age_sec=0.07 predictive_target=9 proactive=True scenario=s4-hybrid-predictive target_replicas=9 upper_forecasts=[136.4014892578125, 137.1019744873047, 136.7294464111328, 137.6964111328125, 137.04876708984375, 137.4693603515625, 136.9908447265625, 137.6641387939453, 137.62844848632812]
2026-07-14 02:11:41 [debug    ] Decision loop completed        action=MAINTAIN latency_ms=119.8 p99=196.03736263736263
2026-07-14 02:11:56 [debug    ] GRU prediction received        confidence=0.8 latency_ms=6.19 predicted=136
2026-07-14 02:11:56 [debug    ] Using GRU prediction           confidence=0.8 forecast_capacity_signal=136.0 predicted=136 required_steps=3
2026-07-14 02:11:56 [info     ] algorithm2_scaling_decision    action=MAINTAIN alpha=0.060060060060060066 beta=0.0 buffer=1.0 current_replicas=10 predicted_load=136.0 required_resources=8.168 target_replicas=9
2026-07-14 02:11:56 [info     ] algorithm2_decision            action=MAINTAIN applied_target=9 current_replicas=10 hold_until=1783970006.2 observed_load=120.27 observed_target=8 point_forecasts=[125.28099060058594, 125.26725006103516, 125.53369140625, 125.49539184570312, 125.28426361083984, 125.4580078125, 124.64275360107422, 125.4791259765625, 124.9712142944336] prediction_age_sec=0.07 predictive_target=9 proactive=True scenario=s4-hybrid-predictive target_replicas=9 upper_forecasts=[134.92196655273438, 135.55532836914062, 135.27667236328125, 136.07167053222656, 135.5784912109375, 136.0496826171875, 135.60020446777344, 136.1481170654297, 136.08995056152344]
2026-07-14 02:11:56 [debug    ] Decision loop completed        action=MAINTAIN latency_ms=120.42 p99=196.03736263736263
2026-07-14 02:12:11 [debug    ] HAProxy fallback latency       delta_requests=1782 interval_avg_ms=68.0 max_rtime_ms=352.0 p99_est=136.0
2026-07-14 02:12:11 [debug    ] GRU prediction received        confidence=0.8 latency_ms=5.87 predicted=134
2026-07-14 02:12:11 [debug    ] Using GRU prediction           confidence=0.8 forecast_capacity_signal=134.0 predicted=134 required_steps=3
2026-07-14 02:12:11 [info     ] algorithm2_scaling_decision    action=MAINTAIN alpha=0.060060060060060066 beta=0.0 buffer=1.0 current_replicas=10 predicted_load=134.0 required_resources=8.048 target_replicas=9
2026-07-14 02:12:11 [info     ] algorithm2_decision            action=MAINTAIN applied_target=9 current_replicas=10 hold_until=1783970021.3 observed_load=119.01 observed_target=8 point_forecasts=[123.61566162109375, 123.56143188476562, 123.89981842041016, 123.69453430175781, 123.64654541015625, 123.86592102050781, 123.08912658691406, 123.78938293457031, 123.250732421875] prediction_age_sec=0.07 predictive_target=9 proactive=True scenario=s4-hybrid-predictive target_replicas=9 upper_forecasts=[133.2566375732422, 133.84951782226562, 133.64279174804688, 134.27081298828125, 133.94076538085938, 134.45758056640625, 134.04656982421875, 134.4583740234375, 134.36947631835938]
2026-07-14 02:12:11 [debug    ] Decision loop completed        action=MAINTAIN latency_ms=123.61 p99=136.0
2026-07-14 02:12:26 [debug    ] HAProxy fallback latency       delta_requests=1537 interval_avg_ms=31.48 max_rtime_ms=352.0 p99_est=62.96
2026-07-14 02:12:26 [debug    ] GRU prediction received        confidence=0.8 latency_ms=6.04 predicted=130
2026-07-14 02:12:26 [debug    ] Using GRU prediction           confidence=0.8 forecast_capacity_signal=130.0 predicted=130 required_steps=3
2026-07-14 02:12:26 [info     ] algorithm2_scaling_decision    action=MAINTAIN alpha=0.060060060060060066 beta=0.0 buffer=1.0 current_replicas=10 predicted_load=130.0 required_resources=7.808 target_replicas=8
2026-07-14 02:12:26 [info     ] algorithm2_decision            action=MAINTAIN applied_target=8 current_replicas=10 hold_until=1783970036.5 observed_load=109.78 observed_target=7 point_forecasts=[118.86126708984375, 118.72123718261719, 119.24028015136719, 118.552734375, 118.99900817871094, 119.27245330810547, 118.63056945800781, 119.00022888183594, 118.29383087158203] prediction_age_sec=0.07 predictive_target=8 proactive=True scenario=s4-hybrid-predictive target_replicas=8 upper_forecasts=[128.5022430419922, 129.0093231201172, 128.98326110839844, 129.12901306152344, 129.29322814941406, 129.86412048339844, 129.5880126953125, 129.66921997070312, 129.41256713867188]
2026-07-14 02:12:26 [debug    ] Decision loop completed        action=MAINTAIN latency_ms=125.07 p99=62.96161353285621
2026-07-14 02:12:41 [debug    ] GRU prediction received        confidence=0.8 latency_ms=5.41 predicted=122
2026-07-14 02:12:41 [debug    ] Using GRU prediction           confidence=0.8 forecast_capacity_signal=122.0 predicted=122 required_steps=3
2026-07-14 02:12:41 [info     ] algorithm2_scaling_decision    action=MAINTAIN alpha=0.060060060060060066 beta=0.0 buffer=1.0 current_replicas=10 predicted_load=122.0 required_resources=7.327 target_replicas=8
2026-07-14 02:12:41 [info     ] algorithm2_decision            action=MAINTAIN applied_target=8 current_replicas=10 hold_until=1783970051.6 observed_load=92.04 observed_target=6 point_forecasts=[110.73226928710938, 110.403564453125, 111.27326965332031, 109.90653991699219, 111.14551544189453, 111.36564636230469, 110.96415710449219, 110.84329986572266, 109.97539520263672] prediction_age_sec=0.07 predictive_target=8 proactive=True scenario=s4-hybrid-predictive target_replicas=8 upper_forecasts=[120.37325286865234, 120.691650390625, 121.01625061035156, 120.48281860351562, 121.43973541259766, 121.95731353759766, 121.9216079711914, 121.51229095458984, 121.0941390991211]
2026-07-14 02:12:41 [debug    ] Decision loop completed        action=MAINTAIN latency_ms=122.06 p99=62.96161353285621
2026-07-14 02:12:56 [debug    ] HAProxy fallback latency       delta_requests=1114 interval_avg_ms=65.0 max_rtime_ms=352.0 p99_est=130.0
2026-07-14 02:12:56 [debug    ] GRU prediction received        confidence=0.8 latency_ms=6.02 predicted=114
2026-07-14 02:12:56 [debug    ] Using GRU prediction           confidence=0.8 forecast_capacity_signal=114.0 predicted=114 required_steps=3
2026-07-14 02:12:56 [info     ] Scale readiness observed       elapsed_sec=136.1 ewma_delay=55.6 samples=9 target=10
2026-07-14 02:12:56 [info     ] algorithm2_scaling_decision    action=SCALE_DOWN alpha=0.060060060060060066 beta=0.0 buffer=1.0 current_replicas=10 predicted_load=114.0 required_resources=6.847 target_replicas=7
2026-07-14 02:12:56 [info     ] algorithm2_decision            action=SCALE_DOWN applied_target=7 current_replicas=10 hold_until=1783970066.7 observed_load=78.09 observed_target=5 point_forecasts=[101.98220825195312, 101.5033950805664, 102.7173080444336, 100.81558227539062, 102.74737548828125, 102.89350128173828, 102.72348022460938, 102.10540771484375, 101.21592712402344] prediction_age_sec=0.07 predictive_target=7 proactive=True scenario=s4-hybrid-predictive target_replicas=7 upper_forecasts=[111.6231918334961, 111.7914810180664, 112.46028900146484, 111.39186096191406, 113.04159545898438, 113.48516845703125, 113.6809310913086, 112.77439880371094, 112.33467102050781]
2026-07-14 02:12:56 [info     ] k8s_scale_executed             deployment=test-app-warm replicas=7
2026-07-14 02:12:56 [debug    ] Decision loop completed        action=MAINTAIN latency_ms=162.02 p99=130.0
2026-07-14 02:13:11 [debug    ] HAProxy fallback latency       delta_requests=1048 interval_avg_ms=65.0 max_rtime_ms=352.0 p99_est=130.0
2026-07-14 02:13:11 [debug    ] GRU prediction received        confidence=0.8 latency_ms=6.3 predicted=105
2026-07-14 02:13:11 [debug    ] Using GRU prediction           confidence=0.8 forecast_capacity_signal=105.0 predicted=105 required_steps=5
2026-07-14 02:13:11 [info     ] algorithm2_scaling_decision    action=MAINTAIN alpha=0.060060060060060066 beta=0.0 buffer=1.0 current_replicas=7 predicted_load=105.0 required_resources=6.306 target_replicas=7
2026-07-14 02:13:11 [info     ] algorithm2_decision            action=MAINTAIN applied_target=7 current_replicas=7 hold_until=1783970081.9 observed_load=71.43 observed_target=5 point_forecasts=[92.99459838867188, 92.28194427490234, 93.47624206542969, 92.03941345214844, 93.54717254638672, 93.32141876220703, 93.56483459472656, 92.89727783203125, 92.15158081054688] prediction_age_sec=0.07 predictive_target=7 proactive=True scenario=s4-hybrid-predictive target_replicas=7 upper_forecasts=[102.63558197021484, 102.57003021240234, 103.21922302246094, 102.61569213867188, 103.84139251708984, 103.9130859375, 104.52228546142578, 103.56626892089844, 103.27032470703125]
2026-07-14 02:13:11 [debug    ] Decision loop completed        action=MAINTAIN latency_ms=126.09 p99=130.0
2026-07-14 02:13:26 [debug    ] HAProxy fallback latency       delta_requests=1185 interval_avg_ms=116.24 max_rtime_ms=352.0 p99_est=232.49
2026-07-14 02:13:26 [debug    ] GRU prediction received        confidence=0.8 latency_ms=6.79 predicted=99
2026-07-14 02:13:26 [debug    ] Using GRU prediction           confidence=0.8 forecast_capacity_signal=99.0 predicted=99 required_steps=5
2026-07-14 02:13:26 [info     ] algorithm2_scaling_decision    action=MAINTAIN alpha=0.060060060060060066 beta=0.0 buffer=1.0 current_replicas=7 predicted_load=99.0 required_resources=5.946 target_replicas=6
2026-07-14 02:13:26 [info     ] algorithm2_decision            action=MAINTAIN applied_target=6 current_replicas=7 hold_until=1783970097.0 observed_load=73.73 observed_target=5 point_forecasts=[88.32405090332031, 87.59339904785156, 88.60028839111328, 87.63941955566406, 88.48066711425781, 88.2059555053711, 88.41014099121094, 88.02105712890625, 87.0053939819336] prediction_age_sec=0.07 predictive_target=6 proactive=True scenario=s4-hybrid-predictive target_replicas=6 upper_forecasts=[97.96503448486328, 97.88148498535156, 98.34326934814453, 98.2156982421875, 98.77488708496094, 98.79762268066406, 99.36759185791016, 98.69004821777344, 98.12413787841797]
2026-07-14 02:13:26 [debug    ] Decision loop completed        action=MAINTAIN latency_ms=120.13 p99=232.48776371308017
2026-07-14 02:13:42 [debug    ] HAProxy fallback latency       delta_requests=1329 interval_avg_ms=112.69 max_rtime_ms=352.0 p99_est=225.38
2026-07-14 02:13:42 [debug    ] GRU prediction received        confidence=0.8 latency_ms=5.57 predicted=98
2026-07-14 02:13:42 [debug    ] Using GRU prediction           confidence=0.8 forecast_capacity_signal=98.0 predicted=98 required_steps=5
2026-07-14 02:13:42 [info     ] algorithm2_scaling_decision    action=MAINTAIN alpha=0.060060060060060066 beta=0.0 buffer=1.0 current_replicas=7 predicted_load=98.0 required_resources=5.886 target_replicas=6
2026-07-14 02:13:42 [info     ] algorithm2_decision            action=MAINTAIN applied_target=6 current_replicas=7 hold_until=1783970112.1 observed_load=83.12 observed_target=5 point_forecasts=[86.88209533691406, 86.24472045898438, 87.21511840820312, 86.6087875366211, 86.97000885009766, 86.81423950195312, 86.83264923095703, 86.6234359741211, 85.87574768066406] prediction_age_sec=0.07 predictive_target=6 proactive=True scenario=s4-hybrid-predictive target_replicas=6 upper_forecasts=[96.52307891845703, 96.53280639648438, 96.95809936523438, 97.18506622314453, 97.26422882080078, 97.4059066772461, 97.79010009765625, 97.29242706298828, 96.99449157714844]
2026-07-14 02:13:42 [debug    ] Decision loop completed        action=MAINTAIN latency_ms=119.85 p99=225.38299473288185
2026-07-14 02:13:57 [debug    ] GRU prediction received        confidence=0.8 latency_ms=5.86 predicted=93
2026-07-14 02:13:57 [debug    ] Using GRU prediction           confidence=0.8 forecast_capacity_signal=93.0 predicted=93 required_steps=5
2026-07-14 02:13:57 [info     ] algorithm2_scaling_decision    action=MAINTAIN alpha=0.060060060060060066 beta=0.0 buffer=1.0 current_replicas=7 predicted_load=93.0 required_resources=5.586 target_replicas=6
2026-07-14 02:13:57 [info     ] algorithm2_decision            action=MAINTAIN applied_target=6 current_replicas=7 hold_until=1783970127.2 observed_load=79.6 observed_target=5 point_forecasts=[82.71553802490234, 81.65340423583984, 82.82140350341797, 82.294677734375, 82.30704498291016, 82.44556427001953, 82.43614959716797, 82.05509185791016, 81.41449737548828] prediction_age_sec=0.08 predictive_target=6 proactive=True scenario=s4-hybrid-predictive target_replicas=6 upper_forecasts=[92.35652160644531, 91.94149017333984, 92.56438446044922, 92.87095642089844, 92.60126495361328, 93.0372314453125, 93.39360046386719, 92.72408294677734, 92.53324127197266]
2026-07-14 02:13:57 [debug    ] Decision loop completed        action=MAINTAIN latency_ms=122.45 p99=225.38299473288185
2026-07-14 02:14:12 [debug    ] GRU prediction received        confidence=0.8 latency_ms=5.8 predicted=86
2026-07-14 02:14:12 [debug    ] Using GRU prediction           confidence=0.8 forecast_capacity_signal=86.0 predicted=86 required_steps=5
2026-07-14 02:14:12 [info     ] algorithm2_scaling_decision    action=MAINTAIN alpha=0.060060060060060066 beta=0.0 buffer=1.0 current_replicas=7 predicted_load=86.0 required_resources=5.165 target_replicas=6
2026-07-14 02:14:12 [info     ] algorithm2_decision            action=MAINTAIN applied_target=6 current_replicas=7 hold_until=1783970142.4 observed_load=60.97 observed_target=4 point_forecasts=[75.50259399414062, 73.49951171875, 75.28360748291016, 73.74561309814453, 74.38514709472656, 74.68561553955078, 75.02394104003906, 74.06790161132812, 73.16714477539062] prediction_age_sec=0.07 predictive_target=6 proactive=True scenario=s4-hybrid-predictive target_replicas=6 upper_forecasts=[85.1435775756836, 83.78759765625, 85.0265884399414, 84.32189178466797, 84.67936706542969, 85.27728271484375, 85.98139190673828, 84.73689270019531, 84.285888671875]
2026-07-14 02:14:12 [debug    ] Decision loop completed        action=MAINTAIN latency_ms=122.54 p99=225.38299473288185
2026-07-14 02:14:27 [debug    ] HAProxy fallback latency       delta_requests=703 interval_avg_ms=64.0 max_rtime_ms=352.0 p99_est=128.0
2026-07-14 02:14:27 [debug    ] GRU prediction received        confidence=0.8 latency_ms=6.21 predicted=80
2026-07-14 02:14:27 [debug    ] Using GRU prediction           confidence=0.8 forecast_capacity_signal=80.0 predicted=80 required_steps=5
2026-07-14 02:14:27 [info     ] algorithm2_scaling_decision    action=SCALE_DOWN alpha=0.060060060060060066 beta=0.0 buffer=1.0 current_replicas=7 predicted_load=80.0 required_resources=4.805 target_replicas=5
2026-07-14 02:14:27 [info     ] algorithm2_decision            action=SCALE_DOWN applied_target=5 current_replicas=7 hold_until=1783970157.5 observed_load=48.57 observed_target=3 point_forecasts=[68.9868392944336, 66.88484191894531, 68.90800476074219, 67.3198471069336, 67.89795684814453, 68.38676452636719, 68.7711181640625, 67.49275207519531, 66.6744155883789] prediction_age_sec=0.08 predictive_target=5 proactive=True scenario=s4-hybrid-predictive target_replicas=5 upper_forecasts=[78.62782287597656, 77.17292785644531, 78.65098571777344, 77.89612579345703, 78.19217681884766, 78.97843170166016, 79.72856903076172, 78.1617431640625, 77.79315948486328]
2026-07-14 02:14:27 [debug    ] Decision loop completed        action=MAINTAIN latency_ms=122.36 p99=128.0
2026-07-14 02:14:42 [debug    ] HAProxy fallback latency       delta_requests=693 interval_avg_ms=64.0 max_rtime_ms=352.0 p99_est=128.0
2026-07-14 02:14:42 [debug    ] GRU prediction received        confidence=0.8 latency_ms=5.55 predicted=74
2026-07-14 02:14:42 [debug    ] Using GRU prediction           confidence=0.8 forecast_capacity_signal=74.0 predicted=74 required_steps=5
2026-07-14 02:14:42 [info     ] algorithm2_scaling_decision    action=SCALE_DOWN alpha=0.060060060060060066 beta=0.0 buffer=1.0 current_replicas=7 predicted_load=74.0 required_resources=4.444 target_replicas=5
2026-07-14 02:14:42 [info     ] algorithm2_decision            action=SCALE_DOWN applied_target=5 current_replicas=7 hold_until=1783970172.6 observed_load=46.16 observed_target=3 point_forecasts=[63.542842864990234, 61.720951080322266, 63.532867431640625, 62.22956848144531, 62.576011657714844, 63.15308380126953, 63.47735595703125, 62.127845764160156, 61.49803161621094] prediction_age_sec=0.08 predictive_target=5 proactive=True scenario=s4-hybrid-predictive target_replicas=5 upper_forecasts=[73.18382263183594, 72.009033203125, 73.27584838867188, 72.80584716796875, 72.87023162841797, 73.7447509765625, 74.43480682373047, 72.79683685302734, 72.61677551269531]
2026-07-14 02:14:42 [debug    ] Decision loop completed        action=MAINTAIN latency_ms=128.97 p99=128.0
2026-07-14 02:14:57 [debug    ] HAProxy fallback latency       delta_requests=652 interval_avg_ms=64.0 max_rtime_ms=352.0 p99_est=128.0
2026-07-14 02:14:57 [debug    ] GRU prediction received        confidence=0.8 latency_ms=6.12 predicted=70
2026-07-14 02:14:57 [debug    ] Using GRU prediction           confidence=0.8 forecast_capacity_signal=70.0 predicted=70 required_steps=5
2026-07-14 02:14:57 [info     ] algorithm2_scaling_decision    action=SCALE_DOWN alpha=0.060060060060060066 beta=0.0 buffer=1.0 current_replicas=7 predicted_load=70.0 required_resources=4.204 target_replicas=5
2026-07-14 02:14:57 [info     ] algorithm2_decision            action=SCALE_DOWN applied_target=5 current_replicas=7 hold_until=1783970187.7 observed_load=44.46 observed_target=3 point_forecasts=[58.73628234863281, 57.18975830078125, 58.78306579589844, 57.7453498840332, 57.89752960205078, 58.525047302246094, 58.77693557739258, 57.41766357421875, 56.985565185546875] prediction_age_sec=0.08 predictive_target=5 proactive=True scenario=s4-hybrid-predictive target_replicas=5 upper_forecasts=[68.37726593017578, 67.47784423828125, 68.52604675292969, 68.32162475585938, 68.1917495727539, 69.11671447753906, 69.73438262939453, 68.08665466308594, 68.10430908203125]
2026-07-14 02:14:57 [info     ] k8s_scale_executed             deployment=test-app-warm replicas=5
2026-07-14 02:14:57 [debug    ] Decision loop completed        action=MAINTAIN latency_ms=161.94 p99=128.0
2026-07-14 02:15:12 [debug    ] HAProxy fallback latency       delta_requests=641 interval_avg_ms=64.0 max_rtime_ms=352.0 p99_est=128.0
2026-07-14 02:15:12 [debug    ] GRU prediction received        confidence=0.8 latency_ms=6.02 predicted=66
2026-07-14 02:15:12 [debug    ] Using GRU prediction           confidence=0.8 forecast_capacity_signal=66.0 predicted=66 required_steps=5
2026-07-14 02:15:12 [info     ] algorithm2_scaling_decision    action=MAINTAIN alpha=0.060060060060060066 beta=0.0 buffer=1.0 current_replicas=5 predicted_load=66.0 required_resources=3.964 target_replicas=4
2026-07-14 02:15:12 [info     ] algorithm2_decision            action=MAINTAIN applied_target=4 current_replicas=5 hold_until=1783970202.9 observed_load=42.72 observed_target=3 point_forecasts=[54.831329345703125, 53.532798767089844, 54.922447204589844, 54.103668212890625, 54.126461029052734, 54.75567626953125, 54.921878814697266, 53.629947662353516, 53.363670349121094] prediction_age_sec=0.07 predictive_target=4 proactive=True scenario=s4-hybrid-predictive target_replicas=4 upper_forecasts=[64.4723129272461, 63.82088088989258, 64.6654281616211, 64.67994689941406, 64.42068481445312, 65.34734344482422, 65.87932586669922, 64.29894256591797, 64.48241424560547]
2026-07-14 02:15:12 [debug    ] Decision loop completed        action=MAINTAIN latency_ms=122.05 p99=128.0
2026-07-14 02:15:27 [debug    ] HAProxy fallback latency       delta_requests=849 interval_avg_ms=143.43 max_rtime_ms=352.0 p99_est=286.86
2026-07-14 02:15:27 [debug    ] GRU prediction received        confidence=0.8 latency_ms=6.05 predicted=65
2026-07-14 02:15:27 [debug    ] Using GRU prediction           confidence=0.8 forecast_capacity_signal=65.0 predicted=65 required_steps=5
2026-07-14 02:15:28 [info     ] algorithm2_scaling_decision    action=MAINTAIN alpha=0.060060060060060066 beta=0.0 buffer=1.0 current_replicas=5 predicted_load=65.0 required_resources=3.904 target_replicas=4
2026-07-14 02:15:28 [info     ] algorithm2_decision            action=MAINTAIN applied_target=4 current_replicas=5 hold_until=1783970218.0 observed_load=49.18 observed_target=3 point_forecasts=[54.06075668334961, 53.022212982177734, 54.201255798339844, 53.43257522583008, 53.586219787597656, 54.11387634277344, 54.036720275878906, 53.105064392089844, 53.00260925292969] prediction_age_sec=0.08 predictive_target=4 proactive=True scenario=s4-hybrid-predictive target_replicas=4 upper_forecasts=[63.70173645019531, 63.31029510498047, 63.944236755371094, 64.00885009765625, 63.88043975830078, 64.7055435180664, 64.99417114257812, 63.77405548095703, 64.12135314941406]
2026-07-14 02:15:28 [debug    ] Decision loop completed        action=MAINTAIN latency_ms=124.18 p99=286.8551236749117
2026-07-14 02:15:43 [debug    ] HAProxy fallback latency       delta_requests=1067 interval_avg_ms=65.0 max_rtime_ms=352.0 p99_est=130.0
2026-07-14 02:15:43 [debug    ] GRU prediction received        confidence=0.8 latency_ms=5.8 predicted=67
2026-07-14 02:15:43 [debug    ] Using GRU prediction           confidence=0.8 forecast_capacity_signal=67.0 predicted=67 required_steps=5
2026-07-14 02:15:43 [debug    ] Proactive amplification        amplified=101.5 approach_ratio=0.85 load_trend=6.2 raw_pred=67
2026-07-14 02:15:43 [info     ] algorithm2_scaling_decision    action=MAINTAIN alpha=0.060060060060060066 beta=0.0 buffer=1.0 current_replicas=5 predicted_load=67.0 required_resources=4.024 target_replicas=5
2026-07-14 02:15:43 [info     ] algorithm2_decision            action=MAINTAIN applied_target=5 current_replicas=5 hold_until=1783970233.1 observed_load=63.28 observed_target=4 point_forecasts=[56.34293746948242, 55.49209213256836, 56.51005554199219, 55.652061462402344, 56.09624481201172, 56.47901153564453, 56.10268783569336, 55.65655517578125, 55.71649932861328] prediction_age_sec=0.07 predictive_target=5 proactive=True scenario=s4-hybrid-predictive target_replicas=5 upper_forecasts=[65.98391723632812, 65.7801742553711, 66.25303649902344, 66.22834014892578, 66.39046478271484, 67.0706787109375, 67.06013488769531, 66.32554626464844, 66.83524322509766]
2026-07-14 02:15:43 [debug    ] Decision loop completed        action=MAINTAIN latency_ms=123.82 p99=130.0
2026-07-14 02:15:58 [debug    ] HAProxy fallback latency       delta_requests=1074 interval_avg_ms=129.78 max_rtime_ms=352.0 p99_est=259.56
2026-07-14 02:15:58 [debug    ] GRU prediction received        confidence=0.8 latency_ms=5.87 predicted=70
2026-07-14 02:15:58 [debug    ] Using GRU prediction           confidence=0.8 forecast_capacity_signal=70.0 predicted=70 required_steps=5
2026-07-14 02:15:58 [debug    ] Proactive amplification        amplified=105.9 approach_ratio=0.85 load_trend=7.0 raw_pred=70
2026-07-14 02:15:58 [info     ] algorithm2_scaling_decision    action=MAINTAIN alpha=0.060060060060060066 beta=0.0 buffer=1.0 current_replicas=5 predicted_load=70.78016731442683 required_resources=4.251 target_replicas=5
2026-07-14 02:15:58 [info     ] algorithm2_decision            action=MAINTAIN applied_target=5 current_replicas=5 hold_until=1783970233.1 observed_load=70.78 observed_target=5 point_forecasts=[59.19148254394531, 58.6163330078125, 59.202392578125, 58.69154739379883, 58.940093994140625, 59.20600128173828, 58.79194641113281, 58.646827697753906, 58.85666275024414] prediction_age_sec=0.08 predictive_target=5 proactive=False scenario=s4-hybrid-predictive target_replicas=5 upper_forecasts=[68.83246612548828, 68.9044189453125, 68.94537353515625, 69.267822265625, 69.23431396484375, 69.79766845703125, 69.74939727783203, 69.3158187866211, 69.97540283203125]
2026-07-14 02:15:58 [debug    ] Decision loop completed        action=MAINTAIN latency_ms=125.21 p99=259.5623836126629
2026-07-14 02:16:13 [debug    ] HAProxy fallback latency       delta_requests=1051 interval_avg_ms=66.0 max_rtime_ms=352.0 p99_est=132.0
2026-07-14 02:16:13 [debug    ] GRU prediction received        confidence=0.8 latency_ms=5.61 predicted=73
2026-07-14 02:16:13 [debug    ] Using GRU prediction           confidence=0.8 forecast_capacity_signal=73.0 predicted=73 required_steps=5
2026-07-14 02:16:13 [debug    ] Proactive amplification        amplified=103.4 approach_ratio=0.83 load_trend=6.8 raw_pred=73
2026-07-14 02:16:13 [info     ] algorithm2_scaling_decision    action=MAINTAIN alpha=0.060060060060060066 beta=0.0 buffer=1.0 current_replicas=5 predicted_load=70.24696839417072 required_resources=4.219 target_replicas=5
2026-07-14 02:16:13 [info     ] algorithm2_decision            action=MAINTAIN applied_target=5 current_replicas=5 hold_until=1783970233.1 observed_load=70.25 observed_target=5 point_forecasts=[61.604042053222656, 61.13595962524414, 61.48709487915039, 61.19281005859375, 61.270721435546875, 61.4826545715332, 61.11687088012695, 61.098846435546875, 61.3851203918457] prediction_age_sec=0.07 predictive_target=5 proactive=False scenario=s4-hybrid-predictive target_replicas=5 upper_forecasts=[71.24502563476562, 71.42404174804688, 71.23007202148438, 71.76908874511719, 71.56494140625, 72.07432556152344, 72.0743179321289, 71.76783752441406, 72.50386047363281]
2026-07-14 02:16:13 [debug    ] Decision loop completed        action=MAINTAIN latency_ms=121.89 p99=132.0
2026-07-14 02:16:28 [debug    ] GRU prediction received        confidence=0.8 latency_ms=6.25 predicted=75
2026-07-14 02:16:28 [debug    ] Using GRU prediction           confidence=0.8 forecast_capacity_signal=75.0 predicted=75 required_steps=5
2026-07-14 02:16:28 [debug    ] Proactive amplification        amplified=89.8 approach_ratio=0.85 load_trend=3.8 raw_pred=75
2026-07-14 02:16:28 [info     ] algorithm2_scaling_decision    action=MAINTAIN alpha=0.060060060060060066 beta=0.0 buffer=1.0 current_replicas=5 predicted_load=70.25392224548412 required_resources=4.219 target_replicas=5
2026-07-14 02:16:28 [info     ] algorithm2_decision            action=MAINTAIN applied_target=5 current_replicas=5 hold_until=1783970233.1 observed_load=70.25 observed_target=5 point_forecasts=[63.991424560546875, 63.580142974853516, 63.77305221557617, 63.61017608642578, 63.576236724853516, 63.760528564453125, 63.43042755126953, 63.499717712402344, 63.82752227783203] prediction_age_sec=0.07 predictive_target=5 proactive=False scenario=s4-hybrid-predictive target_replicas=5 upper_forecasts=[73.63240814208984, 73.86822509765625, 73.51603698730469, 74.18645477294922, 73.87045288085938, 74.3521957397461, 74.38787841796875, 74.16870880126953, 74.9462661743164]
2026-07-14 02:16:28 [debug    ] Decision loop completed        action=MAINTAIN latency_ms=124.74 p99=132.0
2026-07-14 02:16:43 [debug    ] HAProxy fallback latency       delta_requests=1141 interval_avg_ms=65.0 max_rtime_ms=352.0 p99_est=130.0
2026-07-14 02:16:43 [debug    ] GRU prediction received        confidence=0.8 latency_ms=5.64 predicted=78
2026-07-14 02:16:43 [debug    ] Using GRU prediction           confidence=0.8 forecast_capacity_signal=78.0 predicted=78 required_steps=5
2026-07-14 02:16:43 [info     ] algorithm2_scaling_decision    action=MAINTAIN alpha=0.060060060060060066 beta=0.0 buffer=1.0 current_replicas=5 predicted_load=73.23275459166743 required_resources=4.398 target_replicas=5
2026-07-14 02:16:43 [info     ] algorithm2_decision            action=MAINTAIN applied_target=5 current_replicas=5 hold_until=1783970233.1 observed_load=73.23 observed_target=5 point_forecasts=[66.89098358154297, 66.63211822509766, 66.58272552490234, 66.6030044555664, 66.43267822265625, 66.58667755126953, 66.25303649902344, 66.47492980957031, 66.85430145263672] prediction_age_sec=0.08 predictive_target=5 proactive=False scenario=s4-hybrid-predictive target_replicas=5 upper_forecasts=[76.53196716308594, 76.92020416259766, 76.3257064819336, 77.17928314208984, 76.72689819335938, 77.1783447265625, 77.21048736572266, 77.1439208984375, 77.9730453491211]
2026-07-14 02:16:43 [debug    ] Decision loop completed        action=MAINTAIN latency_ms=127.63 p99=130.0
2026-07-14 02:16:58 [debug    ] HAProxy fallback latency       delta_requests=1415 interval_avg_ms=117.48 max_rtime_ms=352.0 p99_est=234.96
2026-07-14 02:16:58 [debug    ] GRU prediction received        confidence=0.8 latency_ms=6.26 predicted=86
2026-07-14 02:16:58 [debug    ] Using GRU prediction           confidence=0.8 forecast_capacity_signal=86.0 predicted=86 required_steps=5
2026-07-14 02:16:58 [debug    ] Proactive amplification        amplified=121.4 approach_ratio=1.12 load_trend=5.6 raw_pred=86
2026-07-14 02:16:58 [info     ] Knative pre-warm OK            cold_start_ms=11.6
2026-07-14 02:16:58 [info     ] controller_decision_v3         action=PREDICTIVE available_replicas=5 budget_remaining=990 burn_adjustment=0 burst_ratio=0.1087 capacity_deficit=False confidence=0.8 current_load=93.40579944337783 decision_id=1692ebbd k8s_capacity=83.2 k8s_weight=89 knative_weight=11 p99=235.0 predicted_load=86 r_effective=16.6 serverless_enabled=True total_load=93.4 weights_after={'k3s': 89, 'knative': 11} weights_before={'k3s': 100, 'knative': 0}
2026-07-14 02:16:58 [info     ] Weights updated                k3s=89 knative=11
2026-07-14 02:16:58 [info     ] Weights updated                action=PREDICTIVE reason='load=93RPS | k8s_cap=83RPS | (prediction-driven)' weights={'k3s': 89, 'knative': 11}
2026-07-14 02:16:58 [info     ] algorithm2_scaling_decision    action=SCALE_UP alpha=0.060060060060060066 beta=0.0 buffer=1.0 current_replicas=5 predicted_load=84.422108358222 required_resources=5.07 target_replicas=6
2026-07-14 02:16:58 [info     ] algorithm2_decision            action=SCALE_UP applied_target=6 current_replicas=5 hold_until=1783970233.1 observed_load=84.42 observed_target=6 point_forecasts=[73.75894165039062, 74.42420196533203, 73.7293930053711, 74.64771270751953, 73.73914337158203, 73.85958862304688, 72.95999908447266, 73.9797592163086, 74.86930847167969] prediction_age_sec=0.09 predictive_target=6 proactive=False scenario=s4-hybrid-predictive target_replicas=6 upper_forecasts=[83.3999252319336, 84.71228790283203, 83.47237396240234, 85.22399139404297, 84.03336334228516, 84.45125579833984, 83.91744995117188, 84.64875030517578, 85.98805236816406]
2026-07-14 02:16:58 [info     ] k8s_scale_executed             deployment=test-app-warm replicas=6
2026-07-14 02:16:58 [debug    ] Decision loop completed        action=PREDICTIVE latency_ms=176.49 p99=234.95547703180213
2026-07-14 02:17:13 [debug    ] HAProxy fallback latency       delta_requests=1643 interval_avg_ms=66.0 max_rtime_ms=352.0 p99_est=132.0
2026-07-14 02:17:13 [debug    ] GRU prediction received        confidence=0.8 latency_ms=5.8 predicted=96
2026-07-14 02:17:13 [debug    ] Using GRU prediction           confidence=0.8 forecast_capacity_signal=96.0 predicted=96 required_steps=5
2026-07-14 02:17:13 [debug    ] Proactive amplification        amplified=156.9 approach_ratio=1.08 load_trend=9.7 raw_pred=96
2026-07-14 02:17:13 [info     ] controller_decision_v3         action=RECOVERY available_replicas=6 budget_remaining=990 burn_adjustment=0 burst_ratio=0.0778 capacity_deficit=False confidence=0.8 current_load=108.32264472400655 decision_id=7156711e k8s_capacity=99.9 k8s_weight=92 knative_weight=8 p99=132.0 predicted_load=96 r_effective=16.6 serverless_enabled=True total_load=108.3 weights_after={'k3s': 92, 'knative': 8} weights_before={'k3s': 89, 'knative': 11}
2026-07-14 02:17:13 [info     ] Weights updated                k3s=92 knative=8
2026-07-14 02:17:13 [info     ] Weights updated                action=RECOVERY reason='load=108RPS | k8s_cap=100RPS | (reducing-serverless)' weights={'k3s': 92, 'knative': 8}
2026-07-14 02:17:13 [info     ] Scale readiness observed       elapsed_sec=15.2 ewma_delay=43.4 samples=10 target=6
2026-07-14 02:17:13 [info     ] algorithm2_scaling_decision    action=SCALE_UP alpha=0.060060060060060066 beta=0.0 buffer=1.0 current_replicas=6 predicted_load=100.8642220836922 required_resources=6.058 target_replicas=7
2026-07-14 02:17:13 [info     ] algorithm2_decision            action=SCALE_UP applied_target=7 current_replicas=6 hold_until=1783970233.1 observed_load=100.86 observed_target=7 point_forecasts=[82.543701171875, 84.09393310546875, 83.22168731689453, 85.13052368164062, 83.39595794677734, 83.48394775390625, 81.99102020263672, 83.61293029785156, 84.94514465332031] prediction_age_sec=0.11 predictive_target=6 proactive=False scenario=s4-hybrid-predictive target_replicas=7 upper_forecasts=[92.18468475341797, 94.38201904296875, 92.96466827392578, 95.70680236816406, 93.69017791748047, 94.07561492919922, 92.94847106933594, 94.28192138671875, 96.06388854980469]
2026-07-14 02:17:14 [info     ] k8s_scale_executed             deployment=test-app-warm replicas=7
2026-07-14 02:17:14 [debug    ] Decision loop completed        action=RECOVERY latency_ms=202.8 p99=132.0
2026-07-14 02:17:29 [debug    ] HAProxy fallback latency       delta_requests=1439 interval_avg_ms=66.0 max_rtime_ms=352.0 p99_est=132.0
2026-07-14 02:17:29 [debug    ] GRU prediction received        confidence=0.8 latency_ms=7.46 predicted=100
2026-07-14 02:17:29 [debug    ] Using GRU prediction           confidence=0.8 forecast_capacity_signal=100.1 predicted=100 required_steps=4
2026-07-14 02:17:29 [debug    ] Proactive amplification        amplified=124.3 approach_ratio=0.81 load_trend=5.9 raw_pred=100
2026-07-14 02:17:29 [info     ] controller_decision_v3         action=RECOVERY available_replicas=7 budget_remaining=990 burn_adjustment=0 burst_ratio=0 capacity_deficit=False confidence=0.8 current_load=94.71788884696838 decision_id=26c962c7 k8s_capacity=116.5 k8s_weight=100 knative_weight=0 p99=132.0 predicted_load=100 r_effective=16.6 serverless_enabled=False total_load=94.7 weights_after={'k3s': 100, 'knative': 0} weights_before={'k3s': 92, 'knative': 8}
2026-07-14 02:17:29 [info     ] Weights updated                k3s=100 knative=0
2026-07-14 02:17:29 [info     ] Weights updated                action=RECOVERY reason='load=95RPS | k8s_cap=117RPS | (reducing-serverless)' weights={'k3s': 100, 'knative': 0}
2026-07-14 02:17:29 [info     ] Scale readiness observed       elapsed_sec=15.2 ewma_delay=35.0 samples=11 target=7
2026-07-14 02:17:29 [info     ] algorithm2_scaling_decision    action=MAINTAIN alpha=0.060060060060060066 beta=0.0 buffer=1.0 current_replicas=7 predicted_load=101.52026678548746 required_resources=6.097 target_replicas=7
2026-07-14 02:17:29 [info     ] algorithm2_decision            action=MAINTAIN applied_target=7 current_replicas=7 hold_until=1783970233.1 observed_load=101.52 observed_target=7 point_forecasts=[86.97615814208984, 88.407470703125, 87.90509796142578, 89.49443817138672, 87.82868194580078, 87.97618103027344, 86.67127227783203, 88.016845703125, 89.04012298583984] prediction_age_sec=0.11 predictive_target=7 proactive=False scenario=s4-hybrid-predictive target_replicas=7 upper_forecasts=[96.61714172363281, 98.695556640625, 97.64807891845703, 100.07071685791016, 98.1229019165039, 98.5678482055664, 97.62872314453125, 98.68583679199219, 100.15886688232422]
2026-07-14 02:17:29 [debug    ] Decision loop completed        action=RECOVERY latency_ms=158.02 p99=132.0
2026-07-14 02:17:44 [debug    ] HAProxy fallback latency       delta_requests=1168 interval_avg_ms=66.0 max_rtime_ms=352.0 p99_est=132.0
2026-07-14 02:17:44 [debug    ] GRU prediction received        confidence=0.8 latency_ms=5.77 predicted=99
2026-07-14 02:17:44 [debug    ] Using GRU prediction           confidence=0.8 forecast_capacity_signal=99.0 predicted=99 required_steps=4
2026-07-14 02:17:44 [info     ] algorithm2_scaling_decision    action=MAINTAIN alpha=0.060060060060060066 beta=0.0 buffer=1.0 current_replicas=7 predicted_load=85.88719581480636 required_resources=5.158 target_replicas=6
2026-07-14 02:17:44 [info     ] algorithm2_decision            action=MAINTAIN applied_target=6 current_replicas=7 hold_until=1783970233.1 observed_load=85.89 observed_target=6 point_forecasts=[86.19815063476562, 87.12803649902344, 87.06141662597656, 88.01817321777344, 86.81443786621094, 87.00514221191406, 86.02584075927734, 86.97402954101562, 87.40941619873047] prediction_age_sec=0.07 predictive_target=6 proactive=False scenario=s4-hybrid-predictive target_replicas=6 upper_forecasts=[95.8391342163086, 97.41612243652344, 96.80439758300781, 98.59445190429688, 97.10865783691406, 97.59680938720703, 96.98329162597656, 97.64302062988281, 98.52816009521484]
2026-07-14 02:17:44 [debug    ] Decision loop completed        action=MAINTAIN latency_ms=121.41 p99=132.0
2026-07-14 02:17:59 [debug    ] GRU prediction received        confidence=0.8 latency_ms=6.47 predicted=92
2026-07-14 02:17:59 [debug    ] Using GRU prediction           confidence=0.8 forecast_capacity_signal=92.4 predicted=92 required_steps=4
2026-07-14 02:17:59 [info     ] algorithm2_scaling_decision    action=MAINTAIN alpha=0.060060060060060066 beta=0.0 buffer=1.0 current_replicas=7 predicted_load=92.41908264160156 required_resources=5.551 target_replicas=6
2026-07-14 02:17:59 [info     ] algorithm2_decision            action=MAINTAIN applied_target=6 current_replicas=7 hold_until=1783970369.4 observed_load=68.45 observed_target=5 point_forecasts=[81.457763671875, 81.17007446289062, 81.63348388671875, 81.84280395507812, 81.16558837890625, 81.41265869140625, 80.95509338378906, 81.21831512451172, 81.21440124511719] prediction_age_sec=0.07 predictive_target=6 proactive=True scenario=s4-hybrid-predictive target_replicas=6 upper_forecasts=[91.09874725341797, 91.45816040039062, 91.37646484375, 92.41908264160156, 91.45980834960938, 92.00432586669922, 91.91254425048828, 91.8873062133789, 92.33314514160156]
2026-07-14 02:17:59 [debug    ] Decision loop completed        action=MAINTAIN latency_ms=118.87 p99=132.0
2026-07-14 02:18:14 [debug    ] HAProxy fallback latency       delta_requests=688 interval_avg_ms=64.0 max_rtime_ms=352.0 p99_est=128.0
2026-07-14 02:18:14 [debug    ] GRU prediction received        confidence=0.8 latency_ms=5.94 predicted=84
2026-07-14 02:18:14 [debug    ] Using GRU prediction           confidence=0.8 forecast_capacity_signal=84.0 predicted=84 required_steps=4
2026-07-14 02:18:14 [info     ] algorithm2_scaling_decision    action=MAINTAIN alpha=0.060060060060060066 beta=0.0 buffer=1.0 current_replicas=7 predicted_load=84.0 required_resources=5.045 target_replicas=6
2026-07-14 02:18:14 [info     ] algorithm2_decision            action=MAINTAIN applied_target=6 current_replicas=7 hold_until=1783970384.5 observed_load=52.68 observed_target=4 point_forecasts=[73.6630630493164, 71.9710464477539, 73.42353820800781, 72.13508605957031, 72.53739166259766, 72.88908386230469, 73.10242462158203, 72.34231567382812, 71.73939514160156] prediction_age_sec=0.07 predictive_target=6 proactive=True scenario=s4-hybrid-predictive target_replicas=6 upper_forecasts=[83.30404663085938, 82.2591323852539, 83.16651916503906, 82.71136474609375, 82.83161163330078, 83.48075103759766, 84.05987548828125, 83.01130676269531, 82.85813903808594]
2026-07-14 02:18:14 [debug    ] Decision loop completed        action=MAINTAIN latency_ms=124.78 p99=128.0
2026-07-14 02:18:29 [debug    ] GRU prediction received        confidence=0.8 latency_ms=7.85 predicted=78
2026-07-14 02:18:29 [debug    ] Using GRU prediction           confidence=0.8 forecast_capacity_signal=78.0 predicted=78 required_steps=4
2026-07-14 02:18:29 [info     ] algorithm2_scaling_decision    action=SCALE_DOWN alpha=0.060060060060060066 beta=0.0 buffer=1.0 current_replicas=7 predicted_load=78.0 required_resources=4.685 target_replicas=5
2026-07-14 02:18:29 [info     ] algorithm2_decision            action=SCALE_DOWN applied_target=5 current_replicas=7 hold_until=1783970399.7 observed_load=44.47 observed_target=3 point_forecasts=[67.15571594238281, 65.18467712402344, 67.10356140136719, 65.58219909667969, 66.10677337646484, 66.64501953125, 66.91121673583984, 65.75121307373047, 65.1257095336914] prediction_age_sec=0.07 predictive_target=5 proactive=True scenario=s4-hybrid-predictive target_replicas=5 upper_forecasts=[76.79669952392578, 75.47276306152344, 76.84654235839844, 76.15847778320312, 76.40099334716797, 77.23668670654297, 77.86866760253906, 76.42020416259766, 76.24445343017578]
2026-07-14 02:18:29 [info     ] k8s_scale_executed             deployment=test-app-warm replicas=5
2026-07-14 02:18:29 [debug    ] Decision loop completed        action=MAINTAIN latency_ms=162.93 p99=128.0
2026-07-14 02:18:44 [debug    ] HAProxy fallback latency       delta_requests=674 interval_avg_ms=63.0 max_rtime_ms=352.0 p99_est=126.0
2026-07-14 02:18:44 [debug    ] GRU prediction received        confidence=0.8 latency_ms=5.96 predicted=73
2026-07-14 02:18:44 [debug    ] Using GRU prediction           confidence=0.8 forecast_capacity_signal=73.0 predicted=73 required_steps=4
2026-07-14 02:18:44 [info     ] algorithm2_scaling_decision    action=MAINTAIN alpha=0.060060060060060066 beta=0.0 buffer=1.0 current_replicas=5 predicted_load=73.0 required_resources=4.384 target_replicas=5
2026-07-14 02:18:44 [info     ] algorithm2_decision            action=MAINTAIN applied_target=5 current_replicas=5 hold_until=1783970414.8 observed_load=43.94 observed_target=3 point_forecasts=[61.99821472167969, 60.28466033935547, 62.00635528564453, 60.7641716003418, 61.069557189941406, 61.68202590942383, 61.915775299072266, 60.64281463623047, 60.176666259765625] prediction_age_sec=0.07 predictive_target=5 proactive=True scenario=s4-hybrid-predictive target_replicas=5 upper_forecasts=[71.63919830322266, 70.57274627685547, 71.74933624267578, 71.3404541015625, 71.36377716064453, 72.27369689941406, 72.87322235107422, 71.31180572509766, 71.29541015625]
2026-07-14 02:18:44 [debug    ] Decision loop completed        action=MAINTAIN latency_ms=123.26 p99=126.0
2026-07-14 02:18:59 [debug    ] HAProxy fallback latency       delta_requests=784 interval_avg_ms=167.86 max_rtime_ms=352.0 p99_est=335.73
2026-07-14 02:18:59 [debug    ] GRU prediction received        confidence=0.8 latency_ms=6.15 predicted=70
2026-07-14 02:18:59 [debug    ] Using GRU prediction           confidence=0.8 forecast_capacity_signal=70.0 predicted=70 required_steps=4
2026-07-14 02:18:59 [info     ] algorithm2_scaling_decision    action=MAINTAIN alpha=0.060060060060060066 beta=0.0 buffer=1.0 current_replicas=5 predicted_load=70.0 required_resources=4.204 target_replicas=5
2026-07-14 02:18:59 [info     ] algorithm2_decision            action=MAINTAIN applied_target=5 current_replicas=5 hold_until=1783970430.0 observed_load=48.14 observed_target=3 point_forecasts=[59.02827453613281, 57.620574951171875, 59.11347961425781, 58.044132232666016, 58.31949996948242, 58.902931213378906, 58.97834396362305, 57.86372375488281, 57.56718444824219] prediction_age_sec=0.08 predictive_target=5 proactive=True scenario=s4-hybrid-predictive target_replicas=5 upper_forecasts=[68.66925811767578, 67.90866088867188, 68.85646057128906, 68.62040710449219, 68.61372375488281, 69.49459838867188, 69.935791015625, 68.53271484375, 68.68592834472656]
2026-07-14 02:18:59 [debug    ] Decision loop completed        action=MAINTAIN latency_ms=126.66 p99=335.7270408163265
2026-07-14 02:19:14 [debug    ] HAProxy fallback latency       delta_requests=852 interval_avg_ms=161.49 max_rtime_ms=352.0 p99_est=322.99
2026-07-14 02:19:15 [debug    ] GRU prediction received        confidence=0.8 latency_ms=6.09 predicted=69
2026-07-14 02:19:15 [debug    ] Using GRU prediction           confidence=0.8 forecast_capacity_signal=69.0 predicted=69 required_steps=4
2026-07-14 02:19:15 [info     ] algorithm2_scaling_decision    action=MAINTAIN alpha=0.060060060060060066 beta=0.0 buffer=1.0 current_replicas=5 predicted_load=69.0 required_resources=4.144 target_replicas=5
2026-07-14 02:19:15 [info     ] algorithm2_decision            action=MAINTAIN applied_target=5 current_replicas=5 hold_until=1783970445.1 observed_load=54.08 observed_target=4 point_forecasts=[57.665470123291016, 56.48418426513672, 57.79285430908203, 56.82246780395508, 57.13252258300781, 57.65940856933594, 57.57484436035156, 56.67631912231445, 56.52674102783203] prediction_age_sec=0.08 predictive_target=5 proactive=True scenario=s4-hybrid-predictive target_replicas=5 upper_forecasts=[67.30644989013672, 66.77227020263672, 67.53583526611328, 67.39874267578125, 67.42674255371094, 68.2510757446289, 68.53229522705078, 67.3453140258789, 67.6454849243164]
2026-07-14 02:19:15 [debug    ] Decision loop completed        action=MAINTAIN latency_ms=124.8 p99=322.98826291079814
2026-07-14 02:19:30 [debug    ] HAProxy fallback latency       delta_requests=706 interval_avg_ms=65.0 max_rtime_ms=352.0 p99_est=130.0
2026-07-14 02:19:30 [debug    ] GRU prediction received        confidence=0.8 latency_ms=7.44 predicted=66
2026-07-14 02:19:30 [debug    ] Using GRU prediction           confidence=0.8 forecast_capacity_signal=66.0 predicted=66 required_steps=4
2026-07-14 02:19:30 [info     ] algorithm2_scaling_decision    action=MAINTAIN alpha=0.060060060060060066 beta=0.0 buffer=1.0 current_replicas=5 predicted_load=69.0 required_resources=4.144 target_replicas=5
2026-07-14 02:19:30 [info     ] algorithm2_decision            action=MAINTAIN applied_target=5 current_replicas=5 hold_until=1783970445.1 observed_load=51.5 observed_target=4 point_forecasts=[55.29212951660156, 54.20258712768555, 55.42158889770508, 54.60673522949219, 54.789337158203125, 55.30632019042969, 55.23915100097656, 54.33540344238281, 54.23719787597656] prediction_age_sec=0.07 predictive_target=4 proactive=True scenario=s4-hybrid-predictive target_replicas=5 upper_forecasts=[64.93311309814453, 64.49066925048828, 65.16456604003906, 65.18301391601562, 65.08355712890625, 65.89798736572266, 66.19660186767578, 65.00439453125, 65.35594177246094]
2026-07-14 02:19:30 [debug    ] Decision loop completed        action=MAINTAIN latency_ms=119.05 p99=130.0
2026-07-14 02:19:45 [debug    ] GRU prediction received        confidence=0.8 latency_ms=5.82 predicted=63
2026-07-14 02:19:45 [debug    ] Using GRU prediction           confidence=0.8 forecast_capacity_signal=63.0 predicted=63 required_steps=4
2026-07-14 02:19:45 [info     ] algorithm2_scaling_decision    action=MAINTAIN alpha=0.060060060060060066 beta=0.0 buffer=1.0 current_replicas=5 predicted_load=63.0 required_resources=3.784 target_replicas=4
2026-07-14 02:19:45 [info     ] algorithm2_decision            action=MAINTAIN applied_target=4 current_replicas=5 hold_until=1783970475.3 observed_load=42.39 observed_target=3 point_forecasts=[51.97766876220703, 50.943260192871094, 52.09563064575195, 51.4703483581543, 51.45654296875, 51.99340057373047, 52.0030632019043, 50.990665435791016, 50.92759323120117] prediction_age_sec=0.07 predictive_target=4 proactive=True scenario=s4-hybrid-predictive target_replicas=4 upper_forecasts=[61.61865234375, 61.23134231567383, 61.8386116027832, 62.046627044677734, 61.750762939453125, 62.58506774902344, 62.96051025390625, 61.65966033935547, 62.04633331298828]
2026-07-14 02:19:45 [debug    ] Decision loop completed        action=MAINTAIN latency_ms=120.37 p99=130.0
2026-07-14 02:20:00 [debug    ] HAProxy fallback latency       delta_requests=586 interval_avg_ms=64.0 max_rtime_ms=352.0 p99_est=128.0
2026-07-14 02:20:00 [debug    ] GRU prediction received        confidence=0.8 latency_ms=6.45 predicted=60
2026-07-14 02:20:00 [debug    ] Using GRU prediction           confidence=0.8 forecast_capacity_signal=60.0 predicted=60 required_steps=4
2026-07-14 02:20:00 [info     ] algorithm2_scaling_decision    action=MAINTAIN alpha=0.060060060060060066 beta=0.0 buffer=1.0 current_replicas=5 predicted_load=60.0 required_resources=3.604 target_replicas=4
2026-07-14 02:20:00 [info     ] algorithm2_decision            action=MAINTAIN applied_target=4 current_replicas=5 hold_until=1783970490.4 observed_load=38.39 observed_target=3 point_forecasts=[49.275203704833984, 48.3404655456543, 49.39640426635742, 48.9124870300293, 48.801544189453125, 49.31747817993164, 49.324859619140625, 48.32564926147461, 48.30954360961914] prediction_age_sec=0.08 predictive_target=4 proactive=True scenario=s4-hybrid-predictive target_replicas=4 upper_forecasts=[58.91618347167969, 58.62854766845703, 59.13938522338867, 59.488765716552734, 59.09576416015625, 59.90914535522461, 60.282310485839844, 58.99464416503906, 59.42828369140625]
2026-07-14 02:20:00 [debug    ] Decision loop completed        action=MAINTAIN latency_ms=127.23 p99=128.0
2026-07-14 02:20:15 [debug    ] HAProxy fallback latency       delta_requests=608 interval_avg_ms=64.0 max_rtime_ms=352.0 p99_est=128.0
2026-07-14 02:20:15 [debug    ] GRU prediction received        confidence=0.8 latency_ms=6.17 predicted=58
2026-07-14 02:20:15 [debug    ] Using GRU prediction           confidence=0.8 forecast_capacity_signal=58.0 predicted=58 required_steps=4
2026-07-14 02:20:15 [info     ] algorithm2_scaling_decision    action=MAINTAIN alpha=0.060060060060060066 beta=0.0 buffer=1.0 current_replicas=5 predicted_load=58.0 required_resources=3.483 target_replicas=4
2026-07-14 02:20:15 [info     ] algorithm2_decision            action=MAINTAIN applied_target=4 current_replicas=5 hold_until=1783970505.6 observed_load=39.44 observed_target=3 point_forecasts=[47.327659606933594, 46.499114990234375, 47.4533805847168, 47.07693862915039, 46.929813385009766, 47.39211654663086, 47.363555908203125, 46.4510612487793, 46.47634506225586] prediction_age_sec=0.07 predictive_target=4 proactive=True scenario=s4-hybrid-predictive target_replicas=4 upper_forecasts=[56.96864318847656, 56.78719711303711, 57.19636154174805, 57.65321731567383, 57.22403335571289, 57.98378372192383, 58.321006774902344, 57.12005615234375, 57.59508514404297]
2026-07-14 02:20:15 [debug    ] Decision loop completed        action=MAINTAIN latency_ms=116.49 p99=128.0
2026-07-14 02:20:30 [debug    ] HAProxy fallback latency       delta_requests=631 interval_avg_ms=64.0 max_rtime_ms=352.0 p99_est=128.0
2026-07-14 02:20:30 [debug    ] GRU prediction received        confidence=0.8 latency_ms=6.2 predicted=57
2026-07-14 02:20:30 [debug    ] Using GRU prediction           confidence=0.8 forecast_capacity_signal=57.0 predicted=57 required_steps=4
2026-07-14 02:20:30 [info     ] algorithm2_scaling_decision    action=MAINTAIN alpha=0.060060060060060066 beta=0.0 buffer=1.0 current_replicas=5 predicted_load=57.0 required_resources=3.423 target_replicas=4
2026-07-14 02:20:30 [info     ] algorithm2_decision            action=MAINTAIN applied_target=4 current_replicas=5 hold_until=1783970520.7 observed_load=40.97 observed_target=3 point_forecasts=[46.064151763916016, 45.320735931396484, 46.1834716796875, 45.888282775878906, 45.7342529296875, 46.13665008544922, 46.063873291015625, 45.25709533691406, 45.330562591552734] prediction_age_sec=0.07 predictive_target=4 proactive=True scenario=s4-hybrid-predictive target_replicas=4 upper_forecasts=[55.70513153076172, 55.60881805419922, 55.92645263671875, 56.464561462402344, 56.028472900390625, 56.72831726074219, 57.021324157714844, 55.92608642578125, 56.449302673339844]
2026-07-14 02:20:30 [debug    ] Decision loop completed        action=MAINTAIN latency_ms=120.44 p99=128.0
2026-07-14 02:20:45 [debug    ] HAProxy fallback latency       delta_requests=667 interval_avg_ms=64.0 max_rtime_ms=352.0 p99_est=128.0
2026-07-14 02:20:45 [debug    ] GRU prediction received        confidence=0.8 latency_ms=5.54 predicted=56
2026-07-14 02:20:45 [debug    ] Using GRU prediction           confidence=0.8 forecast_capacity_signal=56.0 predicted=56 required_steps=4
2026-07-14 02:20:45 [info     ] algorithm2_scaling_decision    action=MAINTAIN alpha=0.060060060060060066 beta=0.0 buffer=1.0 current_replicas=5 predicted_load=56.0 required_resources=3.363 target_replicas=4
2026-07-14 02:20:45 [info     ] algorithm2_decision            action=MAINTAIN applied_target=4 current_replicas=5 hold_until=1783970535.8 observed_load=42.93 observed_target=3 point_forecasts=[45.510799407958984, 44.83552551269531, 45.62168884277344, 45.37415313720703, 45.24687957763672, 45.58375930786133, 45.45628356933594, 44.77727127075195, 44.8962287902832] prediction_age_sec=0.07 predictive_target=4 proactive=True scenario=s4-hybrid-predictive target_replicas=4 upper_forecasts=[55.15177917480469, 55.12360763549805, 55.36466979980469, 55.95043182373047, 55.541099548339844, 56.1754264831543, 56.413734436035156, 55.446266174316406, 56.01496887207031]
2026-07-14 02:20:45 [debug    ] Decision loop completed        action=MAINTAIN latency_ms=118.5 p99=128.0
2026-07-14 02:21:00 [debug    ] HAProxy fallback latency       delta_requests=747 interval_avg_ms=181.25 max_rtime_ms=352.0 p99_est=352.0
2026-07-14 02:21:00 [debug    ] GRU prediction received        confidence=0.8 latency_ms=6.25 predicted=57
2026-07-14 02:21:00 [debug    ] Using GRU prediction           confidence=0.8 forecast_capacity_signal=57.0 predicted=57 required_steps=4
2026-07-14 02:21:00 [info     ] algorithm2_scaling_decision    action=MAINTAIN alpha=0.060060060060060066 beta=0.0 buffer=1.0 current_replicas=5 predicted_load=57.0 required_resources=3.423 target_replicas=4
2026-07-14 02:21:00 [info     ] algorithm2_decision            action=MAINTAIN applied_target=4 current_replicas=5 hold_until=1783970550.9 observed_load=46.76 observed_target=3 point_forecasts=[46.047115325927734, 45.430946350097656, 46.15185546875, 45.8948974609375, 45.8590087890625, 46.12306213378906, 45.90340042114258, 45.405494689941406, 45.57754135131836] prediction_age_sec=0.07 predictive_target=4 proactive=True scenario=s4-hybrid-predictive target_replicas=4 upper_forecasts=[55.68809509277344, 55.71902847290039, 55.89483642578125, 56.47117614746094, 56.153228759765625, 56.71472930908203, 56.86084747314453, 56.074485778808594, 56.69628143310547]
2026-07-14 02:21:00 [debug    ] Decision loop completed        action=MAINTAIN latency_ms=121.12 p99=352.0
2026-07-14 02:21:15 [debug    ] GRU prediction received        confidence=0.8 latency_ms=6.07 predicted=52
2026-07-14 02:21:15 [debug    ] Using GRU prediction           confidence=0.8 forecast_capacity_signal=52.1 predicted=52 required_steps=4
2026-07-14 02:21:16 [info     ] algorithm2_scaling_decision    action=MAINTAIN alpha=0.060060060060060066 beta=0.0 buffer=1.0 current_replicas=5 predicted_load=52.084529876708984 required_resources=3.128 target_replicas=4
2026-07-14 02:21:16 [info     ] algorithm2_decision            action=MAINTAIN applied_target=4 current_replicas=5 hold_until=1783970566.0 observed_load=33.37 observed_target=3 point_forecasts=[41.41685485839844, 40.696693420410156, 41.471805572509766, 41.50825119018555, 41.05424880981445, 41.407962799072266, 41.526451110839844, 40.554744720458984, 40.678993225097656] prediction_age_sec=0.08 predictive_target=4 proactive=True scenario=s4-hybrid-predictive target_replicas=4 upper_forecasts=[51.057838439941406, 50.98477554321289, 51.214786529541016, 52.084529876708984, 51.34846878051758, 51.999629974365234, 52.48390197753906, 51.22373962402344, 51.797733306884766]
2026-07-14 02:21:16 [debug    ] Decision loop completed        action=MAINTAIN latency_ms=128.19 p99=352.0
2026-07-14 02:21:31 [debug    ] GRU prediction received        confidence=0.8 latency_ms=5.87 predicted=46
2026-07-14 02:21:31 [debug    ] Using GRU prediction           confidence=0.8 forecast_capacity_signal=46.0 predicted=46 required_steps=4
2026-07-14 02:21:31 [info     ] algorithm2_scaling_decision    action=MAINTAIN alpha=0.060060060060060066 beta=0.0 buffer=1.0 current_replicas=5 predicted_load=52.084529876708984 required_resources=3.128 target_replicas=4
2026-07-14 02:21:31 [info     ] algorithm2_decision            action=MAINTAIN applied_target=4 current_replicas=5 hold_until=1783970566.0 observed_load=8.66 observed_target=3 point_forecasts=[34.677669525146484, 33.91148376464844, 34.68034362792969, 35.066009521484375, 34.14514923095703, 34.63410949707031, 35.076324462890625, 33.58720016479492, 33.70687484741211] prediction_age_sec=0.07 predictive_target=3 proactive=True scenario=s4-hybrid-predictive target_replicas=4 upper_forecasts=[44.31864929199219, 44.19956588745117, 44.42332458496094, 45.64228820800781, 44.439369201660156, 45.22577667236328, 46.033775329589844, 44.256195068359375, 44.82561492919922]
2026-07-14 02:21:31 [debug    ] Decision loop completed        action=MAINTAIN latency_ms=125.64 p99=352.0
2026-07-14 02:21:46 [debug    ] GRU prediction received        confidence=0.8 latency_ms=6.37 predicted=40
2026-07-14 02:21:46 [debug    ] Using GRU prediction           confidence=0.8 forecast_capacity_signal=40.2 predicted=40 required_steps=4
2026-07-14 02:21:46 [info     ] algorithm2_scaling_decision    action=MAINTAIN alpha=0.060060060060060066 beta=0.0 buffer=1.0 current_replicas=5 predicted_load=52.084529876708984 required_resources=3.128 target_replicas=4
2026-07-14 02:21:46 [info     ] algorithm2_decision            action=MAINTAIN applied_target=4 current_replicas=5 hold_until=1783970566.0 observed_load=0.0 observed_target=3 point_forecasts=[28.941757202148438, 28.273082733154297, 28.938274383544922, 29.586017608642578, 28.422454833984375, 28.89873504638672, 29.470138549804688, 27.846115112304688, 27.913475036621094] prediction_age_sec=0.07 predictive_target=3 proactive=True scenario=s4-hybrid-predictive target_replicas=4 upper_forecasts=[38.582740783691406, 38.56116485595703, 38.68125534057617, 40.162296295166016, 38.7166748046875, 39.49040222167969, 40.427589416503906, 38.515106201171875, 39.0322151184082]
2026-07-14 02:21:46 [debug    ] Decision loop completed        action=MAINTAIN latency_ms=123.71 p99=352.0
2026-07-14 02:22:01 [debug    ] GRU prediction received        confidence=0.8 latency_ms=7.33 predicted=36
2026-07-14 02:22:01 [debug    ] Using GRU prediction           confidence=0.8 forecast_capacity_signal=36.0 predicted=36 required_steps=4
2026-07-14 02:22:01 [info     ] algorithm2_scaling_decision    action=MAINTAIN alpha=0.060060060060060066 beta=0.0 buffer=1.0 current_replicas=5 predicted_load=52.084529876708984 required_resources=3.128 target_replicas=4
2026-07-14 02:22:01 [info     ] algorithm2_decision            action=MAINTAIN applied_target=4 current_replicas=5 hold_until=1783970566.0 observed_load=0.0 observed_target=3 point_forecasts=[24.196311950683594, 23.648414611816406, 24.176029205322266, 25.067394256591797, 23.751239776611328, 24.124034881591797, 24.756183624267578, 23.163959503173828, 23.178138732910156] prediction_age_sec=0.07 predictive_target=3 proactive=True scenario=s4-hybrid-predictive target_replicas=4 upper_forecasts=[33.83729553222656, 33.93649673461914, 33.919010162353516, 35.643672943115234, 34.04545974731445, 34.715702056884766, 35.71363067626953, 33.83295440673828, 34.296878814697266]
2026-07-14 02:22:01 [debug    ] Decision loop completed        action=MAINTAIN latency_ms=117.06 p99=352.0
2026-07-14 02:22:06 [info     ] Received shutdown signal
2026-07-14 02:22:06 [info     ] Stopping routing daemon...
2026-07-14 02:22:06 [info     ] Routing daemon stopped
