2026-09-13 21:05:41 [info     ] SLOMonitor initialized         threshold_ms=200.0 violation_window=30
2026-09-13 21:05:41 [info     ] Algorithm1ControllerV3 initialized max_knative=50 r_saturation=33.3 target_cpu_util=0.5 total_budget=1000
2026-09-13 21:05:41 [info     ] controller_selected            kind=Algorithm1ControllerV3 scenario=s4-hybrid-predictive version=v3
2026-09-13 21:05:41 [info     ] HAProxyWeightAdjuster initialized backend=servers host=localhost port=19999
2026-09-13 21:05:41 [info     ] GRUClient initialized          base_url=http://localhost:8090
2026-09-13 21:05:41 [info     ] K8sScaler initialized          deployment=test-app-warm namespace=default
2026-09-13 21:05:41 [info     ] RoutingDaemon initialized      decision_interval=15 description='Algorithm 1 with GRU predictions (Algorithm 2)' scenario=s4-hybrid-predictive use_algorithm=True use_predictions=True
2026-09-13 21:05:41 [info     ] Starting routing daemon        interval=15 scenario=s4-hybrid-predictive
2026-09-13 21:05:41 [info     ] Weights updated                k3s=80 knative=20
2026-09-13 21:05:41 [info     ] Initial weights applied        k3s=80 knative=20
2026-09-13 21:05:41 [info     ] Model status validated         prediction_horizon=9 sample_interval_sec=15 sequence_length=30
2026-09-13 21:05:41 [info     ] Model status validated on first eligible cycle prediction_horizon=9 sequence_length=30
2026-09-13 21:05:41 [info     ] controller_decision_v3         action=RECOVERY available_replicas=3 budget_remaining=1000 burn_adjustment=0 burst_ratio=0 capacity_deficit=False confidence=0 current_load=2.4 decision_id=1a10a998 k8s_capacity=49.9 k8s_weight=100 knative_weight=0 p99=82.0 predicted_load=0 r_effective=16.6 serverless_enabled=False total_load=2.4 weights_after={'k3s': 100, 'knative': 0} weights_before={'k3s': 80, 'knative': 20}
2026-09-13 21:05:41 [info     ] Weights updated                k3s=100 knative=0
2026-09-13 21:05:41 [info     ] Weights updated                action=RECOVERY reason='load=2RPS | k8s_cap=50RPS | (reducing-serverless)' weights={'k3s': 100, 'knative': 0}
2026-09-13 21:05:41 [info     ] algorithm2_scaling_decision    action=MAINTAIN alpha=0.060060060060060066 beta=0.0 buffer=1.0 current_replicas=3 predicted_load=2.4 required_resources=0.144 target_replicas=3
2026-09-13 21:05:41 [info     ] algorithm2_decision            action=MAINTAIN applied_target=3 current_replicas=3 hold_until=0.0 observed_load=2.4 observed_target=3 point_forecasts=None prediction_age_sec=None predictive_target=3 proactive=False scenario=s4-hybrid-predictive target_replicas=3 upper_forecasts=None
2026-09-13 21:05:41 [debug    ] Decision loop completed        action=RECOVERY latency_ms=140.13 p99=82.00000000000004
2026-09-13 21:05:57 [info     ] algorithm2_scaling_decision    action=MAINTAIN alpha=0.060060060060060066 beta=0.0 buffer=1.0 current_replicas=3 predicted_load=2.334628611111111 required_resources=0.14 target_replicas=3
2026-09-13 21:05:57 [info     ] algorithm2_decision            action=MAINTAIN applied_target=3 current_replicas=3 hold_until=0.0 observed_load=2.33 observed_target=3 point_forecasts=None prediction_age_sec=None predictive_target=3 proactive=False scenario=s4-hybrid-predictive target_replicas=3 upper_forecasts=None
2026-09-13 21:05:57 [debug    ] Decision loop completed        action=MAINTAIN latency_ms=106.38 p99=86.5
2026-09-13 21:06:12 [info     ] algorithm2_scaling_decision    action=MAINTAIN alpha=0.060060060060060066 beta=0.0 buffer=1.0 current_replicas=3 predicted_load=2.2664858333333333 required_resources=0.136 target_replicas=3
2026-09-13 21:06:12 [info     ] algorithm2_decision            action=MAINTAIN applied_target=3 current_replicas=3 hold_until=0.0 observed_load=2.27 observed_target=3 point_forecasts=None prediction_age_sec=None predictive_target=3 proactive=False scenario=s4-hybrid-predictive target_replicas=3 upper_forecasts=None
2026-09-13 21:06:12 [debug    ] Decision loop completed        action=MAINTAIN latency_ms=106.28 p99=0.99
2026-09-13 21:06:27 [info     ] algorithm2_scaling_decision    action=MAINTAIN alpha=0.060060060060060066 beta=0.0 buffer=1.0 current_replicas=3 predicted_load=5.969611666666668 required_resources=0.359 target_replicas=3
2026-09-13 21:06:27 [info     ] algorithm2_decision            action=MAINTAIN applied_target=3 current_replicas=3 hold_until=0.0 observed_load=5.97 observed_target=3 point_forecasts=None prediction_age_sec=None predictive_target=3 proactive=False scenario=s4-hybrid-predictive target_replicas=3 upper_forecasts=None
2026-09-13 21:06:27 [debug    ] Decision loop completed        action=MAINTAIN latency_ms=104.81 p99=99.88970588235296
2026-09-13 21:06:42 [info     ] algorithm2_scaling_decision    action=MAINTAIN alpha=0.060060060060060066 beta=0.0 buffer=1.0 current_replicas=3 predicted_load=16.91180333333333 required_resources=1.016 target_replicas=3
2026-09-13 21:06:42 [info     ] algorithm2_decision            action=MAINTAIN applied_target=3 current_replicas=3 hold_until=0.0 observed_load=16.91 observed_target=3 point_forecasts=None prediction_age_sec=None predictive_target=3 proactive=False scenario=s4-hybrid-predictive target_replicas=3 upper_forecasts=None
2026-09-13 21:06:42 [debug    ] Decision loop completed        action=MAINTAIN latency_ms=116.99 p99=100.39999999999837
2026-09-13 21:06:57 [info     ] algorithm2_scaling_decision    action=MAINTAIN alpha=0.060060060060060066 beta=0.0 buffer=1.0 current_replicas=3 predicted_load=30.39396 required_resources=1.825 target_replicas=3
2026-09-13 21:06:57 [info     ] algorithm2_decision            action=MAINTAIN applied_target=3 current_replicas=3 hold_until=0.0 observed_load=30.39 observed_target=3 point_forecasts=None prediction_age_sec=None predictive_target=3 proactive=False scenario=s4-hybrid-predictive target_replicas=3 upper_forecasts=None
2026-09-13 21:06:57 [debug    ] Decision loop completed        action=MAINTAIN latency_ms=109.1 p99=110.28571428571328
2026-09-13 21:07:12 [info     ] algorithm2_scaling_decision    action=MAINTAIN alpha=0.060060060060060066 beta=0.0 buffer=1.0 current_replicas=3 predicted_load=39.81991111111112 required_resources=2.392 target_replicas=3
2026-09-13 21:07:12 [info     ] algorithm2_decision            action=MAINTAIN applied_target=3 current_replicas=3 hold_until=0.0 observed_load=39.82 observed_target=3 point_forecasts=None prediction_age_sec=None predictive_target=3 proactive=False scenario=s4-hybrid-predictive target_replicas=3 upper_forecasts=None
2026-09-13 21:07:12 [debug    ] Decision loop completed        action=MAINTAIN latency_ms=103.24 p99=140.9166666666667
2026-09-13 21:07:27 [info     ] algorithm2_scaling_decision    action=MAINTAIN alpha=0.060060060060060066 beta=0.0 buffer=1.0 current_replicas=3 predicted_load=46.43333333333334 required_resources=2.789 target_replicas=3
2026-09-13 21:07:27 [info     ] algorithm2_decision            action=MAINTAIN applied_target=3 current_replicas=3 hold_until=0.0 observed_load=46.43 observed_target=3 point_forecasts=None prediction_age_sec=None predictive_target=3 proactive=False scenario=s4-hybrid-predictive target_replicas=3 upper_forecasts=None
2026-09-13 21:07:27 [debug    ] Decision loop completed        action=MAINTAIN latency_ms=108.04 p99=117.54545454545466
2026-09-13 21:07:42 [warning  ] Knative pre-warm non-200       status=404
2026-09-13 21:07:42 [info     ] controller_decision_v3         action=REACTIVE available_replicas=3 budget_remaining=1000 burn_adjustment=0 burst_ratio=0.0583 capacity_deficit=False confidence=0 current_load=53.044444444444444 decision_id=d60997c9 k8s_capacity=49.9 k8s_weight=94 knative_weight=6 p99=122.9 predicted_load=0 r_effective=16.6 serverless_enabled=True total_load=53.0 weights_after={'k3s': 94, 'knative': 6} weights_before={'k3s': 100, 'knative': 0}
2026-09-13 21:07:42 [info     ] Weights updated                k3s=94 knative=6
2026-09-13 21:07:42 [info     ] Weights updated                action=REACTIVE reason='load=53RPS | k8s_cap=50RPS | (burst-routing)' weights={'k3s': 94, 'knative': 6}
2026-09-13 21:07:42 [info     ] algorithm2_scaling_decision    action=SCALE_UP alpha=0.060060060060060066 beta=0.0 buffer=1.0 current_replicas=3 predicted_load=51.45555555555556 required_resources=3.09 target_replicas=4
2026-09-13 21:07:42 [info     ] algorithm2_decision            action=SCALE_UP applied_target=4 current_replicas=3 hold_until=0.0 observed_load=51.46 observed_target=4 point_forecasts=None prediction_age_sec=None predictive_target=3 proactive=False scenario=s4-hybrid-predictive target_replicas=4 upper_forecasts=None
2026-09-13 21:07:42 [info     ] k8s_scale_executed             deployment=test-app-warm replicas=4
2026-09-13 21:07:42 [debug    ] Decision loop completed        action=REACTIVE latency_ms=150.93 p99=122.90000000000012
2026-09-13 21:07:57 [info     ] controller_decision_v3         action=RECOVERY available_replicas=3 budget_remaining=1000 burn_adjustment=0 burst_ratio=0.0137 capacity_deficit=False confidence=0 current_load=50.64444444444445 decision_id=d503ed39 k8s_capacity=49.9 k8s_weight=98 knative_weight=2 p99=99.7 predicted_load=0 r_effective=16.6 serverless_enabled=True total_load=50.6 weights_after={'k3s': 98, 'knative': 2} weights_before={'k3s': 94, 'knative': 6}
2026-09-13 21:07:57 [info     ] Weights updated                k3s=98 knative=2
2026-09-13 21:07:57 [info     ] Weights updated                action=RECOVERY reason='load=51RPS | k8s_cap=50RPS | (reducing-serverless)' weights={'k3s': 98, 'knative': 2}
2026-09-13 21:07:57 [info     ] algorithm2_scaling_decision    action=MAINTAIN alpha=0.060060060060060066 beta=0.0 buffer=1.0 current_replicas=4 predicted_load=51.84444444444445 required_resources=3.114 target_replicas=4
2026-09-13 21:07:57 [info     ] algorithm2_decision            action=MAINTAIN applied_target=4 current_replicas=4 hold_until=0.0 observed_load=51.84 observed_target=4 point_forecasts=None prediction_age_sec=None predictive_target=3 proactive=False scenario=s4-hybrid-predictive target_replicas=4 upper_forecasts=None
2026-09-13 21:07:57 [debug    ] Decision loop completed        action=RECOVERY latency_ms=142.47 p99=99.73409893992934
2026-09-13 21:08:13 [info     ] controller_decision_v3         action=RECOVERY available_replicas=3 budget_remaining=1000 burn_adjustment=0 burst_ratio=0 capacity_deficit=False confidence=0 current_load=40.02222222222223 decision_id=b25f4f6c k8s_capacity=49.9 k8s_weight=100 knative_weight=0 p99=99.5 predicted_load=0 r_effective=16.6 serverless_enabled=False total_load=40.0 weights_after={'k3s': 100, 'knative': 0} weights_before={'k3s': 98, 'knative': 2}
2026-09-13 21:08:13 [info     ] Weights updated                k3s=100 knative=0
2026-09-13 21:08:13 [info     ] Weights updated                action=RECOVERY reason='load=40RPS | k8s_cap=50RPS | (reducing-serverless)' weights={'k3s': 100, 'knative': 0}
2026-09-13 21:08:13 [info     ] algorithm2_scaling_decision    action=MAINTAIN alpha=0.060060060060060066 beta=0.0 buffer=1.0 current_replicas=4 predicted_load=45.33333333333334 required_resources=2.723 target_replicas=3
2026-09-13 21:08:13 [info     ] algorithm2_decision            action=MAINTAIN applied_target=3 current_replicas=4 hold_until=0.0 observed_load=45.33 observed_target=3 point_forecasts=None prediction_age_sec=None predictive_target=3 proactive=False scenario=s4-hybrid-predictive target_replicas=3 upper_forecasts=None
2026-09-13 21:08:13 [debug    ] Decision loop completed        action=RECOVERY latency_ms=135.58 p99=99.4624060150376
2026-09-13 21:08:28 [info     ] algorithm2_scaling_decision    action=MAINTAIN alpha=0.060060060060060066 beta=0.0 buffer=1.0 current_replicas=4 predicted_load=36.18888888888889 required_resources=2.174 target_replicas=3
2026-09-13 21:08:28 [info     ] algorithm2_decision            action=MAINTAIN applied_target=3 current_replicas=4 hold_until=0.0 observed_load=36.19 observed_target=3 point_forecasts=None prediction_age_sec=None predictive_target=3 proactive=False scenario=s4-hybrid-predictive target_replicas=3 upper_forecasts=None
2026-09-13 21:08:28 [debug    ] Decision loop completed        action=MAINTAIN latency_ms=111.9 p99=99.45663265306123
2026-09-13 21:08:43 [info     ] algorithm2_scaling_decision    action=MAINTAIN alpha=0.060060060060060066 beta=0.0 buffer=1.0 current_replicas=4 predicted_load=31.7111111111111 required_resources=1.905 target_replicas=3
2026-09-13 21:08:43 [info     ] algorithm2_decision            action=MAINTAIN applied_target=3 current_replicas=4 hold_until=0.0 observed_load=31.71 observed_target=3 point_forecasts=None prediction_age_sec=None predictive_target=3 proactive=False scenario=s4-hybrid-predictive target_replicas=3 upper_forecasts=None
2026-09-13 21:08:43 [debug    ] Decision loop completed        action=MAINTAIN latency_ms=109.54 p99=109.4999999999992
2026-09-13 21:08:58 [info     ] algorithm2_scaling_decision    action=MAINTAIN alpha=0.060060060060060066 beta=0.0 buffer=1.0 current_replicas=4 predicted_load=35.3 required_resources=2.12 target_replicas=3
2026-09-13 21:08:58 [info     ] algorithm2_decision            action=MAINTAIN applied_target=3 current_replicas=4 hold_until=0.0 observed_load=35.3 observed_target=3 point_forecasts=None prediction_age_sec=None predictive_target=3 proactive=False scenario=s4-hybrid-predictive target_replicas=3 upper_forecasts=None
2026-09-13 21:08:58 [debug    ] Decision loop completed        action=MAINTAIN latency_ms=116.92 p99=137.69230769230785
2026-09-13 21:09:13 [info     ] algorithm2_scaling_decision    action=MAINTAIN alpha=0.060060060060060066 beta=0.0 buffer=1.0 current_replicas=4 predicted_load=43.300000000000004 required_resources=2.601 target_replicas=3
2026-09-13 21:09:13 [info     ] algorithm2_decision            action=MAINTAIN applied_target=3 current_replicas=4 hold_until=0.0 observed_load=43.3 observed_target=3 point_forecasts=None prediction_age_sec=None predictive_target=3 proactive=False scenario=s4-hybrid-predictive target_replicas=3 upper_forecasts=None
2026-09-13 21:09:13 [debug    ] Decision loop completed        action=MAINTAIN latency_ms=101.75 p99=130.45454545454584
2026-09-13 21:09:28 [info     ] algorithm2_scaling_decision    action=MAINTAIN alpha=0.060060060060060066 beta=0.0 buffer=1.0 current_replicas=4 predicted_load=47.66666666666667 required_resources=2.863 target_replicas=3
2026-09-13 21:09:28 [info     ] algorithm2_decision            action=MAINTAIN applied_target=3 current_replicas=4 hold_until=0.0 observed_load=47.67 observed_target=3 point_forecasts=None prediction_age_sec=None predictive_target=3 proactive=False scenario=s4-hybrid-predictive target_replicas=3 upper_forecasts=None
2026-09-13 21:09:28 [debug    ] Decision loop completed        action=MAINTAIN latency_ms=103.99 p99=99.82442067736186
2026-09-13 21:09:43 [info     ] algorithm2_scaling_decision    action=MAINTAIN alpha=0.060060060060060066 beta=0.0 buffer=1.0 current_replicas=4 predicted_load=47.24444444444444 required_resources=2.838 target_replicas=3
2026-09-13 21:09:43 [info     ] algorithm2_decision            action=MAINTAIN applied_target=3 current_replicas=4 hold_until=0.0 observed_load=47.24 observed_target=3 point_forecasts=None prediction_age_sec=None predictive_target=3 proactive=False scenario=s4-hybrid-predictive target_replicas=3 upper_forecasts=None
2026-09-13 21:09:43 [debug    ] Decision loop completed        action=MAINTAIN latency_ms=106.45 p99=110.24999999999925
2026-09-13 21:09:58 [info     ] algorithm2_scaling_decision    action=MAINTAIN alpha=0.060060060060060066 beta=0.0 buffer=1.0 current_replicas=4 predicted_load=47.56666666666667 required_resources=2.857 target_replicas=3
2026-09-13 21:09:58 [info     ] algorithm2_decision            action=MAINTAIN applied_target=3 current_replicas=4 hold_until=0.0 observed_load=47.57 observed_target=3 point_forecasts=None prediction_age_sec=None predictive_target=3 proactive=False scenario=s4-hybrid-predictive target_replicas=3 upper_forecasts=None
2026-09-13 21:09:58 [debug    ] Decision loop completed        action=MAINTAIN latency_ms=108.41 p99=157.8095238095242
2026-09-13 21:10:13 [info     ] Scale readiness observed       elapsed_sec=151.1 ewma_delay=60.0 samples=0 target=4
2026-09-13 21:10:13 [info     ] algorithm2_scaling_decision    action=MAINTAIN alpha=0.060060060060060066 beta=0.0 buffer=1.0 current_replicas=4 predicted_load=53.12222222222222 required_resources=3.191 target_replicas=4
2026-09-13 21:10:13 [info     ] algorithm2_decision            action=MAINTAIN applied_target=4 current_replicas=4 hold_until=0.0 observed_load=53.12 observed_target=4 point_forecasts=None prediction_age_sec=None predictive_target=3 proactive=False scenario=s4-hybrid-predictive target_replicas=4 upper_forecasts=None
2026-09-13 21:10:13 [debug    ] Decision loop completed        action=MAINTAIN latency_ms=108.55 p99=166.3076923076916
2026-09-13 21:10:29 [info     ] algorithm2_scaling_decision    action=MAINTAIN alpha=0.060060060060060066 beta=0.0 buffer=1.0 current_replicas=4 predicted_load=59.72779722222222 required_resources=3.587 target_replicas=4
2026-09-13 21:10:29 [info     ] algorithm2_decision            action=MAINTAIN applied_target=4 current_replicas=4 hold_until=0.0 observed_load=59.73 observed_target=4 point_forecasts=None prediction_age_sec=None predictive_target=3 proactive=False scenario=s4-hybrid-predictive target_replicas=4 upper_forecasts=None
2026-09-13 21:10:29 [debug    ] Decision loop completed        action=MAINTAIN latency_ms=111.51 p99=186.28260869565233
2026-09-13 21:10:44 [info     ] algorithm2_scaling_decision    action=MAINTAIN alpha=0.060060060060060066 beta=0.0 buffer=1.0 current_replicas=4 predicted_load=64.2084386111111 required_resources=3.856 target_replicas=4
2026-09-13 21:10:44 [info     ] algorithm2_decision            action=MAINTAIN applied_target=4 current_replicas=4 hold_until=0.0 observed_load=64.21 observed_target=4 point_forecasts=None prediction_age_sec=None predictive_target=3 proactive=False scenario=s4-hybrid-predictive target_replicas=4 upper_forecasts=None
2026-09-13 21:10:44 [debug    ] Decision loop completed        action=MAINTAIN latency_ms=109.94 p99=192.82608695652178
2026-09-13 21:10:59 [warning  ] Knative pre-warm non-200       status=404
2026-09-13 21:10:59 [info     ] controller_decision_v3         action=REACTIVE available_replicas=4 budget_remaining=999 burn_adjustment=0 burst_ratio=0.0864 capacity_deficit=False confidence=0 current_load=72.89888777777774 decision_id=20f1dd4f k8s_capacity=66.6 k8s_weight=91 knative_weight=9 p99=318.1 predicted_load=0 r_effective=16.6 serverless_enabled=True total_load=72.9 weights_after={'k3s': 91, 'knative': 9} weights_before={'k3s': 100, 'knative': 0}
2026-09-13 21:10:59 [info     ] Weights updated                k3s=91 knative=9
2026-09-13 21:10:59 [info     ] Weights updated                action=REACTIVE reason='load=73RPS | k8s_cap=67RPS | (burst-routing)' weights={'k3s': 91, 'knative': 9}
2026-09-13 21:10:59 [info     ] algorithm2_scaling_decision    action=SCALE_UP alpha=0.060060060060060066 beta=0.0 buffer=1.0 current_replicas=4 predicted_load=69.59675194444442 required_resources=4.18 target_replicas=5
2026-09-13 21:10:59 [info     ] algorithm2_decision            action=SCALE_UP applied_target=5 current_replicas=4 hold_until=0.0 observed_load=69.6 observed_target=5 point_forecasts=None prediction_age_sec=None predictive_target=3 proactive=False scenario=s4-hybrid-predictive target_replicas=5 upper_forecasts=None
2026-09-13 21:10:59 [info     ] k8s_scale_executed             deployment=test-app-warm replicas=5
2026-09-13 21:10:59 [debug    ] Decision loop completed        action=REACTIVE latency_ms=140.47 p99=318.132734999999
2026-09-13 21:11:14 [info     ] controller_decision_v3         action=RECOVERY available_replicas=5 budget_remaining=998 burn_adjustment=0 burst_ratio=0 capacity_deficit=False confidence=0 current_load=82.21538666666662 decision_id=312fc9f3 k8s_capacity=83.2 k8s_weight=100 knative_weight=0 p99=395.7 predicted_load=0 r_effective=16.6 serverless_enabled=False total_load=82.2 weights_after={'k3s': 100, 'knative': 0} weights_before={'k3s': 91, 'knative': 9}
2026-09-13 21:11:14 [info     ] Weights updated                k3s=100 knative=0
2026-09-13 21:11:14 [info     ] Weights updated                action=RECOVERY reason='load=82RPS | k8s_cap=83RPS | (reducing-serverless)' weights={'k3s': 100, 'knative': 0}
2026-09-13 21:11:14 [info     ] Scale readiness observed       elapsed_sec=15.1 ewma_delay=60.0 samples=0 target=5
2026-09-13 21:11:14 [info     ] algorithm2_scaling_decision    action=MAINTAIN alpha=0.060060060060060066 beta=0.0 buffer=1.0 current_replicas=5 predicted_load=77.55713722222218 required_resources=4.658 target_replicas=5
2026-09-13 21:11:14 [info     ] algorithm2_decision            action=MAINTAIN applied_target=5 current_replicas=5 hold_until=0.0 observed_load=77.56 observed_target=5 point_forecasts=None prediction_age_sec=None predictive_target=3 proactive=False scenario=s4-hybrid-predictive target_replicas=5 upper_forecasts=None
2026-09-13 21:11:14 [debug    ] Decision loop completed        action=RECOVERY latency_ms=139.57 p99=395.65853658536577
2026-09-13 21:11:29 [warning  ] Knative pre-warm non-200       status=404
2026-09-13 21:11:29 [info     ] controller_decision_v3         action=REACTIVE available_replicas=5 budget_remaining=997 burn_adjustment=0 burst_ratio=0.0632 capacity_deficit=False confidence=0 current_load=88.86435222222218 decision_id=950b65ee k8s_capacity=83.2 k8s_weight=93 knative_weight=7 p99=459.1 predicted_load=0 r_effective=16.6 serverless_enabled=True total_load=88.9 weights_after={'k3s': 93, 'knative': 7} weights_before={'k3s': 100, 'knative': 0}
2026-09-13 21:11:29 [info     ] Weights updated                k3s=93 knative=7
2026-09-13 21:11:29 [info     ] Weights updated                action=REACTIVE reason='load=89RPS | k8s_cap=83RPS | (burst-routing)' weights={'k3s': 93, 'knative': 7}
2026-09-13 21:11:29 [info     ] algorithm2_scaling_decision    action=SCALE_UP alpha=0.060060060060060066 beta=0.0 buffer=1.0 current_replicas=5 predicted_load=85.5398694444444 required_resources=5.138 target_replicas=6
2026-09-13 21:11:29 [info     ] algorithm2_decision            action=SCALE_UP applied_target=6 current_replicas=5 hold_until=0.0 observed_load=85.54 observed_target=6 point_forecasts=None prediction_age_sec=None predictive_target=3 proactive=False scenario=s4-hybrid-predictive target_replicas=6 upper_forecasts=None
2026-09-13 21:11:29 [info     ] k8s_scale_executed             deployment=test-app-warm replicas=6
2026-09-13 21:11:29 [debug    ] Decision loop completed        action=REACTIVE latency_ms=154.51 p99=459.0865872340424
2026-09-13 21:11:44 [info     ] Scale readiness observed       elapsed_sec=15.1 ewma_delay=60.0 samples=0 target=6
2026-09-13 21:11:44 [info     ] algorithm2_scaling_decision    action=MAINTAIN alpha=0.060060060060060066 beta=0.0 buffer=1.0 current_replicas=6 predicted_load=97.76269916666664 required_resources=5.872 target_replicas=6
2026-09-13 21:11:44 [info     ] algorithm2_decision            action=MAINTAIN applied_target=6 current_replicas=6 hold_until=0.0 observed_load=97.76 observed_target=6 point_forecasts=None prediction_age_sec=None predictive_target=3 proactive=False scenario=s4-hybrid-predictive target_replicas=6 upper_forecasts=None
2026-09-13 21:11:44 [debug    ] Decision loop completed        action=MAINTAIN latency_ms=118.46 p99=467.72706035502944
2026-09-13 21:11:59 [info     ] controller_decision_v3         action=REACTIVE available_replicas=6 budget_remaining=995 burn_adjustment=0 burst_ratio=0.1252 capacity_deficit=False confidence=0 current_load=114.19119722222219 decision_id=cbc7bfef k8s_capacity=99.9 k8s_weight=87 knative_weight=13 p99=435.2 predicted_load=0 r_effective=16.6 serverless_enabled=True total_load=114.2 weights_after={'k3s': 87, 'knative': 13} weights_before={'k3s': 93, 'knative': 7}
2026-09-13 21:11:59 [info     ] Weights updated                k3s=87 knative=13
2026-09-13 21:11:59 [info     ] Weights updated                action=REACTIVE reason='load=114RPS | k8s_cap=100RPS | (burst-routing)' weights={'k3s': 87, 'knative': 13}
2026-09-13 21:11:59 [info     ] algorithm2_scaling_decision    action=SCALE_UP alpha=0.060060060060060066 beta=0.0 buffer=1.0 current_replicas=6 predicted_load=110.42612166666663 required_resources=6.632 target_replicas=7
2026-09-13 21:11:59 [info     ] algorithm2_decision            action=SCALE_UP applied_target=7 current_replicas=6 hold_until=0.0 observed_load=110.43 observed_target=7 point_forecasts=None prediction_age_sec=None predictive_target=3 proactive=False scenario=s4-hybrid-predictive target_replicas=7 upper_forecasts=None
2026-09-13 21:11:59 [info     ] k8s_scale_executed             deployment=test-app-warm replicas=7
2026-09-13 21:11:59 [debug    ] Decision loop completed        action=REACTIVE latency_ms=146.88 p99=435.2093703703705
2026-09-13 21:12:14 [info     ] controller_decision_v3         action=REACTIVE available_replicas=6 budget_remaining=995 burn_adjustment=0 burst_ratio=0.1423 capacity_deficit=False confidence=0 current_load=116.4728155555555 decision_id=e7a3628b k8s_capacity=99.9 k8s_weight=85 knative_weight=15 p99=150.4 predicted_load=0 r_effective=16.6 serverless_enabled=True total_load=116.5 weights_after={'k3s': 85, 'knative': 15} weights_before={'k3s': 87, 'knative': 13}
2026-09-13 21:12:14 [info     ] Weights updated                k3s=85 knative=15
2026-09-13 21:12:14 [info     ] Weights updated                action=REACTIVE reason='load=116RPS | k8s_cap=100RPS | (burst-routing)' weights={'k3s': 85, 'knative': 15}
2026-09-13 21:12:14 [info     ] algorithm2_scaling_decision    action=MAINTAIN alpha=0.060060060060060066 beta=0.0 buffer=1.0 current_replicas=7 predicted_load=115.33200638888884 required_resources=6.927 target_replicas=7
2026-09-13 21:12:14 [info     ] algorithm2_decision            action=MAINTAIN applied_target=7 current_replicas=7 hold_until=0.0 observed_load=115.33 observed_target=7 point_forecasts=None prediction_age_sec=None predictive_target=3 proactive=False scenario=s4-hybrid-predictive target_replicas=7 upper_forecasts=None
2026-09-13 21:12:14 [debug    ] Decision loop completed        action=REACTIVE latency_ms=109.21 p99=150.44827586206915
2026-09-13 21:12:30 [info     ] controller_decision_v3         action=RECOVERY available_replicas=6 budget_remaining=995 burn_adjustment=0 burst_ratio=0.0208 capacity_deficit=False confidence=0 current_load=102.02392777777777 decision_id=a1c742cb k8s_capacity=99.9 k8s_weight=97 knative_weight=3 p99=99.8 predicted_load=0 r_effective=16.6 serverless_enabled=True total_load=102.0 weights_after={'k3s': 97, 'knative': 3} weights_before={'k3s': 85, 'knative': 15}
2026-09-13 21:12:30 [info     ] Weights updated                k3s=97 knative=3
2026-09-13 21:12:30 [info     ] Weights updated                action=RECOVERY reason='load=102RPS | k8s_cap=100RPS | (reducing-serverless)' weights={'k3s': 97, 'knative': 3}
2026-09-13 21:12:30 [info     ] algorithm2_scaling_decision    action=MAINTAIN alpha=0.060060060060060066 beta=0.0 buffer=1.0 current_replicas=7 predicted_load=109.24837166666663 required_resources=6.561 target_replicas=7
2026-09-13 21:12:30 [info     ] algorithm2_decision            action=MAINTAIN applied_target=7 current_replicas=7 hold_until=0.0 observed_load=109.25 observed_target=7 point_forecasts=None prediction_age_sec=None predictive_target=3 proactive=False scenario=s4-hybrid-predictive target_replicas=7 upper_forecasts=None
2026-09-13 21:12:30 [debug    ] Decision loop completed        action=RECOVERY latency_ms=219.29 p99=99.78402107111502
2026-09-13 21:12:45 [info     ] controller_decision_v3         action=RECOVERY available_replicas=6 budget_remaining=995 burn_adjustment=0 burst_ratio=0 capacity_deficit=False confidence=0 current_load=83.90471259259256 decision_id=c5125f38 k8s_capacity=99.9 k8s_weight=100 knative_weight=0 p99=144.1 predicted_load=0 r_effective=16.6 serverless_enabled=False total_load=83.9 weights_after={'k3s': 100, 'knative': 0} weights_before={'k3s': 97, 'knative': 3}
2026-09-13 21:12:45 [info     ] Weights updated                k3s=100 knative=0
2026-09-13 21:12:45 [info     ] Weights updated                action=RECOVERY reason='load=84RPS | k8s_cap=100RPS | (reducing-serverless)' weights={'k3s': 100, 'knative': 0}
2026-09-13 21:12:45 [info     ] algorithm2_scaling_decision    action=MAINTAIN alpha=0.060060060060060066 beta=0.0 buffer=1.0 current_replicas=7 predicted_load=92.96432018518516 required_resources=5.583 target_replicas=6
2026-09-13 21:12:45 [info     ] algorithm2_decision            action=MAINTAIN applied_target=6 current_replicas=7 hold_until=0.0 observed_load=92.96 observed_target=6 point_forecasts=None prediction_age_sec=None predictive_target=3 proactive=False scenario=s4-hybrid-predictive target_replicas=6 upper_forecasts=None
2026-09-13 21:12:45 [debug    ] Decision loop completed        action=RECOVERY latency_ms=151.66 p99=144.10526315789357
2026-09-13 21:13:00 [debug    ] GRU prediction received        confidence=0.6 latency_ms=9.27 predicted=121
2026-09-13 21:13:00 [debug    ] Using GRU prediction           confidence=0.6 forecast_capacity_signal=121.0 predicted=121 required_steps=9
2026-09-13 21:13:00 [info     ] algorithm2_scaling_decision    action=SCALE_UP alpha=0.060060060060060066 beta=0.0 buffer=1.0 current_replicas=7 predicted_load=121.0 required_resources=7.267 target_replicas=8
2026-09-13 21:13:00 [info     ] algorithm2_decision            action=SCALE_UP applied_target=8 current_replicas=7 hold_until=1789308870.5 observed_load=78.35 observed_target=5 point_forecasts=[64.74208068847656, 61.759403228759766, 58.089481353759766, 55.255184173583984, 54.7126350402832, 51.61945343017578, 51.31626510620117, 50.84586715698242, 51.147064208984375] prediction_age_sec=0.07 predictive_target=8 proactive=True scenario=s4-hybrid-predictive target_replicas=8 upper_forecasts=[119.63870239257812, 121.48329162597656, 117.18730163574219, 114.47262573242188, 114.38900756835938, 111.36085510253906, 111.44859313964844, 110.75084686279297, 111.22644805908203]
2026-09-13 21:13:00 [info     ] k8s_scale_executed             deployment=test-app-warm replicas=8
2026-09-13 21:13:00 [debug    ] Decision loop completed        action=MAINTAIN latency_ms=151.84 p99=99.73120494335737
2026-09-13 21:13:15 [debug    ] GRU prediction received        confidence=0.6 latency_ms=9.31 predicted=121
2026-09-13 21:13:15 [debug    ] Using GRU prediction           confidence=0.6 forecast_capacity_signal=121.0 predicted=121 required_steps=9
2026-09-13 21:13:15 [info     ] algorithm2_scaling_decision    action=MAINTAIN alpha=0.060060060060060066 beta=0.0 buffer=1.0 current_replicas=8 predicted_load=121.0 required_resources=7.267 target_replicas=8
2026-09-13 21:13:15 [info     ] algorithm2_decision            action=MAINTAIN applied_target=8 current_replicas=8 hold_until=1789308885.6 observed_load=69.63 observed_target=5 point_forecasts=[63.14530944824219, 61.52328109741211, 58.981266021728516, 55.836875915527344, 55.656951904296875, 53.56992721557617, 53.605499267578125, 53.64847183227539, 53.94622802734375] prediction_age_sec=0.06 predictive_target=8 proactive=True scenario=s4-hybrid-predictive target_replicas=8 upper_forecasts=[118.04193115234375, 121.2471694946289, 118.07908630371094, 115.05431365966797, 115.33332824707031, 113.31132507324219, 113.73782348632812, 113.55345153808594, 114.0256118774414]
2026-09-13 21:13:15 [debug    ] Decision loop completed        action=MAINTAIN latency_ms=115.66 p99=99.5324449594438
2026-09-13 21:13:30 [debug    ] GRU prediction received        confidence=0.6 latency_ms=8.86 predicted=122
2026-09-13 21:13:30 [debug    ] Using GRU prediction           confidence=0.6 forecast_capacity_signal=122.0 predicted=122 required_steps=9
2026-09-13 21:13:30 [info     ] algorithm2_scaling_decision    action=MAINTAIN alpha=0.060060060060060066 beta=0.0 buffer=1.0 current_replicas=8 predicted_load=122.0 required_resources=7.327 target_replicas=8
2026-09-13 21:13:30 [info     ] algorithm2_decision            action=MAINTAIN applied_target=8 current_replicas=8 hold_until=1789308900.7 observed_load=65.82 observed_target=4 point_forecasts=[63.2665901184082, 62.18758010864258, 60.418853759765625, 57.48834228515625, 57.55565643310547, 55.92627716064453, 56.35444259643555, 56.56049346923828, 56.937862396240234] prediction_age_sec=0.06 predictive_target=8 proactive=True scenario=s4-hybrid-predictive target_replicas=8 upper_forecasts=[118.1632080078125, 121.91146850585938, 119.51667022705078, 116.70578002929688, 117.2320327758789, 115.66767883300781, 116.48677062988281, 116.46546936035156, 117.01724243164062]
2026-09-13 21:13:30 [debug    ] Decision loop completed        action=MAINTAIN latency_ms=114.51 p99=99.78736842105265
2026-09-13 21:13:45 [debug    ] GRU prediction received        confidence=0.6 latency_ms=8.97 predicted=126
2026-09-13 21:13:45 [debug    ] Using GRU prediction           confidence=0.6 forecast_capacity_signal=126.0 predicted=126 required_steps=9
2026-09-13 21:13:45 [info     ] algorithm2_scaling_decision    action=MAINTAIN alpha=0.060060060060060066 beta=0.0 buffer=1.0 current_replicas=8 predicted_load=126.0 required_resources=7.568 target_replicas=8
2026-09-13 21:13:45 [info     ] algorithm2_decision            action=MAINTAIN applied_target=8 current_replicas=8 hold_until=1789308915.9 observed_load=72.41 observed_target=5 point_forecasts=[69.74134063720703, 66.68992614746094, 64.76742553710938, 62.21014404296875, 61.90632247924805, 60.5129280090332, 61.18028259277344, 61.09186935424805, 61.29436492919922] prediction_age_sec=0.07 predictive_target=8 proactive=True scenario=s4-hybrid-predictive target_replicas=8 upper_forecasts=[124.63795471191406, 126.413818359375, 123.86524200439453, 121.42758178710938, 121.58270263671875, 120.25433349609375, 121.31260681152344, 120.9968490600586, 121.37374877929688]
2026-09-13 21:13:45 [debug    ] Decision loop completed        action=MAINTAIN latency_ms=121.85 p99=399.4999999999974
2026-09-13 21:14:00 [debug    ] GRU prediction received        confidence=0.6 latency_ms=9.4 predicted=135
2026-09-13 21:14:00 [debug    ] Using GRU prediction           confidence=0.6 forecast_capacity_signal=135.0 predicted=135 required_steps=9
2026-09-13 21:14:00 [debug    ] Proactive amplification        amplified=169.7 approach_ratio=1.03 load_trend=7.5 raw_pred=135
2026-09-13 21:14:00 [warning  ] Knative pre-warm non-200       status=404
2026-09-13 21:14:00 [info     ] controller_decision_v3         action=PREDICTIVE available_replicas=6 budget_remaining=993 burn_adjustment=0 burst_ratio=0.0263 capacity_deficit=False confidence=0.6 current_load=102.6 decision_id=0c0f233b k8s_capacity=99.9 k8s_weight=97 knative_weight=3 p99=1940.6 predicted_load=135 r_effective=16.6 serverless_enabled=True total_load=102.6 weights_after={'k3s': 97, 'knative': 3} weights_before={'k3s': 100, 'knative': 0}
2026-09-13 21:14:00 [info     ] Weights updated                k3s=97 knative=3
2026-09-13 21:14:00 [info     ] Weights updated                action=PREDICTIVE reason='load=103RPS | k8s_cap=100RPS | (prediction-driven)' weights={'k3s': 97, 'knative': 3}
2026-09-13 21:14:00 [info     ] algorithm2_scaling_decision    action=SCALE_UP alpha=0.060060060060060066 beta=0.0 buffer=1.0 current_replicas=8 predicted_load=135.0 required_resources=8.108 target_replicas=9
2026-09-13 21:14:00 [info     ] algorithm2_decision            action=SCALE_UP applied_target=9 current_replicas=8 hold_until=1789308931.0 observed_load=91.12 observed_target=6 point_forecasts=[80.36940002441406, 74.33810424804688, 71.77529907226562, 69.51204681396484, 68.7906265258789, 67.39795684814453, 67.55768585205078, 66.67037200927734, 66.66339111328125] prediction_age_sec=0.07 predictive_target=9 proactive=True scenario=s4-hybrid-predictive target_replicas=9 upper_forecasts=[135.26602172851562, 134.06199645996094, 130.87310791015625, 128.7294921875, 128.46701049804688, 127.13935852050781, 127.69001770019531, 126.57534790039062, 126.7427749633789]
2026-09-13 21:14:01 [info     ] k8s_scale_executed             deployment=test-app-warm replicas=9
2026-09-13 21:14:01 [debug    ] Decision loop completed        action=PREDICTIVE latency_ms=160.04 p99=1940.5714285714294
2026-09-13 21:14:16 [debug    ] GRU prediction received        confidence=0.6 latency_ms=9.21 predicted=144
2026-09-13 21:14:16 [debug    ] Using GRU prediction           confidence=0.6 forecast_capacity_signal=144.0 predicted=144 required_steps=9
2026-09-13 21:14:16 [debug    ] Proactive amplification        amplified=225.9 approach_ratio=1.16 load_trend=12.3 raw_pred=144
2026-09-13 21:14:16 [info     ] controller_decision_v3         action=PREDICTIVE available_replicas=6 budget_remaining=992 burn_adjustment=0 burst_ratio=0.1351 capacity_deficit=False confidence=0.6 current_load=115.51111111111112 decision_id=a7a7ff9c k8s_capacity=99.9 k8s_weight=86 knative_weight=14 p99=1354.3 predicted_load=144 r_effective=16.6 serverless_enabled=True total_load=115.5 weights_after={'k3s': 86, 'knative': 14} weights_before={'k3s': 97, 'knative': 3}
2026-09-13 21:14:16 [info     ] Weights updated                k3s=86 knative=14
2026-09-13 21:14:16 [info     ] Weights updated                action=PREDICTIVE reason='load=116RPS | k8s_cap=100RPS | (prediction-driven)' weights={'k3s': 86, 'knative': 14}
2026-09-13 21:14:16 [info     ] algorithm2_scaling_decision    action=MAINTAIN alpha=0.060060060060060066 beta=0.0 buffer=1.0 current_replicas=9 predicted_load=144.0 required_resources=8.649 target_replicas=9
2026-09-13 21:14:16 [info     ] algorithm2_decision            action=MAINTAIN applied_target=9 current_replicas=9 hold_until=1789308946.1 observed_load=109.06 observed_target=7 point_forecasts=[89.07846069335938, 81.41555786132812, 78.14944458007812, 76.58528900146484, 75.65414428710938, 73.47213745117188, 73.35812377929688, 72.2542724609375, 71.70999145507812] prediction_age_sec=0.07 predictive_target=9 proactive=True scenario=s4-hybrid-predictive target_replicas=9 upper_forecasts=[143.97508239746094, 141.1394500732422, 137.24725341796875, 135.802734375, 135.3305206298828, 133.21353149414062, 133.49044799804688, 132.1592559814453, 131.78936767578125]
2026-09-13 21:14:16 [debug    ] Decision loop completed        action=PREDICTIVE latency_ms=115.76 p99=1354.3478260869497
2026-09-13 21:14:31 [debug    ] GRU prediction received        confidence=0.6 latency_ms=8.98 predicted=145
2026-09-13 21:14:31 [debug    ] Using GRU prediction           confidence=0.6 forecast_capacity_signal=145.0 predicted=145 required_steps=9
2026-09-13 21:14:31 [info     ] controller_decision_v3         action=RECOVERY available_replicas=9 budget_remaining=992 burn_adjustment=0 burst_ratio=0 capacity_deficit=False confidence=0.6 current_load=108.24444444444441 decision_id=945da478 k8s_capacity=149.8 k8s_weight=100 knative_weight=0 p99=99.9 predicted_load=145 r_effective=16.6 serverless_enabled=False total_load=108.2 weights_after={'k3s': 100, 'knative': 0} weights_before={'k3s': 86, 'knative': 14}
2026-09-13 21:14:31 [info     ] Weights updated                k3s=100 knative=0
2026-09-13 21:14:31 [info     ] Weights updated                action=RECOVERY reason='load=108RPS | k8s_cap=150RPS | (reducing-serverless)' weights={'k3s': 100, 'knative': 0}
2026-09-13 21:14:31 [info     ] Scale readiness observed       elapsed_sec=30.3 ewma_delay=60.0 samples=0 target=9
2026-09-13 21:14:31 [info     ] algorithm2_scaling_decision    action=MAINTAIN alpha=0.060060060060060066 beta=0.0 buffer=1.0 current_replicas=9 predicted_load=145.0 required_resources=8.709 target_replicas=9
2026-09-13 21:14:31 [info     ] algorithm2_decision            action=MAINTAIN applied_target=9 current_replicas=9 hold_until=1789308961.3 observed_load=111.88 observed_target=7 point_forecasts=[89.8683853149414, 84.15179443359375, 81.2814712524414, 79.98695373535156, 78.93213653564453, 76.44979858398438, 76.29548645019531, 75.90155029296875, 74.74403381347656] prediction_age_sec=0.11 predictive_target=9 proactive=True scenario=s4-hybrid-predictive target_replicas=9 upper_forecasts=[144.76499938964844, 143.8756866455078, 140.37928771972656, 139.2043914794922, 138.6085205078125, 136.19119262695312, 136.4278106689453, 135.80653381347656, 134.82342529296875]
2026-09-13 21:14:31 [debug    ] Decision loop completed        action=RECOVERY latency_ms=156.14 p99=99.90457719162143
2026-09-13 21:14:46 [debug    ] GRU prediction received        confidence=0.6 latency_ms=9.58 predicted=144
2026-09-13 21:14:46 [debug    ] Using GRU prediction           confidence=0.6 forecast_capacity_signal=144.0 predicted=144 required_steps=9
2026-09-13 21:14:46 [info     ] algorithm2_scaling_decision    action=MAINTAIN alpha=0.060060060060060066 beta=0.0 buffer=1.0 current_replicas=9 predicted_load=144.0 required_resources=8.649 target_replicas=9
2026-09-13 21:14:46 [info     ] algorithm2_decision            action=MAINTAIN applied_target=9 current_replicas=9 hold_until=1789308976.4 observed_load=100.18 observed_target=7 point_forecasts=[86.22666931152344, 84.26948547363281, 82.39585876464844, 80.62490844726562, 79.81441497802734, 77.52210998535156, 77.53675842285156, 77.49736022949219, 76.87714385986328] prediction_age_sec=0.07 predictive_target=9 proactive=True scenario=s4-hybrid-predictive target_replicas=9 upper_forecasts=[141.123291015625, 143.99337768554688, 141.49368286132812, 139.84234619140625, 139.49078369140625, 137.26351928710938, 137.66908264160156, 137.40234375, 136.95652770996094]
2026-09-13 21:14:46 [debug    ] Decision loop completed        action=MAINTAIN latency_ms=118.1 p99=99.82139775668682
2026-09-13 21:15:01 [debug    ] GRU prediction received        confidence=0.6 latency_ms=8.86 predicted=145
2026-09-13 21:15:01 [debug    ] Using GRU prediction           confidence=0.6 forecast_capacity_signal=145.0 predicted=145 required_steps=9
2026-09-13 21:15:01 [info     ] algorithm2_scaling_decision    action=MAINTAIN alpha=0.060060060060060066 beta=0.0 buffer=1.0 current_replicas=9 predicted_load=145.0 required_resources=8.709 target_replicas=9
2026-09-13 21:15:01 [info     ] algorithm2_decision            action=MAINTAIN applied_target=9 current_replicas=9 hold_until=1789308991.5 observed_load=89.94 observed_target=6 point_forecasts=[86.14912414550781, 84.80321502685547, 83.0273666381836, 81.12156677246094, 80.26468658447266, 78.38460540771484, 78.67068481445312, 78.55113220214844, 78.56903076171875] prediction_age_sec=0.07 predictive_target=9 proactive=True scenario=s4-hybrid-predictive target_replicas=9 upper_forecasts=[141.04574584960938, 144.527099609375, 142.12518310546875, 140.33900451660156, 139.94107055664062, 138.12600708007812, 138.80300903320312, 138.45611572265625, 138.64840698242188]
2026-09-13 21:15:01 [debug    ] Decision loop completed        action=MAINTAIN latency_ms=119.21 p99=99.93141762452109
2026-09-13 21:15:16 [debug    ] GRU prediction received        confidence=0.6 latency_ms=17.92 predicted=146
2026-09-13 21:15:16 [debug    ] Using GRU prediction           confidence=0.6 forecast_capacity_signal=146.0 predicted=146 required_steps=9
2026-09-13 21:15:16 [info     ] algorithm2_scaling_decision    action=MAINTAIN alpha=0.060060060060060066 beta=0.0 buffer=1.0 current_replicas=9 predicted_load=146.0 required_resources=8.769 target_replicas=9
2026-09-13 21:15:16 [info     ] algorithm2_decision            action=MAINTAIN applied_target=9 current_replicas=9 hold_until=1789309006.7 observed_load=90.37 observed_target=6 point_forecasts=[88.64744567871094, 86.10612487792969, 83.8769302368164, 82.12176513671875, 81.24555969238281, 79.59979248046875, 80.11691284179688, 79.63052368164062, 79.92410278320312] prediction_age_sec=0.07 predictive_target=9 proactive=True scenario=s4-hybrid-predictive target_replicas=9 upper_forecasts=[143.5440673828125, 145.83001708984375, 142.97474670410156, 141.33920288085938, 140.92193603515625, 139.3411865234375, 140.24923706054688, 139.53550720214844, 140.00347900390625]
2026-09-13 21:15:16 [debug    ] Decision loop completed        action=MAINTAIN latency_ms=133.86 p99=131.0869565217387
2026-09-13 21:15:31 [debug    ] GRU prediction received        confidence=0.6 latency_ms=9.45 predicted=153
2026-09-13 21:15:31 [debug    ] Using GRU prediction           confidence=0.6 forecast_capacity_signal=153.0 predicted=153 required_steps=9
2026-09-13 21:15:31 [info     ] algorithm2_scaling_decision    action=SCALE_UP alpha=0.060060060060060066 beta=0.0 buffer=1.0 current_replicas=9 predicted_load=153.0 required_resources=9.189 target_replicas=10
2026-09-13 21:15:31 [info     ] algorithm2_decision            action=SCALE_UP applied_target=10 current_replicas=9 hold_until=1789309021.8 observed_load=104.79 observed_target=7 point_forecasts=[98.31719970703125, 91.23188018798828, 87.83012390136719, 86.15274810791016, 85.16276550292969, 83.69252014160156, 83.66515350341797, 82.71826171875, 82.54826354980469] prediction_age_sec=0.07 predictive_target=10 proactive=True scenario=s4-hybrid-predictive target_replicas=10 upper_forecasts=[153.2138214111328, 150.9557647705078, 146.92794799804688, 145.37017822265625, 144.83914184570312, 143.43392944335938, 143.7974853515625, 142.6232452392578, 142.62765502929688]
2026-09-13 21:15:31 [info     ] k8s_scale_executed             deployment=test-app-warm replicas=10
2026-09-13 21:15:31 [debug    ] Decision loop completed        action=MAINTAIN latency_ms=163.55 p99=160.12320754716941
2026-09-13 21:15:46 [debug    ] GRU prediction received        confidence=0.6 latency_ms=10.2 predicted=162
2026-09-13 21:15:46 [debug    ] Using GRU prediction           confidence=0.6 forecast_capacity_signal=162.0 predicted=162 required_steps=9
2026-09-13 21:15:46 [debug    ] Proactive amplification        amplified=253.3 approach_ratio=0.95 load_trend=12.4 raw_pred=162
2026-09-13 21:15:47 [info     ] algorithm2_scaling_decision    action=MAINTAIN alpha=0.060060060060060066 beta=0.0 buffer=1.0 current_replicas=10 predicted_load=162.0 required_resources=9.73 target_replicas=10
2026-09-13 21:15:47 [info     ] algorithm2_decision            action=MAINTAIN applied_target=10 current_replicas=10 hold_until=1789309037.0 observed_load=129.15 observed_target=8 point_forecasts=[107.4415512084961, 96.87178802490234, 92.69447326660156, 91.09528350830078, 90.03102111816406, 88.64381408691406, 87.3743896484375, 87.15914916992188, 85.35437774658203] prediction_age_sec=0.12 predictive_target=10 proactive=True scenario=s4-hybrid-predictive target_replicas=10 upper_forecasts=[162.33816528320312, 156.59567260742188, 151.79229736328125, 150.31271362304688, 149.7073974609375, 148.38522338867188, 147.5067138671875, 147.0641326904297, 145.4337615966797]
2026-09-13 21:15:47 [debug    ] Decision loop completed        action=MAINTAIN latency_ms=197.4 p99=473.2446480660945
2026-09-13 21:16:02 [debug    ] GRU prediction received        confidence=0.6 latency_ms=9.07 predicted=169
2026-09-13 21:16:02 [debug    ] Using GRU prediction           confidence=0.6 forecast_capacity_signal=169.0 predicted=169 required_steps=9
2026-09-13 21:16:02 [debug    ] Proactive amplification        amplified=301.9 approach_ratio=1.03 load_trend=16.5 raw_pred=169
2026-09-13 21:16:02 [warning  ] Knative pre-warm non-200       status=404
2026-09-13 21:16:02 [info     ] controller_decision_v3         action=PREDICTIVE available_replicas=9 budget_remaining=990 burn_adjustment=0 burst_ratio=0.0248 capacity_deficit=False confidence=0.6 current_load=153.65527148148152 decision_id=cb464a6f k8s_capacity=149.8 k8s_weight=97 knative_weight=3 p99=746.4 predicted_load=169 r_effective=16.6 serverless_enabled=True total_load=153.7 weights_after={'k3s': 97, 'knative': 3} weights_before={'k3s': 100, 'knative': 0}
2026-09-13 21:16:02 [info     ] Weights updated                k3s=97 knative=3
2026-09-13 21:16:02 [info     ] Weights updated                action=PREDICTIVE reason='load=154RPS | k8s_cap=150RPS | (prediction-driven)' weights={'k3s': 97, 'knative': 3}
2026-09-13 21:16:02 [info     ] algorithm2_scaling_decision    action=MAINTAIN alpha=0.060060060060060066 beta=0.0 buffer=1.0 current_replicas=10 predicted_load=169.0 required_resources=10.15 target_replicas=10
2026-09-13 21:16:02 [info     ] algorithm2_decision            action=MAINTAIN applied_target=10 current_replicas=10 hold_until=1789309052.2 observed_load=147.69 observed_target=9 point_forecasts=[113.97460174560547, 102.49224853515625, 98.46640014648438, 96.91092681884766, 94.90072631835938, 94.17237854003906, 91.8128890991211, 92.07768249511719, 89.14057922363281] prediction_age_sec=0.07 predictive_target=10 proactive=True scenario=s4-hybrid-predictive target_replicas=10 upper_forecasts=[168.8712158203125, 162.2161407470703, 157.564208984375, 156.12835693359375, 154.5771026611328, 153.91378784179688, 151.94522094726562, 151.982666015625, 149.219970703125]
2026-09-13 21:16:02 [debug    ] Decision loop completed        action=PREDICTIVE latency_ms=125.95 p99=746.4443333111105
2026-09-13 21:16:17 [debug    ] GRU prediction received        confidence=0.6 latency_ms=9.42 predicted=171
2026-09-13 21:16:17 [debug    ] Using GRU prediction           confidence=0.6 forecast_capacity_signal=171.0 predicted=171 required_steps=9
2026-09-13 21:16:17 [debug    ] Proactive amplification        amplified=278.2 approach_ratio=1.0 load_trend=14.2 raw_pred=171
2026-09-13 21:16:17 [info     ] controller_decision_v3         action=RECOVERY available_replicas=9 budget_remaining=989 burn_adjustment=0 burst_ratio=0.0009 capacity_deficit=False confidence=0.6 current_load=149.97777777777776 decision_id=fbd1f3f1 k8s_capacity=149.8 k8s_weight=99 knative_weight=1 p99=366.7 predicted_load=171 r_effective=16.6 serverless_enabled=True total_load=150.0 weights_after={'k3s': 99, 'knative': 1} weights_before={'k3s': 97, 'knative': 3}
2026-09-13 21:16:17 [info     ] Weights updated                k3s=99 knative=1
2026-09-13 21:16:17 [info     ] Weights updated                action=RECOVERY reason='load=150RPS | k8s_cap=150RPS | (reducing-serverless)' weights={'k3s': 99, 'knative': 1}
2026-09-13 21:16:17 [info     ] algorithm2_scaling_decision    action=MAINTAIN alpha=0.060060060060060066 beta=0.0 buffer=1.0 current_replicas=10 predicted_load=151.81652462962964 required_resources=9.118 target_replicas=10
2026-09-13 21:16:17 [info     ] algorithm2_decision            action=MAINTAIN applied_target=10 current_replicas=10 hold_until=1789309052.2 observed_load=151.82 observed_target=10 point_forecasts=[116.28271484375, 106.96530151367188, 103.59501647949219, 101.8744125366211, 99.29029846191406, 98.86489868164062, 96.76514434814453, 96.73541259765625, 93.23755645751953] prediction_age_sec=0.1 predictive_target=10 proactive=False scenario=s4-hybrid-predictive target_replicas=10 upper_forecasts=[171.17933654785156, 166.68919372558594, 162.69284057617188, 161.09185791015625, 158.9666748046875, 158.60629272460938, 156.89747619628906, 156.64039611816406, 153.3169403076172]
2026-09-13 21:16:17 [debug    ] Decision loop completed        action=RECOVERY latency_ms=149.66 p99=366.6578947368463
2026-09-13 21:16:32 [debug    ] GRU prediction received        confidence=0.6 latency_ms=9.25 predicted=170
2026-09-13 21:16:32 [debug    ] Using GRU prediction           confidence=0.6 forecast_capacity_signal=170.0 predicted=170 required_steps=9
2026-09-13 21:16:32 [debug    ] Proactive amplification        amplified=177.6 approach_ratio=0.9 load_trend=4.7 raw_pred=170
2026-09-13 21:16:32 [info     ] controller_decision_v3         action=RECOVERY available_replicas=9 budget_remaining=988 burn_adjustment=0 burst_ratio=0 capacity_deficit=False confidence=0.6 current_load=135.35561037402493 decision_id=77be99ad k8s_capacity=149.8 k8s_weight=100 knative_weight=0 p99=397.0 predicted_load=170 r_effective=16.6 serverless_enabled=False total_load=135.4 weights_after={'k3s': 100, 'knative': 0} weights_before={'k3s': 99, 'knative': 1}
2026-09-13 21:16:32 [info     ] Weights updated                k3s=100 knative=0
2026-09-13 21:16:32 [info     ] Weights updated                action=RECOVERY reason='load=135RPS | k8s_cap=150RPS | (reducing-serverless)' weights={'k3s': 100, 'knative': 0}
2026-09-13 21:16:32 [info     ] algorithm2_scaling_decision    action=MAINTAIN alpha=0.060060060060060066 beta=0.0 buffer=1.0 current_replicas=10 predicted_load=170.0 required_resources=10.21 target_replicas=10
2026-09-13 21:16:32 [info     ] algorithm2_decision            action=MAINTAIN applied_target=10 current_replicas=10 hold_until=1789309082.4 observed_load=142.67 observed_target=9 point_forecasts=[115.0976791381836, 109.48136901855469, 106.47005462646484, 104.57160949707031, 101.93897247314453, 101.88423156738281, 100.12625122070312, 99.88472747802734, 95.93466186523438] prediction_age_sec=0.1 predictive_target=10 proactive=True scenario=s4-hybrid-predictive target_replicas=10 upper_forecasts=[169.99429321289062, 169.20526123046875, 165.56787109375, 163.78904724121094, 161.6153564453125, 161.62564086914062, 160.25857543945312, 159.78970336914062, 156.0140380859375]
2026-09-13 21:16:32 [debug    ] Decision loop completed        action=RECOVERY latency_ms=149.93 p99=396.98113207547124
2026-09-13 21:16:47 [debug    ] GRU prediction received        confidence=0.6 latency_ms=9.12 predicted=171
2026-09-13 21:16:47 [debug    ] Using GRU prediction           confidence=0.6 forecast_capacity_signal=171.0 predicted=171 required_steps=9
2026-09-13 21:16:47 [info     ] algorithm2_scaling_decision    action=MAINTAIN alpha=0.060060060060060066 beta=0.0 buffer=1.0 current_replicas=10 predicted_load=171.0 required_resources=10.27 target_replicas=10
2026-09-13 21:16:47 [info     ] algorithm2_decision            action=MAINTAIN applied_target=10 current_replicas=10 hold_until=1789309097.6 observed_load=130.73 observed_target=8 point_forecasts=[114.73141479492188, 110.85342407226562, 107.95587158203125, 105.52660369873047, 103.16900634765625, 103.49029541015625, 101.7773666381836, 101.46831512451172, 97.42607116699219] prediction_age_sec=0.07 predictive_target=10 proactive=True scenario=s4-hybrid-predictive target_replicas=10 upper_forecasts=[169.62803649902344, 170.5773162841797, 167.05368041992188, 164.74404907226562, 162.8453826904297, 163.231689453125, 161.90969848632812, 161.373291015625, 157.50546264648438]
2026-09-13 21:16:47 [debug    ] Decision loop completed        action=MAINTAIN latency_ms=117.43 p99=394.377358490566
2026-09-13 21:17:02 [debug    ] GRU prediction received        confidence=0.6 latency_ms=9.15 predicted=171
2026-09-13 21:17:02 [debug    ] Using GRU prediction           confidence=0.6 forecast_capacity_signal=171.0 predicted=171 required_steps=9
2026-09-13 21:17:02 [info     ] algorithm2_scaling_decision    action=MAINTAIN alpha=0.060060060060060066 beta=0.0 buffer=1.0 current_replicas=10 predicted_load=171.0 required_resources=10.27 target_replicas=10
2026-09-13 21:17:02 [info     ] algorithm2_decision            action=MAINTAIN applied_target=10 current_replicas=10 hold_until=1789309112.7 observed_load=124.68 observed_target=8 point_forecasts=[114.68181610107422, 111.20162963867188, 108.19036865234375, 106.061767578125, 103.694091796875, 104.18002319335938, 102.49514770507812, 102.25531005859375, 98.31407928466797] prediction_age_sec=0.07 predictive_target=10 proactive=True scenario=s4-hybrid-predictive target_replicas=10 upper_forecasts=[169.57843017578125, 170.92552185058594, 167.28817749023438, 165.27920532226562, 163.37046813964844, 163.92141723632812, 162.62747192382812, 162.16029357910156, 158.39346313476562]
2026-09-13 21:17:02 [debug    ] Decision loop completed        action=MAINTAIN latency_ms=114.56 p99=445.5670103092785
2026-09-13 21:17:17 [debug    ] GRU prediction received        confidence=0.6 latency_ms=10.07 predicted=171
2026-09-13 21:17:17 [debug    ] Using GRU prediction           confidence=0.6 forecast_capacity_signal=171.0 predicted=171 required_steps=9
2026-09-13 21:17:17 [info     ] algorithm2_scaling_decision    action=MAINTAIN alpha=0.060060060060060066 beta=0.0 buffer=1.0 current_replicas=10 predicted_load=171.0 required_resources=10.27 target_replicas=10
2026-09-13 21:17:17 [info     ] algorithm2_decision            action=MAINTAIN applied_target=10 current_replicas=10 hold_until=1789309127.8 observed_load=123.79 observed_target=8 point_forecasts=[115.20443725585938, 111.54681396484375, 108.38697052001953, 106.98771667480469, 104.53079986572266, 105.03669738769531, 103.38018035888672, 103.16486358642578, 99.5770492553711] prediction_age_sec=0.06 predictive_target=10 proactive=True scenario=s4-hybrid-predictive target_replicas=10 upper_forecasts=[170.10105895996094, 171.2707061767578, 167.4847869873047, 166.2051544189453, 164.20718383789062, 164.77810668945312, 163.51251220703125, 163.06983947753906, 159.65643310546875]
2026-09-13 21:17:17 [debug    ] Decision loop completed        action=MAINTAIN latency_ms=108.13 p99=419.24193548387063
2026-09-13 21:17:32 [debug    ] GRU prediction received        confidence=0.6 latency_ms=9.33 predicted=171
2026-09-13 21:17:32 [debug    ] Using GRU prediction           confidence=0.6 forecast_capacity_signal=171.0 predicted=171 required_steps=9
2026-09-13 21:17:32 [info     ] algorithm2_scaling_decision    action=MAINTAIN alpha=0.060060060060060066 beta=0.0 buffer=1.0 current_replicas=10 predicted_load=171.0 required_resources=10.27 target_replicas=10
2026-09-13 21:17:32 [info     ] algorithm2_decision            action=MAINTAIN applied_target=10 current_replicas=10 hold_until=1789309142.9 observed_load=122.69 observed_target=8 point_forecasts=[114.30091857910156, 111.32881164550781, 108.66853332519531, 107.7327880859375, 105.34971618652344, 105.67428588867188, 104.31002044677734, 104.25837707519531, 100.91107940673828] prediction_age_sec=0.07 predictive_target=10 proactive=True scenario=s4-hybrid-predictive target_replicas=10 upper_forecasts=[169.19754028320312, 171.05270385742188, 167.766357421875, 166.95022583007812, 165.02609252929688, 165.41567993164062, 164.44235229492188, 164.16336059570312, 160.99046325683594]
2026-09-13 21:17:32 [debug    ] Decision loop completed        action=MAINTAIN latency_ms=121.87 p99=367.84615384615347
2026-09-13 21:17:47 [debug    ] GRU prediction received        confidence=0.6 latency_ms=9.85 predicted=170
2026-09-13 21:17:47 [debug    ] Using GRU prediction           confidence=0.6 forecast_capacity_signal=170.0 predicted=170 required_steps=9
2026-09-13 21:17:48 [info     ] algorithm2_scaling_decision    action=MAINTAIN alpha=0.060060060060060066 beta=0.0 buffer=1.0 current_replicas=10 predicted_load=170.0 required_resources=10.21 target_replicas=10
2026-09-13 21:17:48 [info     ] algorithm2_decision            action=MAINTAIN applied_target=10 current_replicas=10 hold_until=1789309158.0 observed_load=117.44 observed_target=8 point_forecasts=[111.92359161376953, 110.44192504882812, 108.62667846679688, 107.81233215332031, 105.91993713378906, 106.0652084350586, 104.82575225830078, 105.3440170288086, 101.84439849853516] prediction_age_sec=0.07 predictive_target=10 proactive=True scenario=s4-hybrid-predictive target_replicas=10 upper_forecasts=[166.82020568847656, 170.1658172607422, 167.7244873046875, 167.02976989746094, 165.5963134765625, 165.80661010742188, 164.9580841064453, 165.24899291992188, 161.9237823486328]
2026-09-13 21:17:48 [debug    ] Decision loop completed        action=MAINTAIN latency_ms=117.86 p99=156.1142857142856
2026-09-13 21:18:03 [debug    ] GRU prediction received        confidence=0.6 latency_ms=9.65 predicted=168
2026-09-13 21:18:03 [debug    ] Using GRU prediction           confidence=0.6 forecast_capacity_signal=168.0 predicted=168 required_steps=9
2026-09-13 21:18:03 [info     ] algorithm2_scaling_decision    action=MAINTAIN alpha=0.060060060060060066 beta=0.0 buffer=1.0 current_replicas=10 predicted_load=168.0 required_resources=10.09 target_replicas=10
2026-09-13 21:18:03 [info     ] algorithm2_decision            action=MAINTAIN applied_target=10 current_replicas=10 hold_until=1789309173.1 observed_load=107.38 observed_target=7 point_forecasts=[107.32393646240234, 108.376953125, 108.02360534667969, 107.13456726074219, 105.72445678710938, 105.68754577636719, 105.29692077636719, 105.48857116699219, 102.87333679199219] prediction_age_sec=0.07 predictive_target=10 proactive=True scenario=s4-hybrid-predictive target_replicas=10 upper_forecasts=[162.22055053710938, 168.10084533691406, 167.12142944335938, 166.3520050048828, 165.4008331298828, 165.428955078125, 165.4292449951172, 165.3935546875, 162.95272827148438]
2026-09-13 21:18:03 [debug    ] Decision loop completed        action=MAINTAIN latency_ms=118.95 p99=99.59681372549021
2026-09-13 21:18:18 [debug    ] GRU prediction received        confidence=0.6 latency_ms=9.7 predicted=165
2026-09-13 21:18:18 [debug    ] Using GRU prediction           confidence=0.6 forecast_capacity_signal=165.0 predicted=165 required_steps=9
2026-09-13 21:18:18 [info     ] algorithm2_scaling_decision    action=MAINTAIN alpha=0.060060060060060066 beta=0.0 buffer=1.0 current_replicas=10 predicted_load=165.0 required_resources=9.91 target_replicas=10
2026-09-13 21:18:18 [info     ] algorithm2_decision            action=MAINTAIN applied_target=10 current_replicas=10 hold_until=1789309188.3 observed_load=93.77 observed_target=6 point_forecasts=[100.63139343261719, 104.74958038330078, 105.76239013671875, 105.49797058105469, 104.5531005859375, 104.54299926757812, 104.51594543457031, 104.9093017578125, 103.70258331298828] prediction_age_sec=0.07 predictive_target=10 proactive=True scenario=s4-hybrid-predictive target_replicas=10 upper_forecasts=[155.52801513671875, 164.4734649658203, 164.86019897460938, 164.7154083251953, 164.22947692871094, 164.28439331054688, 164.6482696533203, 164.8142852783203, 163.78196716308594]
2026-09-13 21:18:18 [debug    ] Decision loop completed        action=MAINTAIN latency_ms=116.65 p99=99.6671597633136
2026-09-13 21:18:33 [debug    ] GRU prediction received        confidence=0.6 latency_ms=9.41 predicted=165
2026-09-13 21:18:33 [debug    ] Using GRU prediction           confidence=0.6 forecast_capacity_signal=165.0 predicted=165 required_steps=9
2026-09-13 21:18:33 [info     ] algorithm2_scaling_decision    action=MAINTAIN alpha=0.060060060060060066 beta=0.0 buffer=1.0 current_replicas=10 predicted_load=165.0 required_resources=9.91 target_replicas=10
2026-09-13 21:18:33 [info     ] algorithm2_decision            action=MAINTAIN applied_target=10 current_replicas=10 hold_until=1789309203.4 observed_load=83.68 observed_target=6 point_forecasts=[96.02814483642578, 101.35499572753906, 103.07913970947266, 103.70028686523438, 103.2437973022461, 103.61609649658203, 103.5103988647461, 104.84669494628906, 103.92127990722656] prediction_age_sec=0.07 predictive_target=10 proactive=True scenario=s4-hybrid-predictive target_replicas=10 upper_forecasts=[150.9247589111328, 161.07888793945312, 162.1769561767578, 162.917724609375, 162.920166015625, 163.3574981689453, 163.64273071289062, 164.75167846679688, 164.00067138671875]
2026-09-13 21:18:33 [debug    ] Decision loop completed        action=MAINTAIN latency_ms=133.4 p99=99.80423940149626
2026-09-13 21:18:48 [debug    ] GRU prediction received        confidence=0.6 latency_ms=9.38 predicted=165
2026-09-13 21:18:48 [debug    ] Using GRU prediction           confidence=0.6 forecast_capacity_signal=165.0 predicted=165 required_steps=9
2026-09-13 21:18:48 [info     ] algorithm2_scaling_decision    action=MAINTAIN alpha=0.060060060060060066 beta=0.0 buffer=1.0 current_replicas=10 predicted_load=165.0 required_resources=9.91 target_replicas=10
2026-09-13 21:18:48 [info     ] algorithm2_decision            action=MAINTAIN applied_target=10 current_replicas=10 hold_until=1789309218.5 observed_load=82.41 observed_target=5 point_forecasts=[95.84465789794922, 100.33238983154297, 101.9627914428711, 103.09265899658203, 102.77244567871094, 103.5573959350586, 103.71957397460938, 105.35140228271484, 104.08141326904297] prediction_age_sec=0.07 predictive_target=10 proactive=True scenario=s4-hybrid-predictive target_replicas=10 upper_forecasts=[150.74127197265625, 160.0562744140625, 161.06060791015625, 162.31008911132812, 162.44882202148438, 163.29879760742188, 163.85189819335938, 165.25637817382812, 164.16079711914062]
2026-09-13 21:18:48 [debug    ] Decision loop completed        action=MAINTAIN latency_ms=124.47 p99=99.73144104803494
2026-09-13 21:19:03 [debug    ] GRU prediction received        confidence=0.6 latency_ms=9.26 predicted=166
2026-09-13 21:19:03 [debug    ] Using GRU prediction           confidence=0.6 forecast_capacity_signal=166.0 predicted=166 required_steps=9
2026-09-13 21:19:03 [info     ] algorithm2_scaling_decision    action=MAINTAIN alpha=0.060060060060060066 beta=0.0 buffer=1.0 current_replicas=10 predicted_load=166.0 required_resources=9.97 target_replicas=10
2026-09-13 21:19:03 [info     ] algorithm2_decision            action=MAINTAIN applied_target=10 current_replicas=10 hold_until=1789309233.6 observed_load=85.54 observed_target=6 point_forecasts=[96.59092712402344, 100.25389099121094, 101.66249084472656, 103.06642150878906, 102.7937240600586, 103.8940200805664, 104.31161499023438, 105.7917709350586, 104.51981353759766] prediction_age_sec=0.07 predictive_target=10 proactive=True scenario=s4-hybrid-predictive target_replicas=10 upper_forecasts=[151.487548828125, 159.977783203125, 160.76031494140625, 162.2838592529297, 162.4700927734375, 163.6354217529297, 164.44393920898438, 165.69674682617188, 164.5991973876953]
2026-09-13 21:19:03 [debug    ] Decision loop completed        action=MAINTAIN latency_ms=117.93 p99=99.69089316987741
2026-09-13 21:19:18 [debug    ] GRU prediction received        confidence=0.6 latency_ms=9.27 predicted=164
2026-09-13 21:19:18 [debug    ] Using GRU prediction           confidence=0.6 forecast_capacity_signal=164.0 predicted=164 required_steps=9
2026-09-13 21:19:18 [info     ] algorithm2_scaling_decision    action=MAINTAIN alpha=0.060060060060060066 beta=0.0 buffer=1.0 current_replicas=10 predicted_load=164.0 required_resources=9.85 target_replicas=10
2026-09-13 21:19:18 [info     ] algorithm2_decision            action=MAINTAIN applied_target=10 current_replicas=10 hold_until=1789309248.8 observed_load=82.68 observed_target=5 point_forecasts=[92.03010559082031, 97.21041870117188, 99.32295989990234, 100.6034927368164, 100.8283462524414, 101.81402587890625, 102.1846923828125, 103.62821960449219, 103.19210815429688] prediction_age_sec=0.07 predictive_target=10 proactive=True scenario=s4-hybrid-predictive target_replicas=10 upper_forecasts=[146.92672729492188, 156.93431091308594, 158.4207763671875, 159.8209228515625, 160.50473022460938, 161.555419921875, 162.3170166015625, 163.533203125, 163.271484375]
2026-09-13 21:19:18 [debug    ] Decision loop completed        action=MAINTAIN latency_ms=112.93 p99=99.52490886998785
2026-09-13 21:19:33 [debug    ] GRU prediction received        confidence=0.6 latency_ms=10.39 predicted=161
2026-09-13 21:19:33 [debug    ] Using GRU prediction           confidence=0.6 forecast_capacity_signal=161.1 predicted=161 required_steps=9
2026-09-13 21:19:33 [info     ] algorithm2_scaling_decision    action=MAINTAIN alpha=0.060060060060060066 beta=0.0 buffer=1.0 current_replicas=10 predicted_load=161.13821411132812 required_resources=9.678 target_replicas=10
2026-09-13 21:19:33 [info     ] algorithm2_decision            action=MAINTAIN applied_target=10 current_replicas=10 hold_until=1789309263.9 observed_load=71.34 observed_target=5 point_forecasts=[85.60693359375, 92.27499389648438, 95.61515808105469, 96.91120910644531, 98.04361724853516, 98.1897201538086, 98.65806579589844, 100.7142562866211, 101.058837890625] prediction_age_sec=0.1 predictive_target=10 proactive=True scenario=s4-hybrid-predictive target_replicas=10 upper_forecasts=[140.50355529785156, 151.99888610839844, 154.71298217773438, 156.12864685058594, 157.72000122070312, 157.93112182617188, 158.79039001464844, 160.61923217773438, 161.13821411132812]
2026-09-13 21:19:33 [debug    ] Decision loop completed        action=MAINTAIN latency_ms=170.48 p99=99.72611036339165
2026-09-13 21:19:48 [debug    ] GRU prediction received        confidence=0.6 latency_ms=9.76 predicted=159
2026-09-13 21:19:48 [debug    ] Using GRU prediction           confidence=0.6 forecast_capacity_signal=159.0 predicted=159 required_steps=9
2026-09-13 21:19:49 [info     ] algorithm2_scaling_decision    action=MAINTAIN alpha=0.060060060060060066 beta=0.0 buffer=1.0 current_replicas=10 predicted_load=159.0 required_resources=9.55 target_replicas=10
2026-09-13 21:19:49 [info     ] algorithm2_decision            action=MAINTAIN applied_target=10 current_replicas=10 hold_until=1789309279.0 observed_load=58.4 observed_target=4 point_forecasts=[79.65922546386719, 87.4866714477539, 91.80591583251953, 93.26615142822266, 94.91738891601562, 95.05159759521484, 95.30249786376953, 98.39508819580078, 98.48455047607422] prediction_age_sec=0.07 predictive_target=10 proactive=True scenario=s4-hybrid-predictive target_replicas=10 upper_forecasts=[134.55584716796875, 147.21055603027344, 150.9037322998047, 152.48358154296875, 154.59376525878906, 154.79299926757812, 155.43482971191406, 158.30006408691406, 158.56393432617188]
2026-09-13 21:19:49 [debug    ] Decision loop completed        action=MAINTAIN latency_ms=113.14 p99=99.53420195439742
2026-09-13 21:20:04 [debug    ] GRU prediction received        confidence=0.6 latency_ms=8.9 predicted=156
2026-09-13 21:20:04 [debug    ] Using GRU prediction           confidence=0.6 forecast_capacity_signal=156.0 predicted=156 required_steps=9
2026-09-13 21:20:04 [info     ] algorithm2_scaling_decision    action=MAINTAIN alpha=0.060060060060060066 beta=0.0 buffer=1.0 current_replicas=10 predicted_load=156.0 required_resources=9.369 target_replicas=10
2026-09-13 21:20:04 [info     ] algorithm2_decision            action=MAINTAIN applied_target=10 current_replicas=10 hold_until=1789309294.2 observed_load=50.29 observed_target=4 point_forecasts=[76.07423400878906, 84.05758666992188, 88.64227294921875, 89.78884887695312, 91.91339111328125, 92.14688110351562, 93.08956909179688, 96.0722885131836, 95.84457397460938] prediction_age_sec=0.07 predictive_target=10 proactive=True scenario=s4-hybrid-predictive target_replicas=10 upper_forecasts=[130.97085571289062, 143.78147888183594, 147.74008178710938, 149.00628662109375, 151.5897674560547, 151.88827514648438, 153.22189331054688, 155.97726440429688, 155.9239501953125]
2026-09-13 21:20:04 [debug    ] Decision loop completed        action=MAINTAIN latency_ms=115.92 p99=99.4520766773163
2026-09-13 21:20:19 [debug    ] GRU prediction received        confidence=0.6 latency_ms=9.46 predicted=154
2026-09-13 21:20:19 [debug    ] Using GRU prediction           confidence=0.6 forecast_capacity_signal=154.0 predicted=154 required_steps=9
2026-09-13 21:20:19 [info     ] algorithm2_scaling_decision    action=MAINTAIN alpha=0.060060060060060066 beta=0.0 buffer=1.0 current_replicas=10 predicted_load=154.0 required_resources=9.249 target_replicas=10
2026-09-13 21:20:19 [info     ] algorithm2_decision            action=MAINTAIN applied_target=10 current_replicas=10 hold_until=1789309309.3 observed_load=46.77 observed_target=3 point_forecasts=[73.62577819824219, 81.34455871582031, 86.11677551269531, 87.1530990600586, 89.69017028808594, 90.14710235595703, 91.49421691894531, 94.1636734008789, 93.7706069946289] prediction_age_sec=0.06 predictive_target=10 proactive=True scenario=s4-hybrid-predictive target_replicas=10 upper_forecasts=[128.52239990234375, 141.06845092773438, 145.214599609375, 146.37054443359375, 149.36654663085938, 149.8885040283203, 151.6265411376953, 154.0686492919922, 153.84999084472656]
2026-09-13 21:20:19 [debug    ] Decision loop completed        action=MAINTAIN latency_ms=110.79 p99=99.53343949044589
2026-09-13 21:20:34 [debug    ] GRU prediction received        confidence=0.6 latency_ms=9.39 predicted=153
2026-09-13 21:20:34 [debug    ] Using GRU prediction           confidence=0.6 forecast_capacity_signal=153.1 predicted=153 required_steps=9
2026-09-13 21:20:34 [info     ] algorithm2_scaling_decision    action=MAINTAIN alpha=0.060060060060060066 beta=0.0 buffer=1.0 current_replicas=10 predicted_load=153.09173583984375 required_resources=9.195 target_replicas=10
2026-09-13 21:20:34 [info     ] algorithm2_decision            action=MAINTAIN applied_target=10 current_replicas=10 hold_until=1789309324.4 observed_load=46.87 observed_target=3 point_forecasts=[73.82811737060547, 80.82991027832031, 85.41716766357422, 86.26614379882812, 89.09820556640625, 89.77813720703125, 91.29854583740234, 93.54896545410156, 93.0123519897461] prediction_age_sec=0.07 predictive_target=10 proactive=True scenario=s4-hybrid-predictive target_replicas=10 upper_forecasts=[128.7247314453125, 140.55380249023438, 144.51498413085938, 145.48358154296875, 148.7745819091797, 149.51953125, 151.43087768554688, 153.45394897460938, 153.09173583984375]
2026-09-13 21:20:34 [debug    ] Decision loop completed        action=MAINTAIN latency_ms=129.53 p99=99.45956873315365
2026-09-13 21:20:49 [debug    ] GRU prediction received        confidence=0.6 latency_ms=9.7 predicted=154
2026-09-13 21:20:49 [debug    ] Using GRU prediction           confidence=0.6 forecast_capacity_signal=154.0 predicted=154 required_steps=9
2026-09-13 21:20:49 [info     ] algorithm2_scaling_decision    action=MAINTAIN alpha=0.060060060060060066 beta=0.0 buffer=1.0 current_replicas=10 predicted_load=154.0 required_resources=9.249 target_replicas=10
2026-09-13 21:20:49 [info     ] algorithm2_decision            action=MAINTAIN applied_target=10 current_replicas=10 hold_until=1789309339.5 observed_load=50.74 observed_target=4 point_forecasts=[75.64027404785156, 81.88147735595703, 86.23226165771484, 86.86292266845703, 89.84717559814453, 90.77415466308594, 92.19039916992188, 94.10392761230469, 93.48457336425781] prediction_age_sec=0.07 predictive_target=10 proactive=True scenario=s4-hybrid-predictive target_replicas=10 upper_forecasts=[130.53689575195312, 141.60536193847656, 145.330078125, 146.08035278320312, 149.5235595703125, 150.51556396484375, 152.32272338867188, 154.0089111328125, 153.56396484375]
2026-09-13 21:20:49 [debug    ] Decision loop completed        action=MAINTAIN latency_ms=119.58 p99=99.52535377358492
2026-09-13 21:21:04 [debug    ] GRU prediction received        confidence=0.6 latency_ms=8.93 predicted=156
2026-09-13 21:21:04 [debug    ] Using GRU prediction           confidence=0.6 forecast_capacity_signal=156.0 predicted=156 required_steps=9
2026-09-13 21:21:04 [info     ] algorithm2_scaling_decision    action=MAINTAIN alpha=0.060060060060060066 beta=0.0 buffer=1.0 current_replicas=10 predicted_load=156.0 required_resources=9.369 target_replicas=10
2026-09-13 21:21:04 [info     ] algorithm2_decision            action=MAINTAIN applied_target=10 current_replicas=10 hold_until=1789309354.6 observed_load=58.1 observed_target=4 point_forecasts=[79.86618041992188, 85.06135559082031, 89.08163452148438, 89.3406982421875, 92.19452667236328, 93.1517333984375, 94.49359893798828, 96.08056640625, 95.45561218261719] prediction_age_sec=0.07 predictive_target=10 proactive=True scenario=s4-hybrid-predictive target_replicas=10 upper_forecasts=[134.76280212402344, 144.78524780273438, 148.179443359375, 148.55813598632812, 151.87091064453125, 152.89312744140625, 154.6259307861328, 155.9855499267578, 155.53500366210938]
2026-09-13 21:21:04 [debug    ] Decision loop completed        action=MAINTAIN latency_ms=119.48 p99=99.61152764761012
2026-09-13 21:21:19 [debug    ] GRU prediction received        confidence=0.6 latency_ms=9.33 predicted=157
2026-09-13 21:21:19 [debug    ] Using GRU prediction           confidence=0.6 forecast_capacity_signal=157.0 predicted=157 required_steps=9
2026-09-13 21:21:19 [info     ] algorithm2_scaling_decision    action=MAINTAIN alpha=0.060060060060060066 beta=0.0 buffer=1.0 current_replicas=10 predicted_load=157.0 required_resources=9.429 target_replicas=10
2026-09-13 21:21:19 [info     ] algorithm2_decision            action=MAINTAIN applied_target=10 current_replicas=10 hold_until=1789309369.8 observed_load=66.6 observed_target=5 point_forecasts=[83.25660705566406, 87.42545318603516, 91.06185913085938, 91.34532165527344, 93.84978485107422, 94.68341827392578, 95.57743072509766, 97.09325408935547, 96.55325317382812] prediction_age_sec=0.07 predictive_target=10 proactive=True scenario=s4-hybrid-predictive target_replicas=10 upper_forecasts=[138.15322875976562, 147.1493377685547, 150.15966796875, 150.56275939941406, 153.52615356445312, 154.42481994628906, 155.7097625732422, 156.99822998046875, 156.63262939453125]
2026-09-13 21:21:19 [debug    ] Decision loop completed        action=MAINTAIN latency_ms=115.91 p99=99.65913370998118
2026-09-13 21:21:34 [debug    ] GRU prediction received        confidence=0.6 latency_ms=9.2 predicted=156
2026-09-13 21:21:34 [debug    ] Using GRU prediction           confidence=0.6 forecast_capacity_signal=156.4 predicted=156 required_steps=9
2026-09-13 21:21:34 [info     ] algorithm2_scaling_decision    action=MAINTAIN alpha=0.060060060060060066 beta=0.0 buffer=1.0 current_replicas=10 predicted_load=156.37039184570312 required_resources=9.392 target_replicas=10
2026-09-13 21:21:34 [info     ] algorithm2_decision            action=MAINTAIN applied_target=10 current_replicas=10 hold_until=1789309384.9 observed_load=72.37 observed_target=5 point_forecasts=[85.02285766601562, 88.34962463378906, 91.62612915039062, 92.06396484375, 94.21746826171875, 94.55841827392578, 95.10527038574219, 96.56012725830078, 96.291015625] prediction_age_sec=0.07 predictive_target=10 proactive=True scenario=s4-hybrid-predictive target_replicas=10 upper_forecasts=[139.9194793701172, 148.07351684570312, 150.72393798828125, 151.28140258789062, 153.8938446044922, 154.29981994628906, 155.2375946044922, 156.46510314941406, 156.37039184570312]
2026-09-13 21:21:34 [debug    ] Decision loop completed        action=MAINTAIN latency_ms=124.84 p99=99.55889830508474
2026-09-13 21:21:49 [debug    ] GRU prediction received        confidence=0.6 latency_ms=9.29 predicted=156
2026-09-13 21:21:49 [debug    ] Using GRU prediction           confidence=0.6 forecast_capacity_signal=156.0 predicted=156 required_steps=9
2026-09-13 21:21:49 [info     ] algorithm2_scaling_decision    action=MAINTAIN alpha=0.060060060060060066 beta=0.0 buffer=1.0 current_replicas=10 predicted_load=156.0 required_resources=9.369 target_replicas=10
2026-09-13 21:21:49 [info     ] algorithm2_decision            action=MAINTAIN applied_target=10 current_replicas=10 hold_until=1789309400.0 observed_load=75.63 observed_target=5 point_forecasts=[85.82791137695312, 88.5165023803711, 91.52030944824219, 92.1236572265625, 93.99153137207031, 93.68688201904297, 93.93283081054688, 95.34241485595703, 95.50175476074219] prediction_age_sec=0.07 predictive_target=10 proactive=True scenario=s4-hybrid-predictive target_replicas=10 upper_forecasts=[140.7245330810547, 148.24038696289062, 150.61813354492188, 151.34109497070312, 153.66790771484375, 153.42828369140625, 154.06515502929688, 155.2473907470703, 155.58114624023438]
2026-09-13 21:21:49 [debug    ] Decision loop completed        action=MAINTAIN latency_ms=118.2 p99=99.47293577981651
2026-09-13 21:22:05 [debug    ] GRU prediction received        confidence=0.6 latency_ms=9.19 predicted=155
2026-09-13 21:22:05 [debug    ] Using GRU prediction           confidence=0.6 forecast_capacity_signal=155.4 predicted=155 required_steps=9
2026-09-13 21:22:05 [info     ] algorithm2_scaling_decision    action=MAINTAIN alpha=0.060060060060060066 beta=0.0 buffer=1.0 current_replicas=10 predicted_load=155.4235382080078 required_resources=9.335 target_replicas=10
2026-09-13 21:22:05 [info     ] algorithm2_decision            action=MAINTAIN applied_target=10 current_replicas=10 hold_until=1789309415.1 observed_load=79.21 observed_target=5 point_forecasts=[87.84418487548828, 89.68997192382812, 92.2184066772461, 92.96385192871094, 94.33924865722656, 93.57890319824219, 93.72216796875, 95.00556182861328, 95.34415435791016] prediction_age_sec=0.07 predictive_target=10 proactive=True scenario=s4-hybrid-predictive target_replicas=10 upper_forecasts=[142.7407989501953, 149.4138641357422, 151.31622314453125, 152.18128967285156, 154.015625, 153.3203125, 153.8544921875, 154.91053771972656, 155.4235382080078]
2026-09-13 21:22:05 [debug    ] Decision loop completed        action=MAINTAIN latency_ms=127.34 p99=99.51615575807789
2026-09-13 21:22:20 [debug    ] GRU prediction received        confidence=0.6 latency_ms=9.63 predicted=156
2026-09-13 21:22:20 [debug    ] Using GRU prediction           confidence=0.6 forecast_capacity_signal=156.4 predicted=156 required_steps=9
2026-09-13 21:22:20 [info     ] algorithm2_scaling_decision    action=MAINTAIN alpha=0.060060060060060066 beta=0.0 buffer=1.0 current_replicas=10 predicted_load=156.35325622558594 required_resources=9.391 target_replicas=10
2026-09-13 21:22:20 [info     ] algorithm2_decision            action=MAINTAIN applied_target=10 current_replicas=10 hold_until=1789309430.2 observed_load=84.76 observed_target=6 point_forecasts=[91.01765441894531, 92.08026885986328, 94.20111083984375, 94.94062042236328, 95.71076202392578, 94.78730010986328, 94.75959777832031, 96.17793273925781, 96.27387237548828] prediction_age_sec=0.07 predictive_target=10 proactive=True scenario=s4-hybrid-predictive target_replicas=10 upper_forecasts=[145.91427612304688, 151.8041534423828, 153.29891967773438, 154.15805053710938, 155.38714599609375, 154.52870178222656, 154.8919219970703, 156.08291625976562, 156.35325622558594]
2026-09-13 21:22:20 [debug    ] Decision loop completed        action=MAINTAIN latency_ms=126.08 p99=99.58145875937288
2026-09-13 21:22:35 [debug    ] GRU prediction received        confidence=0.6 latency_ms=9.11 predicted=159
2026-09-13 21:22:35 [debug    ] Using GRU prediction           confidence=0.6 forecast_capacity_signal=159.0 predicted=159 required_steps=9
2026-09-13 21:22:35 [info     ] algorithm2_scaling_decision    action=MAINTAIN alpha=0.060060060060060066 beta=0.0 buffer=1.0 current_replicas=10 predicted_load=159.0 required_resources=9.55 target_replicas=10
2026-09-13 21:22:35 [info     ] algorithm2_decision            action=MAINTAIN applied_target=10 current_replicas=10 hold_until=1789309445.4 observed_load=92.8 observed_target=6 point_forecasts=[96.44395446777344, 96.07478332519531, 97.350830078125, 98.30144500732422, 98.23715209960938, 97.3902816772461, 97.24276733398438, 98.62271881103516, 98.08407592773438] prediction_age_sec=0.08 predictive_target=10 proactive=True scenario=s4-hybrid-predictive target_replicas=10 upper_forecasts=[151.340576171875, 155.79867553710938, 156.44863891601562, 157.51889038085938, 157.9135284423828, 157.13168334960938, 157.37509155273438, 158.52769470214844, 158.1634521484375]
2026-09-13 21:22:35 [debug    ] Decision loop completed        action=MAINTAIN latency_ms=133.05 p99=99.77065712426806
2026-09-13 21:22:50 [debug    ] GRU prediction received        confidence=0.6 latency_ms=9.19 predicted=160
2026-09-13 21:22:50 [debug    ] Using GRU prediction           confidence=0.6 forecast_capacity_signal=160.0 predicted=160 required_steps=9
2026-09-13 21:22:50 [info     ] algorithm2_scaling_decision    action=MAINTAIN alpha=0.060060060060060066 beta=0.0 buffer=1.0 current_replicas=10 predicted_load=160.0 required_resources=9.61 target_replicas=10
2026-09-13 21:22:50 [info     ] algorithm2_decision            action=MAINTAIN applied_target=10 current_replicas=10 hold_until=1789309460.5 observed_load=99.06 observed_target=6 point_forecasts=[99.28247833251953, 98.88703155517578, 99.58946228027344, 100.8018798828125, 100.39427947998047, 99.60105895996094, 99.02510070800781, 100.38710021972656, 99.57054138183594] prediction_age_sec=0.06 predictive_target=10 proactive=True scenario=s4-hybrid-predictive target_replicas=10 upper_forecasts=[154.17909240722656, 158.6109161376953, 158.68728637695312, 160.01931762695312, 160.07064819335938, 159.34246826171875, 159.1574249267578, 160.29208374023438, 159.64993286132812]
2026-09-13 21:22:50 [debug    ] Decision loop completed        action=MAINTAIN latency_ms=110.64 p99=99.66603487490524
2026-09-13 21:23:05 [debug    ] GRU prediction received        confidence=0.6 latency_ms=9.27 predicted=160
2026-09-13 21:23:05 [debug    ] Using GRU prediction           confidence=0.6 forecast_capacity_signal=160.0 predicted=160 required_steps=9
2026-09-13 21:23:05 [info     ] algorithm2_scaling_decision    action=MAINTAIN alpha=0.060060060060060066 beta=0.0 buffer=1.0 current_replicas=10 predicted_load=160.0 required_resources=9.61 target_replicas=10
2026-09-13 21:23:05 [info     ] algorithm2_decision            action=MAINTAIN applied_target=10 current_replicas=10 hold_until=1789309475.6 observed_load=96.26 observed_target=6 point_forecasts=[97.52159881591797, 98.65660858154297, 99.83677673339844, 100.50506591796875, 100.39713287353516, 99.69144439697266, 98.54782104492188, 100.08016967773438, 99.53105926513672] prediction_age_sec=0.07 predictive_target=10 proactive=True scenario=s4-hybrid-predictive target_replicas=10 upper_forecasts=[152.418212890625, 158.3804931640625, 158.93460083007812, 159.72250366210938, 160.07351684570312, 159.43284606933594, 158.68014526367188, 159.9851531982422, 159.61044311523438]
2026-09-13 21:23:05 [debug    ] Decision loop completed        action=MAINTAIN latency_ms=117.83 p99=99.698087431694
2026-09-13 21:23:20 [debug    ] GRU prediction received        confidence=0.6 latency_ms=9.49 predicted=158
2026-09-13 21:23:20 [debug    ] Using GRU prediction           confidence=0.6 forecast_capacity_signal=158.0 predicted=158 required_steps=9
2026-09-13 21:23:20 [info     ] algorithm2_scaling_decision    action=MAINTAIN alpha=0.060060060060060066 beta=0.0 buffer=1.0 current_replicas=10 predicted_load=158.0 required_resources=9.489 target_replicas=10
2026-09-13 21:23:20 [info     ] algorithm2_decision            action=MAINTAIN applied_target=10 current_replicas=10 hold_until=1789309490.7 observed_load=83.33 observed_target=6 point_forecasts=[89.78761291503906, 93.81182098388672, 95.93128204345703, 96.47736358642578, 97.02635192871094, 96.398681640625, 94.89620971679688, 96.97643280029297, 97.47972869873047] prediction_age_sec=0.06 predictive_target=10 proactive=True scenario=s4-hybrid-predictive target_replicas=10 upper_forecasts=[144.68423461914062, 153.53570556640625, 155.0290985107422, 155.69479370117188, 156.70272827148438, 156.14007568359375, 155.02853393554688, 156.88140869140625, 157.55911254882812]
2026-09-13 21:23:20 [debug    ] Decision loop completed        action=MAINTAIN latency_ms=112.31 p99=99.4619492656876
2026-09-13 21:23:35 [debug    ] GRU prediction received        confidence=0.6 latency_ms=9.44 predicted=153
2026-09-13 21:23:35 [debug    ] Using GRU prediction           confidence=0.6 forecast_capacity_signal=153.4 predicted=153 required_steps=9
2026-09-13 21:23:35 [info     ] algorithm2_scaling_decision    action=MAINTAIN alpha=0.060060060060060066 beta=0.0 buffer=1.0 current_replicas=10 predicted_load=153.35311889648438 required_resources=9.21 target_replicas=10
2026-09-13 21:23:35 [info     ] algorithm2_decision            action=MAINTAIN applied_target=10 current_replicas=10 hold_until=1789309505.8 observed_load=66.62 observed_target=5 point_forecasts=[81.380615234375, 86.44283294677734, 89.48616790771484, 90.73438262939453, 91.55381774902344, 90.72821807861328, 89.87201690673828, 92.72608947753906, 93.27374267578125] prediction_age_sec=0.06 predictive_target=10 proactive=True scenario=s4-hybrid-predictive target_replicas=10 upper_forecasts=[136.27723693847656, 146.16671752929688, 148.583984375, 149.95181274414062, 151.23019409179688, 150.46961975097656, 150.0043487548828, 152.63107299804688, 153.35311889648438]
2026-09-13 21:23:35 [debug    ] Decision loop completed        action=MAINTAIN latency_ms=116.39 p99=99.59787234042554
2026-09-13 21:23:50 [debug    ] GRU prediction received        confidence=0.6 latency_ms=9.73 predicted=149
2026-09-13 21:23:50 [debug    ] Using GRU prediction           confidence=0.6 forecast_capacity_signal=149.0 predicted=149 required_steps=9
2026-09-13 21:23:50 [info     ] algorithm2_scaling_decision    action=MAINTAIN alpha=0.060060060060060066 beta=0.0 buffer=1.0 current_replicas=10 predicted_load=149.0 required_resources=8.949 target_replicas=9
2026-09-13 21:23:50 [info     ] algorithm2_decision            action=MAINTAIN applied_target=9 current_replicas=10 hold_until=1789309521.0 observed_load=54.92 observed_target=4 point_forecasts=[75.51068115234375, 80.52436065673828, 83.80327606201172, 85.07438659667969, 86.14025115966797, 85.80178833007812, 85.96670532226562, 88.27511596679688, 88.74232482910156] prediction_age_sec=0.07 predictive_target=9 proactive=True scenario=s4-hybrid-predictive target_replicas=9 upper_forecasts=[130.4073028564453, 140.2482452392578, 142.90109252929688, 144.2918243408203, 145.81661987304688, 145.54318237304688, 146.09902954101562, 148.1800994873047, 148.82171630859375]
2026-09-13 21:23:50 [debug    ] Decision loop completed        action=MAINTAIN latency_ms=119.3 p99=99.75527108433735
2026-09-13 21:24:06 [debug    ] GRU prediction received        confidence=0.6 latency_ms=9.03 predicted=146
2026-09-13 21:24:06 [debug    ] Using GRU prediction           confidence=0.6 forecast_capacity_signal=146.0 predicted=146 required_steps=9
2026-09-13 21:24:06 [info     ] algorithm2_scaling_decision    action=MAINTAIN alpha=0.060060060060060066 beta=0.0 buffer=1.0 current_replicas=10 predicted_load=146.0 required_resources=8.769 target_replicas=9
2026-09-13 21:24:06 [info     ] algorithm2_decision            action=MAINTAIN applied_target=9 current_replicas=10 hold_until=1789309536.1 observed_load=51.08 observed_target=4 point_forecasts=[72.9110336303711, 76.9021987915039, 79.7674560546875, 81.08963012695312, 82.18777465820312, 82.39990234375, 83.37200927734375, 84.91293334960938, 85.57550048828125] prediction_age_sec=0.07 predictive_target=9 proactive=True scenario=s4-hybrid-predictive target_replicas=9 upper_forecasts=[127.80764770507812, 136.62608337402344, 138.86526489257812, 140.30706787109375, 141.86415100097656, 142.14129638671875, 143.50433349609375, 144.8179168701172, 145.65487670898438]
2026-09-13 21:24:06 [debug    ] Decision loop completed        action=MAINTAIN latency_ms=116.17 p99=99.52613941018767
2026-09-13 21:24:21 [debug    ] GRU prediction received        confidence=0.6 latency_ms=9.71 predicted=143
2026-09-13 21:24:21 [debug    ] Using GRU prediction           confidence=0.6 forecast_capacity_signal=143.0 predicted=143 required_steps=9
2026-09-13 21:24:21 [info     ] algorithm2_scaling_decision    action=MAINTAIN alpha=0.060060060060060066 beta=0.0 buffer=1.0 current_replicas=10 predicted_load=143.01075744628906 required_resources=8.589 target_replicas=9
2026-09-13 21:24:21 [info     ] algorithm2_decision            action=MAINTAIN applied_target=9 current_replicas=10 hold_until=1789309551.2 observed_load=52.06 observed_target=4 point_forecasts=[71.18849182128906, 74.41036987304688, 76.88687896728516, 78.1601791381836, 79.42845153808594, 79.6749496459961, 80.96052551269531, 82.07115173339844, 82.9313735961914] prediction_age_sec=0.07 predictive_target=9 proactive=True scenario=s4-hybrid-predictive target_replicas=9 upper_forecasts=[126.08511352539062, 134.13426208496094, 135.9846954345703, 137.37762451171875, 139.10482788085938, 139.41635131835938, 141.0928497314453, 141.97613525390625, 143.01075744628906]
2026-09-13 21:24:21 [debug    ] Decision loop completed        action=MAINTAIN latency_ms=120.14 p99=99.58816120906802
2026-09-13 21:24:36 [debug    ] GRU prediction received        confidence=0.6 latency_ms=9.4 predicted=140
2026-09-13 21:24:36 [debug    ] Using GRU prediction           confidence=0.6 forecast_capacity_signal=140.1 predicted=140 required_steps=9
2026-09-13 21:24:36 [info     ] algorithm2_scaling_decision    action=MAINTAIN alpha=0.060060060060060066 beta=0.0 buffer=1.0 current_replicas=10 predicted_load=140.1360321044922 required_resources=8.417 target_replicas=9
2026-09-13 21:24:36 [info     ] algorithm2_decision            action=MAINTAIN applied_target=9 current_replicas=10 hold_until=1789309566.3 observed_load=53.71 observed_target=4 point_forecasts=[69.00294494628906, 72.11128997802734, 74.32305908203125, 75.31903839111328, 76.801025390625, 76.94156646728516, 78.28661346435547, 79.02914428710938, 80.05664825439453] prediction_age_sec=0.07 predictive_target=9 proactive=True scenario=s4-hybrid-predictive target_replicas=9 upper_forecasts=[123.89956665039062, 131.83517456054688, 133.42086791992188, 134.53646850585938, 136.47740173339844, 136.68296813964844, 138.4189453125, 138.9341278076172, 140.1360321044922]
2026-09-13 21:24:36 [debug    ] Decision loop completed        action=MAINTAIN latency_ms=115.25 p99=99.460219478738
2026-09-13 21:24:51 [debug    ] GRU prediction received        confidence=0.6 latency_ms=11.9 predicted=137
2026-09-13 21:24:51 [debug    ] Using GRU prediction           confidence=0.6 forecast_capacity_signal=137.0 predicted=137 required_steps=9
2026-09-13 21:24:51 [info     ] algorithm2_scaling_decision    action=MAINTAIN alpha=0.060060060060060066 beta=0.0 buffer=1.0 current_replicas=10 predicted_load=137.0 required_resources=8.228 target_replicas=9
2026-09-13 21:24:51 [info     ] algorithm2_decision            action=MAINTAIN applied_target=9 current_replicas=10 hold_until=1789309581.4 observed_load=52.86 observed_target=4 point_forecasts=[65.36322784423828, 68.88434600830078, 70.905029296875, 71.91859436035156, 73.60934448242188, 73.52302551269531, 74.60023498535156, 75.4202880859375, 76.45592498779297] prediction_age_sec=0.07 predictive_target=9 proactive=True scenario=s4-hybrid-predictive target_replicas=9 upper_forecasts=[120.25984191894531, 128.6082305908203, 130.00283813476562, 131.1360321044922, 133.2857208251953, 133.26443481445312, 134.73255920410156, 135.3252716064453, 136.53530883789062]
2026-09-13 21:24:51 [debug    ] Decision loop completed        action=MAINTAIN latency_ms=118.63 p99=99.45245901639345
2026-09-13 21:25:06 [debug    ] GRU prediction received        confidence=0.6 latency_ms=9.46 predicted=133
2026-09-13 21:25:06 [debug    ] Using GRU prediction           confidence=0.6 forecast_capacity_signal=133.0 predicted=133 required_steps=9
2026-09-13 21:25:06 [info     ] algorithm2_scaling_decision    action=MAINTAIN alpha=0.060060060060060066 beta=0.0 buffer=1.0 current_replicas=10 predicted_load=133.0 required_resources=7.988 target_replicas=8
2026-09-13 21:25:06 [info     ] algorithm2_decision            action=MAINTAIN applied_target=8 current_replicas=10 hold_until=1789309596.6 observed_load=49.03 observed_target=3 point_forecasts=[61.3444938659668, 65.30279541015625, 67.1756362915039, 68.1931381225586, 70.09944152832031, 69.72749328613281, 70.64855194091797, 71.63072967529297, 72.73719787597656] prediction_age_sec=0.07 predictive_target=8 proactive=True scenario=s4-hybrid-predictive target_replicas=8 upper_forecasts=[116.2411117553711, 125.02668762207031, 126.27345275878906, 127.41057586669922, 129.77581787109375, 129.46890258789062, 130.7808837890625, 131.53570556640625, 132.81658935546875]
2026-09-13 21:25:06 [debug    ] Decision loop completed        action=MAINTAIN latency_ms=123.98 p99=99.44906621392191
2026-09-13 21:25:21 [debug    ] GRU prediction received        confidence=0.6 latency_ms=9.46 predicted=129
2026-09-13 21:25:21 [debug    ] Using GRU prediction           confidence=0.6 forecast_capacity_signal=129.3 predicted=129 required_steps=9
2026-09-13 21:25:21 [info     ] algorithm2_scaling_decision    action=MAINTAIN alpha=0.060060060060060066 beta=0.0 buffer=1.0 current_replicas=10 predicted_load=129.26641845703125 required_resources=7.764 target_replicas=8
2026-09-13 21:25:21 [info     ] algorithm2_decision            action=MAINTAIN applied_target=8 current_replicas=10 hold_until=1789309611.7 observed_load=44.97 observed_target=3 point_forecasts=[57.737178802490234, 61.810150146484375, 63.5522346496582, 64.49813842773438, 66.56398010253906, 65.96632385253906, 66.90275573730469, 68.00202941894531, 69.1870346069336] prediction_age_sec=0.07 predictive_target=8 proactive=True scenario=s4-hybrid-predictive target_replicas=8 upper_forecasts=[112.63379669189453, 121.53404235839844, 122.65005493164062, 123.715576171875, 126.2403564453125, 125.70772552490234, 127.03507995605469, 127.90701293945312, 129.26641845703125]
2026-09-13 21:25:21 [debug    ] Decision loop completed        action=MAINTAIN latency_ms=114.64 p99=99.45087719298246
2026-09-13 21:25:36 [debug    ] GRU prediction received        confidence=0.6 latency_ms=9.18 predicted=127
2026-09-13 21:25:36 [debug    ] Using GRU prediction           confidence=0.6 forecast_capacity_signal=127.0 predicted=127 required_steps=9
2026-09-13 21:25:36 [info     ] algorithm2_scaling_decision    action=MAINTAIN alpha=0.060060060060060066 beta=0.0 buffer=1.0 current_replicas=10 predicted_load=127.0 required_resources=7.628 target_replicas=8
2026-09-13 21:25:36 [info     ] algorithm2_decision            action=MAINTAIN applied_target=8 current_replicas=10 hold_until=1789309626.8 observed_load=43.64 observed_target=3 point_forecasts=[56.100677490234375, 59.61117935180664, 61.16471862792969, 61.88450241088867, 63.958404541015625, 63.23458480834961, 64.37197875976562, 65.39822387695312, 66.58775329589844] prediction_age_sec=0.07 predictive_target=8 proactive=True scenario=s4-hybrid-predictive target_replicas=8 upper_forecasts=[110.99729919433594, 119.33506774902344, 120.26253509521484, 121.10194396972656, 123.63478088378906, 122.97598266601562, 124.50430297851562, 125.30320739746094, 126.6671371459961]
2026-09-13 21:25:36 [debug    ] Decision loop completed        action=MAINTAIN latency_ms=117.1 p99=99.45384615384616
2026-09-13 21:25:51 [debug    ] GRU prediction received        confidence=0.6 latency_ms=10.09 predicted=125
2026-09-13 21:25:51 [debug    ] Using GRU prediction           confidence=0.6 forecast_capacity_signal=125.1 predicted=125 required_steps=9
2026-09-13 21:25:51 [info     ] algorithm2_scaling_decision    action=MAINTAIN alpha=0.060060060060060066 beta=0.0 buffer=1.0 current_replicas=10 predicted_load=125.10968780517578 required_resources=7.514 target_replicas=8
2026-09-13 21:25:51 [info     ] algorithm2_decision            action=MAINTAIN applied_target=8 current_replicas=10 hold_until=1789309641.9 observed_load=44.78 observed_target=3 point_forecasts=[55.3011360168457, 58.43010711669922, 59.862586975097656, 60.40634536743164, 62.488014221191406, 61.76887130737305, 62.94065475463867, 63.87284469604492, 65.03030395507812] prediction_age_sec=0.07 predictive_target=8 proactive=True scenario=s4-hybrid-predictive target_replicas=8 upper_forecasts=[110.19775390625, 118.15399169921875, 118.96040344238281, 119.623779296875, 122.16439056396484, 121.51026916503906, 123.07298278808594, 123.77782440185547, 125.10968780517578]
2026-09-13 21:25:51 [debug    ] Decision loop completed        action=MAINTAIN latency_ms=119.42 p99=99.45545314900153
2026-09-13 21:26:06 [debug    ] GRU prediction received        confidence=0.6 latency_ms=9.23 predicted=124
2026-09-13 21:26:06 [debug    ] Using GRU prediction           confidence=0.6 forecast_capacity_signal=124.3 predicted=124 required_steps=9
2026-09-13 21:26:07 [info     ] algorithm2_scaling_decision    action=MAINTAIN alpha=0.060060060060060066 beta=0.0 buffer=1.0 current_replicas=10 predicted_load=124.26399230957031 required_resources=7.463 target_replicas=8
2026-09-13 21:26:07 [info     ] algorithm2_decision            action=MAINTAIN applied_target=8 current_replicas=10 hold_until=1789309657.0 observed_load=46.63 observed_target=3 point_forecasts=[55.40460205078125, 58.1418571472168, 59.425010681152344, 59.7943115234375, 61.84794235229492, 61.09248733520508, 62.27383804321289, 63.079795837402344, 64.18460845947266] prediction_age_sec=0.07 predictive_target=8 proactive=True scenario=s4-hybrid-predictive target_replicas=8 upper_forecasts=[110.30122375488281, 117.8657455444336, 118.5228271484375, 119.01174926757812, 121.52432250976562, 120.83389282226562, 122.40616607666016, 122.98477172851562, 124.26399230957031]
2026-09-13 21:26:07 [debug    ] Decision loop completed        action=MAINTAIN latency_ms=123.8 p99=99.45623145400593
2026-09-13 21:26:22 [debug    ] GRU prediction received        confidence=0.6 latency_ms=9.53 predicted=123
2026-09-13 21:26:22 [debug    ] Using GRU prediction           confidence=0.6 forecast_capacity_signal=123.1 predicted=123 required_steps=9
2026-09-13 21:26:22 [info     ] algorithm2_scaling_decision    action=MAINTAIN alpha=0.060060060060060066 beta=0.0 buffer=1.0 current_replicas=10 predicted_load=123.137939453125 required_resources=7.396 target_replicas=8
2026-09-13 21:26:22 [info     ] algorithm2_decision            action=MAINTAIN applied_target=8 current_replicas=10 hold_until=1789309672.1 observed_load=47.99 observed_target=3 point_forecasts=[54.90284729003906, 57.57561111450195, 58.70909118652344, 58.92344284057617, 60.99310302734375, 60.172794342041016, 61.208335876464844, 61.97816848754883, 63.058555603027344] prediction_age_sec=0.07 predictive_target=8 proactive=True scenario=s4-hybrid-predictive target_replicas=8 upper_forecasts=[109.79946899414062, 117.29949951171875, 117.8069076538086, 118.14088439941406, 120.66947937011719, 119.91419982910156, 121.34066772460938, 121.88314819335938, 123.137939453125]
2026-09-13 21:26:22 [debug    ] Decision loop completed        action=MAINTAIN latency_ms=114.16 p99=99.60585585585586
2026-09-13 21:26:37 [debug    ] GRU prediction received        confidence=0.6 latency_ms=8.99 predicted=120
2026-09-13 21:26:37 [debug    ] Using GRU prediction           confidence=0.6 forecast_capacity_signal=120.3 predicted=120 required_steps=9
2026-09-13 21:26:37 [info     ] algorithm2_scaling_decision    action=MAINTAIN alpha=0.060060060060060066 beta=0.0 buffer=1.0 current_replicas=10 predicted_load=120.282958984375 required_resources=7.224 target_replicas=8
2026-09-13 21:26:37 [info     ] algorithm2_decision            action=MAINTAIN applied_target=8 current_replicas=10 hold_until=1789309687.3 observed_load=41.17 observed_target=3 point_forecasts=[48.88518142700195, 53.53781509399414, 54.913448333740234, 55.57605743408203, 58.11461639404297, 57.18393325805664, 57.5689697265625, 58.897979736328125, 60.20357894897461] prediction_age_sec=0.07 predictive_target=8 proactive=True scenario=s4-hybrid-predictive target_replicas=8 upper_forecasts=[103.78179931640625, 113.26170349121094, 114.01126098632812, 114.79349517822266, 117.7909927368164, 116.92533874511719, 117.7012939453125, 118.80296325683594, 120.282958984375]
2026-09-13 21:26:37 [debug    ] Decision loop completed        action=MAINTAIN latency_ms=117.75 p99=119.9999999999992
2026-09-13 21:26:52 [debug    ] GRU prediction received        confidence=0.6 latency_ms=9.17 predicted=117
2026-09-13 21:26:52 [debug    ] Using GRU prediction           confidence=0.6 forecast_capacity_signal=117.0 predicted=117 required_steps=9
2026-09-13 21:26:52 [info     ] algorithm2_scaling_decision    action=MAINTAIN alpha=0.060060060060060066 beta=0.0 buffer=1.0 current_replicas=10 predicted_load=117.0 required_resources=7.027 target_replicas=8
2026-09-13 21:26:52 [info     ] algorithm2_decision            action=MAINTAIN applied_target=8 current_replicas=10 hold_until=1789309702.4 observed_load=26.68 observed_target=3 point_forecasts=[41.66682052612305, 47.90138244628906, 49.60993576049805, 50.93061828613281, 53.97923278808594, 52.690582275390625, 53.043548583984375, 55.006595611572266, 56.62632751464844] prediction_age_sec=0.07 predictive_target=8 proactive=True scenario=s4-hybrid-predictive target_replicas=8 upper_forecasts=[96.56343841552734, 107.62527465820312, 108.70774841308594, 110.14805603027344, 113.65560913085938, 112.4319839477539, 113.17587280273438, 114.91157531738281, 116.7057113647461]
2026-09-13 21:26:52 [debug    ] Decision loop completed        action=MAINTAIN latency_ms=117.87 p99=0.99
2026-09-13 21:27:07 [debug    ] GRU prediction received        confidence=0.6 latency_ms=9.31 predicted=113
2026-09-13 21:27:07 [debug    ] Using GRU prediction           confidence=0.6 forecast_capacity_signal=113.0 predicted=113 required_steps=9
2026-09-13 21:27:07 [info     ] algorithm2_scaling_decision    action=SCALE_DOWN alpha=0.060060060060060066 beta=0.0 buffer=1.0 current_replicas=10 predicted_load=113.0 required_resources=6.787 target_replicas=7
2026-09-13 21:27:07 [info     ] algorithm2_decision            action=SCALE_DOWN applied_target=7 current_replicas=10 hold_until=1789309717.5 observed_load=11.8 observed_target=3 point_forecasts=[33.988304138183594, 41.34376525878906, 43.534847259521484, 45.53706359863281, 49.212745666503906, 47.733741760253906, 48.16180419921875, 50.894622802734375, 52.598777770996094] prediction_age_sec=0.07 predictive_target=7 proactive=True scenario=s4-hybrid-predictive target_replicas=7 upper_forecasts=[88.88491821289062, 101.06765747070312, 102.63265991210938, 104.75450134277344, 108.88912200927734, 107.47514343261719, 108.29412841796875, 110.79960632324219, 112.67816162109375]
2026-09-13 21:27:07 [info     ] k8s_scale_executed             deployment=test-app-warm replicas=7
2026-09-13 21:27:07 [debug    ] Decision loop completed        action=MAINTAIN latency_ms=153.82 p99=0.99
2026-09-13 21:27:14 [info     ] Received shutdown signal
2026-09-13 21:27:14 [info     ] Stopping routing daemon...
2026-09-13 21:27:14 [info     ] Routing daemon stopped
