2026-07-12 19:11:46 [info     ] SLOMonitor initialized         threshold_ms=200.0 violation_window=30
2026-07-12 19:11:46 [info     ] Algorithm1ControllerV3 initialized max_knative=50 r_saturation=33.3 target_cpu_util=0.5 total_budget=1000
2026-07-12 19:11:46 [info     ] Using V3 controller (Capacity-Driven) scenario=s4-hybrid-predictive version=v3
2026-07-12 19:11:46 [info     ] HAProxyWeightAdjuster initialized backend=servers host=localhost port=19999
2026-07-12 19:11:46 [info     ] GRUClient initialized          base_url=http://localhost:8090
2026-07-12 19:11:46 [info     ] K8sScaler initialized          deployment=test-app-warm namespace=default
2026-07-12 19:11:46 [info     ] RoutingDaemon initialized      decision_interval=15 description='Algorithm 1 with GRU predictions (Algorithm 2)' scenario=s4-hybrid-predictive use_algorithm=True use_predictions=True
2026-07-12 19:11:46 [info     ] Starting routing daemon        interval=15 scenario=s4-hybrid-predictive
2026-07-12 19:11:46 [info     ] Weights updated                k3s=80 knative=20
2026-07-12 19:11:46 [info     ] Initial weights applied        k3s=80 knative=20
2026-07-12 19:11:47 [debug    ] HAProxy fallback primed        total_requests=0
2026-07-12 19:11:47 [info     ] Model status validated         prediction_horizon=5 sample_interval_sec=15 sequence_length=30
2026-07-12 19:11:47 [info     ] Model status validated on first eligible cycle prediction_horizon=5 sequence_length=30
2026-07-12 19:11:47 [info     ] algorithm2_scaling_decision    action=MAINTAIN alpha=0.060060060060060066 beta=0.0 buffer=1.0 current_replicas=3 predicted_load=0.0 required_resources=0.0 target_replicas=3
2026-07-12 19:11:47 [info     ] algorithm2_decision            action=MAINTAIN applied_target=3 current_replicas=3 hold_until=0.0 observed_load=0.0 observed_target=3 point_forecasts=None prediction_age_sec=None predictive_target=3 proactive=False scenario=s4-hybrid-predictive target_replicas=3 upper_forecasts=None
2026-07-12 19:11:47 [debug    ] Decision loop completed        action=MAINTAIN latency_ms=110.3 p99=0.0
2026-07-12 19:12:02 [info     ] algorithm2_scaling_decision    action=MAINTAIN alpha=0.060060060060060066 beta=0.0 buffer=1.0 current_replicas=3 predicted_load=0.0 required_resources=0.0 target_replicas=3
2026-07-12 19:12:02 [info     ] algorithm2_decision            action=MAINTAIN applied_target=3 current_replicas=3 hold_until=0.0 observed_load=0.0 observed_target=3 point_forecasts=None prediction_age_sec=None predictive_target=3 proactive=False scenario=s4-hybrid-predictive target_replicas=3 upper_forecasts=None
2026-07-12 19:12:02 [debug    ] Decision loop completed        action=MAINTAIN latency_ms=108.98 p99=0.0
2026-07-12 19:12:17 [info     ] algorithm2_scaling_decision    action=MAINTAIN alpha=0.060060060060060066 beta=0.0 buffer=1.0 current_replicas=3 predicted_load=0.0 required_resources=0.0 target_replicas=3
2026-07-12 19:12:17 [info     ] algorithm2_decision            action=MAINTAIN applied_target=3 current_replicas=3 hold_until=0.0 observed_load=0.0 observed_target=3 point_forecasts=None prediction_age_sec=None predictive_target=3 proactive=False scenario=s4-hybrid-predictive target_replicas=3 upper_forecasts=None
2026-07-12 19:12:17 [debug    ] Decision loop completed        action=MAINTAIN latency_ms=111.47 p99=0.0
2026-07-12 19:12:32 [debug    ] HAProxy fallback latency       delta_requests=640 interval_avg_ms=64.0 max_rtime_ms=82.0 p99_est=82.0
2026-07-12 19:12:32 [info     ] controller_decision_v3         action=RECOVERY available_replicas=3 budget_remaining=1000 burn_adjustment=0 burst_ratio=0 capacity_deficit=False confidence=0 current_load=42.22062405905661 decision_id=9b4a61b2 k8s_capacity=49.9 k8s_weight=100 knative_weight=0 p99=82.0 predicted_load=0 r_effective=16.6 serverless_enabled=False total_load=42.2 weights_after={'k3s': 100, 'knative': 0} weights_before={'k3s': 80, 'knative': 20}
2026-07-12 19:12:32 [info     ] Weights updated                k3s=100 knative=0
2026-07-12 19:12:32 [info     ] Weights updated                action=RECOVERY reason='load=42RPS | k8s_cap=50RPS | (reducing-serverless)' weights={'k3s': 100, 'knative': 0}
2026-07-12 19:12:32 [info     ] algorithm2_scaling_decision    action=MAINTAIN alpha=0.060060060060060066 beta=0.0 buffer=1.0 current_replicas=3 predicted_load=21.110312029528306 required_resources=1.268 target_replicas=3
2026-07-12 19:12:32 [info     ] algorithm2_decision            action=MAINTAIN applied_target=3 current_replicas=3 hold_until=0.0 observed_load=21.11 observed_target=3 point_forecasts=None prediction_age_sec=None predictive_target=3 proactive=False scenario=s4-hybrid-predictive target_replicas=3 upper_forecasts=None
2026-07-12 19:12:32 [debug    ] Decision loop completed        action=RECOVERY latency_ms=146.48 p99=82.0
2026-07-12 19:12:47 [debug    ] HAProxy fallback latency       delta_requests=666 interval_avg_ms=65.96 max_rtime_ms=132.0 p99_est=131.92
2026-07-12 19:12:47 [info     ] algorithm2_scaling_decision    action=MAINTAIN alpha=0.060060060060060066 beta=0.0 buffer=1.0 current_replicas=3 predicted_load=43.128066538716126 required_resources=2.59 target_replicas=3
2026-07-12 19:12:47 [info     ] algorithm2_decision            action=MAINTAIN applied_target=3 current_replicas=3 hold_until=0.0 observed_load=43.13 observed_target=3 point_forecasts=None prediction_age_sec=None predictive_target=3 proactive=False scenario=s4-hybrid-predictive target_replicas=3 upper_forecasts=None
2026-07-12 19:12:47 [debug    ] Decision loop completed        action=MAINTAIN latency_ms=111.55 p99=131.92192192192192
2026-07-12 19:13:02 [debug    ] HAProxy fallback latency       delta_requests=716 interval_avg_ms=67.82 max_rtime_ms=132.0 p99_est=132.0
2026-07-12 19:13:02 [info     ] algorithm2_scaling_decision    action=MAINTAIN alpha=0.060060060060060066 beta=0.0 buffer=1.0 current_replicas=3 predicted_load=45.67474417828754 required_resources=2.743 target_replicas=3
2026-07-12 19:13:02 [info     ] algorithm2_decision            action=MAINTAIN applied_target=3 current_replicas=3 hold_until=0.0 observed_load=45.67 observed_target=3 point_forecasts=None prediction_age_sec=None predictive_target=3 proactive=False scenario=s4-hybrid-predictive target_replicas=3 upper_forecasts=None
2026-07-12 19:13:02 [debug    ] Decision loop completed        action=MAINTAIN latency_ms=112.32 p99=132.0
2026-07-12 19:13:17 [debug    ] HAProxy fallback latency       delta_requests=823 interval_avg_ms=62.54 max_rtime_ms=132.0 p99_est=125.09
2026-07-12 19:13:17 [info     ] Knative pre-warm OK            cold_start_ms=2.5
2026-07-12 19:13:17 [info     ] controller_decision_v3         action=REACTIVE available_replicas=3 budget_remaining=1000 burn_adjustment=0 burst_ratio=0.0828 capacity_deficit=False confidence=0 current_load=54.45958072597383 decision_id=5e2c3cbb k8s_capacity=49.9 k8s_weight=91 knative_weight=9 p99=125.1 predicted_load=0 r_effective=16.6 serverless_enabled=True total_load=54.5 weights_after={'k3s': 91, 'knative': 9} weights_before={'k3s': 100, 'knative': 0}
2026-07-12 19:13:17 [info     ] Weights updated                k3s=91 knative=9
2026-07-12 19:13:17 [info     ] Weights updated                action=REACTIVE reason='load=54RPS | k8s_cap=50RPS | (burst-routing)' weights={'k3s': 91, 'knative': 9}
2026-07-12 19:13:17 [info     ] algorithm2_scaling_decision    action=SCALE_UP alpha=0.060060060060060066 beta=0.0 buffer=1.0 current_replicas=3 predicted_load=50.886780032086634 required_resources=3.056 target_replicas=4
2026-07-12 19:13:17 [info     ] algorithm2_decision            action=SCALE_UP applied_target=4 current_replicas=3 hold_until=0.0 observed_load=50.89 observed_target=4 point_forecasts=None prediction_age_sec=None predictive_target=3 proactive=False scenario=s4-hybrid-predictive target_replicas=4 upper_forecasts=None
2026-07-12 19:13:17 [info     ] k8s_scale_executed             deployment=test-app-warm replicas=4
2026-07-12 19:13:17 [debug    ] Decision loop completed        action=REACTIVE latency_ms=164.72 p99=125.08626974483596
2026-07-12 19:13:32 [debug    ] HAProxy fallback latency       delta_requests=770 interval_avg_ms=65.0 max_rtime_ms=137.0 p99_est=130.0
2026-07-12 19:13:32 [info     ] controller_decision_v3         action=RECOVERY available_replicas=4 budget_remaining=1000 burn_adjustment=0 burst_ratio=0 capacity_deficit=False confidence=0 current_load=50.775181741452535 decision_id=df5b9bea k8s_capacity=66.6 k8s_weight=100 knative_weight=0 p99=130.0 predicted_load=0 r_effective=16.6 serverless_enabled=False total_load=50.8 weights_after={'k3s': 100, 'knative': 0} weights_before={'k3s': 91, 'knative': 9}
2026-07-12 19:13:32 [info     ] Weights updated                k3s=100 knative=0
2026-07-12 19:13:32 [info     ] Weights updated                action=RECOVERY reason='load=51RPS | k8s_cap=67RPS | (reducing-serverless)' weights={'k3s': 100, 'knative': 0}
2026-07-12 19:13:33 [info     ] Scale readiness observed       elapsed_sec=15.1 ewma_delay=46.5 samples=1 target=4
2026-07-12 19:13:33 [info     ] algorithm2_scaling_decision    action=MAINTAIN alpha=0.060060060060060066 beta=0.0 buffer=1.0 current_replicas=4 predicted_load=52.61738123371318 required_resources=3.16 target_replicas=4
2026-07-12 19:13:33 [info     ] algorithm2_decision            action=MAINTAIN applied_target=4 current_replicas=4 hold_until=0.0 observed_load=52.62 observed_target=4 point_forecasts=None prediction_age_sec=None predictive_target=3 proactive=False scenario=s4-hybrid-predictive target_replicas=4 upper_forecasts=None
2026-07-12 19:13:33 [debug    ] Decision loop completed        action=RECOVERY latency_ms=148.69 p99=130.0
2026-07-12 19:13:48 [debug    ] HAProxy fallback latency       delta_requests=547 interval_avg_ms=72.61 max_rtime_ms=137.0 p99_est=137.0
2026-07-12 19:13:48 [info     ] algorithm2_scaling_decision    action=MAINTAIN alpha=0.060060060060060066 beta=0.0 buffer=1.0 current_replicas=4 predicted_load=43.47435115704633 required_resources=2.611 target_replicas=3
2026-07-12 19:13:48 [info     ] algorithm2_decision            action=MAINTAIN applied_target=3 current_replicas=4 hold_until=0.0 observed_load=43.47 observed_target=3 point_forecasts=None prediction_age_sec=None predictive_target=3 proactive=False scenario=s4-hybrid-predictive target_replicas=3 upper_forecasts=None
2026-07-12 19:13:48 [debug    ] Decision loop completed        action=MAINTAIN latency_ms=105.1 p99=137.0
2026-07-12 19:14:03 [debug    ] HAProxy fallback latency       delta_requests=410 interval_avg_ms=54.85 max_rtime_ms=137.0 p99_est=109.7
2026-07-12 19:14:03 [info     ] algorithm2_scaling_decision    action=MAINTAIN alpha=0.060060060060060066 beta=0.0 buffer=1.0 current_replicas=4 predicted_load=31.65880595379518 required_resources=1.901 target_replicas=3
2026-07-12 19:14:03 [info     ] algorithm2_decision            action=MAINTAIN applied_target=3 current_replicas=4 hold_until=0.0 observed_load=31.66 observed_target=3 point_forecasts=None prediction_age_sec=None predictive_target=3 proactive=False scenario=s4-hybrid-predictive target_replicas=3 upper_forecasts=None
2026-07-12 19:14:03 [debug    ] Decision loop completed        action=MAINTAIN latency_ms=107.91 p99=109.69756097560976
2026-07-12 19:14:18 [debug    ] HAProxy fallback latency       delta_requests=358 interval_avg_ms=51.23 max_rtime_ms=137.0 p99_est=102.46
2026-07-12 19:14:18 [info     ] algorithm2_scaling_decision    action=MAINTAIN alpha=0.060060060060060066 beta=0.0 buffer=1.0 current_replicas=4 predicted_load=25.419405901666366 required_resources=1.527 target_replicas=3
2026-07-12 19:14:18 [info     ] algorithm2_decision            action=MAINTAIN applied_target=3 current_replicas=4 hold_until=0.0 observed_load=25.42 observed_target=3 point_forecasts=None prediction_age_sec=None predictive_target=3 proactive=False scenario=s4-hybrid-predictive target_replicas=3 upper_forecasts=None
2026-07-12 19:14:18 [debug    ] Decision loop completed        action=MAINTAIN latency_ms=103.9 p99=102.45810055865921
2026-07-12 19:14:33 [debug    ] HAProxy fallback latency       delta_requests=485 interval_avg_ms=64.0 max_rtime_ms=137.0 p99_est=128.0
2026-07-12 19:14:33 [info     ] algorithm2_scaling_decision    action=MAINTAIN alpha=0.060060060060060066 beta=0.0 buffer=1.0 current_replicas=4 predicted_load=27.86980899166096 required_resources=1.674 target_replicas=3
2026-07-12 19:14:33 [info     ] algorithm2_decision            action=MAINTAIN applied_target=3 current_replicas=4 hold_until=0.0 observed_load=27.87 observed_target=3 point_forecasts=None prediction_age_sec=None predictive_target=3 proactive=False scenario=s4-hybrid-predictive target_replicas=3 upper_forecasts=None
2026-07-12 19:14:33 [debug    ] Decision loop completed        action=MAINTAIN latency_ms=108.39 p99=128.0
2026-07-12 19:14:48 [debug    ] HAProxy fallback latency       delta_requests=774 interval_avg_ms=64.0 max_rtime_ms=137.0 p99_est=128.0
2026-07-12 19:14:48 [info     ] algorithm2_scaling_decision    action=MAINTAIN alpha=0.060060060060060066 beta=0.0 buffer=1.0 current_replicas=4 predicted_load=41.637759103598945 required_resources=2.501 target_replicas=3
2026-07-12 19:14:48 [info     ] algorithm2_decision            action=MAINTAIN applied_target=3 current_replicas=4 hold_until=0.0 observed_load=41.64 observed_target=3 point_forecasts=None prediction_age_sec=None predictive_target=3 proactive=False scenario=s4-hybrid-predictive target_replicas=3 upper_forecasts=None
2026-07-12 19:14:48 [debug    ] Decision loop completed        action=MAINTAIN latency_ms=109.06 p99=128.0
2026-07-12 19:15:03 [debug    ] HAProxy fallback latency       delta_requests=811 interval_avg_ms=64.0 max_rtime_ms=137.0 p99_est=128.0
2026-07-12 19:15:03 [info     ] algorithm2_scaling_decision    action=MAINTAIN alpha=0.060060060060060066 beta=0.0 buffer=1.0 current_replicas=4 predicted_load=52.485248737950045 required_resources=3.152 target_replicas=4
2026-07-12 19:15:03 [info     ] algorithm2_decision            action=MAINTAIN applied_target=4 current_replicas=4 hold_until=0.0 observed_load=52.49 observed_target=4 point_forecasts=None prediction_age_sec=None predictive_target=3 proactive=False scenario=s4-hybrid-predictive target_replicas=4 upper_forecasts=None
2026-07-12 19:15:03 [debug    ] Decision loop completed        action=MAINTAIN latency_ms=112.6 p99=128.0
2026-07-12 19:15:18 [debug    ] HAProxy fallback latency       delta_requests=638 interval_avg_ms=64.0 max_rtime_ms=137.0 p99_est=128.0
2026-07-12 19:15:18 [info     ] algorithm2_scaling_decision    action=MAINTAIN alpha=0.060060060060060066 beta=0.0 buffer=1.0 current_replicas=4 predicted_load=47.94528773809863 required_resources=2.88 target_replicas=3
2026-07-12 19:15:18 [info     ] algorithm2_decision            action=MAINTAIN applied_target=3 current_replicas=4 hold_until=0.0 observed_load=47.95 observed_target=3 point_forecasts=None prediction_age_sec=None predictive_target=3 proactive=False scenario=s4-hybrid-predictive target_replicas=3 upper_forecasts=None
2026-07-12 19:15:18 [debug    ] Decision loop completed        action=MAINTAIN latency_ms=109.19 p99=128.0
2026-07-12 19:15:33 [debug    ] HAProxy fallback latency       delta_requests=656 interval_avg_ms=64.0 max_rtime_ms=137.0 p99_est=128.0
2026-07-12 19:15:33 [info     ] algorithm2_scaling_decision    action=MAINTAIN alpha=0.060060060060060066 beta=0.0 buffer=1.0 current_replicas=4 predicted_load=42.78308899087775 required_resources=2.57 target_replicas=3
2026-07-12 19:15:33 [info     ] algorithm2_decision            action=MAINTAIN applied_target=3 current_replicas=4 hold_until=0.0 observed_load=42.78 observed_target=3 point_forecasts=None prediction_age_sec=None predictive_target=3 proactive=False scenario=s4-hybrid-predictive target_replicas=3 upper_forecasts=None
2026-07-12 19:15:33 [debug    ] Decision loop completed        action=MAINTAIN latency_ms=110.57 p99=128.0
2026-07-12 19:15:48 [debug    ] HAProxy fallback latency       delta_requests=832 interval_avg_ms=64.0 max_rtime_ms=137.0 p99_est=128.0
2026-07-12 19:15:48 [info     ] algorithm2_scaling_decision    action=MAINTAIN alpha=0.060060060060060066 beta=0.0 buffer=1.0 current_replicas=4 predicted_load=49.20546441586053 required_resources=2.955 target_replicas=3
2026-07-12 19:15:48 [info     ] algorithm2_decision            action=MAINTAIN applied_target=3 current_replicas=4 hold_until=0.0 observed_load=49.21 observed_target=3 point_forecasts=None prediction_age_sec=None predictive_target=3 proactive=False scenario=s4-hybrid-predictive target_replicas=3 upper_forecasts=None
2026-07-12 19:15:48 [debug    ] Decision loop completed        action=MAINTAIN latency_ms=112.7 p99=128.0
2026-07-12 19:16:04 [debug    ] HAProxy fallback latency       delta_requests=915 interval_avg_ms=64.0 max_rtime_ms=137.0 p99_est=128.0
2026-07-12 19:16:04 [info     ] algorithm2_scaling_decision    action=MAINTAIN alpha=0.060060060060060066 beta=0.0 buffer=1.0 current_replicas=4 predicted_load=57.80374761516458 required_resources=3.472 target_replicas=4
2026-07-12 19:16:04 [info     ] algorithm2_decision            action=MAINTAIN applied_target=4 current_replicas=4 hold_until=0.0 observed_load=57.8 observed_target=4 point_forecasts=None prediction_age_sec=None predictive_target=3 proactive=False scenario=s4-hybrid-predictive target_replicas=4 upper_forecasts=None
2026-07-12 19:16:04 [debug    ] Decision loop completed        action=MAINTAIN latency_ms=108.66 p99=128.0
2026-07-12 19:16:19 [debug    ] HAProxy fallback latency       delta_requests=931 interval_avg_ms=52.21 max_rtime_ms=137.0 p99_est=104.43
2026-07-12 19:16:19 [info     ] algorithm2_scaling_decision    action=MAINTAIN alpha=0.060060060060060066 beta=0.0 buffer=1.0 current_replicas=4 predicted_load=61.08216671687562 required_resources=3.669 target_replicas=4
2026-07-12 19:16:19 [info     ] algorithm2_decision            action=MAINTAIN applied_target=4 current_replicas=4 hold_until=0.0 observed_load=61.08 observed_target=4 point_forecasts=None prediction_age_sec=None predictive_target=3 proactive=False scenario=s4-hybrid-predictive target_replicas=4 upper_forecasts=None
2026-07-12 19:16:19 [debug    ] Decision loop completed        action=MAINTAIN latency_ms=109.18 p99=104.4296455424275
2026-07-12 19:16:34 [debug    ] HAProxy fallback latency       delta_requests=1003 interval_avg_ms=86.88 max_rtime_ms=137.0 p99_est=137.0
2026-07-12 19:16:34 [info     ] algorithm2_scaling_decision    action=MAINTAIN alpha=0.060060060060060066 beta=0.0 buffer=1.0 current_replicas=4 predicted_load=64.0011380103842 required_resources=3.844 target_replicas=4
2026-07-12 19:16:34 [info     ] algorithm2_decision            action=MAINTAIN applied_target=4 current_replicas=4 hold_until=0.0 observed_load=64.0 observed_target=4 point_forecasts=None prediction_age_sec=None predictive_target=3 proactive=False scenario=s4-hybrid-predictive target_replicas=4 upper_forecasts=None
2026-07-12 19:16:34 [debug    ] Decision loop completed        action=MAINTAIN latency_ms=109.0 p99=137.0
2026-07-12 19:16:49 [debug    ] HAProxy fallback latency       delta_requests=1119 interval_avg_ms=65.0 max_rtime_ms=137.0 p99_est=130.0
2026-07-12 19:16:49 [info     ] Knative pre-warm OK            cold_start_ms=2.8
2026-07-12 19:16:49 [info     ] controller_decision_v3         action=REACTIVE available_replicas=4 budget_remaining=1000 burn_adjustment=0 burst_ratio=0.0999 capacity_deficit=False confidence=0 current_load=73.99418171602184 decision_id=6507f861 k8s_capacity=66.6 k8s_weight=90 knative_weight=10 p99=130.0 predicted_load=0 r_effective=16.6 serverless_enabled=True total_load=74.0 weights_after={'k3s': 90, 'knative': 10} weights_before={'k3s': 100, 'knative': 0}
2026-07-12 19:16:49 [info     ] Weights updated                k3s=90 knative=10
2026-07-12 19:16:49 [info     ] Weights updated                action=REACTIVE reason='load=74RPS | k8s_cap=67RPS | (burst-routing)' weights={'k3s': 90, 'knative': 10}
2026-07-12 19:16:49 [info     ] algorithm2_scaling_decision    action=SCALE_UP alpha=0.060060060060060066 beta=0.0 buffer=1.0 current_replicas=4 predicted_load=70.22208499542347 required_resources=4.218 target_replicas=5
2026-07-12 19:16:49 [info     ] algorithm2_decision            action=SCALE_UP applied_target=5 current_replicas=4 hold_until=0.0 observed_load=70.22 observed_target=5 point_forecasts=None prediction_age_sec=None predictive_target=3 proactive=False scenario=s4-hybrid-predictive target_replicas=5 upper_forecasts=None
2026-07-12 19:16:49 [info     ] k8s_scale_executed             deployment=test-app-warm replicas=5
2026-07-12 19:16:49 [debug    ] Decision loop completed        action=REACTIVE latency_ms=161.97 p99=130.0
2026-07-12 19:17:04 [debug    ] HAProxy fallback latency       delta_requests=1278 interval_avg_ms=76.25 max_rtime_ms=206.0 p99_est=152.49
2026-07-12 19:17:04 [info     ] controller_decision_v3         action=RECOVERY available_replicas=5 budget_remaining=1000 burn_adjustment=0 burst_ratio=0.0116 capacity_deficit=False confidence=0 current_load=84.22285269414789 decision_id=1c1a3ace k8s_capacity=83.2 k8s_weight=98 knative_weight=2 p99=152.5 predicted_load=0 r_effective=16.6 serverless_enabled=True total_load=84.2 weights_after={'k3s': 98, 'knative': 2} weights_before={'k3s': 90, 'knative': 10}
2026-07-12 19:17:04 [info     ] Weights updated                k3s=98 knative=2
2026-07-12 19:17:04 [info     ] Weights updated                action=RECOVERY reason='load=84RPS | k8s_cap=83RPS | (reducing-serverless)' weights={'k3s': 98, 'knative': 2}
2026-07-12 19:17:04 [info     ] Scale readiness observed       elapsed_sec=15.1 ewma_delay=37.1 samples=2 target=5
2026-07-12 19:17:04 [info     ] algorithm2_scaling_decision    action=MAINTAIN alpha=0.060060060060060066 beta=0.0 buffer=1.0 current_replicas=5 predicted_load=79.10851720508487 required_resources=4.751 target_replicas=5
2026-07-12 19:17:04 [info     ] algorithm2_decision            action=MAINTAIN applied_target=5 current_replicas=5 hold_until=0.0 observed_load=79.11 observed_target=5 point_forecasts=None prediction_age_sec=None predictive_target=3 proactive=False scenario=s4-hybrid-predictive target_replicas=5 upper_forecasts=None
2026-07-12 19:17:04 [debug    ] Decision loop completed        action=RECOVERY latency_ms=147.85 p99=152.49139280125195
2026-07-12 19:17:19 [debug    ] HAProxy fallback latency       delta_requests=1460 interval_avg_ms=66.0 max_rtime_ms=206.0 p99_est=132.0
2026-07-12 19:17:19 [info     ] controller_decision_v3         action=REACTIVE available_replicas=5 budget_remaining=1000 burn_adjustment=0 burst_ratio=0.1362 capacity_deficit=False confidence=0 current_load=96.38126695907604 decision_id=6a4edc8a k8s_capacity=83.2 k8s_weight=86 knative_weight=14 p99=132.0 predicted_load=0 r_effective=16.6 serverless_enabled=True total_load=96.4 weights_after={'k3s': 86, 'knative': 14} weights_before={'k3s': 98, 'knative': 2}
2026-07-12 19:17:19 [info     ] Weights updated                k3s=86 knative=14
2026-07-12 19:17:19 [info     ] Weights updated                action=REACTIVE reason='load=96RPS | k8s_cap=83RPS | (burst-routing)' weights={'k3s': 86, 'knative': 14}
2026-07-12 19:17:19 [info     ] algorithm2_scaling_decision    action=SCALE_UP alpha=0.060060060060060066 beta=0.0 buffer=1.0 current_replicas=5 predicted_load=90.30205982661197 required_resources=5.424 target_replicas=6
2026-07-12 19:17:19 [info     ] algorithm2_decision            action=SCALE_UP applied_target=6 current_replicas=5 hold_until=0.0 observed_load=90.3 observed_target=6 point_forecasts=None prediction_age_sec=None predictive_target=3 proactive=False scenario=s4-hybrid-predictive target_replicas=6 upper_forecasts=None
2026-07-12 19:17:19 [info     ] k8s_scale_executed             deployment=test-app-warm replicas=6
2026-07-12 19:17:19 [debug    ] Decision loop completed        action=REACTIVE latency_ms=155.33 p99=132.0
2026-07-12 19:17:34 [debug    ] HAProxy fallback latency       delta_requests=1674 interval_avg_ms=76.46 max_rtime_ms=206.0 p99_est=152.92
2026-07-12 19:17:34 [info     ] controller_decision_v3         action=RECOVERY available_replicas=6 budget_remaining=1000 burn_adjustment=0 burst_ratio=0.0951 capacity_deficit=False confidence=0 current_load=110.39284436282102 decision_id=f080c680 k8s_capacity=99.9 k8s_weight=90 knative_weight=10 p99=152.9 predicted_load=0 r_effective=16.6 serverless_enabled=True total_load=110.4 weights_after={'k3s': 90, 'knative': 10} weights_before={'k3s': 86, 'knative': 14}
2026-07-12 19:17:34 [info     ] Weights updated                k3s=90 knative=10
2026-07-12 19:17:34 [info     ] Weights updated                action=RECOVERY reason='load=110RPS | k8s_cap=100RPS | (reducing-serverless)' weights={'k3s': 90, 'knative': 10}
2026-07-12 19:17:34 [info     ] Scale readiness observed       elapsed_sec=15.1 ewma_delay=30.5 samples=3 target=6
2026-07-12 19:17:34 [info     ] algorithm2_scaling_decision    action=MAINTAIN alpha=0.060060060060060066 beta=0.0 buffer=1.0 current_replicas=6 predicted_load=103.38705566094853 required_resources=6.209 target_replicas=6
2026-07-12 19:17:34 [info     ] algorithm2_decision            action=MAINTAIN applied_target=6 current_replicas=6 hold_until=0.0 observed_load=103.39 observed_target=6 point_forecasts=None prediction_age_sec=None predictive_target=3 proactive=False scenario=s4-hybrid-predictive target_replicas=6 upper_forecasts=None
2026-07-12 19:17:34 [debug    ] Decision loop completed        action=RECOVERY latency_ms=143.03 p99=152.9151732377539
2026-07-12 19:17:49 [debug    ] HAProxy fallback latency       delta_requests=1895 interval_avg_ms=67.0 max_rtime_ms=206.0 p99_est=134.0
2026-07-12 19:17:50 [info     ] controller_decision_v3         action=REACTIVE available_replicas=6 budget_remaining=1000 burn_adjustment=0 burst_ratio=0.2017 capacity_deficit=False confidence=0 current_load=125.14005198751038 decision_id=db2ed5ff k8s_capacity=99.9 k8s_weight=79 knative_weight=21 p99=134.0 predicted_load=0 r_effective=16.6 serverless_enabled=True total_load=125.1 weights_after={'k3s': 79, 'knative': 21} weights_before={'k3s': 90, 'knative': 10}
2026-07-12 19:17:50 [info     ] Weights updated                k3s=79 knative=21
2026-07-12 19:17:50 [info     ] Weights updated                action=REACTIVE reason='load=125RPS | k8s_cap=100RPS | (burst-routing)' weights={'k3s': 79, 'knative': 21}
2026-07-12 19:17:50 [info     ] algorithm2_scaling_decision    action=MAINTAIN alpha=0.060060060060060066 beta=0.0 buffer=1.0 current_replicas=6 predicted_load=117.76644817516569 required_resources=7.073 target_replicas=6
2026-07-12 19:17:50 [info     ] algorithm2_decision            action=MAINTAIN applied_target=6 current_replicas=6 hold_until=0.0 observed_load=117.77 observed_target=6 point_forecasts=None prediction_age_sec=None predictive_target=3 proactive=False scenario=s4-hybrid-predictive target_replicas=6 upper_forecasts=None
2026-07-12 19:17:50 [debug    ] Decision loop completed        action=REACTIVE latency_ms=119.03 p99=134.0
2026-07-12 19:18:05 [debug    ] HAProxy fallback latency       delta_requests=1717 interval_avg_ms=54.7 max_rtime_ms=206.0 p99_est=109.4
2026-07-12 19:18:05 [info     ] controller_decision_v3         action=RECOVERY available_replicas=6 budget_remaining=1000 burn_adjustment=0 burst_ratio=0.1208 capacity_deficit=False confidence=0 current_load=113.62682817797838 decision_id=87ec1478 k8s_capacity=99.9 k8s_weight=87 knative_weight=13 p99=109.4 predicted_load=0 r_effective=16.6 serverless_enabled=True total_load=113.6 weights_after={'k3s': 87, 'knative': 13} weights_before={'k3s': 79, 'knative': 21}
2026-07-12 19:18:05 [info     ] Weights updated                k3s=87 knative=13
2026-07-12 19:18:05 [info     ] Weights updated                action=RECOVERY reason='load=114RPS | k8s_cap=100RPS | (reducing-serverless)' weights={'k3s': 87, 'knative': 13}
2026-07-12 19:18:05 [info     ] algorithm2_scaling_decision    action=MAINTAIN alpha=0.060060060060060066 beta=0.0 buffer=1.0 current_replicas=6 predicted_load=119.38344008274439 required_resources=7.17 target_replicas=6
2026-07-12 19:18:05 [info     ] algorithm2_decision            action=MAINTAIN applied_target=6 current_replicas=6 hold_until=0.0 observed_load=119.38 observed_target=6 point_forecasts=None prediction_age_sec=None predictive_target=3 proactive=False scenario=s4-hybrid-predictive target_replicas=6 upper_forecasts=None
2026-07-12 19:18:05 [debug    ] Decision loop completed        action=RECOVERY latency_ms=149.17 p99=109.40128130460104
2026-07-12 19:18:20 [debug    ] HAProxy fallback latency       delta_requests=1312 interval_avg_ms=48.9 max_rtime_ms=206.0 p99_est=97.81
2026-07-12 19:18:20 [info     ] controller_decision_v3         action=RECOVERY available_replicas=6 budget_remaining=1000 burn_adjustment=0 burst_ratio=0 capacity_deficit=False confidence=0 current_load=86.67191605420201 decision_id=3cd316c1 k8s_capacity=99.9 k8s_weight=100 knative_weight=0 p99=97.8 predicted_load=0 r_effective=16.6 serverless_enabled=False total_load=86.7 weights_after={'k3s': 100, 'knative': 0} weights_before={'k3s': 87, 'knative': 13}
2026-07-12 19:18:20 [info     ] Weights updated                k3s=100 knative=0
2026-07-12 19:18:20 [info     ] Weights updated                action=RECOVERY reason='load=87RPS | k8s_cap=100RPS | (reducing-serverless)' weights={'k3s': 100, 'knative': 0}
2026-07-12 19:18:20 [info     ] algorithm2_scaling_decision    action=MAINTAIN alpha=0.060060060060060066 beta=0.0 buffer=1.0 current_replicas=6 predicted_load=100.1493721160902 required_resources=6.015 target_replicas=6
2026-07-12 19:18:20 [info     ] algorithm2_decision            action=MAINTAIN applied_target=6 current_replicas=6 hold_until=0.0 observed_load=100.15 observed_target=6 point_forecasts=None prediction_age_sec=None predictive_target=3 proactive=False scenario=s4-hybrid-predictive target_replicas=6 upper_forecasts=None
2026-07-12 19:18:20 [debug    ] Decision loop completed        action=RECOVERY latency_ms=148.11 p99=97.8079268292683
2026-07-12 19:18:35 [debug    ] HAProxy fallback latency       delta_requests=1131 interval_avg_ms=44.17 max_rtime_ms=206.0 p99_est=88.34
2026-07-12 19:18:35 [info     ] algorithm2_scaling_decision    action=MAINTAIN alpha=0.060060060060060066 beta=0.0 buffer=1.0 current_replicas=6 predicted_load=80.66737747664286 required_resources=4.845 target_replicas=5
2026-07-12 19:18:35 [info     ] algorithm2_decision            action=MAINTAIN applied_target=5 current_replicas=6 hold_until=0.0 observed_load=80.67 observed_target=5 point_forecasts=None prediction_age_sec=None predictive_target=3 proactive=False scenario=s4-hybrid-predictive target_replicas=5 upper_forecasts=None
2026-07-12 19:18:35 [debug    ] Decision loop completed        action=MAINTAIN latency_ms=112.05 p99=88.33598585322723
2026-07-12 19:18:50 [debug    ] HAProxy fallback latency       delta_requests=1073 interval_avg_ms=86.96 max_rtime_ms=206.0 p99_est=173.92
2026-07-12 19:18:50 [info     ] algorithm2_scaling_decision    action=MAINTAIN alpha=0.060060060060060066 beta=0.0 buffer=1.0 current_replicas=6 predicted_load=72.8649648496104 required_resources=4.376 target_replicas=5
2026-07-12 19:18:50 [info     ] algorithm2_decision            action=MAINTAIN applied_target=5 current_replicas=6 hold_until=0.0 observed_load=72.86 observed_target=5 point_forecasts=None prediction_age_sec=None predictive_target=3 proactive=False scenario=s4-hybrid-predictive target_replicas=5 upper_forecasts=None
2026-07-12 19:18:50 [debug    ] Decision loop completed        action=MAINTAIN latency_ms=107.68 p99=173.9161230195713
2026-07-12 19:19:05 [debug    ] HAProxy fallback latency       delta_requests=944 interval_avg_ms=65.0 max_rtime_ms=206.0 p99_est=130.0
2026-07-12 19:19:05 [info     ] algorithm2_scaling_decision    action=MAINTAIN alpha=0.060060060060060066 beta=0.0 buffer=1.0 current_replicas=6 predicted_load=66.77468634636364 required_resources=4.01 target_replicas=5
2026-07-12 19:19:05 [info     ] algorithm2_decision            action=MAINTAIN applied_target=5 current_replicas=6 hold_until=0.0 observed_load=66.77 observed_target=5 point_forecasts=None prediction_age_sec=None predictive_target=3 proactive=False scenario=s4-hybrid-predictive target_replicas=5 upper_forecasts=None
2026-07-12 19:19:05 [debug    ] Decision loop completed        action=MAINTAIN latency_ms=108.43 p99=130.0
2026-07-12 19:19:20 [debug    ] HAProxy fallback latency       delta_requests=793 interval_avg_ms=65.0 max_rtime_ms=206.0 p99_est=130.0
2026-07-12 19:19:20 [debug    ] GRU prediction received        confidence=0.8 latency_ms=5.87 predicted=88
2026-07-12 19:19:20 [debug    ] Using GRU prediction           confidence=0.8 forecast_capacity_signal=88.4 predicted=88 required_steps=4
2026-07-12 19:19:20 [info     ] algorithm2_scaling_decision    action=MAINTAIN alpha=0.060060060060060066 beta=0.0 buffer=1.0 current_replicas=6 predicted_load=88.36164855957031 required_resources=5.307 target_replicas=6
2026-07-12 19:19:20 [info     ] algorithm2_decision            action=MAINTAIN applied_target=6 current_replicas=6 hold_until=1783858850.8 observed_load=57.48 observed_target=4 point_forecasts=[74.31563568115234, 73.31478881835938, 73.03219604492188, 73.9935073852539, 72.24217987060547] prediction_age_sec=0.07 predictive_target=6 proactive=True scenario=s4-hybrid-predictive target_replicas=6 upper_forecasts=[88.38330078125, 86.94029235839844, 87.18484497070312, 88.36164855957031, 86.92129516601562]
2026-07-12 19:19:20 [debug    ] Decision loop completed        action=MAINTAIN latency_ms=116.82 p99=130.0
2026-07-12 19:19:35 [debug    ] HAProxy fallback latency       delta_requests=1204 interval_avg_ms=87.9 max_rtime_ms=206.0 p99_est=175.81
2026-07-12 19:19:35 [debug    ] GRU prediction received        confidence=0.8 latency_ms=6.67 predicted=88
2026-07-12 19:19:35 [debug    ] Using GRU prediction           confidence=0.8 forecast_capacity_signal=88.2 predicted=88 required_steps=4
2026-07-12 19:19:35 [info     ] algorithm2_scaling_decision    action=MAINTAIN alpha=0.060060060060060066 beta=0.0 buffer=1.0 current_replicas=6 predicted_load=88.17211151123047 required_resources=5.296 target_replicas=6
2026-07-12 19:19:35 [info     ] algorithm2_decision            action=MAINTAIN applied_target=6 current_replicas=6 hold_until=1783858865.9 observed_load=66.0 observed_target=4 point_forecasts=[73.6974868774414, 73.30503845214844, 73.16561126708984, 73.80397033691406, 72.67259216308594] prediction_age_sec=0.08 predictive_target=6 proactive=True scenario=s4-hybrid-predictive target_replicas=6 upper_forecasts=[87.76515197753906, 86.9305419921875, 87.31825256347656, 88.17211151123047, 87.3517074584961]
2026-07-12 19:19:35 [debug    ] Decision loop completed        action=MAINTAIN latency_ms=122.7 p99=175.80564784053155
2026-07-12 19:19:50 [debug    ] HAProxy fallback latency       delta_requests=1875 interval_avg_ms=741.39 max_rtime_ms=485.0 p99_est=485.0
2026-07-12 19:19:50 [debug    ] GRU prediction received        confidence=0.8 latency_ms=5.77 predicted=101
2026-07-12 19:19:50 [debug    ] Using GRU prediction           confidence=0.8 forecast_capacity_signal=101.0 predicted=101 required_steps=4
2026-07-12 19:19:50 [debug    ] Proactive amplification        amplified=190.0 approach_ratio=1.24 load_trend=13.2 raw_pred=101
2026-07-12 19:19:51 [info     ] Knative pre-warm OK            cold_start_ms=2.5
2026-07-12 19:19:51 [info     ] controller_decision_v3         action=PREDICTIVE available_replicas=6 budget_remaining=999 burn_adjustment=0 burst_ratio=0.1938 capacity_deficit=False confidence=0.8 current_load=123.92022937803681 decision_id=64c1ddf4 k8s_capacity=99.9 k8s_weight=80 knative_weight=20 p99=485.0 predicted_load=101 r_effective=16.6 serverless_enabled=True total_load=123.9 weights_after={'k3s': 80, 'knative': 20} weights_before={'k3s': 100, 'knative': 0}
2026-07-12 19:19:51 [info     ] Weights updated                k3s=80 knative=20
2026-07-12 19:19:51 [info     ] Weights updated                action=PREDICTIVE reason='load=124RPS | k8s_cap=100RPS | (prediction-driven)' weights={'k3s': 80, 'knative': 20}
2026-07-12 19:19:51 [info     ] algorithm2_scaling_decision    action=MAINTAIN alpha=0.060060060060060066 beta=0.0 buffer=1.0 current_replicas=6 predicted_load=101.71718400697995 required_resources=6.109 target_replicas=6
2026-07-12 19:19:51 [info     ] algorithm2_decision            action=MAINTAIN applied_target=6 current_replicas=6 hold_until=1783858865.9 observed_load=101.72 observed_target=6 point_forecasts=[85.69730377197266, 85.80873107910156, 85.67567443847656, 85.3330307006836, 86.1391372680664] prediction_age_sec=0.08 predictive_target=6 proactive=False scenario=s4-hybrid-predictive target_replicas=6 upper_forecasts=[99.76496887207031, 99.43423461914062, 99.82832336425781, 99.701171875, 100.81825256347656]
2026-07-12 19:19:51 [debug    ] Decision loop completed        action=PREDICTIVE latency_ms=129.06 p99=485.0
2026-07-12 19:20:06 [debug    ] GRU prediction received        confidence=0.8 latency_ms=5.92 predicted=110
2026-07-12 19:20:06 [debug    ] Using GRU prediction           confidence=0.8 forecast_capacity_signal=110.0 predicted=110 required_steps=4
2026-07-12 19:20:06 [debug    ] Proactive amplification        amplified=192.4 approach_ratio=1.2 load_trend=14.4 raw_pred=110
2026-07-12 19:20:06 [info     ] controller_decision_v3         action=RECOVERY available_replicas=6 budget_remaining=998 burn_adjustment=0 burst_ratio=0.1691 capacity_deficit=False confidence=0.8 current_load=120.22721898563628 decision_id=d0a39b17 k8s_capacity=99.9 k8s_weight=83 knative_weight=17 p99=485.0 predicted_load=110 r_effective=16.6 serverless_enabled=True total_load=120.2 weights_after={'k3s': 83, 'knative': 17} weights_before={'k3s': 80, 'knative': 20}
2026-07-12 19:20:06 [info     ] Weights updated                k3s=83 knative=17
2026-07-12 19:20:06 [info     ] Weights updated                action=RECOVERY reason='load=120RPS | k8s_cap=100RPS | (reducing-serverless)' weights={'k3s': 83, 'knative': 17}
2026-07-12 19:20:06 [info     ] algorithm2_scaling_decision    action=MAINTAIN alpha=0.060060060060060066 beta=0.0 buffer=1.0 current_replicas=6 predicted_load=122.07372418183655 required_resources=7.332 target_replicas=6
2026-07-12 19:20:06 [info     ] algorithm2_decision            action=MAINTAIN applied_target=6 current_replicas=6 hold_until=1783858865.9 observed_load=122.07 observed_target=6 point_forecasts=[96.13484954833984, 95.98568725585938, 95.9571533203125, 95.48125457763672, 95.73008728027344] prediction_age_sec=0.1 predictive_target=6 proactive=False scenario=s4-hybrid-predictive target_replicas=6 upper_forecasts=[110.2025146484375, 109.61119079589844, 110.10980224609375, 109.84939575195312, 110.4092025756836]
2026-07-12 19:20:06 [debug    ] Decision loop completed        action=RECOVERY latency_ms=147.7 p99=485.0
2026-07-12 19:20:21 [debug    ] HAProxy fallback latency       delta_requests=1423 interval_avg_ms=1.08 max_rtime_ms=485.0 p99_est=2.16
2026-07-12 19:20:21 [debug    ] GRU prediction received        confidence=0.8 latency_ms=5.76 predicted=112
2026-07-12 19:20:21 [debug    ] Using GRU prediction           confidence=0.8 forecast_capacity_signal=112.0 predicted=112 required_steps=4
2026-07-12 19:20:21 [debug    ] Proactive amplification        amplified=145.8 approach_ratio=0.94 load_trend=10.4 raw_pred=112
2026-07-12 19:20:21 [info     ] controller_decision_v3         action=RECOVERY available_replicas=6 budget_remaining=998 burn_adjustment=0 burst_ratio=0 capacity_deficit=False confidence=0.8 current_load=93.94358072550796 decision_id=9650ab21 k8s_capacity=99.9 k8s_weight=100 knative_weight=0 p99=2.2 predicted_load=112 r_effective=16.6 serverless_enabled=False total_load=93.9 weights_after={'k3s': 100, 'knative': 0} weights_before={'k3s': 83, 'knative': 17}
2026-07-12 19:20:21 [info     ] Weights updated                k3s=100 knative=0
2026-07-12 19:20:21 [info     ] Weights updated                action=RECOVERY reason='load=94RPS | k8s_cap=100RPS | (reducing-serverless)' weights={'k3s': 100, 'knative': 0}
2026-07-12 19:20:21 [info     ] algorithm2_scaling_decision    action=MAINTAIN alpha=0.060060060060060066 beta=0.0 buffer=1.0 current_replicas=6 predicted_load=107.08539985557212 required_resources=6.432 target_replicas=6
2026-07-12 19:20:21 [info     ] algorithm2_decision            action=MAINTAIN applied_target=6 current_replicas=6 hold_until=1783858865.9 observed_load=107.09 observed_target=6 point_forecasts=[97.42306518554688, 97.58209228515625, 97.13681030273438, 96.94940185546875, 96.93223571777344] prediction_age_sec=0.11 predictive_target=6 proactive=False scenario=s4-hybrid-predictive target_replicas=6 upper_forecasts=[111.49073028564453, 111.20759582519531, 111.28945922851562, 111.31754302978516, 111.6113510131836]
2026-07-12 19:20:21 [debug    ] Decision loop completed        action=RECOVERY latency_ms=153.48 p99=2.164441321152495
2026-07-12 19:20:36 [debug    ] HAProxy fallback latency       delta_requests=1231 interval_avg_ms=39.44 max_rtime_ms=485.0 p99_est=78.89
2026-07-12 19:20:36 [debug    ] GRU prediction received        confidence=0.8 latency_ms=5.8 predicted=109
2026-07-12 19:20:36 [debug    ] Using GRU prediction           confidence=0.8 forecast_capacity_signal=109.0 predicted=109 required_steps=4
2026-07-12 19:20:36 [info     ] algorithm2_scaling_decision    action=MAINTAIN alpha=0.060060060060060066 beta=0.0 buffer=1.0 current_replicas=6 predicted_load=87.58949607264472 required_resources=5.261 target_replicas=6
2026-07-12 19:20:36 [info     ] algorithm2_decision            action=MAINTAIN applied_target=6 current_replicas=6 hold_until=1783858865.9 observed_load=87.59 observed_target=6 point_forecasts=[94.2334213256836, 94.70964050292969, 93.76255798339844, 93.94707489013672, 93.89350891113281] prediction_age_sec=0.07 predictive_target=6 proactive=False scenario=s4-hybrid-predictive target_replicas=6 upper_forecasts=[108.30108642578125, 108.33514404296875, 107.91520690917969, 108.31521606445312, 108.57262420654297]
2026-07-12 19:20:36 [debug    ] Decision loop completed        action=MAINTAIN latency_ms=119.32 p99=78.88870836718115
2026-07-12 19:20:51 [debug    ] HAProxy fallback latency       delta_requests=1148 interval_avg_ms=35.45 max_rtime_ms=485.0 p99_est=70.9
2026-07-12 19:20:51 [debug    ] GRU prediction received        confidence=0.8 latency_ms=5.76 predicted=104
2026-07-12 19:20:51 [debug    ] Using GRU prediction           confidence=0.8 forecast_capacity_signal=104.0 predicted=104 required_steps=4
2026-07-12 19:20:51 [info     ] algorithm2_scaling_decision    action=MAINTAIN alpha=0.060060060060060066 beta=0.0 buffer=1.0 current_replicas=6 predicted_load=104.0 required_resources=6.246 target_replicas=6
2026-07-12 19:20:51 [info     ] algorithm2_decision            action=MAINTAIN applied_target=6 current_replicas=6 hold_until=1783858941.6 observed_load=78.58 observed_target=5 point_forecasts=[89.77226257324219, 90.39857482910156, 89.1981201171875, 89.55608367919922, 89.64256286621094] prediction_age_sec=0.07 predictive_target=6 proactive=True scenario=s4-hybrid-predictive target_replicas=6 upper_forecasts=[103.83992767333984, 104.02407836914062, 103.35076904296875, 103.92422485351562, 104.3216781616211]
2026-07-12 19:20:51 [debug    ] Decision loop completed        action=MAINTAIN latency_ms=126.22 p99=70.90418118466899
2026-07-12 19:21:06 [debug    ] HAProxy fallback latency       delta_requests=1495 interval_avg_ms=138.37 max_rtime_ms=485.0 p99_est=276.75
2026-07-12 19:21:06 [debug    ] GRU prediction received        confidence=0.8 latency_ms=6.13 predicted=107
2026-07-12 19:21:06 [debug    ] Using GRU prediction           confidence=0.8 forecast_capacity_signal=107.0 predicted=107 required_steps=4
2026-07-12 19:21:06 [info     ] algorithm2_scaling_decision    action=MAINTAIN alpha=0.060060060060060066 beta=0.0 buffer=1.0 current_replicas=6 predicted_load=87.3147465518551 required_resources=5.244 target_replicas=6
2026-07-12 19:21:06 [info     ] algorithm2_decision            action=MAINTAIN applied_target=6 current_replicas=6 hold_until=1783858941.6 observed_load=87.31 observed_target=6 point_forecasts=[92.22806549072266, 92.55292510986328, 91.60719299316406, 91.82270050048828, 91.87523651123047] prediction_age_sec=0.07 predictive_target=6 proactive=False scenario=s4-hybrid-predictive target_replicas=6 upper_forecasts=[106.29573059082031, 106.17842864990234, 105.75984191894531, 106.19084167480469, 106.55435180664062]
2026-07-12 19:21:06 [debug    ] Decision loop completed        action=MAINTAIN latency_ms=116.95 p99=276.74515050167224
2026-07-12 19:21:21 [debug    ] HAProxy fallback latency       delta_requests=2008 interval_avg_ms=874.78 max_rtime_ms=485.0 p99_est=485.0
2026-07-12 19:21:21 [debug    ] GRU prediction received        confidence=0.8 latency_ms=5.66 predicted=118
2026-07-12 19:21:21 [debug    ] Using GRU prediction           confidence=0.8 forecast_capacity_signal=118.0 predicted=118 required_steps=4
2026-07-12 19:21:21 [debug    ] Proactive amplification        amplified=181.3 approach_ratio=1.33 load_trend=9.7 raw_pred=118
2026-07-12 19:21:21 [info     ] Knative pre-warm OK            cold_start_ms=2.3
2026-07-12 19:21:21 [info     ] controller_decision_v3         action=PREDICTIVE available_replicas=6 budget_remaining=996 burn_adjustment=0 burst_ratio=0.2475 capacity_deficit=False confidence=0.8 current_load=132.7569658638567 decision_id=a6ba974b k8s_capacity=99.9 k8s_weight=75 knative_weight=25 p99=485.0 predicted_load=118 r_effective=16.6 serverless_enabled=True total_load=132.8 weights_after={'k3s': 75, 'knative': 25} weights_before={'k3s': 100, 'knative': 0}
2026-07-12 19:21:21 [info     ] Weights updated                k3s=75 knative=25
2026-07-12 19:21:21 [info     ] Weights updated                action=PREDICTIVE reason='load=133RPS | k8s_cap=100RPS | (prediction-driven)' weights={'k3s': 75, 'knative': 25}
2026-07-12 19:21:21 [info     ] algorithm2_scaling_decision    action=MAINTAIN alpha=0.060060060060060066 beta=0.0 buffer=1.0 current_replicas=6 predicted_load=115.73076247976624 required_resources=6.951 target_replicas=6
2026-07-12 19:21:21 [info     ] algorithm2_decision            action=MAINTAIN applied_target=6 current_replicas=6 hold_until=1783858941.6 observed_load=115.73 observed_target=6 point_forecasts=[103.78870391845703, 103.39479064941406, 103.12533569335938, 102.91593170166016, 102.59210205078125] prediction_age_sec=0.08 predictive_target=6 proactive=False scenario=s4-hybrid-predictive target_replicas=6 upper_forecasts=[117.85636901855469, 117.02029418945312, 117.27798461914062, 117.28407287597656, 117.2712173461914]
2026-07-12 19:21:21 [debug    ] Decision loop completed        action=PREDICTIVE latency_ms=137.0 p99=485.0
2026-07-12 19:21:36 [debug    ] GRU prediction received        confidence=0.8 latency_ms=5.99 predicted=133
2026-07-12 19:21:36 [debug    ] Using GRU prediction           confidence=0.8 forecast_capacity_signal=133.0 predicted=133 required_steps=4
2026-07-12 19:21:36 [debug    ] Proactive amplification        amplified=236.8 approach_ratio=1.51 load_trend=17.3 raw_pred=133
2026-07-12 19:21:36 [info     ] controller_decision_v3         action=PREDICTIVE available_replicas=6 budget_remaining=995 burn_adjustment=0 burst_ratio=0.3356 capacity_deficit=False confidence=0.8 current_load=150.3634876448402 decision_id=a74ef992 k8s_capacity=99.9 k8s_weight=66 knative_weight=34 p99=485.0 predicted_load=133 r_effective=16.6 serverless_enabled=True total_load=150.4 weights_after={'k3s': 66, 'knative': 34} weights_before={'k3s': 75, 'knative': 25}
2026-07-12 19:21:36 [info     ] Weights updated                k3s=66 knative=34
2026-07-12 19:21:36 [info     ] Weights updated                action=PREDICTIVE reason='load=150RPS | k8s_cap=100RPS | (prediction-driven)' weights={'k3s': 66, 'knative': 34}
2026-07-12 19:21:36 [info     ] algorithm2_scaling_decision    action=MAINTAIN alpha=0.060060060060060066 beta=0.0 buffer=1.0 current_replicas=6 predicted_load=141.56022675434843 required_resources=8.502 target_replicas=6
2026-07-12 19:21:36 [info     ] algorithm2_decision            action=MAINTAIN applied_target=6 current_replicas=6 hold_until=1783858941.6 observed_load=141.56 observed_target=6 point_forecasts=[118.95269012451172, 117.94956970214844, 118.17973327636719, 117.62556457519531, 116.67939758300781] prediction_age_sec=0.07 predictive_target=6 proactive=False scenario=s4-hybrid-predictive target_replicas=6 upper_forecasts=[133.02035522460938, 131.5750732421875, 132.33238220214844, 131.99371337890625, 131.35850524902344]
2026-07-12 19:21:36 [debug    ] Decision loop completed        action=PREDICTIVE latency_ms=124.63 p99=485.0
2026-07-12 19:21:52 [debug    ] HAProxy fallback latency       delta_requests=2422 interval_avg_ms=68.0 max_rtime_ms=485.0 p99_est=136.0
2026-07-12 19:21:52 [debug    ] GRU prediction received        confidence=0.8 latency_ms=5.31 predicted=148
2026-07-12 19:21:52 [debug    ] Using GRU prediction           confidence=0.8 forecast_capacity_signal=148.0 predicted=148 required_steps=4
2026-07-12 19:21:52 [debug    ] Proactive amplification        amplified=265.6 approach_ratio=1.6 load_trend=21.1 raw_pred=148
2026-07-12 19:21:52 [info     ] controller_decision_v3         action=PREDICTIVE available_replicas=6 budget_remaining=995 burn_adjustment=0 burst_ratio=0.3764 capacity_deficit=False confidence=0.8 current_load=160.2074637443624 decision_id=0437cf15 k8s_capacity=99.9 k8s_weight=62 knative_weight=38 p99=136.0 predicted_load=148 r_effective=16.6 serverless_enabled=True total_load=160.2 weights_after={'k3s': 62, 'knative': 38} weights_before={'k3s': 66, 'knative': 34}
2026-07-12 19:21:52 [info     ] Weights updated                k3s=62 knative=38
2026-07-12 19:21:52 [info     ] Weights updated                action=PREDICTIVE reason='load=160RPS | k8s_cap=100RPS | (prediction-driven)' weights={'k3s': 62, 'knative': 38}
2026-07-12 19:21:52 [info     ] algorithm2_scaling_decision    action=MAINTAIN alpha=0.060060060060060066 beta=0.0 buffer=1.0 current_replicas=6 predicted_load=155.2854756946013 required_resources=9.326 target_replicas=6
2026-07-12 19:21:52 [info     ] algorithm2_decision            action=MAINTAIN applied_target=6 current_replicas=6 hold_until=1783858941.6 observed_load=155.29 observed_target=6 point_forecasts=[134.304931640625, 132.92532348632812, 133.2904815673828, 132.6180419921875, 130.96243286132812] prediction_age_sec=0.07 predictive_target=6 proactive=False scenario=s4-hybrid-predictive target_replicas=6 upper_forecasts=[148.3726043701172, 146.5508270263672, 147.44313049316406, 146.98617553710938, 145.64154052734375]
2026-07-12 19:21:52 [debug    ] Decision loop completed        action=PREDICTIVE latency_ms=120.43 p99=136.0
2026-07-12 19:22:07 [debug    ] HAProxy fallback latency       delta_requests=2196 interval_avg_ms=68.0 max_rtime_ms=485.0 p99_est=136.0
2026-07-12 19:22:07 [debug    ] GRU prediction received        confidence=0.8 latency_ms=5.76 predicted=155
2026-07-12 19:22:07 [debug    ] Using GRU prediction           confidence=0.8 forecast_capacity_signal=155.0 predicted=155 required_steps=4
2026-07-12 19:22:07 [debug    ] Proactive amplification        amplified=203.5 approach_ratio=1.45 load_trend=11.6 raw_pred=155
2026-07-12 19:22:07 [info     ] controller_decision_v3         action=RECOVERY available_replicas=6 budget_remaining=995 burn_adjustment=0 burst_ratio=0.3124 capacity_deficit=False confidence=0.8 current_load=145.29792874331045 decision_id=69f9c45d k8s_capacity=99.9 k8s_weight=68 knative_weight=32 p99=136.0 predicted_load=155 r_effective=16.6 serverless_enabled=True total_load=145.3 weights_after={'k3s': 68, 'knative': 32} weights_before={'k3s': 62, 'knative': 38}
2026-07-12 19:22:07 [info     ] Weights updated                k3s=68 knative=32
2026-07-12 19:22:07 [info     ] Weights updated                action=RECOVERY reason='load=145RPS | k8s_cap=100RPS | (reducing-serverless)' weights={'k3s': 68, 'knative': 32}
2026-07-12 19:22:07 [info     ] algorithm2_scaling_decision    action=MAINTAIN alpha=0.060060060060060066 beta=0.0 buffer=1.0 current_replicas=6 predicted_load=152.75269624383643 required_resources=9.174 target_replicas=6
2026-07-12 19:22:07 [info     ] algorithm2_decision            action=MAINTAIN applied_target=6 current_replicas=6 hold_until=1783858941.6 observed_load=152.75 observed_target=6 point_forecasts=[140.864013671875, 139.69375610351562, 139.5625762939453, 139.18878173828125, 137.13026428222656] prediction_age_sec=0.11 predictive_target=6 proactive=False scenario=s4-hybrid-predictive target_replicas=6 upper_forecasts=[154.9316864013672, 153.3192596435547, 153.71522521972656, 153.55691528320312, 151.8093719482422]
2026-07-12 19:22:07 [debug    ] Decision loop completed        action=RECOVERY latency_ms=154.25 p99=136.0
2026-07-12 19:22:22 [debug    ] HAProxy fallback latency       delta_requests=1851 interval_avg_ms=16.87 max_rtime_ms=485.0 p99_est=33.75
2026-07-12 19:22:22 [debug    ] GRU prediction received        confidence=0.8 latency_ms=5.52 predicted=151
2026-07-12 19:22:22 [debug    ] Using GRU prediction           confidence=0.8 forecast_capacity_signal=151.0 predicted=151 required_steps=4
2026-07-12 19:22:22 [info     ] controller_decision_v3         action=RECOVERY available_replicas=6 budget_remaining=995 burn_adjustment=0 burst_ratio=0.1825 capacity_deficit=False confidence=0.8 current_load=122.20770195147166 decision_id=d4be02ba k8s_capacity=99.9 k8s_weight=81 knative_weight=19 p99=33.7 predicted_load=151 r_effective=16.6 serverless_enabled=True total_load=122.2 weights_after={'k3s': 81, 'knative': 19} weights_before={'k3s': 68, 'knative': 32}
2026-07-12 19:22:22 [info     ] Weights updated                k3s=81 knative=19
2026-07-12 19:22:22 [info     ] Weights updated                action=RECOVERY reason='load=122RPS | k8s_cap=100RPS | (reducing-serverless)' weights={'k3s': 81, 'knative': 19}
2026-07-12 19:22:22 [info     ] algorithm2_scaling_decision    action=MAINTAIN alpha=0.060060060060060066 beta=0.0 buffer=1.0 current_replicas=6 predicted_load=133.75281534739105 required_resources=8.033 target_replicas=6
2026-07-12 19:22:22 [info     ] algorithm2_decision            action=MAINTAIN applied_target=6 current_replicas=6 hold_until=1783858941.6 observed_load=133.75 observed_target=6 point_forecasts=[136.72474670410156, 136.04550170898438, 135.1763916015625, 135.29275512695312, 133.32965087890625] prediction_age_sec=0.11 predictive_target=6 proactive=False scenario=s4-hybrid-predictive target_replicas=6 upper_forecasts=[150.79241943359375, 149.67100524902344, 149.32904052734375, 149.660888671875, 148.00875854492188]
2026-07-12 19:22:22 [debug    ] Decision loop completed        action=RECOVERY latency_ms=157.0 p99=33.74608319827121
2026-07-12 19:22:37 [debug    ] HAProxy fallback latency       delta_requests=1789 interval_avg_ms=66.0 max_rtime_ms=485.0 p99_est=132.0
2026-07-12 19:22:37 [debug    ] GRU prediction received        confidence=0.8 latency_ms=5.96 predicted=145
2026-07-12 19:22:37 [debug    ] Using GRU prediction           confidence=0.8 forecast_capacity_signal=145.0 predicted=145 required_steps=4
2026-07-12 19:22:37 [info     ] controller_decision_v3         action=RECOVERY available_replicas=6 budget_remaining=995 burn_adjustment=0 burst_ratio=0.1531 capacity_deficit=False confidence=0.8 current_load=117.96341823470881 decision_id=4e8f477d k8s_capacity=99.9 k8s_weight=84 knative_weight=16 p99=132.0 predicted_load=145 r_effective=16.6 serverless_enabled=True total_load=118.0 weights_after={'k3s': 84, 'knative': 16} weights_before={'k3s': 81, 'knative': 19}
2026-07-12 19:22:37 [info     ] Weights updated                k3s=84 knative=16
2026-07-12 19:22:37 [info     ] Weights updated                action=RECOVERY reason='load=118RPS | k8s_cap=100RPS | (reducing-serverless)' weights={'k3s': 84, 'knative': 16}
2026-07-12 19:22:37 [info     ] algorithm2_scaling_decision    action=MAINTAIN alpha=0.060060060060060066 beta=0.0 buffer=1.0 current_replicas=6 predicted_load=120.08556009309024 required_resources=7.212 target_replicas=6
2026-07-12 19:22:37 [info     ] algorithm2_decision            action=MAINTAIN applied_target=6 current_replicas=6 hold_until=1783858941.6 observed_load=120.09 observed_target=6 point_forecasts=[131.06362915039062, 130.54244995117188, 129.38327026367188, 129.66378784179688, 128.0442352294922] prediction_age_sec=0.11 predictive_target=6 proactive=False scenario=s4-hybrid-predictive target_replicas=6 upper_forecasts=[145.1313018798828, 144.16795349121094, 143.53591918945312, 144.03192138671875, 142.7233428955078]
2026-07-12 19:22:37 [debug    ] Decision loop completed        action=RECOVERY latency_ms=157.53 p99=132.0
2026-07-12 19:22:52 [debug    ] HAProxy fallback latency       delta_requests=1824 interval_avg_ms=66.0 max_rtime_ms=485.0 p99_est=132.0
2026-07-12 19:22:52 [debug    ] GRU prediction received        confidence=0.8 latency_ms=5.33 predicted=141
2026-07-12 19:22:52 [debug    ] Using GRU prediction           confidence=0.8 forecast_capacity_signal=141.0 predicted=141 required_steps=4
2026-07-12 19:22:52 [info     ] controller_decision_v3         action=PREDICTIVE available_replicas=6 budget_remaining=995 burn_adjustment=0 burst_ratio=0.1698 capacity_deficit=False confidence=0.8 current_load=120.3318674867103 decision_id=988a75a0 k8s_capacity=99.9 k8s_weight=83 knative_weight=17 p99=132.0 predicted_load=141 r_effective=16.6 serverless_enabled=True total_load=120.3 weights_after={'k3s': 83, 'knative': 17} weights_before={'k3s': 84, 'knative': 16}
2026-07-12 19:22:52 [info     ] Weights updated                k3s=83 knative=17
2026-07-12 19:22:52 [info     ] Weights updated                action=PREDICTIVE reason='load=120RPS | k8s_cap=100RPS | (prediction-driven)' weights={'k3s': 83, 'knative': 17}
2026-07-12 19:22:52 [info     ] algorithm2_scaling_decision    action=MAINTAIN alpha=0.060060060060060066 beta=0.0 buffer=1.0 current_replicas=6 predicted_load=119.14764286070955 required_resources=7.156 target_replicas=6
2026-07-12 19:22:52 [info     ] algorithm2_decision            action=MAINTAIN applied_target=6 current_replicas=6 hold_until=1783858941.6 observed_load=119.15 observed_target=6 point_forecasts=[127.2877197265625, 126.77134704589844, 125.6171875, 125.83012390136719, 124.54814910888672] prediction_age_sec=0.07 predictive_target=6 proactive=False scenario=s4-hybrid-predictive target_replicas=6 upper_forecasts=[141.3553924560547, 140.3968505859375, 139.76983642578125, 140.19827270507812, 139.22726440429688]
2026-07-12 19:22:52 [debug    ] Decision loop completed        action=PREDICTIVE latency_ms=116.84 p99=132.0
2026-07-12 19:23:07 [debug    ] HAProxy fallback latency       delta_requests=1817 interval_avg_ms=95.03 max_rtime_ms=485.0 p99_est=190.06
2026-07-12 19:23:07 [debug    ] GRU prediction received        confidence=0.8 latency_ms=5.87 predicted=139
2026-07-12 19:23:07 [debug    ] Using GRU prediction           confidence=0.8 forecast_capacity_signal=139.0 predicted=139 required_steps=4
2026-07-12 19:23:07 [info     ] algorithm2_scaling_decision    action=MAINTAIN alpha=0.060060060060060066 beta=0.0 buffer=1.0 current_replicas=6 predicted_load=120.26605248229848 required_resources=7.223 target_replicas=6
2026-07-12 19:23:07 [info     ] algorithm2_decision            action=MAINTAIN applied_target=6 current_replicas=6 hold_until=1783858941.6 observed_load=120.27 observed_target=6 point_forecasts=[124.52291870117188, 124.04154968261719, 122.92341613769531, 123.05949401855469, 122.0216064453125] prediction_age_sec=0.07 predictive_target=6 proactive=False scenario=s4-hybrid-predictive target_replicas=6 upper_forecasts=[138.59059143066406, 137.66705322265625, 137.07606506347656, 137.42764282226562, 136.70071411132812]
2026-07-12 19:23:07 [debug    ] Decision loop completed        action=MAINTAIN latency_ms=117.6 p99=190.06053935057787
2026-07-12 19:23:22 [debug    ] HAProxy fallback latency       delta_requests=1785 interval_avg_ms=67.0 max_rtime_ms=485.0 p99_est=134.0
2026-07-12 19:23:22 [debug    ] GRU prediction received        confidence=0.8 latency_ms=5.85 predicted=136
2026-07-12 19:23:22 [debug    ] Using GRU prediction           confidence=0.8 forecast_capacity_signal=136.0 predicted=136 required_steps=4
2026-07-12 19:23:22 [info     ] controller_decision_v3         action=RECOVERY available_replicas=6 budget_remaining=995 burn_adjustment=0 burst_ratio=0.1544 capacity_deficit=False confidence=0.8 current_load=118.14044026404127 decision_id=398f3dc4 k8s_capacity=99.9 k8s_weight=84 knative_weight=16 p99=134.0 predicted_load=136 r_effective=16.6 serverless_enabled=True total_load=118.1 weights_after={'k3s': 84, 'knative': 16} weights_before={'k3s': 83, 'knative': 17}
2026-07-12 19:23:22 [info     ] Weights updated                k3s=84 knative=16
2026-07-12 19:23:22 [info     ] Weights updated                action=RECOVERY reason='load=118RPS | k8s_cap=100RPS | (reducing-serverless)' weights={'k3s': 84, 'knative': 16}
2026-07-12 19:23:22 [info     ] algorithm2_scaling_decision    action=MAINTAIN alpha=0.060060060060060066 beta=0.0 buffer=1.0 current_replicas=6 predicted_load=119.17033887096397 required_resources=7.157 target_replicas=6
2026-07-12 19:23:22 [info     ] algorithm2_decision            action=MAINTAIN applied_target=6 current_replicas=6 hold_until=1783858941.6 observed_load=119.17 observed_target=6 point_forecasts=[122.0013427734375, 121.58792114257812, 120.47371673583984, 120.58478546142578, 119.71063232421875] prediction_age_sec=0.11 predictive_target=6 proactive=False scenario=s4-hybrid-predictive target_replicas=6 upper_forecasts=[136.0690155029297, 135.2134246826172, 134.62635803222656, 134.9529266357422, 134.38973999023438]
2026-07-12 19:23:22 [debug    ] Decision loop completed        action=RECOVERY latency_ms=154.3 p99=134.0
2026-07-12 19:23:37 [debug    ] HAProxy fallback latency       delta_requests=1550 interval_avg_ms=30.82 max_rtime_ms=485.0 p99_est=61.63
2026-07-12 19:23:37 [debug    ] GRU prediction received        confidence=0.8 latency_ms=6.33 predicted=129
2026-07-12 19:23:37 [debug    ] Using GRU prediction           confidence=0.8 forecast_capacity_signal=129.0 predicted=129 required_steps=4
2026-07-12 19:23:38 [info     ] controller_decision_v3         action=RECOVERY available_replicas=6 budget_remaining=995 burn_adjustment=0 burst_ratio=0.0233 capacity_deficit=False confidence=0.8 current_load=102.27924257395321 decision_id=47c696a4 k8s_capacity=99.9 k8s_weight=97 knative_weight=3 p99=61.6 predicted_load=129 r_effective=16.6 serverless_enabled=True total_load=102.3 weights_after={'k3s': 97, 'knative': 3} weights_before={'k3s': 84, 'knative': 16}
2026-07-12 19:23:38 [info     ] Weights updated                k3s=97 knative=3
2026-07-12 19:23:38 [info     ] Weights updated                action=RECOVERY reason='load=102RPS | k8s_cap=100RPS | (reducing-serverless)' weights={'k3s': 97, 'knative': 3}
2026-07-12 19:23:38 [info     ] algorithm2_scaling_decision    action=MAINTAIN alpha=0.060060060060060066 beta=0.0 buffer=1.0 current_replicas=6 predicted_load=110.20984141899724 required_resources=6.619 target_replicas=6
2026-07-12 19:23:38 [info     ] algorithm2_decision            action=MAINTAIN applied_target=6 current_replicas=6 hold_until=1783858941.6 observed_load=110.21 observed_target=6 point_forecasts=[115.2990493774414, 115.23556518554688, 113.84071350097656, 114.146240234375, 113.50953674316406] prediction_age_sec=0.11 predictive_target=6 proactive=False scenario=s4-hybrid-predictive target_replicas=6 upper_forecasts=[129.36671447753906, 128.86106872558594, 127.99336242675781, 128.51437377929688, 128.1886444091797]
2026-07-12 19:23:38 [debug    ] Decision loop completed        action=RECOVERY latency_ms=155.69 p99=61.63483870967742
2026-07-12 19:23:53 [debug    ] HAProxy fallback latency       delta_requests=1256 interval_avg_ms=20.35 max_rtime_ms=485.0 p99_est=40.7
2026-07-12 19:23:53 [debug    ] GRU prediction received        confidence=0.8 latency_ms=6.06 predicted=118
2026-07-12 19:23:53 [debug    ] Using GRU prediction           confidence=0.8 forecast_capacity_signal=118.1 predicted=118 required_steps=4
2026-07-12 19:23:53 [info     ] controller_decision_v3         action=RECOVERY available_replicas=6 budget_remaining=995 burn_adjustment=0 burst_ratio=0 capacity_deficit=False confidence=0.8 current_load=82.93811385389931 decision_id=b4259159 k8s_capacity=99.9 k8s_weight=100 knative_weight=0 p99=40.7 predicted_load=118 r_effective=16.6 serverless_enabled=False total_load=82.9 weights_after={'k3s': 100, 'knative': 0} weights_before={'k3s': 97, 'knative': 3}
2026-07-12 19:23:53 [info     ] Weights updated                k3s=100 knative=0
2026-07-12 19:23:53 [info     ] Weights updated                action=RECOVERY reason='load=83RPS | k8s_cap=100RPS | (reducing-serverless)' weights={'k3s': 100, 'knative': 0}
2026-07-12 19:23:53 [info     ] algorithm2_scaling_decision    action=MAINTAIN alpha=0.060060060060060066 beta=0.0 buffer=1.0 current_replicas=6 predicted_load=92.60867821392625 required_resources=5.562 target_replicas=6
2026-07-12 19:23:53 [info     ] algorithm2_decision            action=MAINTAIN applied_target=6 current_replicas=6 hold_until=1783858941.6 observed_load=92.61 observed_target=6 point_forecasts=[104.42822265625, 104.80778503417969, 102.99832916259766, 103.72480773925781, 103.3626937866211] prediction_age_sec=0.11 predictive_target=6 proactive=False scenario=s4-hybrid-predictive target_replicas=6 upper_forecasts=[118.49588775634766, 118.43328857421875, 117.15097045898438, 118.09294891357422, 118.04180908203125]
2026-07-12 19:23:53 [debug    ] Decision loop completed        action=RECOVERY latency_ms=155.82 p99=40.695859872611464
2026-07-12 19:24:08 [debug    ] HAProxy fallback latency       delta_requests=1119 interval_avg_ms=65.0 max_rtime_ms=485.0 p99_est=130.0
2026-07-12 19:24:08 [debug    ] GRU prediction received        confidence=0.8 latency_ms=5.78 predicted=108
2026-07-12 19:24:08 [debug    ] Using GRU prediction           confidence=0.8 forecast_capacity_signal=108.0 predicted=108 required_steps=4
2026-07-12 19:24:08 [info     ] algorithm2_scaling_decision    action=MAINTAIN alpha=0.060060060060060066 beta=0.0 buffer=1.0 current_replicas=6 predicted_load=108.0 required_resources=6.486 target_replicas=6
2026-07-12 19:24:08 [info     ] algorithm2_decision            action=MAINTAIN applied_target=6 current_replicas=6 hold_until=1783859138.4 observed_load=78.42 observed_target=5 point_forecasts=[94.09984588623047, 94.58477783203125, 92.7437744140625, 93.610107421875, 93.50967407226562] prediction_age_sec=0.07 predictive_target=6 proactive=True scenario=s4-hybrid-predictive target_replicas=6 upper_forecasts=[108.16751098632812, 108.21028137207031, 106.89642333984375, 107.9782485961914, 108.18878936767578]
2026-07-12 19:24:08 [debug    ] Decision loop completed        action=MAINTAIN latency_ms=112.44 p99=130.0
2026-07-12 19:24:23 [debug    ] HAProxy fallback latency       delta_requests=1044 interval_avg_ms=65.0 max_rtime_ms=485.0 p99_est=130.0
2026-07-12 19:24:23 [debug    ] GRU prediction received        confidence=0.8 latency_ms=5.31 predicted=100
2026-07-12 19:24:23 [debug    ] Using GRU prediction           confidence=0.8 forecast_capacity_signal=100.0 predicted=100 required_steps=4
2026-07-12 19:24:23 [info     ] algorithm2_scaling_decision    action=MAINTAIN alpha=0.060060060060060066 beta=0.0 buffer=1.0 current_replicas=6 predicted_load=100.0 required_resources=6.006 target_replicas=6
2026-07-12 19:24:23 [info     ] algorithm2_decision            action=MAINTAIN applied_target=6 current_replicas=6 hold_until=1783859153.5 observed_load=71.46 observed_target=5 point_forecasts=[85.86641693115234, 86.11882781982422, 84.63501739501953, 85.1502914428711, 85.37613677978516] prediction_age_sec=0.07 predictive_target=6 proactive=True scenario=s4-hybrid-predictive target_replicas=6 upper_forecasts=[99.93408203125, 99.74433135986328, 98.78765869140625, 99.5184326171875, 100.05525207519531]
2026-07-12 19:24:23 [debug    ] Decision loop completed        action=MAINTAIN latency_ms=114.63 p99=130.0
2026-07-12 19:24:38 [debug    ] HAProxy fallback latency       delta_requests=1178 interval_avg_ms=116.51 max_rtime_ms=485.0 p99_est=233.02
2026-07-12 19:24:38 [debug    ] GRU prediction received        confidence=0.8 latency_ms=6.23 predicted=97
2026-07-12 19:24:38 [debug    ] Using GRU prediction           confidence=0.8 forecast_capacity_signal=97.0 predicted=97 required_steps=4
2026-07-12 19:24:38 [info     ] algorithm2_scaling_decision    action=MAINTAIN alpha=0.060060060060060066 beta=0.0 buffer=1.0 current_replicas=6 predicted_load=97.0 required_resources=5.826 target_replicas=6
2026-07-12 19:24:38 [info     ] algorithm2_decision            action=MAINTAIN applied_target=6 current_replicas=6 hold_until=1783859168.6 observed_load=73.47 observed_target=5 point_forecasts=[82.59294891357422, 82.66388702392578, 81.85979461669922, 81.81875610351562, 82.1382827758789] prediction_age_sec=0.07 predictive_target=6 proactive=True scenario=s4-hybrid-predictive target_replicas=6 upper_forecasts=[96.66061401367188, 96.28939056396484, 96.01243591308594, 96.18689727783203, 96.81739807128906]
2026-07-12 19:24:38 [debug    ] Decision loop completed        action=MAINTAIN latency_ms=117.73 p99=233.0220713073005
2026-07-12 19:24:53 [debug    ] HAProxy fallback latency       delta_requests=1329 interval_avg_ms=66.0 max_rtime_ms=485.0 p99_est=132.0
2026-07-12 19:24:53 [debug    ] GRU prediction received        confidence=0.8 latency_ms=5.5 predicted=98
2026-07-12 19:24:53 [debug    ] Using GRU prediction           confidence=0.8 forecast_capacity_signal=98.0 predicted=98 required_steps=4
2026-07-12 19:24:53 [info     ] algorithm2_scaling_decision    action=MAINTAIN alpha=0.060060060060060066 beta=0.0 buffer=1.0 current_replicas=6 predicted_load=98.0 required_resources=5.886 target_replicas=6
2026-07-12 19:24:53 [info     ] algorithm2_decision            action=MAINTAIN applied_target=6 current_replicas=6 hold_until=1783859183.7 observed_load=82.92 observed_target=5 point_forecasts=[82.84708404541016, 83.14741516113281, 82.59136199951172, 82.22618865966797, 82.94073486328125] prediction_age_sec=0.07 predictive_target=6 proactive=True scenario=s4-hybrid-predictive target_replicas=6 upper_forecasts=[96.91474914550781, 96.77291870117188, 96.74400329589844, 96.59432983398438, 97.6198501586914]
2026-07-12 19:24:53 [debug    ] Decision loop completed        action=MAINTAIN latency_ms=115.84 p99=132.0
2026-07-12 19:25:08 [debug    ] HAProxy fallback latency       delta_requests=1088 interval_avg_ms=8.01 max_rtime_ms=485.0 p99_est=16.01
2026-07-12 19:25:08 [debug    ] GRU prediction received        confidence=0.8 latency_ms=6.1 predicted=94
2026-07-12 19:25:08 [debug    ] Using GRU prediction           confidence=0.8 forecast_capacity_signal=94.0 predicted=94 required_steps=4
2026-07-12 19:25:08 [info     ] algorithm2_scaling_decision    action=MAINTAIN alpha=0.060060060060060066 beta=0.0 buffer=1.0 current_replicas=6 predicted_load=94.0 required_resources=5.646 target_replicas=6
2026-07-12 19:25:08 [info     ] algorithm2_decision            action=MAINTAIN applied_target=6 current_replicas=6 hold_until=1783859198.8 observed_load=79.98 observed_target=5 point_forecasts=[79.58277893066406, 79.66924285888672, 79.70680236816406, 79.40616607666016, 79.57176971435547] prediction_age_sec=0.07 predictive_target=6 proactive=True scenario=s4-hybrid-predictive target_replicas=6 upper_forecasts=[93.65044403076172, 93.29474639892578, 93.85945129394531, 93.77430725097656, 94.25088500976562]
2026-07-12 19:25:08 [debug    ] Decision loop completed        action=MAINTAIN latency_ms=113.43 p99=16.012867647058822
2026-07-12 19:25:23 [debug    ] HAProxy fallback latency       delta_requests=772 interval_avg_ms=230.46 max_rtime_ms=485.0 p99_est=460.93
2026-07-12 19:25:23 [debug    ] GRU prediction received        confidence=0.8 latency_ms=5.66 predicted=87
2026-07-12 19:25:23 [debug    ] Using GRU prediction           confidence=0.8 forecast_capacity_signal=87.0 predicted=87 required_steps=4
2026-07-12 19:25:23 [info     ] algorithm2_scaling_decision    action=MAINTAIN alpha=0.060060060060060066 beta=0.0 buffer=1.0 current_replicas=6 predicted_load=87.0 required_resources=5.225 target_replicas=6
2026-07-12 19:25:23 [info     ] algorithm2_decision            action=MAINTAIN applied_target=6 current_replicas=6 hold_until=1783859213.9 observed_load=61.56 observed_target=4 point_forecasts=[72.50958251953125, 71.645751953125, 71.47966766357422, 72.58480072021484, 70.82319641113281] prediction_age_sec=0.07 predictive_target=6 proactive=True scenario=s4-hybrid-predictive target_replicas=6 upper_forecasts=[86.5772476196289, 85.27125549316406, 85.63230895996094, 86.95294189453125, 85.50231170654297]
2026-07-12 19:25:23 [debug    ] Decision loop completed        action=MAINTAIN latency_ms=114.39 p99=460.92746113989637
2026-07-12 19:25:38 [debug    ] GRU prediction received        confidence=0.8 latency_ms=6.0 predicted=81
2026-07-12 19:25:38 [debug    ] Using GRU prediction           confidence=0.8 forecast_capacity_signal=81.4 predicted=81 required_steps=4
2026-07-12 19:25:39 [info     ] algorithm2_scaling_decision    action=MAINTAIN alpha=0.060060060060060066 beta=0.0 buffer=1.0 current_replicas=6 predicted_load=81.3575668334961 required_resources=4.886 target_replicas=5
2026-07-12 19:25:39 [info     ] algorithm2_decision            action=MAINTAIN applied_target=5 current_replicas=6 hold_until=1783859229.1 observed_load=48.79 observed_target=3 point_forecasts=[67.41796875, 65.98763275146484, 65.81272888183594, 66.98942565917969, 65.23773193359375] prediction_age_sec=0.07 predictive_target=5 proactive=True scenario=s4-hybrid-predictive target_replicas=5 upper_forecasts=[81.48563385009766, 79.6131362915039, 79.96537780761719, 81.3575668334961, 79.9168472290039]
2026-07-12 19:25:39 [debug    ] Decision loop completed        action=MAINTAIN latency_ms=124.72 p99=460.92746113989637
2026-07-12 19:25:54 [debug    ] GRU prediction received        confidence=0.8 latency_ms=5.65 predicted=77
2026-07-12 19:25:54 [debug    ] Using GRU prediction           confidence=0.8 forecast_capacity_signal=77.3 predicted=77 required_steps=4
2026-07-12 19:25:54 [info     ] algorithm2_scaling_decision    action=MAINTAIN alpha=0.060060060060060066 beta=0.0 buffer=1.0 current_replicas=6 predicted_load=77.33392333984375 required_resources=4.645 target_replicas=5
2026-07-12 19:25:54 [info     ] algorithm2_decision            action=MAINTAIN applied_target=5 current_replicas=6 hold_until=1783859244.2 observed_load=46.2 observed_target=3 point_forecasts=[63.260772705078125, 61.93972396850586, 61.82890319824219, 62.96577835083008, 61.263832092285156] prediction_age_sec=0.07 predictive_target=5 proactive=True scenario=s4-hybrid-predictive target_replicas=5 upper_forecasts=[77.32843780517578, 75.56522369384766, 75.98155212402344, 77.33392333984375, 75.94294738769531]
2026-07-12 19:25:54 [debug    ] Decision loop completed        action=MAINTAIN latency_ms=118.32 p99=460.92746113989637
2026-07-12 19:26:09 [debug    ] GRU prediction received        confidence=0.8 latency_ms=6.17 predicted=74
2026-07-12 19:26:09 [debug    ] Using GRU prediction           confidence=0.8 forecast_capacity_signal=74.0 predicted=74 required_steps=4
2026-07-12 19:26:09 [info     ] algorithm2_scaling_decision    action=MAINTAIN alpha=0.060060060060060066 beta=0.0 buffer=1.0 current_replicas=6 predicted_load=74.0 required_resources=4.444 target_replicas=5
2026-07-12 19:26:09 [info     ] algorithm2_decision            action=MAINTAIN applied_target=5 current_replicas=6 hold_until=1783859259.3 observed_load=44.54 observed_target=3 point_forecasts=[59.494441986083984, 58.33289337158203, 58.26959991455078, 59.336795806884766, 57.72932434082031] prediction_age_sec=0.07 predictive_target=5 proactive=True scenario=s4-hybrid-predictive target_replicas=5 upper_forecasts=[73.5621109008789, 71.9583969116211, 72.4222412109375, 73.70494079589844, 72.40843963623047]
2026-07-12 19:26:09 [debug    ] Decision loop completed        action=MAINTAIN latency_ms=115.68 p99=460.92746113989637
2026-07-12 19:26:24 [debug    ] HAProxy fallback latency       delta_requests=635 interval_avg_ms=64.0 max_rtime_ms=485.0 p99_est=128.0
2026-07-12 19:26:24 [debug    ] GRU prediction received        confidence=0.8 latency_ms=5.55 predicted=71
2026-07-12 19:26:24 [debug    ] Using GRU prediction           confidence=0.8 forecast_capacity_signal=71.0 predicted=71 required_steps=4
2026-07-12 19:26:24 [info     ] algorithm2_scaling_decision    action=MAINTAIN alpha=0.060060060060060066 beta=0.0 buffer=1.0 current_replicas=6 predicted_load=71.0 required_resources=4.264 target_replicas=5
2026-07-12 19:26:24 [info     ] algorithm2_decision            action=MAINTAIN applied_target=5 current_replicas=6 hold_until=1783859274.4 observed_load=42.63 observed_target=3 point_forecasts=[56.25429916381836, 55.28019332885742, 55.232444763183594, 56.24237060546875, 54.75885009765625] prediction_age_sec=0.06 predictive_target=5 proactive=True scenario=s4-hybrid-predictive target_replicas=5 upper_forecasts=[70.32196807861328, 68.90569305419922, 69.38508605957031, 70.61051177978516, 69.4379653930664]
2026-07-12 19:26:24 [debug    ] Decision loop completed        action=MAINTAIN latency_ms=110.16 p99=128.0
2026-07-12 19:26:39 [debug    ] HAProxy fallback latency       delta_requests=838 interval_avg_ms=64.0 max_rtime_ms=485.0 p99_est=128.0
2026-07-12 19:26:39 [debug    ] GRU prediction received        confidence=0.8 latency_ms=6.43 predicted=70
2026-07-12 19:26:39 [debug    ] Using GRU prediction           confidence=0.8 forecast_capacity_signal=70.0 predicted=70 required_steps=4
2026-07-12 19:26:39 [info     ] algorithm2_scaling_decision    action=MAINTAIN alpha=0.060060060060060066 beta=0.0 buffer=1.0 current_replicas=6 predicted_load=70.0 required_resources=4.204 target_replicas=5
2026-07-12 19:26:39 [info     ] algorithm2_decision            action=MAINTAIN applied_target=5 current_replicas=6 hold_until=1783859289.5 observed_load=48.73 observed_target=3 point_forecasts=[55.30245590209961, 54.71282958984375, 54.588531494140625, 55.517921447753906, 54.265899658203125] prediction_age_sec=0.07 predictive_target=5 proactive=True scenario=s4-hybrid-predictive target_replicas=5 upper_forecasts=[69.37012481689453, 68.33833312988281, 68.74118041992188, 69.88606262207031, 68.94501495361328]
2026-07-12 19:26:39 [debug    ] Decision loop completed        action=MAINTAIN latency_ms=118.51 p99=128.0
2026-07-12 19:26:54 [debug    ] HAProxy fallback latency       delta_requests=1062 interval_avg_ms=64.0 max_rtime_ms=485.0 p99_est=128.0
2026-07-12 19:26:54 [debug    ] GRU prediction received        confidence=0.8 latency_ms=5.81 predicted=72
2026-07-12 19:26:54 [debug    ] Using GRU prediction           confidence=0.8 forecast_capacity_signal=72.0 predicted=72 required_steps=4
2026-07-12 19:26:54 [info     ] algorithm2_scaling_decision    action=MAINTAIN alpha=0.060060060060060066 beta=0.0 buffer=1.0 current_replicas=6 predicted_load=72.0 required_resources=4.324 target_replicas=5
2026-07-12 19:26:54 [info     ] algorithm2_decision            action=MAINTAIN applied_target=5 current_replicas=6 hold_until=1783859304.7 observed_load=62.82 observed_target=4 point_forecasts=[56.67733383178711, 56.571571350097656, 56.22599792480469, 57.20166778564453, 56.166419982910156] prediction_age_sec=0.07 predictive_target=5 proactive=True scenario=s4-hybrid-predictive target_replicas=5 upper_forecasts=[70.74500274658203, 70.19707489013672, 70.37864685058594, 71.56980895996094, 70.84553527832031]
2026-07-12 19:26:54 [debug    ] Decision loop completed        action=MAINTAIN latency_ms=121.7 p99=128.0
2026-07-12 19:27:09 [debug    ] HAProxy fallback latency       delta_requests=1076 interval_avg_ms=128.62 max_rtime_ms=485.0 p99_est=257.24
2026-07-12 19:27:09 [debug    ] GRU prediction received        confidence=0.8 latency_ms=5.89 predicted=73
2026-07-12 19:27:09 [debug    ] Using GRU prediction           confidence=0.8 forecast_capacity_signal=73.5 predicted=73 required_steps=4
2026-07-12 19:27:09 [info     ] algorithm2_scaling_decision    action=MAINTAIN alpha=0.060060060060060066 beta=0.0 buffer=1.0 current_replicas=6 predicted_load=70.66664705938659 required_resources=4.244 target_replicas=5
2026-07-12 19:27:09 [info     ] algorithm2_decision            action=MAINTAIN applied_target=5 current_replicas=6 hold_until=1783859304.7 observed_load=70.67 observed_target=5 point_forecasts=[58.50914764404297, 58.67380905151367, 58.28863525390625, 59.09209442138672, 58.239959716796875] prediction_age_sec=0.06 predictive_target=5 proactive=False scenario=s4-hybrid-predictive target_replicas=5 upper_forecasts=[72.57681274414062, 72.29930877685547, 72.4412841796875, 73.46023559570312, 72.91907501220703]
2026-07-12 19:27:09 [debug    ] Decision loop completed        action=MAINTAIN latency_ms=112.79 p99=257.2379182156134
2026-07-12 19:27:24 [debug    ] HAProxy fallback latency       delta_requests=1050 interval_avg_ms=132.22 max_rtime_ms=485.0 p99_est=264.44
2026-07-12 19:27:24 [debug    ] GRU prediction received        confidence=0.8 latency_ms=5.71 predicted=75
2026-07-12 19:27:24 [debug    ] Using GRU prediction           confidence=0.8 forecast_capacity_signal=75.3 predicted=75 required_steps=4
2026-07-12 19:27:24 [info     ] algorithm2_scaling_decision    action=MAINTAIN alpha=0.060060060060060066 beta=0.0 buffer=1.0 current_replicas=6 predicted_load=70.28446302992218 required_resources=4.221 target_replicas=5
2026-07-12 19:27:24 [info     ] algorithm2_decision            action=MAINTAIN applied_target=5 current_replicas=6 hold_until=1783859304.7 observed_load=70.28 observed_target=5 point_forecasts=[60.17498779296875, 60.57215118408203, 60.21666717529297, 60.95166015625, 60.14787292480469] prediction_age_sec=0.07 predictive_target=5 proactive=False scenario=s4-hybrid-predictive target_replicas=5 upper_forecasts=[74.2426528930664, 74.1976547241211, 74.36930847167969, 75.3198013305664, 74.82698822021484]
2026-07-12 19:27:24 [debug    ] Decision loop completed        action=MAINTAIN latency_ms=123.37 p99=264.43809523809523
2026-07-12 19:27:39 [debug    ] GRU prediction received        confidence=0.8 latency_ms=6.55 predicted=77
2026-07-12 19:27:39 [debug    ] Using GRU prediction           confidence=0.8 forecast_capacity_signal=77.4 predicted=77 required_steps=4
2026-07-12 19:27:40 [info     ] algorithm2_scaling_decision    action=MAINTAIN alpha=0.060060060060060066 beta=0.0 buffer=1.0 current_replicas=6 predicted_load=70.21319885811815 required_resources=4.217 target_replicas=5
2026-07-12 19:27:40 [info     ] algorithm2_decision            action=MAINTAIN applied_target=5 current_replicas=6 hold_until=1783859304.7 observed_load=70.21 observed_target=5 point_forecasts=[62.010826110839844, 62.65019989013672, 62.34157180786133, 63.0500373840332, 62.236968994140625] prediction_age_sec=0.07 predictive_target=5 proactive=False scenario=s4-hybrid-predictive target_replicas=5 upper_forecasts=[76.0784912109375, 76.27570343017578, 76.49421691894531, 77.41818237304688, 76.91608428955078]
2026-07-12 19:27:40 [debug    ] Decision loop completed        action=MAINTAIN latency_ms=117.4 p99=264.43809523809523
2026-07-12 19:27:55 [debug    ] HAProxy fallback latency       delta_requests=1134 interval_avg_ms=129.19 max_rtime_ms=485.0 p99_est=258.37
2026-07-12 19:27:55 [debug    ] GRU prediction received        confidence=0.8 latency_ms=5.72 predicted=80
2026-07-12 19:27:55 [debug    ] Using GRU prediction           confidence=0.8 forecast_capacity_signal=80.2 predicted=80 required_steps=4
2026-07-12 19:27:55 [info     ] algorithm2_scaling_decision    action=MAINTAIN alpha=0.060060060060060066 beta=0.0 buffer=1.0 current_replicas=6 predicted_load=72.9792083580765 required_resources=4.383 target_replicas=5
2026-07-12 19:27:55 [info     ] algorithm2_decision            action=MAINTAIN applied_target=5 current_replicas=6 hold_until=1783859304.7 observed_load=72.98 observed_target=5 point_forecasts=[64.48371124267578, 65.21209716796875, 65.0585708618164, 65.87383270263672, 64.87374877929688] prediction_age_sec=0.07 predictive_target=5 proactive=False scenario=s4-hybrid-predictive target_replicas=5 upper_forecasts=[78.55137634277344, 78.83760070800781, 79.21121215820312, 80.24197387695312, 79.55286407470703]
2026-07-12 19:27:55 [debug    ] Decision loop completed        action=MAINTAIN latency_ms=125.11 p99=258.3721340388007
2026-07-12 19:28:10 [debug    ] HAProxy fallback latency       delta_requests=1402 interval_avg_ms=118.92 max_rtime_ms=485.0 p99_est=237.83
2026-07-12 19:28:10 [debug    ] GRU prediction received        confidence=0.8 latency_ms=6.1 predicted=87
2026-07-12 19:28:10 [debug    ] Using GRU prediction           confidence=0.8 forecast_capacity_signal=87.0 predicted=87 required_steps=4
2026-07-12 19:28:10 [debug    ] Proactive amplification        amplified=119.5 approach_ratio=0.93 load_trend=5.4 raw_pred=87
2026-07-12 19:28:10 [info     ] algorithm2_scaling_decision    action=MAINTAIN alpha=0.060060060060060066 beta=0.0 buffer=1.0 current_replicas=6 predicted_load=83.81825813573288 required_resources=5.034 target_replicas=6
2026-07-12 19:28:10 [info     ] algorithm2_decision            action=MAINTAIN applied_target=6 current_replicas=6 hold_until=1783859304.7 observed_load=83.82 observed_target=6 point_forecasts=[70.76110076904297, 71.64276885986328, 72.55925750732422, 72.66471099853516, 72.38475036621094] prediction_age_sec=0.07 predictive_target=6 proactive=False scenario=s4-hybrid-predictive target_replicas=6 upper_forecasts=[84.82876586914062, 85.26827239990234, 86.71189880371094, 87.03285217285156, 87.0638656616211]
2026-07-12 19:28:10 [debug    ] Decision loop completed        action=MAINTAIN latency_ms=119.7 p99=237.83309557774606
2026-07-12 19:28:25 [debug    ] HAProxy fallback latency       delta_requests=1637 interval_avg_ms=159.64 max_rtime_ms=485.0 p99_est=319.28
2026-07-12 19:28:25 [debug    ] GRU prediction received        confidence=0.8 latency_ms=5.91 predicted=99
2026-07-12 19:28:25 [debug    ] Using GRU prediction           confidence=0.8 forecast_capacity_signal=99.0 predicted=99 required_steps=4
2026-07-12 19:28:25 [debug    ] Proactive amplification        amplified=156.8 approach_ratio=1.08 load_trend=9.7 raw_pred=99
2026-07-12 19:28:25 [info     ] Knative pre-warm OK            cold_start_ms=2.6
2026-07-12 19:28:25 [info     ] controller_decision_v3         action=PREDICTIVE available_replicas=6 budget_remaining=984 burn_adjustment=0 burst_ratio=0.0773 capacity_deficit=False confidence=0.8 current_load=108.26906942088623 decision_id=9fedabe3 k8s_capacity=99.9 k8s_weight=92 knative_weight=8 p99=319.3 predicted_load=99 r_effective=16.6 serverless_enabled=True total_load=108.3 weights_after={'k3s': 92, 'knative': 8} weights_before={'k3s': 100, 'knative': 0}
2026-07-12 19:28:25 [info     ] Weights updated                k3s=92 knative=8
2026-07-12 19:28:25 [info     ] Weights updated                action=PREDICTIVE reason='load=108RPS | k8s_cap=100RPS | (prediction-driven)' weights={'k3s': 92, 'knative': 8}
2026-07-12 19:28:25 [info     ] algorithm2_scaling_decision    action=MAINTAIN alpha=0.060060060060060066 beta=0.0 buffer=1.0 current_replicas=6 predicted_load=100.44736586218167 required_resources=6.033 target_replicas=6
2026-07-12 19:28:25 [info     ] algorithm2_decision            action=MAINTAIN applied_target=6 current_replicas=6 hold_until=1783859304.7 observed_load=100.45 observed_target=6 point_forecasts=[82.71366882324219, 83.08707427978516, 84.06964874267578, 83.55736541748047, 84.56522369384766] prediction_age_sec=0.07 predictive_target=6 proactive=False scenario=s4-hybrid-predictive target_replicas=6 upper_forecasts=[96.78133392333984, 96.71257781982422, 98.2222900390625, 97.92550659179688, 99.24433898925781]
2026-07-12 19:28:25 [debug    ] Decision loop completed        action=PREDICTIVE latency_ms=121.51 p99=319.2803909590715
2026-07-12 19:28:40 [debug    ] GRU prediction received        confidence=0.8 latency_ms=6.34 predicted=105
2026-07-12 19:28:40 [debug    ] Using GRU prediction           confidence=0.8 forecast_capacity_signal=105.0 predicted=105 required_steps=4
2026-07-12 19:28:40 [debug    ] Proactive amplification        amplified=126.3 approach_ratio=0.96 load_trend=6.2 raw_pred=105
2026-07-12 19:28:40 [info     ] controller_decision_v3         action=RECOVERY available_replicas=6 budget_remaining=983 burn_adjustment=0 burst_ratio=0 capacity_deficit=False confidence=0.8 current_load=95.56044947254253 decision_id=3ba623d6 k8s_capacity=99.9 k8s_weight=100 knative_weight=0 p99=319.3 predicted_load=105 r_effective=16.6 serverless_enabled=False total_load=95.6 weights_after={'k3s': 100, 'knative': 0} weights_before={'k3s': 92, 'knative': 8}
2026-07-12 19:28:40 [info     ] Weights updated                k3s=100 knative=0
2026-07-12 19:28:40 [info     ] Weights updated                action=RECOVERY reason='load=96RPS | k8s_cap=100RPS | (reducing-serverless)' weights={'k3s': 100, 'knative': 0}
2026-07-12 19:28:40 [info     ] algorithm2_scaling_decision    action=MAINTAIN alpha=0.060060060060060066 beta=0.0 buffer=1.0 current_replicas=6 predicted_load=101.91475944671438 required_resources=6.121 target_replicas=6
2026-07-12 19:28:40 [info     ] algorithm2_decision            action=MAINTAIN applied_target=6 current_replicas=6 hold_until=1783859304.7 observed_load=101.91 observed_target=6 point_forecasts=[89.22610473632812, 89.45794677734375, 89.80146789550781, 89.03045654296875, 89.98725128173828] prediction_age_sec=0.11 predictive_target=6 proactive=False scenario=s4-hybrid-predictive target_replicas=6 upper_forecasts=[103.29376983642578, 103.08345031738281, 103.95411682128906, 103.39859771728516, 104.66636657714844]
2026-07-12 19:28:40 [debug    ] Decision loop completed        action=RECOVERY latency_ms=154.7 p99=319.2803909590715
2026-07-12 19:28:55 [debug    ] HAProxy fallback latency       delta_requests=1180 interval_avg_ms=0.52 max_rtime_ms=485.0 p99_est=1.03
2026-07-12 19:28:55 [debug    ] GRU prediction received        confidence=0.8 latency_ms=5.76 predicted=103
2026-07-12 19:28:55 [debug    ] Using GRU prediction           confidence=0.8 forecast_capacity_signal=103.0 predicted=103 required_steps=4
2026-07-12 19:28:55 [info     ] algorithm2_scaling_decision    action=MAINTAIN alpha=0.060060060060060066 beta=0.0 buffer=1.0 current_replicas=6 predicted_load=86.71199522705014 required_resources=5.208 target_replicas=6
2026-07-12 19:28:55 [info     ] algorithm2_decision            action=MAINTAIN applied_target=6 current_replicas=6 hold_until=1783859304.7 observed_load=86.71 observed_target=6 point_forecasts=[88.01927185058594, 88.5540771484375, 88.26070404052734, 87.85295104980469, 88.57168579101562] prediction_age_sec=0.07 predictive_target=6 proactive=False scenario=s4-hybrid-predictive target_replicas=6 upper_forecasts=[102.0869369506836, 102.17958068847656, 102.41334533691406, 102.2210922241211, 103.25080108642578]
2026-07-12 19:28:55 [debug    ] Decision loop completed        action=MAINTAIN latency_ms=116.52 p99=1.0338983050847457
2026-07-12 19:29:10 [debug    ] GRU prediction received        confidence=0.8 latency_ms=5.9 predicted=97
2026-07-12 19:29:10 [debug    ] Using GRU prediction           confidence=0.8 forecast_capacity_signal=97.0 predicted=97 required_steps=4
2026-07-12 19:29:10 [info     ] algorithm2_scaling_decision    action=MAINTAIN alpha=0.060060060060060066 beta=0.0 buffer=1.0 current_replicas=6 predicted_load=97.0 required_resources=5.826 target_replicas=6
2026-07-12 19:29:10 [info     ] algorithm2_decision            action=MAINTAIN applied_target=6 current_replicas=6 hold_until=1783859440.8 observed_load=69.3 observed_target=5 point_forecasts=[81.88746643066406, 82.46609497070312, 82.30287170410156, 81.63166809082031, 82.23210906982422] prediction_age_sec=0.07 predictive_target=6 proactive=True scenario=s4-hybrid-predictive target_replicas=6 upper_forecasts=[95.95513153076172, 96.09159851074219, 96.45552062988281, 95.99980926513672, 96.91122436523438]
2026-07-12 19:29:10 [debug    ] Decision loop completed        action=MAINTAIN latency_ms=112.74 p99=1.0338983050847457
2026-07-12 19:29:25 [debug    ] GRU prediction received        confidence=0.8 latency_ms=5.32 predicted=88
2026-07-12 19:29:25 [debug    ] Using GRU prediction           confidence=0.8 forecast_capacity_signal=88.0 predicted=88 required_steps=4
2026-07-12 19:29:25 [info     ] algorithm2_scaling_decision    action=MAINTAIN alpha=0.060060060060060066 beta=0.0 buffer=1.0 current_replicas=6 predicted_load=88.0 required_resources=5.285 target_replicas=6
2026-07-12 19:29:25 [info     ] algorithm2_decision            action=MAINTAIN applied_target=6 current_replicas=6 hold_until=1783859455.9 observed_load=53.29 observed_target=4 point_forecasts=[73.13038635253906, 72.39502716064453, 72.27792358398438, 73.15707397460938, 71.50236511230469] prediction_age_sec=0.07 predictive_target=6 proactive=True scenario=s4-hybrid-predictive target_replicas=6 upper_forecasts=[87.19805145263672, 86.0205307006836, 86.43057250976562, 87.52521514892578, 86.18148040771484]
2026-07-12 19:29:25 [debug    ] Decision loop completed        action=MAINTAIN latency_ms=117.05 p99=1.0338983050847457
2026-07-12 19:29:40 [debug    ] HAProxy fallback latency       delta_requests=657 interval_avg_ms=64.0 max_rtime_ms=485.0 p99_est=128.0
2026-07-12 19:29:40 [debug    ] GRU prediction received        confidence=0.8 latency_ms=5.82 predicted=82
2026-07-12 19:29:40 [debug    ] Using GRU prediction           confidence=0.8 forecast_capacity_signal=82.0 predicted=82 required_steps=4
2026-07-12 19:29:40 [info     ] algorithm2_scaling_decision    action=MAINTAIN alpha=0.060060060060060066 beta=0.0 buffer=1.0 current_replicas=6 predicted_load=82.0 required_resources=4.925 target_replicas=5
2026-07-12 19:29:40 [info     ] algorithm2_decision            action=MAINTAIN applied_target=5 current_replicas=6 hold_until=1783859471.0 observed_load=44.69 observed_target=3 point_forecasts=[67.45582580566406, 65.9071273803711, 65.78363037109375, 66.91979217529297, 65.11479187011719] prediction_age_sec=0.07 predictive_target=5 proactive=True scenario=s4-hybrid-predictive target_replicas=5 upper_forecasts=[81.52349090576172, 79.53263092041016, 79.936279296875, 81.28793334960938, 79.79390716552734]
2026-07-12 19:29:40 [debug    ] Decision loop completed        action=MAINTAIN latency_ms=118.76 p99=128.0
2026-07-12 19:29:56 [debug    ] HAProxy fallback latency       delta_requests=669 interval_avg_ms=64.0 max_rtime_ms=485.0 p99_est=128.0
2026-07-12 19:29:56 [debug    ] GRU prediction received        confidence=0.8 latency_ms=5.86 predicted=77
2026-07-12 19:29:56 [debug    ] Using GRU prediction           confidence=0.8 forecast_capacity_signal=77.0 predicted=77 required_steps=4
2026-07-12 19:29:56 [info     ] algorithm2_scaling_decision    action=MAINTAIN alpha=0.060060060060060066 beta=0.0 buffer=1.0 current_replicas=6 predicted_load=77.00669860839844 required_resources=4.625 target_replicas=5
2026-07-12 19:29:56 [info     ] algorithm2_decision            action=MAINTAIN applied_target=5 current_replicas=6 hold_until=1783859486.1 observed_load=43.85 observed_target=3 point_forecasts=[63.021820068359375, 61.588653564453125, 61.5221061706543, 62.6385612487793, 60.88571548461914] prediction_age_sec=0.07 predictive_target=5 proactive=True scenario=s4-hybrid-predictive target_replicas=5 upper_forecasts=[77.08948516845703, 75.21415710449219, 75.67475128173828, 77.00669860839844, 75.56482696533203]
2026-07-12 19:29:56 [debug    ] Decision loop completed        action=MAINTAIN latency_ms=120.91 p99=128.0
2026-07-12 19:30:11 [debug    ] HAProxy fallback latency       delta_requests=777 interval_avg_ms=64.0 max_rtime_ms=485.0 p99_est=128.0
2026-07-12 19:30:11 [debug    ] GRU prediction received        confidence=0.8 latency_ms=5.79 predicted=75
2026-07-12 19:30:11 [debug    ] Using GRU prediction           confidence=0.8 forecast_capacity_signal=75.0 predicted=75 required_steps=4
2026-07-12 19:30:11 [info     ] algorithm2_scaling_decision    action=MAINTAIN alpha=0.060060060060060066 beta=0.0 buffer=1.0 current_replicas=6 predicted_load=75.0 required_resources=4.505 target_replicas=5
2026-07-12 19:30:11 [info     ] algorithm2_decision            action=MAINTAIN applied_target=5 current_replicas=6 hold_until=1783859501.2 observed_load=47.78 observed_target=3 point_forecasts=[60.32764434814453, 59.2452278137207, 59.131649017333984, 60.150291442871094, 58.60908126831055] prediction_age_sec=0.07 predictive_target=5 proactive=True scenario=s4-hybrid-predictive target_replicas=5 upper_forecasts=[74.39530944824219, 72.8707275390625, 73.28429412841797, 74.5184326171875, 73.28819274902344]
2026-07-12 19:30:11 [debug    ] Decision loop completed        action=MAINTAIN latency_ms=120.96 p99=128.0
2026-07-12 19:30:26 [debug    ] HAProxy fallback latency       delta_requests=854 interval_avg_ms=161.21 max_rtime_ms=485.0 p99_est=322.42
2026-07-12 19:30:26 [debug    ] GRU prediction received        confidence=0.8 latency_ms=6.12 predicted=73
2026-07-12 19:30:26 [debug    ] Using GRU prediction           confidence=0.8 forecast_capacity_signal=73.3 predicted=73 required_steps=4
2026-07-12 19:30:26 [info     ] algorithm2_scaling_decision    action=MAINTAIN alpha=0.060060060060060066 beta=0.0 buffer=1.0 current_replicas=6 predicted_load=73.3353271484375 required_resources=4.405 target_replicas=5
2026-07-12 19:30:26 [info     ] algorithm2_decision            action=MAINTAIN applied_target=5 current_replicas=6 hold_until=1783859516.4 observed_load=53.97 observed_target=4 point_forecasts=[58.91950225830078, 58.19369125366211, 58.00999069213867, 58.96718978881836, 57.63726043701172] prediction_age_sec=0.07 predictive_target=5 proactive=True scenario=s4-hybrid-predictive target_replicas=5 upper_forecasts=[72.98716735839844, 71.8191909790039, 72.16263580322266, 73.3353271484375, 72.31637573242188]
2026-07-12 19:30:26 [debug    ] Decision loop completed        action=MAINTAIN latency_ms=110.17 p99=322.4192037470726
2026-07-12 19:30:41 [debug    ] GRU prediction received        confidence=0.8 latency_ms=5.9 predicted=71
2026-07-12 19:30:41 [debug    ] Using GRU prediction           confidence=0.8 forecast_capacity_signal=71.3 predicted=71 required_steps=4
2026-07-12 19:30:41 [info     ] algorithm2_scaling_decision    action=MAINTAIN alpha=0.060060060060060066 beta=0.0 buffer=1.0 current_replicas=6 predicted_load=71.25338745117188 required_resources=4.279 target_replicas=5
2026-07-12 19:30:41 [info     ] algorithm2_decision            action=MAINTAIN applied_target=5 current_replicas=6 hold_until=1783859531.5 observed_load=51.9 observed_target=4 point_forecasts=[56.70694351196289, 56.07698059082031, 55.939056396484375, 56.885250091552734, 55.611785888671875] prediction_age_sec=0.06 predictive_target=5 proactive=True scenario=s4-hybrid-predictive target_replicas=5 upper_forecasts=[70.77461242675781, 69.70248413085938, 70.09170532226562, 71.25338745117188, 70.29090118408203]
2026-07-12 19:30:41 [debug    ] Decision loop completed        action=MAINTAIN latency_ms=113.12 p99=322.4192037470726
2026-07-12 19:30:56 [debug    ] HAProxy fallback latency       delta_requests=578 interval_avg_ms=64.0 max_rtime_ms=485.0 p99_est=128.0
2026-07-12 19:30:56 [debug    ] GRU prediction received        confidence=0.8 latency_ms=5.68 predicted=68
2026-07-12 19:30:56 [debug    ] Using GRU prediction           confidence=0.8 forecast_capacity_signal=68.3 predicted=68 required_steps=4
2026-07-12 19:30:56 [info     ] algorithm2_scaling_decision    action=MAINTAIN alpha=0.060060060060060066 beta=0.0 buffer=1.0 current_replicas=6 predicted_load=68.33618927001953 required_resources=4.104 target_replicas=5
2026-07-12 19:30:56 [info     ] algorithm2_decision            action=MAINTAIN applied_target=5 current_replicas=6 hold_until=1783859546.6 observed_load=42.78 observed_target=3 point_forecasts=[53.717533111572266, 53.06773376464844, 53.016990661621094, 53.968048095703125, 52.69268035888672] prediction_age_sec=0.07 predictive_target=5 proactive=True scenario=s4-hybrid-predictive target_replicas=5 upper_forecasts=[67.78520202636719, 66.6932373046875, 67.16963195800781, 68.33618927001953, 67.37179565429688]
2026-07-12 19:30:56 [debug    ] Decision loop completed        action=MAINTAIN latency_ms=120.54 p99=128.0
2026-07-12 19:31:11 [debug    ] HAProxy fallback latency       delta_requests=584 interval_avg_ms=64.0 max_rtime_ms=485.0 p99_est=128.0
2026-07-12 19:31:11 [debug    ] GRU prediction received        confidence=0.8 latency_ms=6.02 predicted=66
2026-07-12 19:31:11 [debug    ] Using GRU prediction           confidence=0.8 forecast_capacity_signal=66.0 predicted=66 required_steps=4
2026-07-12 19:31:11 [info     ] algorithm2_scaling_decision    action=MAINTAIN alpha=0.060060060060060066 beta=0.0 buffer=1.0 current_replicas=6 predicted_load=66.0 required_resources=3.964 target_replicas=4
2026-07-12 19:31:11 [info     ] algorithm2_decision            action=MAINTAIN applied_target=4 current_replicas=6 hold_until=1783859561.7 observed_load=38.47 observed_target=3 point_forecasts=[51.19336700439453, 50.641845703125, 50.58738708496094, 51.518741607666016, 50.33823776245117] prediction_age_sec=0.07 predictive_target=4 proactive=True scenario=s4-hybrid-predictive target_replicas=4 upper_forecasts=[65.26103210449219, 64.26734924316406, 64.74003601074219, 65.88688659667969, 65.01734924316406]
2026-07-12 19:31:11 [debug    ] Decision loop completed        action=MAINTAIN latency_ms=121.86 p99=128.0
2026-07-12 19:31:26 [debug    ] HAProxy fallback latency       delta_requests=607 interval_avg_ms=64.0 max_rtime_ms=485.0 p99_est=128.0
2026-07-12 19:31:26 [debug    ] GRU prediction received        confidence=0.8 latency_ms=5.86 predicted=64
2026-07-12 19:31:26 [debug    ] Using GRU prediction           confidence=0.8 forecast_capacity_signal=64.0 predicted=64 required_steps=4
2026-07-12 19:31:26 [info     ] algorithm2_scaling_decision    action=MAINTAIN alpha=0.060060060060060066 beta=0.0 buffer=1.0 current_replicas=6 predicted_load=64.01803588867188 required_resources=3.845 target_replicas=4
2026-07-12 19:31:26 [info     ] algorithm2_decision            action=MAINTAIN applied_target=4 current_replicas=6 hold_until=1783859576.8 observed_load=39.35 observed_target=3 point_forecasts=[49.22772979736328, 48.8114128112793, 48.76036834716797, 49.64989471435547, 48.576995849609375] prediction_age_sec=0.08 predictive_target=4 proactive=True scenario=s4-hybrid-predictive target_replicas=4 upper_forecasts=[63.29539489746094, 62.436912536621094, 62.91301345825195, 64.01803588867188, 63.25611114501953]
2026-07-12 19:31:26 [debug    ] Decision loop completed        action=MAINTAIN latency_ms=125.91 p99=128.0
2026-07-12 19:31:41 [debug    ] HAProxy fallback latency       delta_requests=630 interval_avg_ms=64.0 max_rtime_ms=485.0 p99_est=128.0
2026-07-12 19:31:41 [debug    ] GRU prediction received        confidence=0.8 latency_ms=6.06 predicted=63
2026-07-12 19:31:41 [debug    ] Using GRU prediction           confidence=0.8 forecast_capacity_signal=63.0 predicted=63 required_steps=4
2026-07-12 19:31:41 [info     ] algorithm2_scaling_decision    action=MAINTAIN alpha=0.060060060060060066 beta=0.0 buffer=1.0 current_replicas=6 predicted_load=63.0 required_resources=3.784 target_replicas=4
2026-07-12 19:31:41 [info     ] algorithm2_decision            action=MAINTAIN applied_target=4 current_replicas=6 hold_until=1783859592.0 observed_load=40.86 observed_target=3 point_forecasts=[47.77230453491211, 47.497962951660156, 47.455963134765625, 48.305015563964844, 47.33006286621094] prediction_age_sec=0.07 predictive_target=4 proactive=True scenario=s4-hybrid-predictive target_replicas=4 upper_forecasts=[61.83997344970703, 61.12346649169922, 61.60860824584961, 62.67315673828125, 62.009178161621094]
2026-07-12 19:31:41 [debug    ] Decision loop completed        action=MAINTAIN latency_ms=118.2 p99=128.0
2026-07-12 19:31:57 [debug    ] GRU prediction received        confidence=0.8 latency_ms=5.87 predicted=62
2026-07-12 19:31:57 [debug    ] Using GRU prediction           confidence=0.8 forecast_capacity_signal=62.0 predicted=62 required_steps=4
2026-07-12 19:31:57 [info     ] algorithm2_scaling_decision    action=MAINTAIN alpha=0.060060060060060066 beta=0.0 buffer=1.0 current_replicas=6 predicted_load=62.0 required_resources=3.724 target_replicas=4
2026-07-12 19:31:57 [info     ] algorithm2_decision            action=MAINTAIN applied_target=4 current_replicas=6 hold_until=1783859607.1 observed_load=42.77 observed_target=3 point_forecasts=[46.83782196044922, 46.695037841796875, 46.657867431640625, 47.51494598388672, 46.58961486816406] prediction_age_sec=0.07 predictive_target=4 proactive=True scenario=s4-hybrid-predictive target_replicas=4 upper_forecasts=[60.905487060546875, 60.32054138183594, 60.81051254272461, 61.883087158203125, 61.26873016357422]
2026-07-12 19:31:57 [debug    ] Decision loop completed        action=MAINTAIN latency_ms=128.59 p99=128.0
2026-07-12 19:32:12 [debug    ] HAProxy fallback latency       delta_requests=743 interval_avg_ms=298.63 max_rtime_ms=485.0 p99_est=485.0
2026-07-12 19:32:12 [debug    ] GRU prediction received        confidence=0.8 latency_ms=5.85 predicted=62
2026-07-12 19:32:12 [debug    ] Using GRU prediction           confidence=0.8 forecast_capacity_signal=62.0 predicted=62 required_steps=4
2026-07-12 19:32:12 [info     ] algorithm2_scaling_decision    action=MAINTAIN alpha=0.060060060060060066 beta=0.0 buffer=1.0 current_replicas=6 predicted_load=62.0 required_resources=3.724 target_replicas=4
2026-07-12 19:32:12 [info     ] algorithm2_decision            action=MAINTAIN applied_target=4 current_replicas=6 hold_until=1783859622.2 observed_load=46.52 observed_target=3 point_forecasts=[46.760719299316406, 46.779544830322266, 46.72210693359375, 47.60341262817383, 46.72366714477539] prediction_age_sec=0.07 predictive_target=4 proactive=True scenario=s4-hybrid-predictive target_replicas=4 upper_forecasts=[60.82838439941406, 60.40504455566406, 60.874752044677734, 61.971553802490234, 61.40277862548828]
2026-07-12 19:32:12 [debug    ] Decision loop completed        action=MAINTAIN latency_ms=108.8 p99=485.0
2026-07-12 19:32:27 [debug    ] HAProxy fallback latency       delta_requests=302 interval_avg_ms=65.0 max_rtime_ms=485.0 p99_est=130.0
2026-07-12 19:32:27 [debug    ] GRU prediction received        confidence=0.8 latency_ms=5.67 predicted=58
2026-07-12 19:32:27 [debug    ] Using GRU prediction           confidence=0.8 forecast_capacity_signal=58.3 predicted=58 required_steps=4
2026-07-12 19:32:27 [info     ] algorithm2_scaling_decision    action=MAINTAIN alpha=0.060060060060060066 beta=0.0 buffer=1.0 current_replicas=6 predicted_load=58.28376007080078 required_resources=3.501 target_replicas=4
2026-07-12 19:32:27 [info     ] algorithm2_decision            action=MAINTAIN applied_target=4 current_replicas=6 hold_until=1783859637.3 observed_load=34.63 observed_target=3 point_forecasts=[43.2486572265625, 43.09001159667969, 43.10254669189453, 43.915618896484375, 43.10606384277344] prediction_age_sec=0.07 predictive_target=4 proactive=True scenario=s4-hybrid-predictive target_replicas=4 upper_forecasts=[57.316322326660156, 56.71551513671875, 57.255191802978516, 58.28376007080078, 57.785179138183594]
2026-07-12 19:32:27 [debug    ] Decision loop completed        action=MAINTAIN latency_ms=111.92 p99=130.0
2026-07-12 19:32:42 [debug    ] GRU prediction received        confidence=0.8 latency_ms=6.04 predicted=53
2026-07-12 19:32:42 [debug    ] Using GRU prediction           confidence=0.8 forecast_capacity_signal=53.0 predicted=53 required_steps=4
2026-07-12 19:32:42 [info     ] algorithm2_scaling_decision    action=MAINTAIN alpha=0.060060060060060066 beta=0.0 buffer=1.0 current_replicas=6 predicted_load=53.0 required_resources=3.183 target_replicas=4
2026-07-12 19:32:42 [info     ] algorithm2_decision            action=MAINTAIN applied_target=4 current_replicas=6 hold_until=1783859652.4 observed_load=10.06 observed_target=3 point_forecasts=[37.85584259033203, 37.473731994628906, 37.4825553894043, 38.35849380493164, 37.55671310424805] prediction_age_sec=0.07 predictive_target=4 proactive=True scenario=s4-hybrid-predictive target_replicas=4 upper_forecasts=[51.92350769042969, 51.09923553466797, 51.63520050048828, 52.72663497924805, 52.23582458496094]
2026-07-12 19:32:42 [debug    ] Decision loop completed        action=MAINTAIN latency_ms=115.36 p99=130.0
2026-07-12 19:32:57 [debug    ] GRU prediction received        confidence=0.8 latency_ms=5.64 predicted=48
2026-07-12 19:32:57 [debug    ] Using GRU prediction           confidence=0.8 forecast_capacity_signal=48.1 predicted=48 required_steps=4
2026-07-12 19:32:57 [info     ] algorithm2_scaling_decision    action=MAINTAIN alpha=0.060060060060060066 beta=0.0 buffer=1.0 current_replicas=6 predicted_load=53.0 required_resources=3.183 target_replicas=4
2026-07-12 19:32:57 [info     ] algorithm2_decision            action=MAINTAIN applied_target=4 current_replicas=6 hold_until=1783859652.4 observed_load=0.0 observed_target=3 point_forecasts=[33.25933074951172, 32.846702575683594, 32.84471130371094, 33.71710968017578, 32.986839294433594] prediction_age_sec=0.07 predictive_target=3 proactive=True scenario=s4-hybrid-predictive target_replicas=4 upper_forecasts=[47.326995849609375, 46.472206115722656, 46.99735641479492, 48.08525085449219, 47.66595458984375]
2026-07-12 19:32:57 [debug    ] Decision loop completed        action=MAINTAIN latency_ms=112.25 p99=130.0
2026-07-12 19:33:12 [debug    ] GRU prediction received        confidence=0.8 latency_ms=6.15 predicted=44
2026-07-12 19:33:12 [debug    ] Using GRU prediction           confidence=0.8 forecast_capacity_signal=44.2 predicted=44 required_steps=4
2026-07-12 19:33:12 [info     ] algorithm2_scaling_decision    action=MAINTAIN alpha=0.060060060060060066 beta=0.0 buffer=1.0 current_replicas=6 predicted_load=53.0 required_resources=3.183 target_replicas=4
2026-07-12 19:33:12 [info     ] algorithm2_decision            action=MAINTAIN applied_target=4 current_replicas=6 hold_until=1783859652.4 observed_load=0.0 observed_target=3 point_forecasts=[29.364551544189453, 28.998779296875, 29.00019073486328, 29.820781707763672, 29.200027465820312] prediction_age_sec=0.07 predictive_target=3 proactive=True scenario=s4-hybrid-predictive target_replicas=4 upper_forecasts=[43.432220458984375, 42.62428283691406, 43.152835845947266, 44.18892288208008, 43.87914276123047]
2026-07-12 19:33:12 [debug    ] Decision loop completed        action=MAINTAIN latency_ms=114.58 p99=130.0
2026-07-12 19:33:18 [info     ] Received shutdown signal
2026-07-12 19:33:18 [info     ] Stopping routing daemon...
2026-07-12 19:33:18 [info     ] Routing daemon stopped
