2026-09-11 10:49:49 [info     ] SLOMonitor initialized         threshold_ms=200.0 violation_window=30
2026-09-11 10:49:49 [info     ] Algorithm1ControllerV3 initialized max_knative=50 r_saturation=33.3 target_cpu_util=0.5 total_budget=1000
2026-09-11 10:49:49 [info     ] Using V3 controller (Capacity-Driven) scenario=s4-hybrid-predictive version=v3
2026-09-11 10:49:49 [info     ] HAProxyWeightAdjuster initialized backend=servers host=localhost port=19999
2026-09-11 10:49:49 [info     ] GRUClient initialized          base_url=http://localhost:8090
2026-09-11 10:49:49 [info     ] K8sScaler initialized          deployment=test-app-warm namespace=default
2026-09-11 10:49:49 [info     ] RoutingDaemon initialized      decision_interval=15 description='Algorithm 1 with GRU predictions (Algorithm 2)' scenario=s4-hybrid-predictive use_algorithm=True use_predictions=True
2026-09-11 10:49:49 [info     ] Starting routing daemon        interval=15 scenario=s4-hybrid-predictive
2026-09-11 10:49:49 [info     ] Weights updated                k3s=80 knative=20
2026-09-11 10:49:49 [info     ] Initial weights applied        k3s=80 knative=20
2026-09-11 10:49:49 [debug    ] HAProxy fallback primed        total_requests=0
2026-09-11 10:49:49 [info     ] Model status validated         prediction_horizon=9 sample_interval_sec=15 sequence_length=30
2026-09-11 10:49:49 [info     ] Model status validated on first eligible cycle prediction_horizon=9 sequence_length=30
2026-09-11 10:49:50 [info     ] algorithm2_scaling_decision    action=MAINTAIN alpha=0.060060060060060066 beta=0.0 buffer=1.0 current_replicas=3 predicted_load=0.0 required_resources=0.0 target_replicas=3
2026-09-11 10:49:50 [info     ] algorithm2_decision            action=MAINTAIN applied_target=3 current_replicas=3 hold_until=0.0 observed_load=0.0 observed_target=3 point_forecasts=None prediction_age_sec=None predictive_target=3 proactive=False scenario=s4-hybrid-predictive target_replicas=3 upper_forecasts=None
2026-09-11 10:49:50 [debug    ] Decision loop completed        action=MAINTAIN latency_ms=153.15 p99=0.0
2026-09-11 10:50:05 [info     ] algorithm2_scaling_decision    action=MAINTAIN alpha=0.060060060060060066 beta=0.0 buffer=1.0 current_replicas=3 predicted_load=0.0 required_resources=0.0 target_replicas=3
2026-09-11 10:50:05 [info     ] algorithm2_decision            action=MAINTAIN applied_target=3 current_replicas=3 hold_until=0.0 observed_load=0.0 observed_target=3 point_forecasts=None prediction_age_sec=None predictive_target=3 proactive=False scenario=s4-hybrid-predictive target_replicas=3 upper_forecasts=None
2026-09-11 10:50:05 [debug    ] Decision loop completed        action=MAINTAIN latency_ms=202.27 p99=0.0
2026-09-11 10:50:20 [info     ] algorithm2_scaling_decision    action=MAINTAIN alpha=0.060060060060060066 beta=0.0 buffer=1.0 current_replicas=3 predicted_load=0.0 required_resources=0.0 target_replicas=3
2026-09-11 10:50:20 [info     ] algorithm2_decision            action=MAINTAIN applied_target=3 current_replicas=3 hold_until=0.0 observed_load=0.0 observed_target=3 point_forecasts=None prediction_age_sec=None predictive_target=3 proactive=False scenario=s4-hybrid-predictive target_replicas=3 upper_forecasts=None
2026-09-11 10:50:20 [debug    ] Decision loop completed        action=MAINTAIN latency_ms=215.01 p99=0.0
2026-09-11 10:50:35 [debug    ] HAProxy fallback latency       delta_requests=651 interval_avg_ms=68.0 max_rtime_ms=88.0 p99_est=88.0
2026-09-11 10:50:35 [info     ] controller_decision_v3         action=RECOVERY available_replicas=3 budget_remaining=1000 burn_adjustment=0 burst_ratio=0 capacity_deficit=False confidence=0 current_load=42.65148377424107 decision_id=e38d997b k8s_capacity=49.9 k8s_weight=100 knative_weight=0 p99=88.0 predicted_load=0 r_effective=16.6 serverless_enabled=False total_load=42.7 weights_after={'k3s': 100, 'knative': 0} weights_before={'k3s': 80, 'knative': 20}
2026-09-11 10:50:35 [info     ] Weights updated                k3s=100 knative=0
2026-09-11 10:50:35 [info     ] Weights updated                action=RECOVERY reason='load=43RPS | k8s_cap=50RPS | (reducing-serverless)' weights={'k3s': 100, 'knative': 0}
2026-09-11 10:50:35 [info     ] algorithm2_scaling_decision    action=MAINTAIN alpha=0.060060060060060066 beta=0.0 buffer=1.0 current_replicas=3 predicted_load=21.325741887120536 required_resources=1.281 target_replicas=3
2026-09-11 10:50:35 [info     ] algorithm2_decision            action=MAINTAIN applied_target=3 current_replicas=3 hold_until=0.0 observed_load=21.33 observed_target=3 point_forecasts=None prediction_age_sec=None predictive_target=3 proactive=False scenario=s4-hybrid-predictive target_replicas=3 upper_forecasts=None
2026-09-11 10:50:35 [debug    ] Decision loop completed        action=RECOVERY latency_ms=241.38 p99=88.0
2026-09-11 10:50:50 [debug    ] HAProxy fallback latency       delta_requests=671 interval_avg_ms=68.0 max_rtime_ms=113.0 p99_est=113.0
2026-09-11 10:50:50 [info     ] algorithm2_scaling_decision    action=MAINTAIN alpha=0.060060060060060066 beta=0.0 buffer=1.0 current_replicas=3 predicted_load=43.33832588779506 required_resources=2.603 target_replicas=3
2026-09-11 10:50:50 [info     ] algorithm2_decision            action=MAINTAIN applied_target=3 current_replicas=3 hold_until=0.0 observed_load=43.34 observed_target=3 point_forecasts=None prediction_age_sec=None predictive_target=3 proactive=False scenario=s4-hybrid-predictive target_replicas=3 upper_forecasts=None
2026-09-11 10:50:50 [debug    ] Decision loop completed        action=MAINTAIN latency_ms=166.96 p99=113.0
2026-09-11 10:51:05 [debug    ] HAProxy fallback latency       delta_requests=722 interval_avg_ms=68.0 max_rtime_ms=113.0 p99_est=113.0
2026-09-11 10:51:06 [info     ] algorithm2_scaling_decision    action=MAINTAIN alpha=0.060060060060060066 beta=0.0 buffer=1.0 current_replicas=3 predicted_load=45.7753600988872 required_resources=2.749 target_replicas=3
2026-09-11 10:51:06 [info     ] algorithm2_decision            action=MAINTAIN applied_target=3 current_replicas=3 hold_until=0.0 observed_load=45.78 observed_target=3 point_forecasts=None prediction_age_sec=None predictive_target=3 proactive=False scenario=s4-hybrid-predictive target_replicas=3 upper_forecasts=None
2026-09-11 10:51:06 [debug    ] Decision loop completed        action=MAINTAIN latency_ms=186.96 p99=113.0
2026-09-11 10:51:21 [debug    ] HAProxy fallback latency       delta_requests=830 interval_avg_ms=68.0 max_rtime_ms=113.0 p99_est=113.0
2026-09-11 10:51:21 [info     ] Knative pre-warm OK            cold_start_ms=3.6
2026-09-11 10:51:21 [info     ] controller_decision_v3         action=REACTIVE available_replicas=3 budget_remaining=1000 burn_adjustment=0 burst_ratio=0.0848 capacity_deficit=False confidence=0 current_load=54.580388201168404 decision_id=926976b4 k8s_capacity=49.9 k8s_weight=91 knative_weight=9 p99=113.0 predicted_load=0 r_effective=16.6 serverless_enabled=True total_load=54.6 weights_after={'k3s': 91, 'knative': 9} weights_before={'k3s': 100, 'knative': 0}
2026-09-11 10:51:21 [info     ] Weights updated                k3s=91 knative=9
2026-09-11 10:51:21 [info     ] Weights updated                action=REACTIVE reason='load=55RPS | k8s_cap=50RPS | (burst-routing)' weights={'k3s': 91, 'knative': 9}
2026-09-11 10:51:21 [info     ] algorithm2_scaling_decision    action=SCALE_UP alpha=0.060060060060060066 beta=0.0 buffer=1.0 current_replicas=3 predicted_load=51.05297019879688 required_resources=3.066 target_replicas=4
2026-09-11 10:51:21 [info     ] algorithm2_decision            action=SCALE_UP applied_target=4 current_replicas=3 hold_until=0.0 observed_load=51.05 observed_target=4 point_forecasts=None prediction_age_sec=None predictive_target=3 proactive=False scenario=s4-hybrid-predictive target_replicas=4 upper_forecasts=None
2026-09-11 10:51:21 [info     ] k8s_scale_executed             deployment=test-app-warm replicas=4
2026-09-11 10:51:21 [debug    ] Decision loop completed        action=REACTIVE latency_ms=280.93 p99=113.0
2026-09-11 10:51:36 [debug    ] HAProxy fallback latency       delta_requests=767 interval_avg_ms=72.75 max_rtime_ms=113.0 p99_est=113.0
2026-09-11 10:51:36 [info     ] controller_decision_v3         action=RECOVERY available_replicas=4 budget_remaining=1000 burn_adjustment=0 burst_ratio=0 capacity_deficit=False confidence=0 current_load=50.326226379846275 decision_id=5959751c k8s_capacity=66.6 k8s_weight=100 knative_weight=0 p99=113.0 predicted_load=0 r_effective=16.6 serverless_enabled=False total_load=50.3 weights_after={'k3s': 100, 'knative': 0} weights_before={'k3s': 91, 'knative': 9}
2026-09-11 10:51:36 [info     ] Weights updated                k3s=100 knative=0
2026-09-11 10:51:36 [info     ] Weights updated                action=RECOVERY reason='load=50RPS | k8s_cap=67RPS | (reducing-serverless)' weights={'k3s': 100, 'knative': 0}
2026-09-11 10:51:36 [info     ] Scale readiness observed       elapsed_sec=15.2 ewma_delay=46.6 samples=1 target=4
2026-09-11 10:51:36 [info     ] algorithm2_scaling_decision    action=MAINTAIN alpha=0.060060060060060066 beta=0.0 buffer=1.0 current_replicas=4 predicted_load=52.45330729050734 required_resources=3.15 target_replicas=4
2026-09-11 10:51:36 [info     ] algorithm2_decision            action=MAINTAIN applied_target=4 current_replicas=4 hold_until=0.0 observed_load=52.45 observed_target=4 point_forecasts=None prediction_age_sec=None predictive_target=3 proactive=False scenario=s4-hybrid-predictive target_replicas=4 upper_forecasts=None
2026-09-11 10:51:36 [debug    ] Decision loop completed        action=RECOVERY latency_ms=246.69 p99=113.0
2026-09-11 10:51:51 [debug    ] HAProxy fallback latency       delta_requests=543 interval_avg_ms=76.71 max_rtime_ms=113.0 p99_est=113.0
2026-09-11 10:51:51 [info     ] algorithm2_scaling_decision    action=MAINTAIN alpha=0.060060060060060066 beta=0.0 buffer=1.0 current_replicas=4 predicted_load=42.93745368842377 required_resources=2.579 target_replicas=3
2026-09-11 10:51:51 [info     ] algorithm2_decision            action=MAINTAIN applied_target=3 current_replicas=4 hold_until=0.0 observed_load=42.94 observed_target=3 point_forecasts=None prediction_age_sec=None predictive_target=3 proactive=False scenario=s4-hybrid-predictive target_replicas=3 upper_forecasts=None
2026-09-11 10:51:51 [debug    ] Decision loop completed        action=MAINTAIN latency_ms=400.65 p99=113.0
2026-09-11 10:52:07 [debug    ] HAProxy fallback latency       delta_requests=417 interval_avg_ms=70.0 max_rtime_ms=113.0 p99_est=113.0
2026-09-11 10:52:07 [info     ] algorithm2_scaling_decision    action=MAINTAIN alpha=0.060060060060060066 beta=0.0 buffer=1.0 current_replicas=4 predicted_load=31.270787060954298 required_resources=1.878 target_replicas=3
2026-09-11 10:52:07 [info     ] algorithm2_decision            action=MAINTAIN applied_target=3 current_replicas=4 hold_until=0.0 observed_load=31.27 observed_target=3 point_forecasts=None prediction_age_sec=None predictive_target=3 proactive=False scenario=s4-hybrid-predictive target_replicas=3 upper_forecasts=None
2026-09-11 10:52:07 [debug    ] Decision loop completed        action=MAINTAIN latency_ms=368.1 p99=113.0
2026-09-11 10:52:22 [debug    ] HAProxy fallback latency       delta_requests=359 interval_avg_ms=56.18 max_rtime_ms=113.0 p99_est=112.37
2026-09-11 10:52:22 [info     ] algorithm2_scaling_decision    action=MAINTAIN alpha=0.060060060060060066 beta=0.0 buffer=1.0 current_replicas=4 predicted_load=25.24714919397003 required_resources=1.516 target_replicas=3
2026-09-11 10:52:22 [info     ] algorithm2_decision            action=MAINTAIN applied_target=3 current_replicas=4 hold_until=0.0 observed_load=25.25 observed_target=3 point_forecasts=None prediction_age_sec=None predictive_target=3 proactive=False scenario=s4-hybrid-predictive target_replicas=3 upper_forecasts=None
2026-09-11 10:52:22 [debug    ] Decision loop completed        action=MAINTAIN latency_ms=180.88 p99=112.36768802228413
2026-09-11 10:52:37 [debug    ] HAProxy fallback latency       delta_requests=513 interval_avg_ms=58.33 max_rtime_ms=113.0 p99_est=113.0
2026-09-11 10:52:37 [info     ] algorithm2_scaling_decision    action=MAINTAIN alpha=0.060060060060060066 beta=0.0 buffer=1.0 current_replicas=4 predicted_load=28.614337911474323 required_resources=1.719 target_replicas=3
2026-09-11 10:52:37 [info     ] algorithm2_decision            action=MAINTAIN applied_target=3 current_replicas=4 hold_until=0.0 observed_load=28.61 observed_target=3 point_forecasts=None prediction_age_sec=None predictive_target=3 proactive=False scenario=s4-hybrid-predictive target_replicas=3 upper_forecasts=None
2026-09-11 10:52:37 [debug    ] Decision loop completed        action=MAINTAIN latency_ms=222.66 p99=113.0
2026-09-11 10:52:52 [debug    ] HAProxy fallback latency       delta_requests=803 interval_avg_ms=68.0 max_rtime_ms=113.0 p99_est=113.0
2026-09-11 10:52:52 [info     ] algorithm2_scaling_decision    action=MAINTAIN alpha=0.060060060060060066 beta=0.0 buffer=1.0 current_replicas=4 predicted_load=43.170504664802685 required_resources=2.593 target_replicas=3
2026-09-11 10:52:52 [info     ] algorithm2_decision            action=MAINTAIN applied_target=3 current_replicas=4 hold_until=0.0 observed_load=43.17 observed_target=3 point_forecasts=None prediction_age_sec=None predictive_target=3 proactive=False scenario=s4-hybrid-predictive target_replicas=3 upper_forecasts=None
2026-09-11 10:52:52 [debug    ] Decision loop completed        action=MAINTAIN latency_ms=207.87 p99=113.0
2026-09-11 10:53:08 [debug    ] HAProxy fallback latency       delta_requests=799 interval_avg_ms=68.0 max_rtime_ms=113.0 p99_est=113.0
2026-09-11 10:53:08 [info     ] algorithm2_scaling_decision    action=MAINTAIN alpha=0.060060060060060066 beta=0.0 buffer=1.0 current_replicas=4 predicted_load=52.63398460654955 required_resources=3.161 target_replicas=4
2026-09-11 10:53:08 [info     ] algorithm2_decision            action=MAINTAIN applied_target=4 current_replicas=4 hold_until=0.0 observed_load=52.63 observed_target=4 point_forecasts=None prediction_age_sec=None predictive_target=3 proactive=False scenario=s4-hybrid-predictive target_replicas=4 upper_forecasts=None
2026-09-11 10:53:08 [debug    ] Decision loop completed        action=MAINTAIN latency_ms=197.09 p99=113.0
2026-09-11 10:53:23 [debug    ] HAProxy fallback latency       delta_requests=626 interval_avg_ms=68.0 max_rtime_ms=113.0 p99_est=113.0
2026-09-11 10:53:23 [info     ] algorithm2_scaling_decision    action=MAINTAIN alpha=0.060060060060060066 beta=0.0 buffer=1.0 current_replicas=4 predicted_load=46.92672667743717 required_resources=2.818 target_replicas=3
2026-09-11 10:53:23 [info     ] algorithm2_decision            action=MAINTAIN applied_target=3 current_replicas=4 hold_until=0.0 observed_load=46.93 observed_target=3 point_forecasts=None prediction_age_sec=None predictive_target=3 proactive=False scenario=s4-hybrid-predictive target_replicas=3 upper_forecasts=None
2026-09-11 10:53:23 [debug    ] Decision loop completed        action=MAINTAIN latency_ms=173.26 p99=113.0
2026-09-11 10:53:38 [debug    ] HAProxy fallback latency       delta_requests=681 interval_avg_ms=68.0 max_rtime_ms=113.0 p99_est=113.0
2026-09-11 10:53:38 [info     ] algorithm2_scaling_decision    action=MAINTAIN alpha=0.060060060060060066 beta=0.0 buffer=1.0 current_replicas=4 predicted_load=42.9696790922315 required_resources=2.581 target_replicas=3
2026-09-11 10:53:38 [info     ] algorithm2_decision            action=MAINTAIN applied_target=3 current_replicas=4 hold_until=0.0 observed_load=42.97 observed_target=3 point_forecasts=None prediction_age_sec=None predictive_target=3 proactive=False scenario=s4-hybrid-predictive target_replicas=3 upper_forecasts=None
2026-09-11 10:53:38 [debug    ] Decision loop completed        action=MAINTAIN latency_ms=266.21 p99=113.0
2026-09-11 10:53:53 [debug    ] HAProxy fallback latency       delta_requests=857 interval_avg_ms=68.0 max_rtime_ms=113.0 p99_est=113.0
2026-09-11 10:53:53 [info     ] algorithm2_scaling_decision    action=MAINTAIN alpha=0.060060060060060066 beta=0.0 buffer=1.0 current_replicas=4 predicted_load=50.43361864698086 required_resources=3.029 target_replicas=4
2026-09-11 10:53:53 [info     ] algorithm2_decision            action=MAINTAIN applied_target=4 current_replicas=4 hold_until=0.0 observed_load=50.43 observed_target=4 point_forecasts=None prediction_age_sec=None predictive_target=3 proactive=False scenario=s4-hybrid-predictive target_replicas=4 upper_forecasts=None
2026-09-11 10:53:53 [debug    ] Decision loop completed        action=MAINTAIN latency_ms=202.95 p99=113.0
2026-09-11 10:54:08 [debug    ] HAProxy fallback latency       delta_requests=922 interval_avg_ms=79.02 max_rtime_ms=124.0 p99_est=124.0
2026-09-11 10:54:09 [info     ] algorithm2_scaling_decision    action=MAINTAIN alpha=0.060060060060060066 beta=0.0 buffer=1.0 current_replicas=4 predicted_load=58.419206036720844 required_resources=3.509 target_replicas=4
2026-09-11 10:54:09 [info     ] algorithm2_decision            action=MAINTAIN applied_target=4 current_replicas=4 hold_until=0.0 observed_load=58.42 observed_target=4 point_forecasts=None prediction_age_sec=None predictive_target=3 proactive=False scenario=s4-hybrid-predictive target_replicas=4 upper_forecasts=None
2026-09-11 10:54:09 [debug    ] Decision loop completed        action=MAINTAIN latency_ms=188.06 p99=124.0
2026-09-11 10:54:24 [debug    ] HAProxy fallback latency       delta_requests=940 interval_avg_ms=92.62 max_rtime_ms=155.0 p99_est=155.0
2026-09-11 10:54:24 [info     ] algorithm2_scaling_decision    action=MAINTAIN alpha=0.060060060060060066 beta=0.0 buffer=1.0 current_replicas=4 predicted_load=61.29969811514242 required_resources=3.682 target_replicas=4
2026-09-11 10:54:24 [info     ] algorithm2_decision            action=MAINTAIN applied_target=4 current_replicas=4 hold_until=0.0 observed_load=61.3 observed_target=4 point_forecasts=None prediction_age_sec=None predictive_target=3 proactive=False scenario=s4-hybrid-predictive target_replicas=4 upper_forecasts=None
2026-09-11 10:54:24 [debug    ] Decision loop completed        action=MAINTAIN latency_ms=212.16 p99=155.0
2026-09-11 10:54:39 [debug    ] HAProxy fallback latency       delta_requests=1028 interval_avg_ms=82.8 max_rtime_ms=155.0 p99_est=155.0
2026-09-11 10:54:39 [info     ] Knative pre-warm OK            cold_start_ms=3.4
2026-09-11 10:54:39 [info     ] controller_decision_v3         action=REACTIVE available_replicas=4 budget_remaining=1000 burn_adjustment=0 burst_ratio=0.0124 capacity_deficit=False confidence=0 current_load=67.43515127988712 decision_id=64d58e72 k8s_capacity=66.6 k8s_weight=98 knative_weight=2 p99=155.0 predicted_load=0 r_effective=16.6 serverless_enabled=True total_load=67.4 weights_after={'k3s': 98, 'knative': 2} weights_before={'k3s': 100, 'knative': 0}
2026-09-11 10:54:39 [info     ] Weights updated                k3s=98 knative=2
2026-09-11 10:54:39 [info     ] Weights updated                action=REACTIVE reason='load=67RPS | k8s_cap=67RPS | (burst-routing)' weights={'k3s': 98, 'knative': 2}
2026-09-11 10:54:39 [info     ] algorithm2_scaling_decision    action=MAINTAIN alpha=0.060060060060060066 beta=0.0 buffer=1.0 current_replicas=4 predicted_load=64.66161872884686 required_resources=3.884 target_replicas=4
2026-09-11 10:54:39 [info     ] algorithm2_decision            action=MAINTAIN applied_target=4 current_replicas=4 hold_until=0.0 observed_load=64.66 observed_target=4 point_forecasts=None prediction_age_sec=None predictive_target=3 proactive=False scenario=s4-hybrid-predictive target_replicas=4 upper_forecasts=None
2026-09-11 10:54:39 [debug    ] Decision loop completed        action=REACTIVE latency_ms=231.2 p99=155.0
2026-09-11 10:54:54 [debug    ] HAProxy fallback latency       delta_requests=1145 interval_avg_ms=95.19 max_rtime_ms=288.0 p99_est=190.37
2026-09-11 10:54:54 [info     ] controller_decision_v3         action=REACTIVE available_replicas=4 budget_remaining=1000 burn_adjustment=0 burst_ratio=0.1142 capacity_deficit=False confidence=0 current_load=75.1857526567704 decision_id=2c12be12 k8s_capacity=66.6 k8s_weight=88 knative_weight=12 p99=190.4 predicted_load=0 r_effective=16.6 serverless_enabled=True total_load=75.2 weights_after={'k3s': 88, 'knative': 12} weights_before={'k3s': 98, 'knative': 2}
2026-09-11 10:54:54 [info     ] Weights updated                k3s=88 knative=12
2026-09-11 10:54:54 [info     ] Weights updated                action=REACTIVE reason='load=75RPS | k8s_cap=67RPS | (burst-routing)' weights={'k3s': 88, 'knative': 12}
2026-09-11 10:54:54 [info     ] algorithm2_scaling_decision    action=SCALE_UP alpha=0.060060060060060066 beta=0.0 buffer=1.0 current_replicas=4 predicted_load=71.31045196832876 required_resources=4.283 target_replicas=5
2026-09-11 10:54:54 [info     ] algorithm2_decision            action=SCALE_UP applied_target=5 current_replicas=4 hold_until=0.0 observed_load=71.31 observed_target=5 point_forecasts=None prediction_age_sec=None predictive_target=3 proactive=False scenario=s4-hybrid-predictive target_replicas=5 upper_forecasts=None
2026-09-11 10:54:54 [info     ] k8s_scale_executed             deployment=test-app-warm replicas=5
2026-09-11 10:54:54 [debug    ] Decision loop completed        action=REACTIVE latency_ms=290.44 p99=190.3720524017467
2026-09-11 10:55:09 [debug    ] HAProxy fallback latency       delta_requests=1317 interval_avg_ms=62.92 max_rtime_ms=288.0 p99_est=125.84
2026-09-11 10:55:09 [info     ] controller_decision_v3         action=RECOVERY available_replicas=5 budget_remaining=1000 burn_adjustment=0 burst_ratio=0.0335 capacity_deficit=False confidence=0 current_load=86.13358806106987 decision_id=09d879a9 k8s_capacity=83.2 k8s_weight=96 knative_weight=4 p99=125.8 predicted_load=0 r_effective=16.6 serverless_enabled=True total_load=86.1 weights_after={'k3s': 96, 'knative': 4} weights_before={'k3s': 88, 'knative': 12}
2026-09-11 10:55:09 [info     ] Weights updated                k3s=96 knative=4
2026-09-11 10:55:09 [info     ] Weights updated                action=RECOVERY reason='load=86RPS | k8s_cap=83RPS | (reducing-serverless)' weights={'k3s': 96, 'knative': 4}
2026-09-11 10:55:09 [info     ] Scale readiness observed       elapsed_sec=15.2 ewma_delay=37.2 samples=2 target=5
2026-09-11 10:55:09 [info     ] algorithm2_scaling_decision    action=MAINTAIN alpha=0.060060060060060066 beta=0.0 buffer=1.0 current_replicas=5 predicted_load=80.65967035892014 required_resources=4.844 target_replicas=5
2026-09-11 10:55:09 [info     ] algorithm2_decision            action=MAINTAIN applied_target=5 current_replicas=5 hold_until=0.0 observed_load=80.66 observed_target=5 point_forecasts=None prediction_age_sec=None predictive_target=3 proactive=False scenario=s4-hybrid-predictive target_replicas=5 upper_forecasts=None
2026-09-11 10:55:09 [debug    ] Decision loop completed        action=RECOVERY latency_ms=236.22 p99=125.84206529992407
2026-09-11 10:55:25 [debug    ] HAProxy fallback latency       delta_requests=1505 interval_avg_ms=126.48 max_rtime_ms=288.0 p99_est=252.95
2026-09-11 10:55:25 [info     ] controller_decision_v3         action=REACTIVE available_replicas=5 budget_remaining=999 burn_adjustment=0 burst_ratio=0.1543 capacity_deficit=False confidence=0 current_load=98.44317095659079 decision_id=47a16e69 k8s_capacity=83.2 k8s_weight=84 knative_weight=16 p99=253.0 predicted_load=0 r_effective=16.6 serverless_enabled=True total_load=98.4 weights_after={'k3s': 84, 'knative': 16} weights_before={'k3s': 96, 'knative': 4}
2026-09-11 10:55:25 [info     ] Weights updated                k3s=84 knative=16
2026-09-11 10:55:25 [info     ] Weights updated                action=REACTIVE reason='load=98RPS | k8s_cap=83RPS | (burst-routing)' weights={'k3s': 84, 'knative': 16}
2026-09-11 10:55:25 [info     ] algorithm2_scaling_decision    action=SCALE_UP alpha=0.060060060060060066 beta=0.0 buffer=1.0 current_replicas=5 predicted_load=92.28837950883033 required_resources=5.543 target_replicas=6
2026-09-11 10:55:25 [info     ] algorithm2_decision            action=SCALE_UP applied_target=6 current_replicas=5 hold_until=0.0 observed_load=92.29 observed_target=6 point_forecasts=None prediction_age_sec=None predictive_target=3 proactive=False scenario=s4-hybrid-predictive target_replicas=6 upper_forecasts=None
2026-09-11 10:55:25 [info     ] k8s_scale_executed             deployment=test-app-warm replicas=6
2026-09-11 10:55:25 [debug    ] Decision loop completed        action=REACTIVE latency_ms=322.0 p99=252.95016611295682
2026-09-11 10:55:40 [debug    ] HAProxy fallback latency       delta_requests=1731 interval_avg_ms=67.7 max_rtime_ms=288.0 p99_est=135.4
2026-09-11 10:55:40 [info     ] controller_decision_v3         action=RECOVERY available_replicas=6 budget_remaining=999 burn_adjustment=0 burst_ratio=0.1151 capacity_deficit=False confidence=0 current_load=112.89982722344503 decision_id=52096b71 k8s_capacity=99.9 k8s_weight=88 knative_weight=12 p99=135.4 predicted_load=0 r_effective=16.6 serverless_enabled=True total_load=112.9 weights_after={'k3s': 88, 'knative': 12} weights_before={'k3s': 84, 'knative': 16}
2026-09-11 10:55:40 [info     ] Weights updated                k3s=88 knative=12
2026-09-11 10:55:40 [info     ] Weights updated                action=RECOVERY reason='load=113RPS | k8s_cap=100RPS | (reducing-serverless)' weights={'k3s': 88, 'knative': 12}
2026-09-11 10:55:40 [info     ] Scale readiness observed       elapsed_sec=15.3 ewma_delay=30.6 samples=3 target=6
2026-09-11 10:55:40 [info     ] algorithm2_scaling_decision    action=MAINTAIN alpha=0.060060060060060066 beta=0.0 buffer=1.0 current_replicas=6 predicted_load=105.6714990900179 required_resources=6.347 target_replicas=6
2026-09-11 10:55:40 [info     ] algorithm2_decision            action=MAINTAIN applied_target=6 current_replicas=6 hold_until=0.0 observed_load=105.67 observed_target=6 point_forecasts=None prediction_age_sec=None predictive_target=3 proactive=False scenario=s4-hybrid-predictive target_replicas=6 upper_forecasts=None
2026-09-11 10:55:40 [debug    ] Decision loop completed        action=RECOVERY latency_ms=325.42 p99=135.40265742345466
2026-09-11 10:55:55 [debug    ] HAProxy fallback latency       delta_requests=1929 interval_avg_ms=56.52 max_rtime_ms=288.0 p99_est=113.03
2026-09-11 10:55:55 [info     ] controller_decision_v3         action=REACTIVE available_replicas=6 budget_remaining=999 burn_adjustment=0 burst_ratio=0.2076 capacity_deficit=False confidence=0 current_load=126.0683716412151 decision_id=003982e3 k8s_capacity=99.9 k8s_weight=79 knative_weight=21 p99=113.0 predicted_load=0 r_effective=16.6 serverless_enabled=True total_load=126.1 weights_after={'k3s': 79, 'knative': 21} weights_before={'k3s': 88, 'knative': 12}
2026-09-11 10:55:55 [info     ] Weights updated                k3s=79 knative=21
2026-09-11 10:55:55 [info     ] Weights updated                action=REACTIVE reason='load=126RPS | k8s_cap=100RPS | (burst-routing)' weights={'k3s': 79, 'knative': 21}
2026-09-11 10:55:55 [info     ] algorithm2_scaling_decision    action=MAINTAIN alpha=0.060060060060060066 beta=0.0 buffer=1.0 current_replicas=6 predicted_load=119.48409943233005 required_resources=7.176 target_replicas=6
2026-09-11 10:55:55 [info     ] algorithm2_decision            action=MAINTAIN applied_target=6 current_replicas=6 hold_until=0.0 observed_load=119.48 observed_target=6 point_forecasts=None prediction_age_sec=None predictive_target=3 proactive=False scenario=s4-hybrid-predictive target_replicas=6 upper_forecasts=None
2026-09-11 10:55:55 [debug    ] Decision loop completed        action=REACTIVE latency_ms=251.26 p99=113.03369621565578
2026-09-11 10:56:10 [debug    ] HAProxy fallback latency       delta_requests=1652 interval_avg_ms=23.16 max_rtime_ms=288.0 p99_est=46.33
2026-09-11 10:56:11 [info     ] controller_decision_v3         action=RECOVERY available_replicas=6 budget_remaining=999 burn_adjustment=0 burst_ratio=0.0784 capacity_deficit=False confidence=0 current_load=108.40386881625612 decision_id=ca5156a7 k8s_capacity=99.9 k8s_weight=92 knative_weight=8 p99=46.3 predicted_load=0 r_effective=16.6 serverless_enabled=True total_load=108.4 weights_after={'k3s': 92, 'knative': 8} weights_before={'k3s': 79, 'knative': 21}
2026-09-11 10:56:11 [info     ] Weights updated                k3s=92 knative=8
2026-09-11 10:56:11 [info     ] Weights updated                action=RECOVERY reason='load=108RPS | k8s_cap=100RPS | (reducing-serverless)' weights={'k3s': 92, 'knative': 8}
2026-09-11 10:56:11 [info     ] algorithm2_scaling_decision    action=MAINTAIN alpha=0.060060060060060066 beta=0.0 buffer=1.0 current_replicas=6 predicted_load=117.23612022873562 required_resources=7.041 target_replicas=6
2026-09-11 10:56:11 [info     ] algorithm2_decision            action=MAINTAIN applied_target=6 current_replicas=6 hold_until=0.0 observed_load=117.24 observed_target=6 point_forecasts=None prediction_age_sec=None predictive_target=3 proactive=False scenario=s4-hybrid-predictive target_replicas=6 upper_forecasts=None
2026-09-11 10:56:11 [debug    ] Decision loop completed        action=RECOVERY latency_ms=301.27 p99=46.32929782082324
2026-09-11 10:56:26 [debug    ] HAProxy fallback latency       delta_requests=1261 interval_avg_ms=71.0 max_rtime_ms=288.0 p99_est=142.0
2026-09-11 10:56:26 [info     ] controller_decision_v3         action=RECOVERY available_replicas=6 budget_remaining=999 burn_adjustment=0 burst_ratio=0 capacity_deficit=False confidence=0 current_load=82.49207119723953 decision_id=84ebf333 k8s_capacity=99.9 k8s_weight=100 knative_weight=0 p99=142.0 predicted_load=0 r_effective=16.6 serverless_enabled=False total_load=82.5 weights_after={'k3s': 100, 'knative': 0} weights_before={'k3s': 92, 'knative': 8}
2026-09-11 10:56:26 [info     ] Weights updated                k3s=100 knative=0
2026-09-11 10:56:26 [info     ] Weights updated                action=RECOVERY reason='load=82RPS | k8s_cap=100RPS | (reducing-serverless)' weights={'k3s': 100, 'knative': 0}
2026-09-11 10:56:26 [info     ] algorithm2_scaling_decision    action=MAINTAIN alpha=0.060060060060060066 beta=0.0 buffer=1.0 current_replicas=6 predicted_load=95.44797000674782 required_resources=5.733 target_replicas=6
2026-09-11 10:56:26 [info     ] algorithm2_decision            action=MAINTAIN applied_target=6 current_replicas=6 hold_until=0.0 observed_load=95.45 observed_target=6 point_forecasts=None prediction_age_sec=None predictive_target=3 proactive=False scenario=s4-hybrid-predictive target_replicas=6 upper_forecasts=None
2026-09-11 10:56:26 [debug    ] Decision loop completed        action=RECOVERY latency_ms=256.15 p99=142.0
2026-09-11 10:56:41 [debug    ] HAProxy fallback latency       delta_requests=1127 interval_avg_ms=71.0 max_rtime_ms=288.0 p99_est=142.0
2026-09-11 10:56:41 [info     ] algorithm2_scaling_decision    action=MAINTAIN alpha=0.060060060060060066 beta=0.0 buffer=1.0 current_replicas=6 predicted_load=78.22030135131365 required_resources=4.698 target_replicas=5
2026-09-11 10:56:41 [info     ] algorithm2_decision            action=MAINTAIN applied_target=5 current_replicas=6 hold_until=0.0 observed_load=78.22 observed_target=5 point_forecasts=None prediction_age_sec=None predictive_target=3 proactive=False scenario=s4-hybrid-predictive target_replicas=5 upper_forecasts=None
2026-09-11 10:56:41 [debug    ] Decision loop completed        action=MAINTAIN latency_ms=195.51 p99=142.0
2026-09-11 10:56:56 [debug    ] HAProxy fallback latency       delta_requests=1062 interval_avg_ms=71.0 max_rtime_ms=288.0 p99_est=142.0
2026-09-11 10:56:56 [info     ] algorithm2_scaling_decision    action=MAINTAIN alpha=0.060060060060060066 beta=0.0 buffer=1.0 current_replicas=6 predicted_load=71.8517636589672 required_resources=4.315 target_replicas=5
2026-09-11 10:56:56 [info     ] algorithm2_decision            action=MAINTAIN applied_target=5 current_replicas=6 hold_until=0.0 observed_load=71.85 observed_target=5 point_forecasts=None prediction_age_sec=None predictive_target=3 proactive=False scenario=s4-hybrid-predictive target_replicas=5 upper_forecasts=None
2026-09-11 10:56:56 [debug    ] Decision loop completed        action=MAINTAIN latency_ms=250.52 p99=142.0
2026-09-11 10:57:11 [debug    ] HAProxy fallback latency       delta_requests=914 interval_avg_ms=14.61 max_rtime_ms=288.0 p99_est=29.21
2026-09-11 10:57:12 [info     ] algorithm2_scaling_decision    action=SCALE_DOWN alpha=0.060060060060060066 beta=0.0 buffer=1.0 current_replicas=6 predicted_load=64.9085997330434 required_resources=3.898 target_replicas=4
2026-09-11 10:57:12 [info     ] algorithm2_decision            action=SCALE_DOWN applied_target=4 current_replicas=6 hold_until=0.0 observed_load=64.91 observed_target=4 point_forecasts=None prediction_age_sec=None predictive_target=3 proactive=False scenario=s4-hybrid-predictive target_replicas=4 upper_forecasts=None
2026-09-11 10:57:12 [info     ] k8s_scale_executed             deployment=test-app-warm replicas=4
2026-09-11 10:57:12 [debug    ] Decision loop completed        action=MAINTAIN latency_ms=296.7 p99=29.212253829321664
2026-09-11 10:57:27 [debug    ] HAProxy fallback latency       delta_requests=827 interval_avg_ms=69.0 max_rtime_ms=288.0 p99_est=138.0
2026-09-11 10:57:27 [debug    ] GRU prediction received        confidence=0.6 latency_ms=8.82 predicted=117
2026-09-11 10:57:27 [debug    ] Using GRU prediction           confidence=0.6 forecast_capacity_signal=117.0 predicted=117 required_steps=4
2026-09-11 10:57:27 [info     ] algorithm2_scaling_decision    action=SCALE_UP alpha=0.060060060060060066 beta=0.0 buffer=1.0 current_replicas=4 predicted_load=117.0 required_resources=7.027 target_replicas=6
2026-09-11 10:57:27 [info     ] algorithm2_decision            action=SCALE_UP applied_target=6 current_replicas=4 hold_until=1789099137.4 observed_load=57.06 observed_target=4 point_forecasts=[57.3189697265625, 57.58906173706055, 56.4667854309082, 53.828426361083984, 54.54975891113281, 52.87313461303711, 53.350223541259766, 53.8571891784668, 54.49120330810547] prediction_age_sec=0.12 predictive_target=6 proactive=True scenario=s4-hybrid-predictive target_replicas=6 upper_forecasts=[112.21559143066406, 117.31295013427734, 115.56460571289062, 113.04586791992188, 114.22613525390625, 112.61453247070312, 113.48255157470703, 113.76216888427734, 114.57058715820312]
2026-09-11 10:57:27 [info     ] k8s_scale_executed             deployment=test-app-warm replicas=6
2026-09-11 10:57:27 [debug    ] Decision loop completed        action=MAINTAIN latency_ms=264.23 p99=138.0
2026-09-11 10:57:42 [debug    ] HAProxy fallback latency       delta_requests=1392 interval_avg_ms=229.87 max_rtime_ms=288.0 p99_est=288.0
2026-09-11 10:57:42 [debug    ] GRU prediction received        confidence=0.6 latency_ms=11.62 predicted=127
2026-09-11 10:57:42 [debug    ] Using GRU prediction           confidence=0.6 forecast_capacity_signal=127.0 predicted=127 required_steps=4
2026-09-11 10:57:42 [debug    ] Proactive amplification        amplified=128.7 approach_ratio=0.91 load_trend=4.2 raw_pred=127
2026-09-11 10:57:42 [info     ] Scale readiness observed       elapsed_sec=15.3 ewma_delay=26.0 samples=4 target=6
2026-09-11 10:57:42 [info     ] algorithm2_scaling_decision    action=MAINTAIN alpha=0.060060060060060066 beta=0.0 buffer=1.0 current_replicas=6 predicted_load=127.0 required_resources=7.628 target_replicas=6
2026-09-11 10:57:42 [info     ] algorithm2_decision            action=MAINTAIN applied_target=6 current_replicas=6 hold_until=1789099152.8 observed_load=72.43 observed_target=5 point_forecasts=[71.65898132324219, 65.99336242675781, 63.807682037353516, 61.396202087402344, 60.92337417602539, 59.338050842285156, 60.285179138183594, 59.802955627441406, 60.12541580200195] prediction_age_sec=0.19 predictive_target=6 proactive=True scenario=s4-hybrid-predictive target_replicas=6 upper_forecasts=[126.55560302734375, 125.71725463867188, 122.90550231933594, 120.61363983154297, 120.59974670410156, 119.07945251464844, 120.41751098632812, 119.70793151855469, 120.20480346679688]
2026-09-11 10:57:42 [debug    ] Decision loop completed        action=MAINTAIN latency_ms=290.62 p99=288.0
2026-09-11 10:57:57 [debug    ] HAProxy fallback latency       delta_requests=1980 interval_avg_ms=122.41 max_rtime_ms=295.0 p99_est=244.82
2026-09-11 10:57:57 [debug    ] GRU prediction received        confidence=0.6 latency_ms=11.04 predicted=144
2026-09-11 10:57:57 [debug    ] Using GRU prediction           confidence=0.6 forecast_capacity_signal=144.0 predicted=144 required_steps=3
2026-09-11 10:57:57 [debug    ] Proactive amplification        amplified=263.4 approach_ratio=1.29 load_trend=14.9 raw_pred=144
2026-09-11 10:57:57 [info     ] Knative pre-warm OK            cold_start_ms=7.0
2026-09-11 10:57:57 [info     ] controller_decision_v3         action=PREDICTIVE available_replicas=6 budget_remaining=997 burn_adjustment=0 burst_ratio=0.2277 capacity_deficit=False confidence=0.6 current_load=129.3466357116141 decision_id=c9ad3126 k8s_capacity=99.9 k8s_weight=77 knative_weight=23 p99=244.8 predicted_load=144 r_effective=16.6 serverless_enabled=True total_load=129.3 weights_after={'k3s': 77, 'knative': 23} weights_before={'k3s': 100, 'knative': 0}
2026-09-11 10:57:57 [info     ] Weights updated                k3s=77 knative=23
2026-09-11 10:57:57 [info     ] Weights updated                action=PREDICTIVE reason='load=129RPS | k8s_cap=100RPS | (prediction-driven)' weights={'k3s': 77, 'knative': 23}
2026-09-11 10:57:58 [info     ] algorithm2_scaling_decision    action=MAINTAIN alpha=0.060060060060060066 beta=0.0 buffer=1.0 current_replicas=6 predicted_load=110.06971341670538 required_resources=6.611 target_replicas=6
2026-09-11 10:57:58 [info     ] algorithm2_decision            action=MAINTAIN applied_target=6 current_replicas=6 hold_until=1789099152.8 observed_load=110.07 observed_target=6 point_forecasts=[88.73308563232422, 78.27130889892578, 74.38427734375, 72.91873168945312, 71.92681121826172, 70.40612030029297, 69.49127960205078, 68.38941192626953, 67.58332824707031] prediction_age_sec=0.14 predictive_target=6 proactive=False scenario=s4-hybrid-predictive target_replicas=6 upper_forecasts=[143.62969970703125, 137.9951934814453, 133.48208618164062, 132.13616943359375, 131.60317993164062, 130.14752197265625, 129.6236114501953, 128.2943878173828, 127.66271209716797]
2026-09-11 10:57:58 [debug    ] Decision loop completed        action=PREDICTIVE latency_ms=250.22 p99=244.8212121212121
2026-09-11 10:58:13 [debug    ] GRU prediction received        confidence=0.6 latency_ms=15.6 predicted=142
2026-09-11 10:58:13 [debug    ] Using GRU prediction           confidence=0.6 forecast_capacity_signal=142.0 predicted=142 required_steps=3
2026-09-11 10:58:13 [debug    ] Proactive amplification        amplified=232.5 approach_ratio=1.13 load_trend=13.3 raw_pred=142
2026-09-11 10:58:13 [info     ] controller_decision_v3         action=RECOVERY available_replicas=6 budget_remaining=996 burn_adjustment=0 burst_ratio=0.1168 capacity_deficit=False confidence=0.6 current_load=113.11059311998693 decision_id=8ad90dde k8s_capacity=99.9 k8s_weight=88 knative_weight=12 p99=244.8 predicted_load=142 r_effective=16.6 serverless_enabled=True total_load=113.1 weights_after={'k3s': 88, 'knative': 12} weights_before={'k3s': 77, 'knative': 23}
2026-09-11 10:58:13 [info     ] Weights updated                k3s=88 knative=12
2026-09-11 10:58:13 [info     ] Weights updated                action=RECOVERY reason='load=113RPS | k8s_cap=100RPS | (reducing-serverless)' weights={'k3s': 88, 'knative': 12}
2026-09-11 10:58:13 [info     ] algorithm2_scaling_decision    action=MAINTAIN alpha=0.060060060060060066 beta=0.0 buffer=1.0 current_replicas=6 predicted_load=121.22861441580052 required_resources=7.281 target_replicas=6
2026-09-11 10:58:13 [info     ] algorithm2_decision            action=MAINTAIN applied_target=6 current_replicas=6 hold_until=1789099152.8 observed_load=121.23 observed_target=6 point_forecasts=[87.4384994506836, 80.42145538330078, 77.22901916503906, 75.99859619140625, 75.31977844238281, 72.45994567871094, 71.72528076171875, 71.09246826171875, 69.80570983886719] prediction_age_sec=0.21 predictive_target=6 proactive=False scenario=s4-hybrid-predictive target_replicas=6 upper_forecasts=[142.33511352539062, 140.1453399658203, 136.32684326171875, 135.21603393554688, 134.99615478515625, 132.20135498046875, 131.85760498046875, 130.99745178222656, 129.88510131835938]
2026-09-11 10:58:13 [debug    ] Decision loop completed        action=RECOVERY latency_ms=306.61 p99=244.8212121212121
2026-09-11 10:58:28 [debug    ] HAProxy fallback latency       delta_requests=1354 interval_avg_ms=46.59 max_rtime_ms=295.0 p99_est=93.19
2026-09-11 10:58:28 [debug    ] GRU prediction received        confidence=0.6 latency_ms=6.49 predicted=139
2026-09-11 10:58:28 [debug    ] Using GRU prediction           confidence=0.6 forecast_capacity_signal=139.0 predicted=139 required_steps=3
2026-09-11 10:58:28 [debug    ] Proactive amplification        amplified=166.5 approach_ratio=0.89 load_trend=8.6 raw_pred=139
2026-09-11 10:58:28 [info     ] controller_decision_v3         action=RECOVERY available_replicas=6 budget_remaining=996 burn_adjustment=0 burst_ratio=0 capacity_deficit=False confidence=0.6 current_load=88.65830226128051 decision_id=2b0bb1c7 k8s_capacity=99.9 k8s_weight=100 knative_weight=0 p99=93.2 predicted_load=139 r_effective=16.6 serverless_enabled=False total_load=88.7 weights_after={'k3s': 100, 'knative': 0} weights_before={'k3s': 88, 'knative': 12}
2026-09-11 10:58:28 [info     ] Weights updated                k3s=100 knative=0
2026-09-11 10:58:28 [info     ] Weights updated                action=RECOVERY reason='load=89RPS | k8s_cap=100RPS | (reducing-serverless)' weights={'k3s': 100, 'knative': 0}
2026-09-11 10:58:28 [info     ] algorithm2_scaling_decision    action=MAINTAIN alpha=0.060060060060060066 beta=0.0 buffer=1.0 current_replicas=6 predicted_load=100.88444769063372 required_resources=6.059 target_replicas=6
2026-09-11 10:58:28 [info     ] algorithm2_decision            action=MAINTAIN applied_target=6 current_replicas=6 hold_until=1789099152.8 observed_load=100.88 observed_target=6 point_forecasts=[80.91690826416016, 79.40408325195312, 77.5326156616211, 75.43296813964844, 75.20095825195312, 72.41236877441406, 72.00559997558594, 71.85614013671875, 71.4749526977539] prediction_age_sec=0.2 predictive_target=6 proactive=False scenario=s4-hybrid-predictive target_replicas=6 upper_forecasts=[135.8135223388672, 139.1279754638672, 136.63043212890625, 134.65040588378906, 134.87733459472656, 132.15377807617188, 132.13792419433594, 131.76112365722656, 131.55433654785156]
2026-09-11 10:58:28 [debug    ] Decision loop completed        action=RECOVERY latency_ms=276.79 p99=93.18759231905466
2026-09-11 10:58:43 [debug    ] HAProxy fallback latency       delta_requests=1213 interval_avg_ms=98.24 max_rtime_ms=295.0 p99_est=196.49
2026-09-11 10:58:43 [debug    ] GRU prediction received        confidence=0.6 latency_ms=12.4 predicted=139
2026-09-11 10:58:43 [debug    ] Using GRU prediction           confidence=0.6 forecast_capacity_signal=139.0 predicted=139 required_steps=3
2026-09-11 10:58:43 [info     ] algorithm2_scaling_decision    action=MAINTAIN alpha=0.060060060060060066 beta=0.0 buffer=1.0 current_replicas=6 predicted_load=84.00267767445885 required_resources=5.045 target_replicas=6
2026-09-11 10:58:43 [info     ] algorithm2_decision            action=MAINTAIN applied_target=6 current_replicas=6 hold_until=1789099152.8 observed_load=84.0 observed_target=6 point_forecasts=[79.5665054321289, 79.24474334716797, 77.49089813232422, 75.53773498535156, 75.29113006591797, 72.5873794555664, 72.86864471435547, 72.73037719726562, 73.09107971191406] prediction_age_sec=0.15 predictive_target=6 proactive=False scenario=s4-hybrid-predictive target_replicas=6 upper_forecasts=[134.46311950683594, 138.9686279296875, 136.58871459960938, 134.7551727294922, 134.96749877929688, 132.3287811279297, 133.0009765625, 132.63536071777344, 133.17047119140625]
2026-09-11 10:58:43 [debug    ] Decision loop completed        action=MAINTAIN latency_ms=237.82 p99=196.48639736191262
2026-09-11 10:58:58 [debug    ] HAProxy fallback latency       delta_requests=1202 interval_avg_ms=71.0 max_rtime_ms=295.0 p99_est=142.0
2026-09-11 10:58:58 [debug    ] GRU prediction received        confidence=0.6 latency_ms=19.29 predicted=138
2026-09-11 10:58:58 [debug    ] Using GRU prediction           confidence=0.6 forecast_capacity_signal=138.0 predicted=138 required_steps=3
2026-09-11 10:58:59 [info     ] algorithm2_scaling_decision    action=MAINTAIN alpha=0.060060060060060066 beta=0.0 buffer=1.0 current_replicas=6 predicted_load=138.0 required_resources=8.288 target_replicas=6
2026-09-11 10:58:59 [info     ] algorithm2_decision            action=MAINTAIN applied_target=6 current_replicas=6 hold_until=1789099229.1 observed_load=79.04 observed_target=5 point_forecasts=[79.2932357788086, 78.49259948730469, 76.85270690917969, 74.85879516601562, 74.51061248779297, 72.48347473144531, 73.03662109375, 72.86276245117188, 73.31338500976562] prediction_age_sec=0.19 predictive_target=6 proactive=True scenario=s4-hybrid-predictive target_replicas=6 upper_forecasts=[134.18984985351562, 138.21649169921875, 135.95053100585938, 134.07623291015625, 134.18698120117188, 132.22488403320312, 133.1689453125, 132.7677459716797, 133.39276123046875]
2026-09-11 10:58:59 [debug    ] Decision loop completed        action=MAINTAIN latency_ms=300.96 p99=142.0
2026-09-11 10:59:14 [debug    ] HAProxy fallback latency       delta_requests=1675 interval_avg_ms=137.51 max_rtime_ms=295.0 p99_est=275.02
2026-09-11 10:59:14 [debug    ] GRU prediction received        confidence=0.6 latency_ms=11.34 predicted=146
2026-09-11 10:59:14 [debug    ] Using GRU prediction           confidence=0.6 forecast_capacity_signal=146.0 predicted=146 required_steps=3
2026-09-11 10:59:14 [info     ] Knative pre-warm OK            cold_start_ms=5.2
2026-09-11 10:59:14 [info     ] controller_decision_v3         action=PREDICTIVE available_replicas=6 budget_remaining=995 burn_adjustment=0 burst_ratio=0.0854 capacity_deficit=False confidence=0.6 current_load=109.2333160241558 decision_id=0040371c k8s_capacity=99.9 k8s_weight=91 knative_weight=9 p99=275.0 predicted_load=146 r_effective=16.6 serverless_enabled=True total_load=109.2 weights_after={'k3s': 91, 'knative': 9} weights_before={'k3s': 100, 'knative': 0}
2026-09-11 10:59:14 [info     ] Weights updated                k3s=91 knative=9
2026-09-11 10:59:14 [info     ] Weights updated                action=PREDICTIVE reason='load=109RPS | k8s_cap=100RPS | (prediction-driven)' weights={'k3s': 91, 'knative': 9}
2026-09-11 10:59:14 [info     ] algorithm2_scaling_decision    action=MAINTAIN alpha=0.060060060060060066 beta=0.0 buffer=1.0 current_replicas=6 predicted_load=93.98405090162564 required_resources=5.645 target_replicas=6
2026-09-11 10:59:14 [info     ] algorithm2_decision            action=MAINTAIN applied_target=6 current_replicas=6 hold_until=1789099229.1 observed_load=93.98 observed_target=6 point_forecasts=[91.52948760986328, 84.61186981201172, 81.45764923095703, 79.60264587402344, 78.33529663085938, 76.70004272460938, 77.17919921875, 76.16631317138672, 76.67228698730469] prediction_age_sec=0.17 predictive_target=6 proactive=False scenario=s4-hybrid-predictive target_replicas=6 upper_forecasts=[146.4261016845703, 144.33575439453125, 140.5554656982422, 138.82008361816406, 138.0116729736328, 136.44143676757812, 137.3115234375, 136.0712890625, 136.75167846679688]
2026-09-11 10:59:14 [debug    ] Decision loop completed        action=PREDICTIVE latency_ms=268.54 p99=275.0244776119403
2026-09-11 10:59:29 [debug    ] HAProxy fallback latency       delta_requests=2158 interval_avg_ms=328.92 max_rtime_ms=355.0 p99_est=355.0
2026-09-11 10:59:29 [debug    ] GRU prediction received        confidence=0.6 latency_ms=24.98 predicted=158
2026-09-11 10:59:29 [debug    ] Using GRU prediction           confidence=0.6 forecast_capacity_signal=158.0 predicted=158 required_steps=3
2026-09-11 10:59:29 [debug    ] Proactive amplification        amplified=257.2 approach_ratio=1.41 load_trend=13.0 raw_pred=158
2026-09-11 10:59:29 [info     ] controller_decision_v3         action=PREDICTIVE available_replicas=6 budget_remaining=994 burn_adjustment=0 burst_ratio=0.289 capacity_deficit=False confidence=0.6 current_load=140.51545631924847 decision_id=ee8e4dd7 k8s_capacity=99.9 k8s_weight=71 knative_weight=29 p99=355.0 predicted_load=158 r_effective=16.6 serverless_enabled=True total_load=140.5 weights_after={'k3s': 71, 'knative': 29} weights_before={'k3s': 91, 'knative': 9}
2026-09-11 10:59:29 [info     ] Weights updated                k3s=71 knative=29
2026-09-11 10:59:29 [info     ] Weights updated                action=PREDICTIVE reason='load=141RPS | k8s_cap=100RPS | (prediction-driven)' weights={'k3s': 71, 'knative': 29}
2026-09-11 10:59:29 [info     ] algorithm2_scaling_decision    action=MAINTAIN alpha=0.060060060060060066 beta=0.0 buffer=1.0 current_replicas=6 predicted_load=124.87438617170213 required_resources=7.5 target_replicas=6
2026-09-11 10:59:29 [info     ] algorithm2_decision            action=MAINTAIN applied_target=6 current_replicas=6 hold_until=1789099229.1 observed_load=124.87 observed_target=6 point_forecasts=[103.1502914428711, 91.52267456054688, 87.19343566894531, 85.93528747558594, 84.671875, 83.21886444091797, 81.9986572265625, 81.68070983886719, 80.32121276855469] prediction_age_sec=0.29 predictive_target=6 proactive=False scenario=s4-hybrid-predictive target_replicas=6 upper_forecasts=[158.04690551757812, 151.24656677246094, 146.291259765625, 145.15272521972656, 144.34825134277344, 142.96026611328125, 142.1309814453125, 141.585693359375, 140.40060424804688]
2026-09-11 10:59:29 [debug    ] Decision loop completed        action=PREDICTIVE latency_ms=481.78 p99=355.0
2026-09-11 10:59:45 [debug    ] HAProxy fallback latency       delta_requests=2380 interval_avg_ms=17.96 max_rtime_ms=355.0 p99_est=35.92
2026-09-11 10:59:45 [debug    ] GRU prediction received        confidence=0.6 latency_ms=12.79 predicted=165
2026-09-11 10:59:45 [debug    ] Using GRU prediction           confidence=0.6 forecast_capacity_signal=165.0 predicted=165 required_steps=3
2026-09-11 10:59:45 [debug    ] Proactive amplification        amplified=322.0 approach_ratio=1.54 load_trend=18.7 raw_pred=165
2026-09-11 10:59:45 [info     ] controller_decision_v3         action=PREDICTIVE available_replicas=6 budget_remaining=994 burn_adjustment=0 burst_ratio=0.3513 capacity_deficit=False confidence=0.6 current_load=154.00059242484437 decision_id=e41b30b4 k8s_capacity=99.9 k8s_weight=64 knative_weight=36 p99=35.9 predicted_load=165 r_effective=16.6 serverless_enabled=True total_load=154.0 weights_after={'k3s': 64, 'knative': 36} weights_before={'k3s': 71, 'knative': 29}
2026-09-11 10:59:45 [info     ] Weights updated                k3s=64 knative=36
2026-09-11 10:59:45 [info     ] Weights updated                action=PREDICTIVE reason='load=154RPS | k8s_cap=100RPS | (prediction-driven)' weights={'k3s': 64, 'knative': 36}
2026-09-11 10:59:45 [info     ] algorithm2_scaling_decision    action=MAINTAIN alpha=0.060060060060060066 beta=0.0 buffer=1.0 current_replicas=6 predicted_load=147.2580243720464 required_resources=8.844 target_replicas=6
2026-09-11 10:59:45 [info     ] algorithm2_decision            action=MAINTAIN applied_target=6 current_replicas=6 hold_until=1789099229.1 observed_load=147.26 observed_target=6 point_forecasts=[110.46896362304688, 97.57115173339844, 93.43614196777344, 91.82584381103516, 90.30083465576172, 88.87711334228516, 86.30492401123047, 86.90277099609375, 84.22383880615234] prediction_age_sec=0.2 predictive_target=6 proactive=False scenario=s4-hybrid-predictive target_replicas=6 upper_forecasts=[165.36558532714844, 157.2950439453125, 152.53396606445312, 151.04327392578125, 149.97720336914062, 148.61851501464844, 146.437255859375, 146.80775451660156, 144.30322265625]
2026-09-11 10:59:45 [debug    ] Decision loop completed        action=PREDICTIVE latency_ms=332.91 p99=35.91932773109244
2026-09-11 11:00:00 [debug    ] HAProxy fallback latency       delta_requests=2431 interval_avg_ms=102.14 max_rtime_ms=355.0 p99_est=204.29
2026-09-11 11:00:00 [debug    ] GRU prediction received        confidence=0.6 latency_ms=9.4 predicted=171
2026-09-11 11:00:00 [debug    ] Using GRU prediction           confidence=0.6 forecast_capacity_signal=171.0 predicted=171 required_steps=3
2026-09-11 11:00:00 [debug    ] Proactive amplification        amplified=338.1 approach_ratio=1.59 load_trend=20.0 raw_pred=171
2026-09-11 11:00:00 [info     ] controller_decision_v3         action=PREDICTIVE available_replicas=6 budget_remaining=993 burn_adjustment=0 burst_ratio=0.3699 capacity_deficit=False confidence=0.6 current_load=158.53596789031724 decision_id=02eb954c k8s_capacity=99.9 k8s_weight=63 knative_weight=37 p99=204.3 predicted_load=171 r_effective=16.6 serverless_enabled=True total_load=158.5 weights_after={'k3s': 63, 'knative': 37} weights_before={'k3s': 64, 'knative': 36}
2026-09-11 11:00:00 [info     ] Weights updated                k3s=63 knative=37
2026-09-11 11:00:00 [info     ] Weights updated                action=PREDICTIVE reason='load=159RPS | k8s_cap=100RPS | (prediction-driven)' weights={'k3s': 63, 'knative': 37}
2026-09-11 11:00:00 [info     ] algorithm2_scaling_decision    action=MAINTAIN alpha=0.060060060060060066 beta=0.0 buffer=1.0 current_replicas=6 predicted_load=156.26828015758082 required_resources=9.385 target_replicas=6
2026-09-11 11:00:00 [info     ] algorithm2_decision            action=MAINTAIN applied_target=6 current_replicas=6 hold_until=1789099229.1 observed_load=156.27 observed_target=6 point_forecasts=[116.39094543457031, 104.48204040527344, 100.62932586669922, 99.0423355102539, 96.57238006591797, 95.86997985839844, 92.7879638671875, 93.48038482666016, 89.91738891601562] prediction_age_sec=0.23 predictive_target=6 proactive=False scenario=s4-hybrid-predictive target_replicas=6 upper_forecasts=[171.28756713867188, 164.2059326171875, 159.72714233398438, 158.259765625, 156.24874877929688, 155.61138916015625, 152.9202880859375, 153.38536071777344, 149.99676513671875]
2026-09-11 11:00:00 [debug    ] Decision loop completed        action=PREDICTIVE latency_ms=375.05 p99=204.2854792266557
2026-09-11 11:00:15 [debug    ] GRU prediction received        confidence=0.6 latency_ms=10.19 predicted=169
2026-09-11 11:00:15 [debug    ] Using GRU prediction           confidence=0.6 forecast_capacity_signal=169.0 predicted=169 required_steps=3
2026-09-11 11:00:15 [debug    ] Proactive amplification        amplified=197.8 approach_ratio=1.37 load_trend=6.8 raw_pred=169
2026-09-11 11:00:15 [info     ] controller_decision_v3         action=RECOVERY available_replicas=6 budget_remaining=992 burn_adjustment=0 burst_ratio=0.2681 capacity_deficit=False confidence=0.6 current_load=136.49243890207939 decision_id=b442ef6f k8s_capacity=99.9 k8s_weight=73 knative_weight=27 p99=204.3 predicted_load=169 r_effective=16.6 serverless_enabled=True total_load=136.5 weights_after={'k3s': 73, 'knative': 27} weights_before={'k3s': 63, 'knative': 37}
2026-09-11 11:00:15 [info     ] Weights updated                k3s=73 knative=27
2026-09-11 11:00:15 [info     ] Weights updated                action=RECOVERY reason='load=136RPS | k8s_cap=100RPS | (reducing-serverless)' weights={'k3s': 73, 'knative': 27}
2026-09-11 11:00:15 [info     ] algorithm2_scaling_decision    action=MAINTAIN alpha=0.060060060060060066 beta=0.0 buffer=1.0 current_replicas=6 predicted_load=147.5142033961983 required_resources=8.86 target_replicas=6
2026-09-11 11:00:15 [info     ] algorithm2_decision            action=MAINTAIN applied_target=6 current_replicas=6 hold_until=1789099229.1 observed_load=147.51 observed_target=6 point_forecasts=[113.72225189208984, 107.0349349975586, 104.40989685058594, 102.50205993652344, 99.82476043701172, 99.34959411621094, 97.31452178955078, 97.4822006225586, 93.38587951660156] prediction_age_sec=0.24 predictive_target=6 proactive=False scenario=s4-hybrid-predictive target_replicas=6 upper_forecasts=[168.61886596679688, 166.75881958007812, 163.50772094726562, 161.71949768066406, 159.50112915039062, 159.09100341796875, 157.4468536376953, 157.38717651367188, 153.46527099609375]
2026-09-11 11:00:15 [debug    ] Decision loop completed        action=RECOVERY latency_ms=355.96 p99=204.2854792266557
2026-09-11 11:00:31 [debug    ] GRU prediction received        confidence=0.6 latency_ms=25.75 predicted=167
2026-09-11 11:00:31 [debug    ] Using GRU prediction           confidence=0.6 forecast_capacity_signal=167.0 predicted=167 required_steps=3
2026-09-11 11:00:31 [info     ] controller_decision_v3         action=RECOVERY available_replicas=6 budget_remaining=991 burn_adjustment=0 burst_ratio=0.1527 capacity_deficit=False confidence=0.6 current_load=117.90621026259197 decision_id=71ca719b k8s_capacity=99.9 k8s_weight=84 knative_weight=16 p99=204.3 predicted_load=167 r_effective=16.6 serverless_enabled=True total_load=117.9 weights_after={'k3s': 84, 'knative': 16} weights_before={'k3s': 73, 'knative': 27}
2026-09-11 11:00:31 [info     ] Weights updated                k3s=84 knative=16
2026-09-11 11:00:31 [info     ] Weights updated                action=RECOVERY reason='load=118RPS | k8s_cap=100RPS | (reducing-serverless)' weights={'k3s': 84, 'knative': 16}
2026-09-11 11:00:31 [info     ] algorithm2_scaling_decision    action=MAINTAIN alpha=0.060060060060060066 beta=0.0 buffer=1.0 current_replicas=6 predicted_load=127.19932458233568 required_resources=7.64 target_replicas=6
2026-09-11 11:00:31 [info     ] algorithm2_decision            action=MAINTAIN applied_target=6 current_replicas=6 hold_until=1789099229.1 observed_load=127.2 observed_target=6 point_forecasts=[111.65983581542969, 107.7272720336914, 105.76242065429688, 102.8761978149414, 100.62808990478516, 100.6390151977539, 98.89674377441406, 98.69549560546875, 94.82243347167969] prediction_age_sec=0.27 predictive_target=6 proactive=False scenario=s4-hybrid-predictive target_replicas=6 upper_forecasts=[166.55645751953125, 167.45115661621094, 164.8602294921875, 162.0936279296875, 160.30447387695312, 160.3804168701172, 159.02906799316406, 158.60047912597656, 154.90182495117188]
2026-09-11 11:00:31 [debug    ] Decision loop completed        action=RECOVERY latency_ms=387.29 p99=204.2854792266557
2026-09-11 11:00:46 [debug    ] HAProxy fallback latency       delta_requests=1831 interval_avg_ms=128.44 max_rtime_ms=355.0 p99_est=256.87
2026-09-11 11:00:46 [debug    ] GRU prediction received        confidence=0.6 latency_ms=31.8 predicted=169
2026-09-11 11:00:46 [debug    ] Using GRU prediction           confidence=0.6 forecast_capacity_signal=169.0 predicted=169 required_steps=3
2026-09-11 11:00:46 [info     ] controller_decision_v3         action=PREDICTIVE available_replicas=6 budget_remaining=990 burn_adjustment=0 burst_ratio=0.1605 capacity_deficit=False confidence=0.6 current_load=119.00267855448026 decision_id=8e0e48c3 k8s_capacity=99.9 k8s_weight=83 knative_weight=17 p99=256.9 predicted_load=169 r_effective=16.6 serverless_enabled=True total_load=119.0 weights_after={'k3s': 83, 'knative': 17} weights_before={'k3s': 84, 'knative': 16}
2026-09-11 11:00:46 [info     ] Weights updated                k3s=83 knative=17
2026-09-11 11:00:46 [info     ] Weights updated                action=PREDICTIVE reason='load=119RPS | k8s_cap=100RPS | (prediction-driven)' weights={'k3s': 83, 'knative': 17}
2026-09-11 11:00:46 [info     ] algorithm2_scaling_decision    action=MAINTAIN alpha=0.060060060060060066 beta=0.0 buffer=1.0 current_replicas=6 predicted_load=118.45444440853612 required_resources=7.114 target_replicas=6
2026-09-11 11:00:46 [info     ] algorithm2_decision            action=MAINTAIN applied_target=6 current_replicas=6 hold_until=1789099229.1 observed_load=118.45 observed_target=6 point_forecasts=[112.63508605957031, 108.8512191772461, 106.10801696777344, 103.38176727294922, 101.50476837158203, 101.57593536376953, 99.6576156616211, 99.57069396972656, 95.79022216796875] prediction_age_sec=0.15 predictive_target=6 proactive=False scenario=s4-hybrid-predictive target_replicas=6 upper_forecasts=[167.53170776367188, 168.57510375976562, 165.20584106445312, 162.59921264648438, 161.18115234375, 161.3173370361328, 159.78994750976562, 159.47567749023438, 155.86959838867188]
2026-09-11 11:00:46 [debug    ] Decision loop completed        action=PREDICTIVE latency_ms=273.44 p99=256.8716548334244
2026-09-11 11:01:01 [debug    ] HAProxy fallback latency       delta_requests=1849 interval_avg_ms=103.95 max_rtime_ms=355.0 p99_est=207.91
2026-09-11 11:01:01 [debug    ] GRU prediction received        confidence=0.6 latency_ms=18.99 predicted=169
2026-09-11 11:01:01 [debug    ] Using GRU prediction           confidence=0.6 forecast_capacity_signal=169.0 predicted=169 required_steps=3
2026-09-11 11:01:01 [info     ] controller_decision_v3         action=PREDICTIVE available_replicas=6 budget_remaining=989 burn_adjustment=0 burst_ratio=0.1719 capacity_deficit=False confidence=0.6 current_load=120.63481176737528 decision_id=95c36e54 k8s_capacity=99.9 k8s_weight=82 knative_weight=18 p99=207.9 predicted_load=169 r_effective=16.6 serverless_enabled=True total_load=120.6 weights_after={'k3s': 82, 'knative': 18} weights_before={'k3s': 83, 'knative': 17}
2026-09-11 11:01:01 [info     ] Weights updated                k3s=82 knative=18
2026-09-11 11:01:01 [info     ] Weights updated                action=PREDICTIVE reason='load=121RPS | k8s_cap=100RPS | (prediction-driven)' weights={'k3s': 82, 'knative': 18}
2026-09-11 11:01:01 [info     ] algorithm2_scaling_decision    action=MAINTAIN alpha=0.060060060060060066 beta=0.0 buffer=1.0 current_replicas=6 predicted_load=119.81874516092776 required_resources=7.196 target_replicas=6
2026-09-11 11:01:01 [info     ] algorithm2_decision            action=MAINTAIN applied_target=6 current_replicas=6 hold_until=1789099229.1 observed_load=119.82 observed_target=6 point_forecasts=[112.98945617675781, 109.51620483398438, 106.57787322998047, 104.59599304199219, 102.6060562133789, 102.84455871582031, 101.18061828613281, 101.0964584350586, 97.40038299560547] prediction_age_sec=0.2 predictive_target=6 proactive=False scenario=s4-hybrid-predictive target_replicas=6 upper_forecasts=[167.88607788085938, 169.24009704589844, 165.67568969726562, 163.8134307861328, 162.28244018554688, 162.58596801757812, 161.3129425048828, 161.00143432617188, 157.47976684570312]
2026-09-11 11:01:01 [debug    ] Decision loop completed        action=PREDICTIVE latency_ms=368.16 p99=207.90589507842077
2026-09-11 11:01:17 [debug    ] HAProxy fallback latency       delta_requests=1837 interval_avg_ms=222.68 max_rtime_ms=355.0 p99_est=355.0
2026-09-11 11:01:17 [debug    ] GRU prediction received        confidence=0.6 latency_ms=13.12 predicted=169
2026-09-11 11:01:17 [debug    ] Using GRU prediction           confidence=0.6 forecast_capacity_signal=169.0 predicted=169 required_steps=3
2026-09-11 11:01:17 [info     ] controller_decision_v3         action=RECOVERY available_replicas=6 budget_remaining=988 burn_adjustment=0 burst_ratio=0.1654 capacity_deficit=False confidence=0.6 current_load=119.69764090649124 decision_id=ff6b6ef0 k8s_capacity=99.9 k8s_weight=83 knative_weight=17 p99=355.0 predicted_load=169 r_effective=16.6 serverless_enabled=True total_load=119.7 weights_after={'k3s': 83, 'knative': 17} weights_before={'k3s': 82, 'knative': 18}
2026-09-11 11:01:17 [info     ] Weights updated                k3s=83 knative=17
2026-09-11 11:01:17 [info     ] Weights updated                action=RECOVERY reason='load=120RPS | k8s_cap=100RPS | (reducing-serverless)' weights={'k3s': 83, 'knative': 17}
2026-09-11 11:01:17 [info     ] algorithm2_scaling_decision    action=MAINTAIN alpha=0.060060060060060066 beta=0.0 buffer=1.0 current_replicas=6 predicted_load=120.16622633693326 required_resources=7.217 target_replicas=6
2026-09-11 11:01:17 [info     ] algorithm2_decision            action=MAINTAIN applied_target=6 current_replicas=6 hold_until=1789099229.1 observed_load=120.17 observed_target=6 point_forecasts=[112.60368347167969, 109.55020141601562, 106.81359100341797, 105.5684585571289, 103.45384216308594, 103.7007064819336, 102.33114624023438, 102.22415924072266, 98.6956787109375] prediction_age_sec=0.31 predictive_target=6 proactive=False scenario=s4-hybrid-predictive target_replicas=6 upper_forecasts=[167.50030517578125, 169.2740936279297, 165.91140747070312, 164.785888671875, 163.13021850585938, 163.44210815429688, 162.46347045898438, 162.12913513183594, 158.77505493164062]
2026-09-11 11:01:17 [debug    ] Decision loop completed        action=RECOVERY latency_ms=422.67 p99=355.0
2026-09-11 11:01:32 [debug    ] GRU prediction received        confidence=0.6 latency_ms=10.91 predicted=169
2026-09-11 11:01:32 [debug    ] Using GRU prediction           confidence=0.6 forecast_capacity_signal=169.0 predicted=169 required_steps=3
2026-09-11 11:01:32 [info     ] controller_decision_v3         action=RECOVERY available_replicas=6 budget_remaining=987 burn_adjustment=0 burst_ratio=0.1174 capacity_deficit=False confidence=0.6 current_load=113.19329246965276 decision_id=e79249ce k8s_capacity=99.9 k8s_weight=88 knative_weight=12 p99=355.0 predicted_load=169 r_effective=16.6 serverless_enabled=True total_load=113.2 weights_after={'k3s': 88, 'knative': 12} weights_before={'k3s': 83, 'knative': 17}
2026-09-11 11:01:32 [info     ] Weights updated                k3s=88 knative=12
2026-09-11 11:01:32 [info     ] Weights updated                action=RECOVERY reason='load=113RPS | k8s_cap=100RPS | (reducing-serverless)' weights={'k3s': 88, 'knative': 12}
2026-09-11 11:01:32 [info     ] algorithm2_scaling_decision    action=MAINTAIN alpha=0.060060060060060066 beta=0.0 buffer=1.0 current_replicas=6 predicted_load=116.445466688072 required_resources=6.994 target_replicas=6
2026-09-11 11:01:32 [info     ] algorithm2_decision            action=MAINTAIN applied_target=6 current_replicas=6 hold_until=1789099229.1 observed_load=116.45 observed_target=6 point_forecasts=[110.47853088378906, 108.77864837646484, 106.71269226074219, 105.7529296875, 103.7997817993164, 103.93003845214844, 102.85087585449219, 102.92194366455078, 99.50359344482422] prediction_age_sec=0.41 predictive_target=6 proactive=False scenario=s4-hybrid-predictive target_replicas=6 upper_forecasts=[165.37515258789062, 168.50253295898438, 165.81051635742188, 164.97036743164062, 163.47616577148438, 163.67144775390625, 162.9832000732422, 162.82691955566406, 159.58297729492188]
2026-09-11 11:01:32 [debug    ] Decision loop completed        action=RECOVERY latency_ms=535.52 p99=355.0
2026-09-11 11:01:48 [debug    ] GRU prediction received        confidence=0.6 latency_ms=9.83 predicted=165
2026-09-11 11:01:48 [debug    ] Using GRU prediction           confidence=0.6 forecast_capacity_signal=165.0 predicted=165 required_steps=3
2026-09-11 11:01:48 [info     ] controller_decision_v3         action=RECOVERY available_replicas=6 budget_remaining=986 burn_adjustment=0 burst_ratio=0 capacity_deficit=False confidence=0.6 current_load=93.06379296763495 decision_id=e5407c02 k8s_capacity=99.9 k8s_weight=100 knative_weight=0 p99=355.0 predicted_load=165 r_effective=16.6 serverless_enabled=False total_load=93.1 weights_after={'k3s': 100, 'knative': 0} weights_before={'k3s': 88, 'knative': 12}
2026-09-11 11:01:48 [info     ] Weights updated                k3s=100 knative=0
2026-09-11 11:01:48 [info     ] Weights updated                action=RECOVERY reason='load=93RPS | k8s_cap=100RPS | (reducing-serverless)' weights={'k3s': 100, 'knative': 0}
2026-09-11 11:01:48 [info     ] algorithm2_scaling_decision    action=MAINTAIN alpha=0.060060060060060066 beta=0.0 buffer=1.0 current_replicas=6 predicted_load=103.12854271864386 required_resources=6.194 target_replicas=6
2026-09-11 11:01:48 [info     ] algorithm2_decision            action=MAINTAIN applied_target=6 current_replicas=6 hold_until=1789099229.1 observed_load=103.13 observed_target=6 point_forecasts=[103.13090515136719, 105.22021484375, 105.03300476074219, 103.82466125488281, 102.91806030273438, 102.48517608642578, 102.16365051269531, 102.04168701171875, 99.9376449584961] prediction_age_sec=0.17 predictive_target=6 proactive=False scenario=s4-hybrid-predictive target_replicas=6 upper_forecasts=[158.02752685546875, 164.94410705566406, 164.13082885742188, 163.04209899902344, 162.5944366455078, 162.22657775878906, 162.2959747314453, 161.94667053222656, 160.01702880859375]
2026-09-11 11:01:48 [debug    ] Decision loop completed        action=RECOVERY latency_ms=242.98 p99=355.0
2026-09-11 11:02:03 [debug    ] HAProxy fallback latency       delta_requests=1181 interval_avg_ms=73.0 max_rtime_ms=355.0 p99_est=146.0
2026-09-11 11:02:03 [debug    ] GRU prediction received        confidence=0.6 latency_ms=16.79 predicted=161
2026-09-11 11:02:03 [debug    ] Using GRU prediction           confidence=0.6 forecast_capacity_signal=161.0 predicted=161 required_steps=3
2026-09-11 11:02:03 [info     ] algorithm2_scaling_decision    action=MAINTAIN alpha=0.060060060060060066 beta=0.0 buffer=1.0 current_replicas=6 predicted_load=85.16971391861128 required_resources=5.115 target_replicas=6
2026-09-11 11:02:03 [info     ] algorithm2_decision            action=MAINTAIN applied_target=6 current_replicas=6 hold_until=1789099229.1 observed_load=85.17 observed_target=6 point_forecasts=[95.01870727539062, 100.2074966430664, 101.72931671142578, 101.0616455078125, 101.02733612060547, 100.66793060302734, 100.00318145751953, 101.02162170410156, 100.49214172363281] prediction_age_sec=0.2 predictive_target=6 proactive=False scenario=s4-hybrid-predictive target_replicas=6 upper_forecasts=[149.9153289794922, 159.93138122558594, 160.82713317871094, 160.27908325195312, 160.70370483398438, 160.40933227539062, 160.13551330566406, 160.92660522460938, 160.571533203125]
2026-09-11 11:02:03 [debug    ] Decision loop completed        action=MAINTAIN latency_ms=326.01 p99=146.0
2026-09-11 11:02:18 [debug    ] GRU prediction received        confidence=0.6 latency_ms=10.11 predicted=161
2026-09-11 11:02:18 [debug    ] Using GRU prediction           confidence=0.6 forecast_capacity_signal=161.0 predicted=161 required_steps=3
2026-09-11 11:02:18 [info     ] algorithm2_scaling_decision    action=MAINTAIN alpha=0.060060060060060066 beta=0.0 buffer=1.0 current_replicas=6 predicted_load=161.0 required_resources=9.67 target_replicas=6
2026-09-11 11:02:18 [info     ] algorithm2_decision            action=MAINTAIN applied_target=6 current_replicas=6 hold_until=1789099428.7 observed_load=74.11 observed_target=5 point_forecasts=[90.14413452148438, 96.25566864013672, 98.59053039550781, 98.6955337524414, 99.2518310546875, 99.15042114257812, 98.95320129394531, 100.99625396728516, 100.69869995117188] prediction_age_sec=0.11 predictive_target=6 proactive=True scenario=s4-hybrid-predictive target_replicas=6 upper_forecasts=[145.04075622558594, 155.97955322265625, 157.6883544921875, 157.9129638671875, 158.92820739746094, 158.89181518554688, 159.0855255126953, 160.90122985839844, 160.778076171875]
2026-09-11 11:02:18 [debug    ] Decision loop completed        action=MAINTAIN latency_ms=215.2 p99=146.0
2026-09-11 11:02:33 [debug    ] HAProxy fallback latency       delta_requests=1094 interval_avg_ms=69.0 max_rtime_ms=355.0 p99_est=138.0
2026-09-11 11:02:33 [debug    ] GRU prediction received        confidence=0.6 latency_ms=9.56 predicted=161
2026-09-11 11:02:33 [debug    ] Using GRU prediction           confidence=0.6 forecast_capacity_signal=161.0 predicted=161 required_steps=3
2026-09-11 11:02:34 [info     ] algorithm2_scaling_decision    action=MAINTAIN alpha=0.060060060060060066 beta=0.0 buffer=1.0 current_replicas=6 predicted_load=161.0 required_resources=9.67 target_replicas=6
2026-09-11 11:02:34 [info     ] algorithm2_decision            action=MAINTAIN applied_target=6 current_replicas=6 hold_until=1789099444.0 observed_load=71.32 observed_target=5 point_forecasts=[88.66712951660156, 94.32160186767578, 96.7354507446289, 97.54515838623047, 98.35591888427734, 98.6058578491211, 99.08987426757812, 101.10375213623047, 100.78517150878906] prediction_age_sec=0.16 predictive_target=6 proactive=True scenario=s4-hybrid-predictive target_replicas=6 upper_forecasts=[143.56375122070312, 154.0454864501953, 155.83326721191406, 156.76260375976562, 158.03228759765625, 158.34725952148438, 159.22219848632812, 161.00872802734375, 160.86456298828125]
2026-09-11 11:02:34 [debug    ] Decision loop completed        action=MAINTAIN latency_ms=296.45 p99=138.0
2026-09-11 11:02:49 [debug    ] HAProxy fallback latency       delta_requests=1290 interval_avg_ms=116.56 max_rtime_ms=355.0 p99_est=233.13
2026-09-11 11:02:49 [debug    ] GRU prediction received        confidence=0.6 latency_ms=12.39 predicted=162
2026-09-11 11:02:49 [debug    ] Using GRU prediction           confidence=0.6 forecast_capacity_signal=162.0 predicted=162 required_steps=3
2026-09-11 11:02:49 [info     ] algorithm2_scaling_decision    action=MAINTAIN alpha=0.060060060060060066 beta=0.0 buffer=1.0 current_replicas=6 predicted_load=162.0 required_resources=9.73 target_replicas=6
2026-09-11 11:02:49 [info     ] algorithm2_decision            action=MAINTAIN applied_target=6 current_replicas=6 hold_until=1789099459.3 observed_load=77.97 observed_target=5 point_forecasts=[92.39297485351562, 95.9990005493164, 97.52647399902344, 98.3062973022461, 98.71947479248047, 99.60199737548828, 100.34929656982422, 101.81385040283203, 100.97651672363281] prediction_age_sec=0.14 predictive_target=6 proactive=True scenario=s4-hybrid-predictive target_replicas=6 upper_forecasts=[147.2895965576172, 155.72288513183594, 156.62429809570312, 157.52374267578125, 158.39584350585938, 159.34339904785156, 160.48162841796875, 161.7188262939453, 161.055908203125]
2026-09-11 11:02:49 [debug    ] Decision loop completed        action=MAINTAIN latency_ms=269.84 p99=233.12713178294572
2026-09-11 11:03:04 [debug    ] HAProxy fallback latency       delta_requests=1261 interval_avg_ms=20.34 max_rtime_ms=355.0 p99_est=40.69
2026-09-11 11:03:04 [debug    ] GRU prediction received        confidence=0.6 latency_ms=16.16 predicted=161
2026-09-11 11:03:04 [debug    ] Using GRU prediction           confidence=0.6 forecast_capacity_signal=161.0 predicted=161 required_steps=3
2026-09-11 11:03:04 [info     ] algorithm2_scaling_decision    action=MAINTAIN alpha=0.060060060060060066 beta=0.0 buffer=1.0 current_replicas=6 predicted_load=83.54236799710051 required_resources=5.018 target_replicas=6
2026-09-11 11:03:04 [info     ] algorithm2_decision            action=MAINTAIN applied_target=6 current_replicas=6 hold_until=1789099459.3 observed_load=83.54 observed_target=6 point_forecasts=[91.91295623779297, 95.45117950439453, 97.21937561035156, 98.03345489501953, 98.56175994873047, 99.40296936035156, 99.97248840332031, 101.31144714355469, 100.68121337890625] prediction_age_sec=0.15 predictive_target=6 proactive=False scenario=s4-hybrid-predictive target_replicas=6 upper_forecasts=[146.8095703125, 155.17506408691406, 156.31719970703125, 157.25088500976562, 158.23812866210938, 159.14437866210938, 160.1048126220703, 161.2164306640625, 160.76058959960938]
2026-09-11 11:03:04 [debug    ] Decision loop completed        action=MAINTAIN latency_ms=258.65 p99=40.68517049960349
2026-09-11 11:03:19 [debug    ] HAProxy fallback latency       delta_requests=916 interval_avg_ms=69.0 max_rtime_ms=355.0 p99_est=138.0
2026-09-11 11:03:19 [debug    ] GRU prediction received        confidence=0.6 latency_ms=11.44 predicted=159
2026-09-11 11:03:19 [debug    ] Using GRU prediction           confidence=0.6 forecast_capacity_signal=159.0 predicted=159 required_steps=3
2026-09-11 11:03:19 [info     ] algorithm2_scaling_decision    action=MAINTAIN alpha=0.060060060060060066 beta=0.0 buffer=1.0 current_replicas=6 predicted_load=159.0 required_resources=9.55 target_replicas=6
2026-09-11 11:03:19 [info     ] algorithm2_decision            action=MAINTAIN applied_target=6 current_replicas=6 hold_until=1789099489.8 observed_load=71.51 observed_target=5 point_forecasts=[83.36227416992188, 89.72721099853516, 93.188720703125, 94.63888549804688, 95.89930725097656, 96.28182983398438, 96.18101501464844, 98.54704284667969, 98.75530242919922] prediction_age_sec=0.19 predictive_target=6 proactive=True scenario=s4-hybrid-predictive target_replicas=6 upper_forecasts=[138.25889587402344, 149.4510955810547, 152.28652954101562, 153.8563232421875, 155.57568359375, 156.02322387695312, 156.31333923339844, 158.4520263671875, 158.83468627929688]
2026-09-11 11:03:19 [debug    ] Decision loop completed        action=MAINTAIN latency_ms=285.42 p99=138.0
2026-09-11 11:03:34 [debug    ] GRU prediction received        confidence=0.6 latency_ms=13.48 predicted=155
2026-09-11 11:03:34 [debug    ] Using GRU prediction           confidence=0.6 forecast_capacity_signal=155.0 predicted=155 required_steps=3
2026-09-11 11:03:35 [info     ] algorithm2_scaling_decision    action=MAINTAIN alpha=0.060060060060060066 beta=0.0 buffer=1.0 current_replicas=6 predicted_load=155.0 required_resources=9.309 target_replicas=6
2026-09-11 11:03:35 [info     ] algorithm2_decision            action=MAINTAIN applied_target=6 current_replicas=6 hold_until=1789099505.0 observed_load=53.51 observed_target=4 point_forecasts=[75.96182250976562, 83.58448791503906, 88.20936584472656, 89.46317291259766, 91.4878921508789, 91.48812866210938, 91.6611099243164, 94.74076843261719, 94.94335174560547] prediction_age_sec=0.1 predictive_target=6 proactive=True scenario=s4-hybrid-predictive target_replicas=6 upper_forecasts=[130.8584442138672, 143.30838012695312, 147.30718994140625, 148.68060302734375, 151.16427612304688, 151.22952270507812, 151.79344177246094, 154.645751953125, 155.02273559570312]
2026-09-11 11:03:35 [debug    ] Decision loop completed        action=MAINTAIN latency_ms=168.56 p99=138.0
2026-09-11 11:03:50 [debug    ] HAProxy fallback latency       delta_requests=702 interval_avg_ms=160.52 max_rtime_ms=355.0 p99_est=321.05
2026-09-11 11:03:50 [debug    ] GRU prediction received        confidence=0.6 latency_ms=6.45 predicted=151
2026-09-11 11:03:50 [debug    ] Using GRU prediction           confidence=0.6 forecast_capacity_signal=151.0 predicted=151 required_steps=3
2026-09-11 11:03:50 [info     ] algorithm2_scaling_decision    action=MAINTAIN alpha=0.060060060060060066 beta=0.0 buffer=1.0 current_replicas=6 predicted_load=151.0 required_resources=9.069 target_replicas=6
2026-09-11 11:03:50 [info     ] algorithm2_decision            action=MAINTAIN applied_target=6 current_replicas=6 hold_until=1789099520.2 observed_load=46.56 observed_target=3 point_forecasts=[73.32752990722656, 79.8987808227539, 84.30260467529297, 85.400634765625, 87.82743072509766, 87.76351928710938, 88.65046691894531, 91.3102035522461, 91.265869140625] prediction_age_sec=0.1 predictive_target=6 proactive=True scenario=s4-hybrid-predictive target_replicas=6 upper_forecasts=[128.22415161132812, 139.62266540527344, 143.40042114257812, 144.61807250976562, 147.50381469726562, 147.50491333007812, 148.7827911376953, 151.21517944335938, 151.34524536132812]
2026-09-11 11:03:50 [debug    ] Decision loop completed        action=MAINTAIN latency_ms=162.06 p99=321.04558404558406
2026-09-11 11:04:05 [debug    ] GRU prediction received        confidence=0.6 latency_ms=12.21 predicted=149
2026-09-11 11:04:05 [debug    ] Using GRU prediction           confidence=0.6 forecast_capacity_signal=149.0 predicted=149 required_steps=3
2026-09-11 11:04:05 [info     ] algorithm2_scaling_decision    action=MAINTAIN alpha=0.060060060060060066 beta=0.0 buffer=1.0 current_replicas=6 predicted_load=149.0 required_resources=8.949 target_replicas=6
2026-09-11 11:04:05 [info     ] algorithm2_decision            action=MAINTAIN applied_target=6 current_replicas=6 hold_until=1789099535.4 observed_load=45.46 observed_target=3 point_forecasts=[71.30978393554688, 77.39904022216797, 81.7349853515625, 82.86754608154297, 85.4007568359375, 85.75841522216797, 87.0875015258789, 89.2839126586914, 89.3022232055664] prediction_age_sec=0.1 predictive_target=6 proactive=True scenario=s4-hybrid-predictive target_replicas=6 upper_forecasts=[126.20640563964844, 137.1229248046875, 140.83279418945312, 142.08499145507812, 145.07713317871094, 145.49981689453125, 147.21983337402344, 149.1888885498047, 149.38160705566406]
2026-09-11 11:04:05 [debug    ] Decision loop completed        action=MAINTAIN latency_ms=168.92 p99=321.04558404558406
2026-09-11 11:04:20 [debug    ] HAProxy fallback latency       delta_requests=631 interval_avg_ms=68.0 max_rtime_ms=355.0 p99_est=136.0
2026-09-11 11:04:20 [debug    ] GRU prediction received        confidence=0.6 latency_ms=9.85 predicted=148
2026-09-11 11:04:20 [debug    ] Using GRU prediction           confidence=0.6 forecast_capacity_signal=148.0 predicted=148 required_steps=3
2026-09-11 11:04:20 [info     ] algorithm2_scaling_decision    action=MAINTAIN alpha=0.060060060060060066 beta=0.0 buffer=1.0 current_replicas=6 predicted_load=148.0 required_resources=8.889 target_replicas=6
2026-09-11 11:04:20 [info     ] algorithm2_decision            action=MAINTAIN applied_target=6 current_replicas=6 hold_until=1789099550.5 observed_load=43.12 observed_target=3 point_forecasts=[69.01581573486328, 75.0868148803711, 79.48567199707031, 80.84365844726562, 83.5531005859375, 84.22430419921875, 85.73359680175781, 87.66618347167969, 87.91873168945312] prediction_age_sec=0.11 predictive_target=6 proactive=True scenario=s4-hybrid-predictive target_replicas=6 upper_forecasts=[123.91242980957031, 134.81069946289062, 138.58349609375, 140.06109619140625, 143.22947692871094, 143.9656982421875, 145.8659210205078, 147.5711669921875, 147.99810791015625]
2026-09-11 11:04:20 [debug    ] Decision loop completed        action=MAINTAIN latency_ms=182.17 p99=136.0
2026-09-11 11:04:35 [debug    ] HAProxy fallback latency       delta_requests=729 interval_avg_ms=68.0 max_rtime_ms=355.0 p99_est=136.0
2026-09-11 11:04:35 [debug    ] GRU prediction received        confidence=0.6 latency_ms=9.66 predicted=148
2026-09-11 11:04:35 [debug    ] Using GRU prediction           confidence=0.6 forecast_capacity_signal=148.0 predicted=148 required_steps=3
2026-09-11 11:04:35 [info     ] algorithm2_scaling_decision    action=MAINTAIN alpha=0.060060060060060066 beta=0.0 buffer=1.0 current_replicas=6 predicted_load=148.0 required_resources=8.889 target_replicas=6
2026-09-11 11:04:35 [info     ] algorithm2_decision            action=MAINTAIN applied_target=6 current_replicas=6 hold_until=1789099565.7 observed_load=44.77 observed_target=3 point_forecasts=[70.47639465332031, 75.53605651855469, 79.54740142822266, 80.81133270263672, 83.44418334960938, 84.12296295166016, 85.9564437866211, 87.44493865966797, 87.76260375976562] prediction_age_sec=0.11 predictive_target=6 proactive=True scenario=s4-hybrid-predictive target_replicas=6 upper_forecasts=[125.37301635742188, 135.25994873046875, 138.6452178955078, 140.02877807617188, 143.1205596923828, 143.86436462402344, 146.08877563476562, 147.34991455078125, 147.84197998046875]
2026-09-11 11:04:35 [debug    ] Decision loop completed        action=MAINTAIN latency_ms=203.49 p99=136.0
2026-09-11 11:04:50 [debug    ] HAProxy fallback latency       delta_requests=986 interval_avg_ms=136.94 max_rtime_ms=355.0 p99_est=273.88
2026-09-11 11:04:50 [debug    ] GRU prediction received        confidence=0.6 latency_ms=15.84 predicted=150
2026-09-11 11:04:50 [debug    ] Using GRU prediction           confidence=0.6 forecast_capacity_signal=150.0 predicted=150 required_steps=3
2026-09-11 11:04:50 [info     ] algorithm2_scaling_decision    action=MAINTAIN alpha=0.060060060060060066 beta=0.0 buffer=1.0 current_replicas=6 predicted_load=150.0 required_resources=9.009 target_replicas=6
2026-09-11 11:04:50 [info     ] algorithm2_decision            action=MAINTAIN applied_target=6 current_replicas=6 hold_until=1789099581.0 observed_load=56.3 observed_target=4 point_forecasts=[76.95408630371094, 80.17842864990234, 83.65541076660156, 84.39433288574219, 86.76176452636719, 87.03907775878906, 89.16099548339844, 90.04056549072266, 90.01126098632812] prediction_age_sec=0.12 predictive_target=6 proactive=True scenario=s4-hybrid-predictive target_replicas=6 upper_forecasts=[131.8507080078125, 139.90231323242188, 142.75323486328125, 143.6117706298828, 146.43814086914062, 146.78048706054688, 149.29331970214844, 149.94554138183594, 150.09063720703125]
2026-09-11 11:04:50 [debug    ] Decision loop completed        action=MAINTAIN latency_ms=220.68 p99=273.8762677484787
2026-09-11 11:05:06 [debug    ] HAProxy fallback latency       delta_requests=1095 interval_avg_ms=132.08 max_rtime_ms=355.0 p99_est=264.15
2026-09-11 11:05:06 [debug    ] GRU prediction received        confidence=0.6 latency_ms=10.23 predicted=154
2026-09-11 11:05:06 [debug    ] Using GRU prediction           confidence=0.6 forecast_capacity_signal=154.0 predicted=154 required_steps=3
2026-09-11 11:05:06 [info     ] algorithm2_scaling_decision    action=MAINTAIN alpha=0.060060060060060066 beta=0.0 buffer=1.0 current_replicas=6 predicted_load=154.0 required_resources=9.249 target_replicas=6
2026-09-11 11:05:06 [info     ] algorithm2_decision            action=MAINTAIN applied_target=6 current_replicas=6 hold_until=1789099596.2 observed_load=68.33 observed_target=5 point_forecasts=[81.92224884033203, 84.83847045898438, 88.32234191894531, 88.5039291381836, 91.0685806274414, 91.41974639892578, 92.66577911376953, 93.61180877685547, 93.32672882080078] prediction_age_sec=0.11 predictive_target=6 proactive=True scenario=s4-hybrid-predictive target_replicas=6 upper_forecasts=[136.81886291503906, 144.56236267089844, 147.420166015625, 147.72137451171875, 150.74496459960938, 151.16114807128906, 152.79811096191406, 153.51678466796875, 153.40611267089844]
2026-09-11 11:05:06 [debug    ] Decision loop completed        action=MAINTAIN latency_ms=202.38 p99=264.151598173516
2026-09-11 11:05:21 [debug    ] HAProxy fallback latency       delta_requests=1063 interval_avg_ms=4.03 max_rtime_ms=355.0 p99_est=8.05
2026-09-11 11:05:21 [debug    ] GRU prediction received        confidence=0.6 latency_ms=14.2 predicted=154
2026-09-11 11:05:21 [debug    ] Using GRU prediction           confidence=0.6 forecast_capacity_signal=154.0 predicted=154 required_steps=3
2026-09-11 11:05:21 [info     ] algorithm2_scaling_decision    action=MAINTAIN alpha=0.060060060060060066 beta=0.0 buffer=1.0 current_replicas=6 predicted_load=154.0 required_resources=9.249 target_replicas=6
2026-09-11 11:05:21 [info     ] algorithm2_decision            action=MAINTAIN applied_target=6 current_replicas=6 hold_until=1789099611.4 observed_load=70.96 observed_target=5 point_forecasts=[82.19445037841797, 85.41291046142578, 88.94842529296875, 89.44825744628906, 91.87136840820312, 91.87527465820312, 92.326416015625, 93.67758178710938, 93.68766784667969] prediction_age_sec=0.13 predictive_target=6 proactive=True scenario=s4-hybrid-predictive target_replicas=6 upper_forecasts=[137.091064453125, 145.1367950439453, 148.04623413085938, 148.6656951904297, 151.54774475097656, 151.61666870117188, 152.458740234375, 153.5825653076172, 153.76705932617188]
2026-09-11 11:05:21 [debug    ] Decision loop completed        action=MAINTAIN latency_ms=215.89 p99=8.05079962370649
2026-09-11 11:05:36 [debug    ] HAProxy fallback latency       delta_requests=1067 interval_avg_ms=69.0 max_rtime_ms=355.0 p99_est=138.0
2026-09-11 11:05:36 [debug    ] GRU prediction received        confidence=0.6 latency_ms=9.77 predicted=152
2026-09-11 11:05:36 [debug    ] Using GRU prediction           confidence=0.6 forecast_capacity_signal=152.0 predicted=152 required_steps=3
2026-09-11 11:05:36 [info     ] algorithm2_scaling_decision    action=MAINTAIN alpha=0.060060060060060066 beta=0.0 buffer=1.0 current_replicas=6 predicted_load=152.0 required_resources=9.129 target_replicas=6
2026-09-11 11:05:36 [info     ] algorithm2_decision            action=MAINTAIN applied_target=6 current_replicas=6 hold_until=1789099626.6 observed_load=69.99 observed_target=5 point_forecasts=[81.538330078125, 84.44783020019531, 87.44417572021484, 88.52435302734375, 90.34226989746094, 89.82463073730469, 90.06558227539062, 91.47091674804688, 91.77908325195312] prediction_age_sec=0.15 predictive_target=6 proactive=True scenario=s4-hybrid-predictive target_replicas=6 upper_forecasts=[136.43495178222656, 144.17172241210938, 146.5419921875, 147.74179077148438, 150.01864624023438, 149.5660400390625, 150.19790649414062, 151.3759002685547, 151.85845947265625]
2026-09-11 11:05:36 [debug    ] Decision loop completed        action=MAINTAIN latency_ms=257.64 p99=138.0
2026-09-11 11:05:51 [debug    ] HAProxy fallback latency       delta_requests=1099 interval_avg_ms=69.0 max_rtime_ms=355.0 p99_est=138.0
2026-09-11 11:05:51 [debug    ] GRU prediction received        confidence=0.6 latency_ms=6.92 predicted=151
2026-09-11 11:05:51 [debug    ] Using GRU prediction           confidence=0.6 forecast_capacity_signal=151.0 predicted=151 required_steps=3
2026-09-11 11:05:51 [info     ] algorithm2_scaling_decision    action=MAINTAIN alpha=0.060060060060060066 beta=0.0 buffer=1.0 current_replicas=6 predicted_load=151.0 required_resources=9.069 target_replicas=6
2026-09-11 11:05:51 [info     ] algorithm2_decision            action=MAINTAIN applied_target=6 current_replicas=6 hold_until=1789099641.8 observed_load=71.12 observed_target=5 point_forecasts=[82.03241729736328, 84.47240447998047, 87.03034210205078, 88.08033752441406, 89.35173034667969, 88.76759338378906, 88.9366226196289, 90.26525115966797, 90.78084564208984] prediction_age_sec=0.13 predictive_target=6 proactive=True scenario=s4-hybrid-predictive target_replicas=6 upper_forecasts=[136.9290313720703, 144.1962890625, 146.12815856933594, 147.2977752685547, 149.02810668945312, 148.50900268554688, 149.06895446777344, 150.17022705078125, 150.8602294921875]
2026-09-11 11:05:51 [debug    ] Decision loop completed        action=MAINTAIN latency_ms=197.52 p99=138.0
2026-09-11 11:06:06 [debug    ] HAProxy fallback latency       delta_requests=1284 interval_avg_ms=470.14 max_rtime_ms=355.0 p99_est=355.0
2026-09-11 11:06:06 [debug    ] GRU prediction received        confidence=0.6 latency_ms=16.7 predicted=152
2026-09-11 11:06:06 [debug    ] Using GRU prediction           confidence=0.6 forecast_capacity_signal=152.0 predicted=152 required_steps=3
2026-09-11 11:06:06 [debug    ] Proactive amplification        amplified=152 approach_ratio=0.84 load_trend=3.1 raw_pred=152
2026-09-11 11:06:07 [info     ] algorithm2_scaling_decision    action=MAINTAIN alpha=0.060060060060060066 beta=0.0 buffer=1.0 current_replicas=6 predicted_load=152.0 required_resources=9.129 target_replicas=6
2026-09-11 11:06:07 [info     ] algorithm2_decision            action=MAINTAIN applied_target=6 current_replicas=6 hold_until=1789099657.1 observed_load=78.25 observed_target=5 point_forecasts=[86.8313980102539, 87.78593444824219, 89.67910766601562, 90.4341812133789, 91.3039321899414, 90.44124603271484, 90.83755493164062, 91.6447525024414, 92.22595977783203] prediction_age_sec=0.13 predictive_target=6 proactive=True scenario=s4-hybrid-predictive target_replicas=6 upper_forecasts=[141.72801208496094, 147.50982666015625, 148.77691650390625, 149.651611328125, 150.98031616210938, 150.18264770507812, 150.96987915039062, 151.5497283935547, 152.3053436279297]
2026-09-11 11:06:07 [debug    ] Decision loop completed        action=MAINTAIN latency_ms=216.27 p99=355.0
2026-09-11 11:06:22 [debug    ] HAProxy fallback latency       delta_requests=1592 interval_avg_ms=76.0 max_rtime_ms=355.0 p99_est=152.0
2026-09-11 11:06:22 [debug    ] GRU prediction received        confidence=0.6 latency_ms=11.56 predicted=156
2026-09-11 11:06:22 [debug    ] Using GRU prediction           confidence=0.6 forecast_capacity_signal=156.0 predicted=156 required_steps=3
2026-09-11 11:06:22 [debug    ] Proactive amplification        amplified=182.3 approach_ratio=1.05 load_trend=8.6 raw_pred=156
2026-09-11 11:06:22 [info     ] Knative pre-warm OK            cold_start_ms=3.7
2026-09-11 11:06:22 [info     ] controller_decision_v3         action=PREDICTIVE available_replicas=6 budget_remaining=980 burn_adjustment=0 burst_ratio=0.0438 capacity_deficit=False confidence=0.6 current_load=104.475289433788 decision_id=6571257a k8s_capacity=99.9 k8s_weight=95 knative_weight=5 p99=152.0 predicted_load=156 r_effective=16.6 serverless_enabled=True total_load=104.5 weights_after={'k3s': 95, 'knative': 5} weights_before={'k3s': 100, 'knative': 0}
2026-09-11 11:06:22 [info     ] Weights updated                k3s=95 knative=5
2026-09-11 11:06:22 [info     ] Weights updated                action=PREDICTIVE reason='load=104RPS | k8s_cap=100RPS | (prediction-driven)' weights={'k3s': 95, 'knative': 5}
2026-09-11 11:06:22 [info     ] algorithm2_scaling_decision    action=MAINTAIN alpha=0.060060060060060066 beta=0.0 buffer=1.0 current_replicas=6 predicted_load=94.41010090480634 required_resources=5.67 target_replicas=6
2026-09-11 11:06:22 [info     ] algorithm2_decision            action=MAINTAIN applied_target=6 current_replicas=6 hold_until=1789099657.1 observed_load=94.41 observed_target=6 point_forecasts=[95.83723449707031, 93.87577056884766, 94.87117767333984, 95.75728607177734, 95.8966293334961, 94.7318115234375, 94.74715423583984, 95.40017700195312, 95.42576599121094] prediction_age_sec=0.12 predictive_target=6 proactive=False scenario=s4-hybrid-predictive target_replicas=6 upper_forecasts=[150.73385620117188, 153.5996551513672, 153.968994140625, 154.9747314453125, 155.572998046875, 154.47320556640625, 154.87948608398438, 155.30516052246094, 155.50515747070312]
2026-09-11 11:06:22 [debug    ] Decision loop completed        action=PREDICTIVE latency_ms=205.05 p99=152.0
2026-09-11 11:06:37 [debug    ] GRU prediction received        confidence=0.6 latency_ms=16.03 predicted=158
2026-09-11 11:06:37 [debug    ] Using GRU prediction           confidence=0.6 forecast_capacity_signal=158.0 predicted=158 required_steps=3
2026-09-11 11:06:37 [debug    ] Proactive amplification        amplified=175.8 approach_ratio=1.03 load_trend=8.1 raw_pred=158
2026-09-11 11:06:37 [info     ] controller_decision_v3         action=RECOVERY available_replicas=6 budget_remaining=980 burn_adjustment=0 burst_ratio=0.0263 capacity_deficit=False confidence=0.6 current_load=102.59786074259013 decision_id=3fa1374a k8s_capacity=99.9 k8s_weight=97 knative_weight=3 p99=152.0 predicted_load=158 r_effective=16.6 serverless_enabled=True total_load=102.6 weights_after={'k3s': 97, 'knative': 3} weights_before={'k3s': 95, 'knative': 5}
2026-09-11 11:06:37 [info     ] Weights updated                k3s=97 knative=3
2026-09-11 11:06:37 [info     ] Weights updated                action=RECOVERY reason='load=103RPS | k8s_cap=100RPS | (reducing-serverless)' weights={'k3s': 97, 'knative': 3}
2026-09-11 11:06:37 [info     ] algorithm2_scaling_decision    action=MAINTAIN alpha=0.060060060060060066 beta=0.0 buffer=1.0 current_replicas=6 predicted_load=103.53657508818907 required_resources=6.218 target_replicas=6
2026-09-11 11:06:37 [info     ] algorithm2_decision            action=MAINTAIN applied_target=6 current_replicas=6 hold_until=1789099657.1 observed_load=103.54 observed_target=6 point_forecasts=[98.45626831054688, 97.18064880371094, 98.08245086669922, 99.20008087158203, 98.76619720458984, 97.71034240722656, 97.21453094482422, 98.34030151367188, 97.65452575683594] prediction_age_sec=0.22 predictive_target=6 proactive=False scenario=s4-hybrid-predictive target_replicas=6 upper_forecasts=[153.35289001464844, 156.904541015625, 157.18026733398438, 158.41751098632812, 158.44256591796875, 157.45175170898438, 157.34686279296875, 158.2452850341797, 157.73391723632812]
2026-09-11 11:06:37 [debug    ] Decision loop completed        action=RECOVERY latency_ms=323.31 p99=152.0
2026-09-11 11:06:52 [debug    ] GRU prediction received        confidence=0.6 latency_ms=12.62 predicted=157
2026-09-11 11:06:52 [debug    ] Using GRU prediction           confidence=0.6 forecast_capacity_signal=157.0 predicted=157 required_steps=3
2026-09-11 11:06:52 [debug    ] Proactive amplification        amplified=157 approach_ratio=0.85 load_trend=3.2 raw_pred=157
2026-09-11 11:06:52 [info     ] controller_decision_v3         action=RECOVERY available_replicas=6 budget_remaining=980 burn_adjustment=0 burst_ratio=0 capacity_deficit=False confidence=0.6 current_load=84.77622514298673 decision_id=3ff10a71 k8s_capacity=99.9 k8s_weight=100 knative_weight=0 p99=152.0 predicted_load=157 r_effective=16.6 serverless_enabled=False total_load=84.8 weights_after={'k3s': 100, 'knative': 0} weights_before={'k3s': 97, 'knative': 3}
2026-09-11 11:06:52 [info     ] Weights updated                k3s=100 knative=0
2026-09-11 11:06:52 [info     ] Weights updated                action=RECOVERY reason='load=85RPS | k8s_cap=100RPS | (reducing-serverless)' weights={'k3s': 100, 'knative': 0}
2026-09-11 11:06:52 [info     ] algorithm2_scaling_decision    action=MAINTAIN alpha=0.060060060060060066 beta=0.0 buffer=1.0 current_replicas=6 predicted_load=93.68704294278842 required_resources=5.627 target_replicas=6
2026-09-11 11:06:52 [info     ] algorithm2_decision            action=MAINTAIN applied_target=6 current_replicas=6 hold_until=1789099657.1 observed_load=93.69 observed_target=6 point_forecasts=[93.40032196044922, 95.51908874511719, 97.0690689086914, 97.72440338134766, 97.79405212402344, 96.97085571289062, 95.58441162109375, 97.1752700805664, 97.2940673828125] prediction_age_sec=0.24 predictive_target=6 proactive=False scenario=s4-hybrid-predictive target_replicas=6 upper_forecasts=[148.29693603515625, 155.24298095703125, 156.16688537597656, 156.94183349609375, 157.47042846679688, 156.71224975585938, 155.71673583984375, 157.0802459716797, 157.37344360351562]
2026-09-11 11:06:52 [debug    ] Decision loop completed        action=RECOVERY latency_ms=316.81 p99=152.0
2026-09-11 11:07:08 [debug    ] GRU prediction received        confidence=0.6 latency_ms=11.76 predicted=155
2026-09-11 11:07:08 [debug    ] Using GRU prediction           confidence=0.6 forecast_capacity_signal=155.0 predicted=155 required_steps=3
2026-09-11 11:07:08 [info     ] algorithm2_scaling_decision    action=MAINTAIN alpha=0.060060060060060066 beta=0.0 buffer=1.0 current_replicas=6 predicted_load=155.0 required_resources=9.309 target_replicas=6
2026-09-11 11:07:08 [info     ] algorithm2_decision            action=MAINTAIN applied_target=6 current_replicas=6 hold_until=1789099718.2 observed_load=75.97 observed_target=5 point_forecasts=[85.46051788330078, 89.61346435546875, 92.20364379882812, 93.04049682617188, 93.67142486572266, 92.61823272705078, 91.50111389160156, 93.68472290039062, 94.7148666381836] prediction_age_sec=0.18 predictive_target=6 proactive=True scenario=s4-hybrid-predictive target_replicas=6 upper_forecasts=[140.3571319580078, 149.3373565673828, 151.30145263671875, 152.2579345703125, 153.34780883789062, 152.35963439941406, 151.63343811035156, 153.58970642089844, 154.79425048828125]
2026-09-11 11:07:08 [debug    ] Decision loop completed        action=MAINTAIN latency_ms=305.86 p99=152.0
2026-09-11 11:07:23 [debug    ] GRU prediction received        confidence=0.6 latency_ms=11.87 predicted=149
2026-09-11 11:07:23 [debug    ] Using GRU prediction           confidence=0.6 forecast_capacity_signal=149.0 predicted=149 required_steps=3
2026-09-11 11:07:23 [info     ] algorithm2_scaling_decision    action=MAINTAIN alpha=0.060060060060060066 beta=0.0 buffer=1.0 current_replicas=6 predicted_load=149.0 required_resources=8.949 target_replicas=6
2026-09-11 11:07:23 [info     ] algorithm2_decision            action=MAINTAIN applied_target=6 current_replicas=6 hold_until=1789099733.5 observed_load=58.64 observed_target=4 point_forecasts=[75.9676513671875, 81.3890609741211, 84.73555755615234, 86.22188568115234, 87.19336700439453, 86.45677947998047, 85.886474609375, 88.48146057128906, 89.22566986083984] prediction_age_sec=0.15 predictive_target=6 proactive=True scenario=s4-hybrid-predictive target_replicas=6 upper_forecasts=[130.86427307128906, 141.11294555664062, 143.8333740234375, 145.4393310546875, 146.8697509765625, 146.19818115234375, 146.018798828125, 148.38644409179688, 149.3050537109375]
2026-09-11 11:07:23 [debug    ] Decision loop completed        action=MAINTAIN latency_ms=276.13 p99=152.0
2026-09-11 11:07:38 [debug    ] GRU prediction received        confidence=0.6 latency_ms=8.67 predicted=144
2026-09-11 11:07:38 [debug    ] Using GRU prediction           confidence=0.6 forecast_capacity_signal=144.0 predicted=144 required_steps=3
2026-09-11 11:07:38 [info     ] algorithm2_scaling_decision    action=MAINTAIN alpha=0.060060060060060066 beta=0.0 buffer=1.0 current_replicas=6 predicted_load=144.0 required_resources=8.649 target_replicas=6
2026-09-11 11:07:38 [info     ] algorithm2_decision            action=MAINTAIN applied_target=6 current_replicas=6 hold_until=1789099748.7 observed_load=46.88 observed_target=3 point_forecasts=[69.54231262207031, 74.56643676757812, 77.49336242675781, 78.99147033691406, 80.39738464355469, 79.85940551757812, 80.50227355957031, 82.59185028076172, 83.56057739257812] prediction_age_sec=0.13 predictive_target=6 proactive=True scenario=s4-hybrid-predictive target_replicas=6 upper_forecasts=[124.43893432617188, 134.2903289794922, 136.5911865234375, 138.2089080810547, 140.07376098632812, 139.60079956054688, 140.6345977783203, 142.496826171875, 143.63995361328125]
2026-09-11 11:07:38 [debug    ] Decision loop completed        action=MAINTAIN latency_ms=233.37 p99=152.0
2026-09-11 11:07:53 [debug    ] HAProxy fallback latency       delta_requests=660 interval_avg_ms=189.96 max_rtime_ms=355.0 p99_est=355.0
2026-09-11 11:07:53 [debug    ] GRU prediction received        confidence=0.6 latency_ms=16.81 predicted=139
2026-09-11 11:07:53 [debug    ] Using GRU prediction           confidence=0.6 forecast_capacity_signal=139.0 predicted=139 required_steps=3
2026-09-11 11:07:53 [info     ] algorithm2_scaling_decision    action=MAINTAIN alpha=0.060060060060060066 beta=0.0 buffer=1.0 current_replicas=6 predicted_load=139.0 required_resources=8.348 target_replicas=6
2026-09-11 11:07:53 [info     ] algorithm2_decision            action=MAINTAIN applied_target=6 current_replicas=6 hold_until=1789099764.0 observed_load=43.49 observed_target=3 point_forecasts=[65.25738525390625, 69.3854751586914, 71.94324493408203, 73.03994750976562, 74.7829818725586, 74.62326049804688, 75.88887786865234, 77.36444854736328, 78.52871704101562] prediction_age_sec=0.12 predictive_target=6 proactive=True scenario=s4-hybrid-predictive target_replicas=6 upper_forecasts=[120.15400695800781, 129.10935974121094, 131.0410614013672, 132.25738525390625, 134.4593505859375, 134.36465454101562, 136.02120971679688, 137.26942443847656, 138.60809326171875]
2026-09-11 11:07:53 [debug    ] Decision loop completed        action=MAINTAIN latency_ms=225.14 p99=355.0
2026-09-11 11:08:09 [debug    ] HAProxy fallback latency       delta_requests=743 interval_avg_ms=178.22 max_rtime_ms=355.0 p99_est=355.0
2026-09-11 11:08:09 [debug    ] GRU prediction received        confidence=0.6 latency_ms=12.61 predicted=136
2026-09-11 11:08:09 [debug    ] Using GRU prediction           confidence=0.6 forecast_capacity_signal=136.0 predicted=136 required_steps=3
2026-09-11 11:08:09 [info     ] algorithm2_scaling_decision    action=MAINTAIN alpha=0.060060060060060066 beta=0.0 buffer=1.0 current_replicas=6 predicted_load=136.0 required_resources=8.168 target_replicas=6
2026-09-11 11:08:09 [info     ] algorithm2_decision            action=MAINTAIN applied_target=6 current_replicas=6 hold_until=1789099779.3 observed_load=45.99 observed_target=3 point_forecasts=[63.85600280761719, 66.94108581542969, 69.25312042236328, 70.1226806640625, 71.8233642578125, 71.81461334228516, 73.4249267578125, 74.42767333984375, 75.49417114257812] prediction_age_sec=0.19 predictive_target=6 proactive=True scenario=s4-hybrid-predictive target_replicas=6 upper_forecasts=[118.75262451171875, 126.66497802734375, 128.35093688964844, 129.34011840820312, 131.49974060058594, 131.55601501464844, 133.5572509765625, 134.33265686035156, 135.57354736328125]
2026-09-11 11:08:09 [debug    ] Decision loop completed        action=MAINTAIN latency_ms=328.05 p99=355.0
2026-09-11 11:08:24 [debug    ] GRU prediction received        confidence=0.6 latency_ms=8.05 predicted=133
2026-09-11 11:08:24 [debug    ] Using GRU prediction           confidence=0.6 forecast_capacity_signal=133.0 predicted=133 required_steps=3
2026-09-11 11:08:24 [info     ] algorithm2_scaling_decision    action=MAINTAIN alpha=0.060060060060060066 beta=0.0 buffer=1.0 current_replicas=6 predicted_load=133.0 required_resources=7.988 target_replicas=6
2026-09-11 11:08:24 [info     ] algorithm2_decision            action=MAINTAIN applied_target=6 current_replicas=6 hold_until=1789099794.5 observed_load=52.48 observed_target=4 point_forecasts=[64.28471374511719, 66.29927062988281, 68.11264038085938, 68.65461730957031, 70.23539733886719, 70.14079284667969, 71.78728485107422, 72.36280822753906, 73.27054595947266] prediction_age_sec=0.12 predictive_target=6 proactive=True scenario=s4-hybrid-predictive target_replicas=6 upper_forecasts=[119.18133544921875, 126.02316284179688, 127.21045684814453, 127.87205505371094, 129.91177368164062, 129.8822021484375, 131.91961669921875, 132.26779174804688, 133.3499298095703]
2026-09-11 11:08:24 [debug    ] Decision loop completed        action=MAINTAIN latency_ms=217.01 p99=355.0
2026-09-11 11:08:39 [debug    ] GRU prediction received        confidence=0.6 latency_ms=12.92 predicted=130
2026-09-11 11:08:39 [debug    ] Using GRU prediction           confidence=0.6 forecast_capacity_signal=130.0 predicted=130 required_steps=3
2026-09-11 11:08:39 [info     ] algorithm2_scaling_decision    action=MAINTAIN alpha=0.060060060060060066 beta=0.0 buffer=1.0 current_replicas=6 predicted_load=130.0 required_resources=7.808 target_replicas=6
2026-09-11 11:08:39 [info     ] algorithm2_decision            action=MAINTAIN applied_target=6 current_replicas=6 hold_until=1789099809.7 observed_load=53.57 observed_target=4 point_forecasts=[60.686439514160156, 63.6807746887207, 65.33305358886719, 65.91095733642578, 67.77430725097656, 67.5086669921875, 68.49211883544922, 69.22960662841797, 70.16231536865234] prediction_age_sec=0.14 predictive_target=6 proactive=True scenario=s4-hybrid-predictive target_replicas=6 upper_forecasts=[115.58305358886719, 123.4046630859375, 124.43087005615234, 125.1283950805664, 127.45068359375, 127.25006866455078, 128.62445068359375, 129.13458251953125, 130.24169921875]
2026-09-11 11:08:39 [debug    ] Decision loop completed        action=MAINTAIN latency_ms=249.43 p99=355.0
2026-09-11 11:08:54 [debug    ] HAProxy fallback latency       delta_requests=610 interval_avg_ms=67.0 max_rtime_ms=355.0 p99_est=134.0
2026-09-11 11:08:54 [debug    ] GRU prediction received        confidence=0.6 latency_ms=14.03 predicted=126
2026-09-11 11:08:54 [debug    ] Using GRU prediction           confidence=0.6 forecast_capacity_signal=126.0 predicted=126 required_steps=3
2026-09-11 11:08:54 [info     ] algorithm2_scaling_decision    action=MAINTAIN alpha=0.060060060060060066 beta=0.0 buffer=1.0 current_replicas=6 predicted_load=126.0 required_resources=7.568 target_replicas=6
2026-09-11 11:08:54 [info     ] algorithm2_decision            action=MAINTAIN applied_target=6 current_replicas=6 hold_until=1789099825.0 observed_load=45.43 observed_target=3 point_forecasts=[54.92498779296875, 59.33592224121094, 60.99678039550781, 61.841243743896484, 64.10140991210938, 63.425758361816406, 64.01583862304688, 65.17658996582031, 66.31434631347656] prediction_age_sec=0.12 predictive_target=6 proactive=True scenario=s4-hybrid-predictive target_replicas=6 upper_forecasts=[109.82160949707031, 119.059814453125, 120.09459686279297, 121.05868530273438, 123.77778625488281, 123.16716003417969, 124.14816284179688, 125.08157348632812, 126.39373016357422]
2026-09-11 11:08:54 [debug    ] Decision loop completed        action=MAINTAIN latency_ms=209.55 p99=134.0
2026-09-11 11:09:10 [debug    ] HAProxy fallback latency       delta_requests=580 interval_avg_ms=67.0 max_rtime_ms=355.0 p99_est=134.0
2026-09-11 11:09:10 [debug    ] GRU prediction received        confidence=0.6 latency_ms=8.57 predicted=123
2026-09-11 11:09:10 [debug    ] Using GRU prediction           confidence=0.6 forecast_capacity_signal=123.0 predicted=123 required_steps=3
2026-09-11 11:09:10 [info     ] algorithm2_scaling_decision    action=MAINTAIN alpha=0.060060060060060066 beta=0.0 buffer=1.0 current_replicas=6 predicted_load=123.0 required_resources=7.387 target_replicas=6
2026-09-11 11:09:10 [info     ] algorithm2_decision            action=MAINTAIN applied_target=6 current_replicas=6 hold_until=1789099840.1 observed_load=39.11 observed_target=3 point_forecasts=[51.96491241455078, 55.97700500488281, 57.444522857666016, 58.1607551574707, 60.47586441040039, 59.43042755126953, 60.37892532348633, 61.60727310180664, 62.86430740356445] prediction_age_sec=0.1 predictive_target=6 proactive=True scenario=s4-hybrid-predictive target_replicas=6 upper_forecasts=[106.86152648925781, 115.70089721679688, 116.54234313964844, 117.37818908691406, 120.15223693847656, 119.17182922363281, 120.5112533569336, 121.51225280761719, 122.94369506835938]
2026-09-11 11:09:10 [debug    ] Decision loop completed        action=MAINTAIN latency_ms=177.26 p99=134.0
2026-09-11 11:09:25 [debug    ] HAProxy fallback latency       delta_requests=603 interval_avg_ms=67.0 max_rtime_ms=355.0 p99_est=134.0
2026-09-11 11:09:25 [debug    ] GRU prediction received        confidence=0.6 latency_ms=6.36 predicted=121
2026-09-11 11:09:25 [debug    ] Using GRU prediction           confidence=0.6 forecast_capacity_signal=121.0 predicted=121 required_steps=3
2026-09-11 11:09:25 [info     ] algorithm2_scaling_decision    action=MAINTAIN alpha=0.060060060060060066 beta=0.0 buffer=1.0 current_replicas=6 predicted_load=121.0 required_resources=7.267 target_replicas=6
2026-09-11 11:09:25 [info     ] algorithm2_decision            action=MAINTAIN applied_target=6 current_replicas=6 hold_until=1789099855.4 observed_load=38.94 observed_target=3 point_forecasts=[50.65162658691406, 53.96134567260742, 55.30183029174805, 55.75157165527344, 58.03438949584961, 57.011714935302734, 58.19131088256836, 59.315818786621094, 60.57072830200195] prediction_age_sec=0.14 predictive_target=6 proactive=True scenario=s4-hybrid-predictive target_replicas=6 upper_forecasts=[105.54824829101562, 113.68523406982422, 114.39964294433594, 114.96900939941406, 117.71076965332031, 116.75311279296875, 118.32363891601562, 119.22079467773438, 120.65011596679688]
2026-09-11 11:09:25 [debug    ] Decision loop completed        action=MAINTAIN latency_ms=227.65 p99=134.0
2026-09-11 11:09:40 [debug    ] HAProxy fallback latency       delta_requests=628 interval_avg_ms=67.0 max_rtime_ms=355.0 p99_est=134.0
2026-09-11 11:09:40 [debug    ] GRU prediction received        confidence=0.6 latency_ms=4.97 predicted=119
2026-09-11 11:09:40 [debug    ] Using GRU prediction           confidence=0.6 forecast_capacity_signal=119.0 predicted=119 required_steps=3
2026-09-11 11:09:40 [info     ] algorithm2_scaling_decision    action=MAINTAIN alpha=0.060060060060060066 beta=0.0 buffer=1.0 current_replicas=6 predicted_load=119.0 required_resources=7.147 target_replicas=6
2026-09-11 11:09:40 [info     ] algorithm2_decision            action=MAINTAIN applied_target=6 current_replicas=6 hold_until=1789099870.6 observed_load=40.42 observed_target=3 point_forecasts=[50.047698974609375, 53.00591278076172, 54.27372360229492, 54.565673828125, 56.862342834472656, 55.909889221191406, 57.12533187866211, 58.125850677490234, 59.339176177978516] prediction_age_sec=0.15 predictive_target=6 proactive=True scenario=s4-hybrid-predictive target_replicas=6 upper_forecasts=[104.94432067871094, 112.72979736328125, 113.37153625488281, 113.78311157226562, 116.5387191772461, 115.65129089355469, 117.25765991210938, 118.03083038330078, 119.41856384277344]
2026-09-11 11:09:40 [debug    ] Decision loop completed        action=MAINTAIN latency_ms=237.47 p99=134.0
2026-09-11 11:09:55 [debug    ] HAProxy fallback latency       delta_requests=654 interval_avg_ms=67.0 max_rtime_ms=355.0 p99_est=134.0
2026-09-11 11:09:55 [debug    ] GRU prediction received        confidence=0.6 latency_ms=12.81 predicted=119
2026-09-11 11:09:55 [debug    ] Using GRU prediction           confidence=0.6 forecast_capacity_signal=119.0 predicted=119 required_steps=3
2026-09-11 11:09:55 [info     ] algorithm2_scaling_decision    action=MAINTAIN alpha=0.060060060060060066 beta=0.0 buffer=1.0 current_replicas=6 predicted_load=119.0 required_resources=7.147 target_replicas=6
2026-09-11 11:09:55 [info     ] algorithm2_decision            action=MAINTAIN applied_target=6 current_replicas=6 hold_until=1789099885.8 observed_load=42.07 observed_target=3 point_forecasts=[50.14183807373047, 52.8597297668457, 54.03764724731445, 54.23173904418945, 56.52550506591797, 55.5617790222168, 56.766754150390625, 57.65439224243164, 58.81785202026367] prediction_age_sec=0.12 predictive_target=6 proactive=True scenario=s4-hybrid-predictive target_replicas=6 upper_forecasts=[105.0384521484375, 112.5836181640625, 113.13546752929688, 113.44917297363281, 116.2018814086914, 115.30317687988281, 116.89907836914062, 117.55937194824219, 118.89723205566406]
2026-09-11 11:09:55 [debug    ] Decision loop completed        action=MAINTAIN latency_ms=199.25 p99=134.0
2026-09-11 11:10:10 [debug    ] HAProxy fallback latency       delta_requests=724 interval_avg_ms=187.62 max_rtime_ms=355.0 p99_est=355.0
2026-09-11 11:10:10 [debug    ] GRU prediction received        confidence=0.6 latency_ms=9.07 predicted=119
2026-09-11 11:10:10 [debug    ] Using GRU prediction           confidence=0.6 forecast_capacity_signal=119.0 predicted=119 required_steps=3
2026-09-11 11:10:11 [info     ] algorithm2_scaling_decision    action=MAINTAIN alpha=0.060060060060060066 beta=0.0 buffer=1.0 current_replicas=6 predicted_load=119.0 required_resources=7.147 target_replicas=6
2026-09-11 11:10:11 [info     ] algorithm2_decision            action=MAINTAIN applied_target=6 current_replicas=6 hold_until=1789099901.0 observed_load=45.27 observed_target=3 point_forecasts=[51.58267593383789, 53.671913146972656, 54.64469528198242, 54.59452819824219, 56.761962890625, 55.74592590332031, 57.00916290283203, 57.69435501098633, 58.7654914855957] prediction_age_sec=0.12 predictive_target=6 proactive=True scenario=s4-hybrid-predictive target_replicas=6 upper_forecasts=[106.47929382324219, 113.39579772949219, 113.74250793457031, 113.81196594238281, 116.43833923339844, 115.4873275756836, 117.14149475097656, 117.59933471679688, 118.84487915039062]
2026-09-11 11:10:11 [debug    ] Decision loop completed        action=MAINTAIN latency_ms=209.3 p99=355.0
2026-09-11 11:10:26 [debug    ] HAProxy fallback latency       delta_requests=513 interval_avg_ms=68.0 max_rtime_ms=355.0 p99_est=136.0
2026-09-11 11:10:26 [debug    ] GRU prediction received        confidence=0.6 latency_ms=7.3 predicted=116
2026-09-11 11:10:26 [debug    ] Using GRU prediction           confidence=0.6 forecast_capacity_signal=116.0 predicted=116 required_steps=3
2026-09-11 11:10:26 [info     ] algorithm2_scaling_decision    action=MAINTAIN alpha=0.060060060060060066 beta=0.0 buffer=1.0 current_replicas=6 predicted_load=116.0 required_resources=6.967 target_replicas=6
2026-09-11 11:10:26 [info     ] algorithm2_decision            action=MAINTAIN applied_target=6 current_replicas=6 hold_until=1789099916.2 observed_load=40.78 observed_target=3 point_forecasts=[46.187286376953125, 50.33631896972656, 51.54030990600586, 51.89849090576172, 54.51044845581055, 53.47072219848633, 53.90729904174805, 55.145503997802734, 56.40029525756836] prediction_age_sec=0.09 predictive_target=6 proactive=True scenario=s4-hybrid-predictive target_replicas=6 upper_forecasts=[101.08390808105469, 110.06021118164062, 110.63812255859375, 111.11592864990234, 114.18682861328125, 113.21212768554688, 114.03962707519531, 115.05048370361328, 116.47967529296875]
2026-09-11 11:10:26 [debug    ] Decision loop completed        action=MAINTAIN latency_ms=146.55 p99=136.0
2026-09-11 11:10:41 [debug    ] GRU prediction received        confidence=0.6 latency_ms=8.62 predicted=111
2026-09-11 11:10:41 [debug    ] Using GRU prediction           confidence=0.6 forecast_capacity_signal=111.0 predicted=111 required_steps=3
2026-09-11 11:10:41 [info     ] algorithm2_scaling_decision    action=MAINTAIN alpha=0.060060060060060066 beta=0.0 buffer=1.0 current_replicas=6 predicted_load=111.0 required_resources=6.667 target_replicas=6
2026-09-11 11:10:41 [info     ] algorithm2_decision            action=MAINTAIN applied_target=6 current_replicas=6 hold_until=1789099931.3 observed_load=17.0 observed_target=3 point_forecasts=[32.59562683105469, 41.00526428222656, 42.997684478759766, 44.876190185546875, 48.72902297973633, 47.162227630615234, 46.59074020385742, 49.472103118896484, 51.11174774169922] prediction_age_sec=0.1 predictive_target=6 proactive=True scenario=s4-hybrid-predictive target_replicas=6 upper_forecasts=[87.49224853515625, 100.72915649414062, 102.09550476074219, 104.0936279296875, 108.4053955078125, 106.90362548828125, 106.72306823730469, 109.37708282470703, 111.19113159179688]
2026-09-11 11:10:41 [debug    ] Decision loop completed        action=MAINTAIN latency_ms=168.73 p99=136.0
2026-09-11 11:10:56 [debug    ] GRU prediction received        confidence=0.6 latency_ms=13.15 predicted=108
2026-09-11 11:10:56 [debug    ] Using GRU prediction           confidence=0.6 forecast_capacity_signal=108.0 predicted=108 required_steps=3
2026-09-11 11:10:56 [info     ] algorithm2_scaling_decision    action=MAINTAIN alpha=0.060060060060060066 beta=0.0 buffer=1.0 current_replicas=6 predicted_load=108.0 required_resources=6.486 target_replicas=6
2026-09-11 11:10:56 [info     ] algorithm2_decision            action=MAINTAIN applied_target=6 current_replicas=6 hold_until=1789099946.7 observed_load=0.0 observed_target=3 point_forecasts=[29.288253784179688, 36.09359359741211, 38.10786437988281, 40.367950439453125, 44.182010650634766, 42.13227844238281, 43.141475677490234, 46.00577163696289, 47.663536071777344] prediction_age_sec=0.22 predictive_target=6 proactive=True scenario=s4-hybrid-predictive target_replicas=6 upper_forecasts=[84.18487548828125, 95.8174819946289, 97.20568084716797, 99.58538818359375, 103.85838317871094, 101.8736801147461, 103.2738037109375, 105.91075134277344, 107.742919921875]
2026-09-11 11:10:56 [debug    ] Decision loop completed        action=MAINTAIN latency_ms=371.76 p99=136.0
2026-09-11 11:11:11 [debug    ] GRU prediction received        confidence=0.6 latency_ms=15.7 predicted=106
2026-09-11 11:11:11 [debug    ] Using GRU prediction           confidence=0.6 forecast_capacity_signal=106.0 predicted=106 required_steps=3
2026-09-11 11:11:11 [info     ] algorithm2_scaling_decision    action=MAINTAIN alpha=0.060060060060060066 beta=0.0 buffer=1.0 current_replicas=6 predicted_load=106.0 required_resources=6.366 target_replicas=6
2026-09-11 11:11:11 [info     ] algorithm2_decision            action=MAINTAIN applied_target=6 current_replicas=6 hold_until=1789099962.0 observed_load=0.0 observed_target=3 point_forecasts=[26.52924346923828, 32.87483215332031, 35.14017105102539, 37.17225646972656, 41.070465087890625, 39.69001007080078, 41.18042755126953, 43.70316696166992, 45.42790985107422] prediction_age_sec=0.15 predictive_target=6 proactive=True scenario=s4-hybrid-predictive target_replicas=6 upper_forecasts=[81.42585754394531, 92.59872436523438, 94.23799133300781, 96.38969421386719, 100.74684143066406, 99.43141174316406, 101.31275939941406, 103.60814666748047, 105.50729370117188]
2026-09-11 11:11:11 [debug    ] Decision loop completed        action=MAINTAIN latency_ms=268.47 p99=136.0
2026-09-11 11:11:21 [info     ] Received shutdown signal
2026-09-11 11:11:21 [info     ] Stopping routing daemon...
2026-09-11 11:11:21 [info     ] Routing daemon stopped
