2026-09-14 04:29:50 [info     ] SLOMonitor initialized         threshold_ms=200.0 violation_window=30
2026-09-14 04:29:50 [info     ] Algorithm1ControllerV3 initialized max_knative=50 r_saturation=33.3 target_cpu_util=0.5 total_budget=1000
2026-09-14 04:29:50 [info     ] controller_selected            kind=Algorithm1ControllerV3 scenario=s4-hybrid-predictive version=v3
2026-09-14 04:29:50 [info     ] HAProxyWeightAdjuster initialized backend=servers host=localhost port=19999
2026-09-14 04:29:50 [info     ] GRUClient initialized          base_url=http://localhost:8090
2026-09-14 04:29:50 [info     ] K8sScaler initialized          deployment=test-app-warm namespace=default
2026-09-14 04:29:50 [info     ] RoutingDaemon initialized      decision_interval=15 description='Algorithm 1 with GRU predictions (Algorithm 2)' scenario=s4-hybrid-predictive use_algorithm=True use_predictions=True
2026-09-14 04:29:50 [info     ] Starting routing daemon        interval=15 scenario=s4-hybrid-predictive
2026-09-14 04:29:50 [info     ] Weights updated                k3s=80 knative=20
2026-09-14 04:29:50 [info     ] Initial weights applied        k3s=80 knative=20
2026-09-14 04:29:50 [info     ] Model status validated         prediction_horizon=9 sample_interval_sec=15 sequence_length=30
2026-09-14 04:29:50 [info     ] Model status validated on first eligible cycle prediction_horizon=9 sequence_length=30
2026-09-14 04:29:50 [info     ] controller_decision_v3         action=RECOVERY available_replicas=3 budget_remaining=1000 burn_adjustment=0 burst_ratio=0 capacity_deficit=False confidence=0 current_load=2.422222222222222 decision_id=4536cc63 k8s_capacity=49.9 k8s_weight=100 knative_weight=0 p99=81.5 predicted_load=0 r_effective=16.6 serverless_enabled=False total_load=2.4 weights_after={'k3s': 100, 'knative': 0} weights_before={'k3s': 80, 'knative': 20}
2026-09-14 04:29:50 [info     ] Weights updated                k3s=100 knative=0
2026-09-14 04:29:50 [info     ] Weights updated                action=RECOVERY reason='load=2RPS | k8s_cap=50RPS | (reducing-serverless)' weights={'k3s': 100, 'knative': 0}
2026-09-14 04:29:50 [info     ] algorithm2_scaling_decision    action=MAINTAIN alpha=0.060060060060060066 beta=0.0 buffer=1.0 current_replicas=3 predicted_load=2.422222222222222 required_resources=0.145 target_replicas=3
2026-09-14 04:29:50 [info     ] algorithm2_decision            action=MAINTAIN applied_target=3 current_replicas=3 hold_until=0.0 observed_load=2.42 observed_target=3 point_forecasts=None prediction_age_sec=None predictive_target=3 proactive=False scenario=s4-hybrid-predictive target_replicas=3 upper_forecasts=None
2026-09-14 04:29:50 [debug    ] Decision loop completed        action=RECOVERY latency_ms=130.3 p99=81.5000000000001
2026-09-14 04:30:05 [info     ] algorithm2_scaling_decision    action=MAINTAIN alpha=0.060060060060060066 beta=0.0 buffer=1.0 current_replicas=3 predicted_load=2.3318580555555553 required_resources=0.14 target_replicas=3
2026-09-14 04:30:05 [info     ] algorithm2_decision            action=MAINTAIN applied_target=3 current_replicas=3 hold_until=0.0 observed_load=2.33 observed_target=3 point_forecasts=None prediction_age_sec=None predictive_target=3 proactive=False scenario=s4-hybrid-predictive target_replicas=3 upper_forecasts=None
2026-09-14 04:30:05 [debug    ] Decision loop completed        action=MAINTAIN latency_ms=98.85 p99=86.99999999999994
2026-09-14 04:30:20 [info     ] algorithm2_scaling_decision    action=MAINTAIN alpha=0.060060060060060066 beta=0.0 buffer=1.0 current_replicas=3 predicted_load=2.274624722222222 required_resources=0.137 target_replicas=3
2026-09-14 04:30:20 [info     ] algorithm2_decision            action=MAINTAIN applied_target=3 current_replicas=3 hold_until=0.0 observed_load=2.27 observed_target=3 point_forecasts=None prediction_age_sec=None predictive_target=3 proactive=False scenario=s4-hybrid-predictive target_replicas=3 upper_forecasts=None
2026-09-14 04:30:20 [debug    ] Decision loop completed        action=MAINTAIN latency_ms=110.72 p99=0.99
2026-09-14 04:30:35 [info     ] algorithm2_scaling_decision    action=MAINTAIN alpha=0.060060060060060066 beta=0.0 buffer=1.0 current_replicas=3 predicted_load=5.393733333333333 required_resources=0.324 target_replicas=3
2026-09-14 04:30:35 [info     ] algorithm2_decision            action=MAINTAIN applied_target=3 current_replicas=3 hold_until=0.0 observed_load=5.39 observed_target=3 point_forecasts=None prediction_age_sec=None predictive_target=3 proactive=False scenario=s4-hybrid-predictive target_replicas=3 upper_forecasts=None
2026-09-14 04:30:35 [debug    ] Decision loop completed        action=MAINTAIN latency_ms=116.31 p99=99.68296067956425
2026-09-14 04:30:50 [info     ] algorithm2_scaling_decision    action=MAINTAIN alpha=0.060060060060060066 beta=0.0 buffer=1.0 current_replicas=3 predicted_load=16.19388296296296 required_resources=0.973 target_replicas=3
2026-09-14 04:30:50 [info     ] algorithm2_decision            action=MAINTAIN applied_target=3 current_replicas=3 hold_until=0.0 observed_load=16.19 observed_target=3 point_forecasts=None prediction_age_sec=None predictive_target=3 proactive=False scenario=s4-hybrid-predictive target_replicas=3 upper_forecasts=None
2026-09-14 04:30:50 [debug    ] Decision loop completed        action=MAINTAIN latency_ms=113.75 p99=99.79213980152883
2026-09-14 04:31:06 [info     ] algorithm2_scaling_decision    action=MAINTAIN alpha=0.060060060060060066 beta=0.0 buffer=1.0 current_replicas=3 predicted_load=30.202646666666666 required_resources=1.814 target_replicas=3
2026-09-14 04:31:06 [info     ] algorithm2_decision            action=MAINTAIN applied_target=3 current_replicas=3 hold_until=0.0 observed_load=30.2 observed_target=3 point_forecasts=None prediction_age_sec=None predictive_target=3 proactive=False scenario=s4-hybrid-predictive target_replicas=3 upper_forecasts=None
2026-09-14 04:31:06 [debug    ] Decision loop completed        action=MAINTAIN latency_ms=107.54 p99=120.77777777777825
2026-09-14 04:31:21 [info     ] algorithm2_scaling_decision    action=MAINTAIN alpha=0.060060060060060066 beta=0.0 buffer=1.0 current_replicas=3 predicted_load=41.65474185185186 required_resources=2.502 target_replicas=3
2026-09-14 04:31:21 [info     ] algorithm2_decision            action=MAINTAIN applied_target=3 current_replicas=3 hold_until=0.0 observed_load=41.65 observed_target=3 point_forecasts=None prediction_age_sec=None predictive_target=3 proactive=False scenario=s4-hybrid-predictive target_replicas=3 upper_forecasts=None
2026-09-14 04:31:21 [debug    ] Decision loop completed        action=MAINTAIN latency_ms=106.44 p99=141.30769230769195
2026-09-14 04:31:36 [warning  ] Knative pre-warm non-200       status=404
2026-09-14 04:31:36 [info     ] controller_decision_v3         action=REACTIVE available_replicas=3 budget_remaining=1000 burn_adjustment=0 burst_ratio=0.065 capacity_deficit=False confidence=0 current_load=53.42222222222223 decision_id=123a7b04 k8s_capacity=49.9 k8s_weight=93 knative_weight=7 p99=162.9 predicted_load=0 r_effective=16.6 serverless_enabled=True total_load=53.4 weights_after={'k3s': 93, 'knative': 7} weights_before={'k3s': 100, 'knative': 0}
2026-09-14 04:31:36 [info     ] Weights updated                k3s=93 knative=7
2026-09-14 04:31:36 [info     ] Weights updated                action=REACTIVE reason='load=53RPS | k8s_cap=50RPS | (burst-routing)' weights={'k3s': 93, 'knative': 7}
2026-09-14 04:31:36 [info     ] algorithm2_scaling_decision    action=SCALE_UP alpha=0.060060060060060066 beta=0.0 buffer=1.0 current_replicas=3 predicted_load=50.11723370370371 required_resources=3.01 target_replicas=4
2026-09-14 04:31:36 [info     ] algorithm2_decision            action=SCALE_UP applied_target=4 current_replicas=3 hold_until=0.0 observed_load=50.12 observed_target=4 point_forecasts=None prediction_age_sec=None predictive_target=3 proactive=False scenario=s4-hybrid-predictive target_replicas=4 upper_forecasts=None
2026-09-14 04:31:36 [info     ] k8s_scale_executed             deployment=test-app-warm replicas=4
2026-09-14 04:31:36 [debug    ] Decision loop completed        action=REACTIVE latency_ms=150.7 p99=162.87999999999994
2026-09-14 04:31:51 [info     ] controller_decision_v3         action=RECOVERY available_replicas=3 budget_remaining=1000 burn_adjustment=0 burst_ratio=0.0564 capacity_deficit=False confidence=0 current_load=52.933333333333344 decision_id=8e447a42 k8s_capacity=49.9 k8s_weight=94 knative_weight=6 p99=99.9 predicted_load=0 r_effective=16.6 serverless_enabled=True total_load=52.9 weights_after={'k3s': 94, 'knative': 6} weights_before={'k3s': 93, 'knative': 7}
2026-09-14 04:31:51 [info     ] Weights updated                k3s=94 knative=6
2026-09-14 04:31:51 [info     ] Weights updated                action=RECOVERY reason='load=53RPS | k8s_cap=50RPS | (reducing-serverless)' weights={'k3s': 94, 'knative': 6}
2026-09-14 04:31:51 [info     ] algorithm2_scaling_decision    action=MAINTAIN alpha=0.060060060060060066 beta=0.0 buffer=1.0 current_replicas=4 predicted_load=53.17777777777779 required_resources=3.194 target_replicas=4
2026-09-14 04:31:51 [info     ] algorithm2_decision            action=MAINTAIN applied_target=4 current_replicas=4 hold_until=0.0 observed_load=53.18 observed_target=4 point_forecasts=None prediction_age_sec=None predictive_target=3 proactive=False scenario=s4-hybrid-predictive target_replicas=4 upper_forecasts=None
2026-09-14 04:31:51 [debug    ] Decision loop completed        action=RECOVERY latency_ms=147.37 p99=99.85442073170732
2026-09-14 04:32:06 [info     ] controller_decision_v3         action=RECOVERY available_replicas=3 budget_remaining=1000 burn_adjustment=0 burst_ratio=0 capacity_deficit=False confidence=0 current_load=46.35555555555556 decision_id=6feb4c80 k8s_capacity=49.9 k8s_weight=100 knative_weight=0 p99=99.9 predicted_load=0 r_effective=16.6 serverless_enabled=False total_load=46.4 weights_after={'k3s': 100, 'knative': 0} weights_before={'k3s': 94, 'knative': 6}
2026-09-14 04:32:06 [info     ] Weights updated                k3s=100 knative=0
2026-09-14 04:32:06 [info     ] Weights updated                action=RECOVERY reason='load=46RPS | k8s_cap=50RPS | (reducing-serverless)' weights={'k3s': 100, 'knative': 0}
2026-09-14 04:32:06 [info     ] algorithm2_scaling_decision    action=MAINTAIN alpha=0.060060060060060066 beta=0.0 buffer=1.0 current_replicas=4 predicted_load=49.64444444444445 required_resources=2.982 target_replicas=3
2026-09-14 04:32:06 [info     ] algorithm2_decision            action=MAINTAIN applied_target=3 current_replicas=4 hold_until=0.0 observed_load=49.64 observed_target=3 point_forecasts=None prediction_age_sec=None predictive_target=3 proactive=False scenario=s4-hybrid-predictive target_replicas=3 upper_forecasts=None
2026-09-14 04:32:06 [debug    ] Decision loop completed        action=RECOVERY latency_ms=146.67 p99=99.92227378190255
2026-09-14 04:32:21 [info     ] algorithm2_scaling_decision    action=MAINTAIN alpha=0.060060060060060066 beta=0.0 buffer=1.0 current_replicas=4 predicted_load=40.56666666666668 required_resources=2.436 target_replicas=3
2026-09-14 04:32:21 [info     ] algorithm2_decision            action=MAINTAIN applied_target=3 current_replicas=4 hold_until=0.0 observed_load=40.57 observed_target=3 point_forecasts=None prediction_age_sec=None predictive_target=3 proactive=False scenario=s4-hybrid-predictive target_replicas=3 upper_forecasts=None
2026-09-14 04:32:21 [debug    ] Decision loop completed        action=MAINTAIN latency_ms=108.11 p99=99.72252010723862
2026-09-14 04:32:36 [info     ] algorithm2_scaling_decision    action=MAINTAIN alpha=0.060060060060060066 beta=0.0 buffer=1.0 current_replicas=4 predicted_load=31.96666666666666 required_resources=1.92 target_replicas=3
2026-09-14 04:32:36 [info     ] algorithm2_decision            action=MAINTAIN applied_target=3 current_replicas=4 hold_until=0.0 observed_load=31.97 observed_target=3 point_forecasts=None prediction_age_sec=None predictive_target=3 proactive=False scenario=s4-hybrid-predictive target_replicas=3 upper_forecasts=None
2026-09-14 04:32:36 [debug    ] Decision loop completed        action=MAINTAIN latency_ms=111.77 p99=99.58271604938273
2026-09-14 04:32:51 [info     ] algorithm2_scaling_decision    action=MAINTAIN alpha=0.060060060060060066 beta=0.0 buffer=1.0 current_replicas=4 predicted_load=30.96666666666666 required_resources=1.86 target_replicas=3
2026-09-14 04:32:51 [info     ] algorithm2_decision            action=MAINTAIN applied_target=3 current_replicas=4 hold_until=0.0 observed_load=30.97 observed_target=3 point_forecasts=None prediction_age_sec=None predictive_target=3 proactive=False scenario=s4-hybrid-predictive target_replicas=3 upper_forecasts=None
2026-09-14 04:32:51 [debug    ] Decision loop completed        action=MAINTAIN latency_ms=111.55 p99=109.99999999999864
2026-09-14 04:33:07 [info     ] algorithm2_scaling_decision    action=MAINTAIN alpha=0.060060060060060066 beta=0.0 buffer=1.0 current_replicas=4 predicted_load=38.08888888888889 required_resources=2.288 target_replicas=3
2026-09-14 04:33:07 [info     ] algorithm2_decision            action=MAINTAIN applied_target=3 current_replicas=4 hold_until=0.0 observed_load=38.09 observed_target=3 point_forecasts=None prediction_age_sec=None predictive_target=3 proactive=False scenario=s4-hybrid-predictive target_replicas=3 upper_forecasts=None
2026-09-14 04:33:07 [debug    ] Decision loop completed        action=MAINTAIN latency_ms=110.04 p99=155.75000000000006
2026-09-14 04:33:22 [info     ] algorithm2_scaling_decision    action=MAINTAIN alpha=0.060060060060060066 beta=0.0 buffer=1.0 current_replicas=4 predicted_load=46.144444444444446 required_resources=2.771 target_replicas=3
2026-09-14 04:33:22 [info     ] algorithm2_decision            action=MAINTAIN applied_target=3 current_replicas=4 hold_until=0.0 observed_load=46.14 observed_target=3 point_forecasts=None prediction_age_sec=None predictive_target=3 proactive=False scenario=s4-hybrid-predictive target_replicas=3 upper_forecasts=None
2026-09-14 04:33:22 [debug    ] Decision loop completed        action=MAINTAIN latency_ms=115.83 p99=102.14285714285522
2026-09-14 04:33:37 [info     ] Scale readiness observed       elapsed_sec=121.0 ewma_delay=60.0 samples=0 target=4
2026-09-14 04:33:37 [info     ] algorithm2_scaling_decision    action=MAINTAIN alpha=0.060060060060060066 beta=0.0 buffer=1.0 current_replicas=4 predicted_load=49.422222222222224 required_resources=2.968 target_replicas=3
2026-09-14 04:33:37 [info     ] algorithm2_decision            action=MAINTAIN applied_target=3 current_replicas=4 hold_until=0.0 observed_load=49.42 observed_target=3 point_forecasts=None prediction_age_sec=None predictive_target=3 proactive=False scenario=s4-hybrid-predictive target_replicas=3 upper_forecasts=None
2026-09-14 04:33:37 [debug    ] Decision loop completed        action=MAINTAIN latency_ms=110.38 p99=99.62888198757763
2026-09-14 04:33:52 [info     ] algorithm2_scaling_decision    action=MAINTAIN alpha=0.060060060060060066 beta=0.0 buffer=1.0 current_replicas=4 predicted_load=48.77657888888889 required_resources=2.93 target_replicas=3
2026-09-14 04:33:52 [info     ] algorithm2_decision            action=MAINTAIN applied_target=3 current_replicas=4 hold_until=0.0 observed_load=48.78 observed_target=3 point_forecasts=None prediction_age_sec=None predictive_target=3 proactive=False scenario=s4-hybrid-predictive target_replicas=3 upper_forecasts=None
2026-09-14 04:33:52 [debug    ] Decision loop completed        action=MAINTAIN latency_ms=111.93 p99=135.3109333333334
2026-09-14 04:34:07 [info     ] algorithm2_scaling_decision    action=MAINTAIN alpha=0.060060060060060066 beta=0.0 buffer=1.0 current_replicas=4 predicted_load=49.27049805555556 required_resources=2.959 target_replicas=3
2026-09-14 04:34:07 [info     ] algorithm2_decision            action=MAINTAIN applied_target=3 current_replicas=4 hold_until=0.0 observed_load=49.27 observed_target=3 point_forecasts=None prediction_age_sec=None predictive_target=3 proactive=False scenario=s4-hybrid-predictive target_replicas=3 upper_forecasts=None
2026-09-14 04:34:07 [debug    ] Decision loop completed        action=MAINTAIN latency_ms=112.64 p99=153.49999999999986
2026-09-14 04:34:22 [info     ] algorithm2_scaling_decision    action=MAINTAIN alpha=0.060060060060060066 beta=0.0 buffer=1.0 current_replicas=4 predicted_load=54.2793562037037 required_resources=3.26 target_replicas=4
2026-09-14 04:34:22 [info     ] algorithm2_decision            action=MAINTAIN applied_target=4 current_replicas=4 hold_until=0.0 observed_load=54.28 observed_target=4 point_forecasts=None prediction_age_sec=None predictive_target=3 proactive=False scenario=s4-hybrid-predictive target_replicas=4 upper_forecasts=None
2026-09-14 04:34:22 [debug    ] Decision loop completed        action=MAINTAIN latency_ms=117.24 p99=146.05882352941165
2026-09-14 04:34:37 [info     ] algorithm2_scaling_decision    action=MAINTAIN alpha=0.060060060060060066 beta=0.0 buffer=1.0 current_replicas=4 predicted_load=60.159022870370364 required_resources=3.613 target_replicas=4
2026-09-14 04:34:37 [info     ] algorithm2_decision            action=MAINTAIN applied_target=4 current_replicas=4 hold_until=0.0 observed_load=60.16 observed_target=4 point_forecasts=None prediction_age_sec=None predictive_target=3 proactive=False scenario=s4-hybrid-predictive target_replicas=4 upper_forecasts=None
2026-09-14 04:34:37 [debug    ] Decision loop completed        action=MAINTAIN latency_ms=124.96 p99=145.6315789473687
2026-09-14 04:34:52 [warning  ] Knative pre-warm non-200       status=404
2026-09-14 04:34:52 [info     ] controller_decision_v3         action=REACTIVE available_replicas=4 budget_remaining=1000 burn_adjustment=0 burst_ratio=0.0167 capacity_deficit=False confidence=0 current_load=67.7333333333333 decision_id=1a0b8808 k8s_capacity=66.6 k8s_weight=98 knative_weight=2 p99=174.3 predicted_load=0 r_effective=16.6 serverless_enabled=True total_load=67.7 weights_after={'k3s': 98, 'knative': 2} weights_before={'k3s': 100, 'knative': 0}
2026-09-14 04:34:52 [info     ] Weights updated                k3s=98 knative=2
2026-09-14 04:34:52 [info     ] Weights updated                action=REACTIVE reason='load=68RPS | k8s_cap=67RPS | (burst-routing)' weights={'k3s': 98, 'knative': 2}
2026-09-14 04:34:52 [info     ] algorithm2_scaling_decision    action=MAINTAIN alpha=0.060060060060060066 beta=0.0 buffer=1.0 current_replicas=4 predicted_load=65.21803027777776 required_resources=3.917 target_replicas=4
2026-09-14 04:34:52 [info     ] algorithm2_decision            action=MAINTAIN applied_target=4 current_replicas=4 hold_until=0.0 observed_load=65.22 observed_target=4 point_forecasts=None prediction_age_sec=None predictive_target=3 proactive=False scenario=s4-hybrid-predictive target_replicas=4 upper_forecasts=None
2026-09-14 04:34:52 [debug    ] Decision loop completed        action=REACTIVE latency_ms=118.05 p99=174.3428571428574
2026-09-14 04:35:07 [info     ] controller_decision_v3         action=REACTIVE available_replicas=4 budget_remaining=1000 burn_adjustment=0 burst_ratio=0.1091 capacity_deficit=False confidence=0 current_load=74.75555555555553 decision_id=653baa76 k8s_capacity=66.6 k8s_weight=89 knative_weight=11 p99=152.6 predicted_load=0 r_effective=16.6 serverless_enabled=True total_load=74.8 weights_after={'k3s': 89, 'knative': 11} weights_before={'k3s': 98, 'knative': 2}
2026-09-14 04:35:07 [info     ] Weights updated                k3s=89 knative=11
2026-09-14 04:35:07 [info     ] Weights updated                action=REACTIVE reason='load=75RPS | k8s_cap=67RPS | (burst-routing)' weights={'k3s': 89, 'knative': 11}
2026-09-14 04:35:07 [info     ] algorithm2_scaling_decision    action=SCALE_UP alpha=0.060060060060060066 beta=0.0 buffer=1.0 current_replicas=4 predicted_load=71.24444444444441 required_resources=4.279 target_replicas=5
2026-09-14 04:35:07 [info     ] algorithm2_decision            action=SCALE_UP applied_target=5 current_replicas=4 hold_until=0.0 observed_load=71.24 observed_target=5 point_forecasts=None prediction_age_sec=None predictive_target=3 proactive=False scenario=s4-hybrid-predictive target_replicas=5 upper_forecasts=None
2026-09-14 04:35:08 [info     ] k8s_scale_executed             deployment=test-app-warm replicas=5
2026-09-14 04:35:08 [debug    ] Decision loop completed        action=REACTIVE latency_ms=153.76 p99=152.57692307692255
2026-09-14 04:35:23 [info     ] controller_decision_v3         action=RECOVERY available_replicas=5 budget_remaining=1000 burn_adjustment=0 burst_ratio=0 capacity_deficit=False confidence=0 current_load=81.55555555555551 decision_id=31723e75 k8s_capacity=83.2 k8s_weight=100 knative_weight=0 p99=146.1 predicted_load=0 r_effective=16.6 serverless_enabled=False total_load=81.6 weights_after={'k3s': 100, 'knative': 0} weights_before={'k3s': 89, 'knative': 11}
2026-09-14 04:35:23 [info     ] Weights updated                k3s=100 knative=0
2026-09-14 04:35:23 [info     ] Weights updated                action=RECOVERY reason='load=82RPS | k8s_cap=83RPS | (reducing-serverless)' weights={'k3s': 100, 'knative': 0}
2026-09-14 04:35:23 [info     ] Scale readiness observed       elapsed_sec=15.2 ewma_delay=60.0 samples=0 target=5
2026-09-14 04:35:23 [info     ] algorithm2_scaling_decision    action=MAINTAIN alpha=0.060060060060060066 beta=0.0 buffer=1.0 current_replicas=5 predicted_load=78.15555555555552 required_resources=4.694 target_replicas=5
2026-09-14 04:35:23 [info     ] algorithm2_decision            action=MAINTAIN applied_target=5 current_replicas=5 hold_until=0.0 observed_load=78.16 observed_target=5 point_forecasts=None prediction_age_sec=None predictive_target=3 proactive=False scenario=s4-hybrid-predictive target_replicas=5 upper_forecasts=None
2026-09-14 04:35:23 [debug    ] Decision loop completed        action=RECOVERY latency_ms=159.39 p99=146.13043478260906
2026-09-14 04:35:38 [warning  ] Knative pre-warm non-200       status=404
2026-09-14 04:35:38 [info     ] controller_decision_v3         action=REACTIVE available_replicas=5 budget_remaining=1000 burn_adjustment=0 burst_ratio=0.0964 capacity_deficit=False confidence=0 current_load=92.13333333333331 decision_id=74119b4d k8s_capacity=83.2 k8s_weight=90 knative_weight=10 p99=143.3 predicted_load=0 r_effective=16.6 serverless_enabled=True total_load=92.1 weights_after={'k3s': 90, 'knative': 10} weights_before={'k3s': 100, 'knative': 0}
2026-09-14 04:35:38 [info     ] Weights updated                k3s=90 knative=10
2026-09-14 04:35:38 [info     ] Weights updated                action=REACTIVE reason='load=92RPS | k8s_cap=83RPS | (burst-routing)' weights={'k3s': 90, 'knative': 10}
2026-09-14 04:35:38 [info     ] algorithm2_scaling_decision    action=SCALE_UP alpha=0.060060060060060066 beta=0.0 buffer=1.0 current_replicas=5 predicted_load=86.8444444444444 required_resources=5.216 target_replicas=6
2026-09-14 04:35:38 [info     ] algorithm2_decision            action=SCALE_UP applied_target=6 current_replicas=5 hold_until=0.0 observed_load=86.84 observed_target=6 point_forecasts=None prediction_age_sec=None predictive_target=3 proactive=False scenario=s4-hybrid-predictive target_replicas=6 upper_forecasts=None
2026-09-14 04:35:38 [info     ] k8s_scale_executed             deployment=test-app-warm replicas=6
2026-09-14 04:35:38 [debug    ] Decision loop completed        action=REACTIVE latency_ms=160.88 p99=143.30769230769192
2026-09-14 04:35:53 [info     ] controller_decision_v3         action=RECOVERY available_replicas=6 budget_remaining=1000 burn_adjustment=0 burst_ratio=0 capacity_deficit=False confidence=0 current_load=98.80670444444442 decision_id=5b708aa8 k8s_capacity=99.9 k8s_weight=100 knative_weight=0 p99=160.5 predicted_load=0 r_effective=16.6 serverless_enabled=False total_load=98.8 weights_after={'k3s': 100, 'knative': 0} weights_before={'k3s': 90, 'knative': 10}
2026-09-14 04:35:53 [info     ] Weights updated                k3s=100 knative=0
2026-09-14 04:35:53 [info     ] Weights updated                action=RECOVERY reason='load=99RPS | k8s_cap=100RPS | (reducing-serverless)' weights={'k3s': 100, 'knative': 0}
2026-09-14 04:35:53 [info     ] Scale readiness observed       elapsed_sec=15.2 ewma_delay=60.0 samples=0 target=6
2026-09-14 04:35:53 [info     ] algorithm2_scaling_decision    action=MAINTAIN alpha=0.060060060060060066 beta=0.0 buffer=1.0 current_replicas=6 predicted_load=95.47001888888886 required_resources=5.734 target_replicas=6
2026-09-14 04:35:53 [info     ] algorithm2_decision            action=MAINTAIN applied_target=6 current_replicas=6 hold_until=0.0 observed_load=95.47 observed_target=6 point_forecasts=None prediction_age_sec=None predictive_target=3 proactive=False scenario=s4-hybrid-predictive target_replicas=6 upper_forecasts=None
2026-09-14 04:35:53 [debug    ] Decision loop completed        action=RECOVERY latency_ms=160.57 p99=160.45161290322486
2026-09-14 04:36:08 [warning  ] Knative pre-warm non-200       status=404
2026-09-14 04:36:08 [info     ] controller_decision_v3         action=REACTIVE available_replicas=6 budget_remaining=1000 burn_adjustment=0 burst_ratio=0.1237 capacity_deficit=False confidence=0 current_load=114.00541777777775 decision_id=3073b194 k8s_capacity=99.9 k8s_weight=87 knative_weight=13 p99=182.3 predicted_load=0 r_effective=16.6 serverless_enabled=True total_load=114.0 weights_after={'k3s': 87, 'knative': 13} weights_before={'k3s': 100, 'knative': 0}
2026-09-14 04:36:08 [info     ] Weights updated                k3s=87 knative=13
2026-09-14 04:36:08 [info     ] Weights updated                action=REACTIVE reason='load=114RPS | k8s_cap=100RPS | (burst-routing)' weights={'k3s': 87, 'knative': 13}
2026-09-14 04:36:08 [info     ] algorithm2_scaling_decision    action=SCALE_UP alpha=0.060060060060060066 beta=0.0 buffer=1.0 current_replicas=6 predicted_load=106.40606111111109 required_resources=6.391 target_replicas=7
2026-09-14 04:36:08 [info     ] algorithm2_decision            action=SCALE_UP applied_target=7 current_replicas=6 hold_until=0.0 observed_load=106.41 observed_target=7 point_forecasts=None prediction_age_sec=None predictive_target=3 proactive=False scenario=s4-hybrid-predictive target_replicas=7 upper_forecasts=None
2026-09-14 04:36:08 [info     ] k8s_scale_executed             deployment=test-app-warm replicas=7
2026-09-14 04:36:08 [debug    ] Decision loop completed        action=REACTIVE latency_ms=165.8 p99=182.34181333333336
2026-09-14 04:36:23 [info     ] algorithm2_scaling_decision    action=MAINTAIN alpha=0.060060060060060066 beta=0.0 buffer=1.0 current_replicas=7 predicted_load=114.25914444444442 required_resources=6.862 target_replicas=7
2026-09-14 04:36:23 [info     ] algorithm2_decision            action=MAINTAIN applied_target=7 current_replicas=7 hold_until=0.0 observed_load=114.26 observed_target=7 point_forecasts=None prediction_age_sec=None predictive_target=3 proactive=False scenario=s4-hybrid-predictive target_replicas=7 upper_forecasts=None
2026-09-14 04:36:23 [debug    ] Decision loop completed        action=MAINTAIN latency_ms=109.18 p99=144.48275862068996
2026-09-14 04:36:38 [info     ] controller_decision_v3         action=RECOVERY available_replicas=6 budget_remaining=1000 burn_adjustment=0 burst_ratio=0.0295 capacity_deficit=False confidence=0 current_load=102.93783166666665 decision_id=b3c7a655 k8s_capacity=99.9 k8s_weight=97 knative_weight=3 p99=99.7 predicted_load=0 r_effective=16.6 serverless_enabled=True total_load=102.9 weights_after={'k3s': 97, 'knative': 3} weights_before={'k3s': 87, 'knative': 13}
2026-09-14 04:36:38 [info     ] Weights updated                k3s=97 knative=3
2026-09-14 04:36:38 [info     ] Weights updated                action=RECOVERY reason='load=103RPS | k8s_cap=100RPS | (reducing-serverless)' weights={'k3s': 97, 'knative': 3}
2026-09-14 04:36:38 [info     ] algorithm2_scaling_decision    action=MAINTAIN alpha=0.060060060060060066 beta=0.0 buffer=1.0 current_replicas=7 predicted_load=108.72535138888887 required_resources=6.53 target_replicas=7
2026-09-14 04:36:38 [info     ] algorithm2_decision            action=MAINTAIN applied_target=7 current_replicas=7 hold_until=0.0 observed_load=108.73 observed_target=7 point_forecasts=None prediction_age_sec=None predictive_target=3 proactive=False scenario=s4-hybrid-predictive target_replicas=7 upper_forecasts=None
2026-09-14 04:36:38 [debug    ] Decision loop completed        action=RECOVERY latency_ms=143.36 p99=99.69422911283375
2026-09-14 04:36:54 [info     ] controller_decision_v3         action=RECOVERY available_replicas=6 budget_remaining=1000 burn_adjustment=0 burst_ratio=0 capacity_deficit=False confidence=0 current_load=88.20000000000002 decision_id=c7be4865 k8s_capacity=99.9 k8s_weight=100 knative_weight=0 p99=99.8 predicted_load=0 r_effective=16.6 serverless_enabled=False total_load=88.2 weights_after={'k3s': 100, 'knative': 0} weights_before={'k3s': 97, 'knative': 3}
2026-09-14 04:36:54 [info     ] Weights updated                k3s=100 knative=0
2026-09-14 04:36:54 [info     ] Weights updated                action=RECOVERY reason='load=88RPS | k8s_cap=100RPS | (reducing-serverless)' weights={'k3s': 100, 'knative': 0}
2026-09-14 04:36:54 [info     ] algorithm2_scaling_decision    action=MAINTAIN alpha=0.060060060060060066 beta=0.0 buffer=1.0 current_replicas=7 predicted_load=95.56891583333334 required_resources=5.74 target_replicas=6
2026-09-14 04:36:54 [info     ] algorithm2_decision            action=MAINTAIN applied_target=6 current_replicas=7 hold_until=0.0 observed_load=95.57 observed_target=6 point_forecasts=None prediction_age_sec=None predictive_target=3 proactive=False scenario=s4-hybrid-predictive target_replicas=6 upper_forecasts=None
2026-09-14 04:36:54 [debug    ] Decision loop completed        action=RECOVERY latency_ms=147.98 p99=99.79516423357666
2026-09-14 04:37:09 [debug    ] GRU prediction received        confidence=0.6 latency_ms=9.14 predicted=123
2026-09-14 04:37:09 [debug    ] Using GRU prediction           confidence=0.6 forecast_capacity_signal=123.0 predicted=123 required_steps=7
2026-09-14 04:37:09 [info     ] algorithm2_scaling_decision    action=SCALE_UP alpha=0.060060060060060066 beta=0.0 buffer=1.0 current_replicas=7 predicted_load=123.0 required_resources=7.387 target_replicas=8
2026-09-14 04:37:09 [info     ] algorithm2_decision            action=SCALE_UP applied_target=8 current_replicas=7 hold_until=1789335519.2 observed_load=82.38 observed_target=5 point_forecasts=[66.41780853271484, 62.925025939941406, 59.013519287109375, 56.321353912353516, 55.67591857910156, 52.46416473388672, 52.00315475463867, 51.43807601928711, 51.7061882019043] prediction_age_sec=0.07 predictive_target=8 proactive=True scenario=s4-hybrid-predictive target_replicas=8 upper_forecasts=[121.31442260742188, 122.64891052246094, 118.11133575439453, 115.53878784179688, 115.352294921875, 112.20556640625, 112.13548278808594, 111.34305572509766, 111.78556823730469]
2026-09-14 04:37:09 [info     ] k8s_scale_executed             deployment=test-app-warm replicas=8
2026-09-14 04:37:09 [debug    ] Decision loop completed        action=MAINTAIN latency_ms=160.98 p99=99.77021696252467
2026-09-14 04:37:24 [debug    ] GRU prediction received        confidence=0.6 latency_ms=17.75 predicted=123
2026-09-14 04:37:24 [debug    ] Using GRU prediction           confidence=0.6 forecast_capacity_signal=123.0 predicted=123 required_steps=7
2026-09-14 04:37:24 [info     ] algorithm2_scaling_decision    action=MAINTAIN alpha=0.060060060060060066 beta=0.0 buffer=1.0 current_replicas=8 predicted_load=123.0 required_resources=7.387 target_replicas=8
2026-09-14 04:37:24 [info     ] algorithm2_decision            action=MAINTAIN applied_target=8 current_replicas=8 hold_until=1789335534.4 observed_load=73.29 observed_target=5 point_forecasts=[65.06817626953125, 63.03982925415039, 60.325767517089844, 57.21416091918945, 56.88220977783203, 54.61980438232422, 54.713905334472656, 54.49626922607422, 54.80986404418945] prediction_age_sec=0.08 predictive_target=8 proactive=True scenario=s4-hybrid-predictive target_replicas=8 upper_forecasts=[119.96479797363281, 122.76371765136719, 119.423583984375, 116.43159484863281, 116.55858612060547, 114.3612060546875, 114.84623718261719, 114.4012451171875, 114.88925170898438]
2026-09-14 04:37:24 [debug    ] Decision loop completed        action=MAINTAIN latency_ms=134.79 p99=99.69775280898877
2026-09-14 04:37:39 [debug    ] GRU prediction received        confidence=0.6 latency_ms=9.02 predicted=123
2026-09-14 04:37:39 [debug    ] Using GRU prediction           confidence=0.6 forecast_capacity_signal=123.0 predicted=123 required_steps=7
2026-09-14 04:37:39 [info     ] algorithm2_scaling_decision    action=MAINTAIN alpha=0.060060060060060066 beta=0.0 buffer=1.0 current_replicas=8 predicted_load=123.0 required_resources=7.387 target_replicas=8
2026-09-14 04:37:39 [info     ] algorithm2_decision            action=MAINTAIN applied_target=8 current_replicas=8 hold_until=1789335549.5 observed_load=67.21 observed_target=5 point_forecasts=[63.81330108642578, 63.17158508300781, 61.391456604003906, 58.39651107788086, 58.48173522949219, 56.824951171875, 57.07518768310547, 57.323448181152344, 57.70241165161133] prediction_age_sec=0.08 predictive_target=8 proactive=True scenario=s4-hybrid-predictive target_replicas=8 upper_forecasts=[118.70991516113281, 122.89547729492188, 120.48927307128906, 117.61395263671875, 118.15811157226562, 116.56635284423828, 117.20751953125, 117.22842407226562, 117.78179931640625]
2026-09-14 04:37:39 [debug    ] Decision loop completed        action=MAINTAIN latency_ms=128.72 p99=99.76631079478054
2026-09-14 04:37:54 [debug    ] GRU prediction received        confidence=0.6 latency_ms=9.47 predicted=126
2026-09-14 04:37:54 [debug    ] Using GRU prediction           confidence=0.6 forecast_capacity_signal=126.0 predicted=126 required_steps=7
2026-09-14 04:37:54 [info     ] algorithm2_scaling_decision    action=MAINTAIN alpha=0.060060060060060066 beta=0.0 buffer=1.0 current_replicas=8 predicted_load=126.0 required_resources=7.568 target_replicas=8
2026-09-14 04:37:54 [info     ] algorithm2_decision            action=MAINTAIN applied_target=8 current_replicas=8 hold_until=1789335564.6 observed_load=69.31 observed_target=5 point_forecasts=[68.48301696777344, 66.51063537597656, 64.83150482177734, 62.22389602661133, 62.09090042114258, 60.66745376586914, 61.347171783447266, 61.43168640136719, 61.70259094238281] prediction_age_sec=0.07 predictive_target=8 proactive=True scenario=s4-hybrid-predictive target_replicas=8 upper_forecasts=[123.379638671875, 126.23452758789062, 123.9293212890625, 121.44132995605469, 121.76727294921875, 120.40885925292969, 121.47949981689453, 121.336669921875, 121.78197479248047]
2026-09-14 04:37:54 [debug    ] Decision loop completed        action=MAINTAIN latency_ms=124.23 p99=186.2315789473684
2026-09-14 04:38:09 [debug    ] GRU prediction received        confidence=0.6 latency_ms=8.9 predicted=134
2026-09-14 04:38:09 [debug    ] Using GRU prediction           confidence=0.6 forecast_capacity_signal=134.0 predicted=134 required_steps=7
2026-09-14 04:38:09 [info     ] Scale readiness observed       elapsed_sec=60.5 ewma_delay=60.0 samples=0 target=8
2026-09-14 04:38:09 [info     ] algorithm2_scaling_decision    action=SCALE_UP alpha=0.060060060060060066 beta=0.0 buffer=1.0 current_replicas=8 predicted_load=134.0 required_resources=8.048 target_replicas=9
2026-09-14 04:38:09 [info     ] algorithm2_decision            action=SCALE_UP applied_target=9 current_replicas=8 hold_until=1789335579.8 observed_load=86.23 observed_target=6 point_forecasts=[79.11023712158203, 73.80987548828125, 71.54589080810547, 69.33454132080078, 68.64326477050781, 67.35940551757812, 67.7269515991211, 67.04229736328125, 67.1178970336914] prediction_age_sec=0.08 predictive_target=9 proactive=True scenario=s4-hybrid-predictive target_replicas=9 upper_forecasts=[134.00685119628906, 133.5337677001953, 130.64370727539062, 128.55197143554688, 128.31964111328125, 127.1008071899414, 127.85928344726562, 126.94728088378906, 127.19728088378906]
2026-09-14 04:38:09 [info     ] k8s_scale_executed             deployment=test-app-warm replicas=9
2026-09-14 04:38:09 [debug    ] Decision loop completed        action=MAINTAIN latency_ms=173.2 p99=439.40000000000055
2026-09-14 04:38:24 [debug    ] GRU prediction received        confidence=0.6 latency_ms=11.38 predicted=144
2026-09-14 04:38:24 [debug    ] Using GRU prediction           confidence=0.6 forecast_capacity_signal=144.0 predicted=144 required_steps=7
2026-09-14 04:38:24 [info     ] Scale readiness observed       elapsed_sec=15.1 ewma_delay=60.0 samples=0 target=9
2026-09-14 04:38:24 [info     ] algorithm2_scaling_decision    action=MAINTAIN alpha=0.060060060060060066 beta=0.0 buffer=1.0 current_replicas=9 predicted_load=144.0 required_resources=8.649 target_replicas=9
2026-09-14 04:38:24 [info     ] algorithm2_decision            action=MAINTAIN applied_target=9 current_replicas=9 hold_until=1789335594.9 observed_load=107.15 observed_target=7 point_forecasts=[89.36080932617188, 81.65061950683594, 78.5285415649414, 76.84814453125, 75.92158508300781, 74.02092742919922, 74.03509521484375, 72.86288452148438, 72.44190216064453] prediction_age_sec=0.07 predictive_target=9 proactive=True scenario=s4-hybrid-predictive target_replicas=9 upper_forecasts=[144.25743103027344, 141.37451171875, 137.62635803222656, 136.06558227539062, 135.59796142578125, 133.7623291015625, 134.16741943359375, 132.7678680419922, 132.5212860107422]
2026-09-14 04:38:24 [debug    ] Decision loop completed        action=MAINTAIN latency_ms=126.89 p99=370.0192512820503
2026-09-14 04:38:39 [debug    ] GRU prediction received        confidence=0.6 latency_ms=10.26 predicted=146
2026-09-14 04:38:39 [debug    ] Using GRU prediction           confidence=0.6 forecast_capacity_signal=146.0 predicted=146 required_steps=7
2026-09-14 04:38:40 [info     ] algorithm2_scaling_decision    action=MAINTAIN alpha=0.060060060060060066 beta=0.0 buffer=1.0 current_replicas=9 predicted_load=146.0 required_resources=8.769 target_replicas=9
2026-09-14 04:38:40 [info     ] algorithm2_decision            action=MAINTAIN applied_target=9 current_replicas=9 hold_until=1789335610.1 observed_load=113.92 observed_target=7 point_forecasts=[91.49915313720703, 85.10757446289062, 82.20098876953125, 81.03822326660156, 79.88252258300781, 77.55233764648438, 77.45040893554688, 77.04228210449219, 75.73959350585938] prediction_age_sec=0.08 predictive_target=9 proactive=True scenario=s4-hybrid-predictive target_replicas=9 upper_forecasts=[146.39576721191406, 144.8314666748047, 141.29879760742188, 140.2556610107422, 139.55889892578125, 137.29373168945312, 137.58273315429688, 136.947265625, 135.8189697265625]
2026-09-14 04:38:40 [debug    ] Decision loop completed        action=MAINTAIN latency_ms=137.61 p99=183.09090909090904
2026-09-14 04:38:55 [debug    ] GRU prediction received        confidence=0.6 latency_ms=9.56 predicted=144
2026-09-14 04:38:55 [debug    ] Using GRU prediction           confidence=0.6 forecast_capacity_signal=144.0 predicted=144 required_steps=7
2026-09-14 04:38:55 [info     ] algorithm2_scaling_decision    action=MAINTAIN alpha=0.060060060060060066 beta=0.0 buffer=1.0 current_replicas=9 predicted_load=144.0 required_resources=8.649 target_replicas=9
2026-09-14 04:38:55 [info     ] algorithm2_decision            action=MAINTAIN applied_target=9 current_replicas=9 hold_until=1789335625.2 observed_load=102.42 observed_target=7 point_forecasts=[86.63965606689453, 84.64171600341797, 82.89312744140625, 81.15931701660156, 80.38179016113281, 78.12688446044922, 78.0875473022461, 78.0893325805664, 77.32084655761719] prediction_age_sec=0.07 predictive_target=9 proactive=True scenario=s4-hybrid-predictive target_replicas=9 upper_forecasts=[141.53627014160156, 144.3656005859375, 141.99093627929688, 140.3767547607422, 140.05816650390625, 137.8682861328125, 138.21987915039062, 137.9943084716797, 137.40023803710938]
2026-09-14 04:38:55 [debug    ] Decision loop completed        action=MAINTAIN latency_ms=120.33 p99=137.89473684210563
2026-09-14 04:39:10 [debug    ] GRU prediction received        confidence=0.6 latency_ms=9.47 predicted=144
2026-09-14 04:39:10 [debug    ] Using GRU prediction           confidence=0.6 forecast_capacity_signal=144.0 predicted=144 required_steps=7
2026-09-14 04:39:10 [info     ] algorithm2_scaling_decision    action=MAINTAIN alpha=0.060060060060060066 beta=0.0 buffer=1.0 current_replicas=9 predicted_load=144.0 required_resources=8.649 target_replicas=9
2026-09-14 04:39:10 [info     ] algorithm2_decision            action=MAINTAIN applied_target=9 current_replicas=9 hold_until=1789335640.3 observed_load=89.08 observed_target=6 point_forecasts=[84.90554809570312, 84.1942367553711, 82.63615417480469, 80.71485137939453, 79.96345520019531, 78.04444885253906, 78.26797485351562, 78.26888275146484, 78.2598648071289] prediction_age_sec=0.08 predictive_target=9 proactive=True scenario=s4-hybrid-predictive target_replicas=9 upper_forecasts=[139.8021697998047, 143.91812133789062, 141.73397827148438, 139.93228149414062, 139.63983154296875, 137.78585815429688, 138.40029907226562, 138.17385864257812, 138.33924865722656]
2026-09-14 04:39:10 [debug    ] Decision loop completed        action=MAINTAIN latency_ms=131.56 p99=132.60652631578944
2026-09-14 04:39:25 [debug    ] GRU prediction received        confidence=0.6 latency_ms=9.74 predicted=146
2026-09-14 04:39:25 [debug    ] Using GRU prediction           confidence=0.6 forecast_capacity_signal=146.0 predicted=146 required_steps=7
2026-09-14 04:39:25 [info     ] algorithm2_scaling_decision    action=MAINTAIN alpha=0.060060060060060066 beta=0.0 buffer=1.0 current_replicas=9 predicted_load=146.0 required_resources=8.769 target_replicas=9
2026-09-14 04:39:25 [info     ] algorithm2_decision            action=MAINTAIN applied_target=9 current_replicas=9 hold_until=1789335655.4 observed_load=89.66 observed_target=6 point_forecasts=[89.05013275146484, 86.15939331054688, 83.75211334228516, 81.98948669433594, 81.05571746826172, 79.36791229248047, 79.92753601074219, 79.42845153808594, 79.76318359375] prediction_age_sec=0.08 predictive_target=9 proactive=True scenario=s4-hybrid-predictive target_replicas=9 upper_forecasts=[143.94674682617188, 145.88328552246094, 142.8499298095703, 141.20692443847656, 140.73208618164062, 139.10931396484375, 140.0598602294922, 139.33343505859375, 139.84255981445312]
2026-09-14 04:39:25 [debug    ] Decision loop completed        action=MAINTAIN latency_ms=134.03 p99=164.49999999999991
2026-09-14 04:39:40 [debug    ] GRU prediction received        confidence=0.6 latency_ms=9.15 predicted=153
2026-09-14 04:39:40 [debug    ] Using GRU prediction           confidence=0.6 forecast_capacity_signal=153.0 predicted=153 required_steps=7
2026-09-14 04:39:40 [info     ] algorithm2_scaling_decision    action=SCALE_UP alpha=0.060060060060060066 beta=0.0 buffer=1.0 current_replicas=9 predicted_load=153.0 required_resources=9.189 target_replicas=10
2026-09-14 04:39:40 [info     ] algorithm2_decision            action=SCALE_UP applied_target=10 current_replicas=9 hold_until=1789335670.6 observed_load=104.74 observed_target=7 point_forecasts=[97.70084381103516, 90.8819580078125, 87.54354095458984, 85.86973571777344, 84.87181091308594, 83.41458892822266, 83.44572448730469, 82.48004150390625, 82.35584259033203] prediction_age_sec=0.07 predictive_target=10 proactive=True scenario=s4-hybrid-predictive target_replicas=10 upper_forecasts=[152.5974578857422, 150.60585021972656, 146.641357421875, 145.08717346191406, 144.54818725585938, 143.15599060058594, 143.5780487060547, 142.38502502441406, 142.4352264404297]
2026-09-14 04:39:40 [info     ] k8s_scale_executed             deployment=test-app-warm replicas=10
2026-09-14 04:39:40 [debug    ] Decision loop completed        action=MAINTAIN latency_ms=169.05 p99=312.9714285714291
2026-09-14 04:39:55 [debug    ] GRU prediction received        confidence=0.6 latency_ms=9.87 predicted=163
2026-09-14 04:39:55 [debug    ] Using GRU prediction           confidence=0.6 forecast_capacity_signal=163.0 predicted=163 required_steps=7
2026-09-14 04:39:55 [debug    ] Proactive amplification        amplified=255.3 approach_ratio=0.95 load_trend=12.5 raw_pred=163
2026-09-14 04:39:55 [info     ] algorithm2_scaling_decision    action=MAINTAIN alpha=0.060060060060060066 beta=0.0 buffer=1.0 current_replicas=10 predicted_load=163.0 required_resources=9.79 target_replicas=10
2026-09-14 04:39:55 [info     ] algorithm2_decision            action=MAINTAIN applied_target=10 current_replicas=10 hold_until=1789335685.8 observed_load=129.12 observed_target=8 point_forecasts=[107.90855407714844, 97.1469497680664, 92.92977142333984, 91.37284851074219, 90.29650115966797, 88.93463134765625, 87.62203216552734, 87.40824890136719, 85.63455963134766] prediction_age_sec=0.08 predictive_target=10 proactive=True scenario=s4-hybrid-predictive target_replicas=10 upper_forecasts=[162.80517578125, 156.87083435058594, 152.027587890625, 150.5902862548828, 149.97286987304688, 148.676025390625, 147.75436401367188, 147.313232421875, 145.7139434814453]
2026-09-14 04:39:55 [debug    ] Decision loop completed        action=MAINTAIN latency_ms=132.26 p99=432.9739555555556
2026-09-14 04:40:10 [debug    ] GRU prediction received        confidence=0.6 latency_ms=9.11 predicted=170
2026-09-14 04:40:10 [debug    ] Using GRU prediction           confidence=0.6 forecast_capacity_signal=170.0 predicted=170 required_steps=7
2026-09-14 04:40:10 [debug    ] Proactive amplification        amplified=313.8 approach_ratio=1.04 load_trend=17.6 raw_pred=170
2026-09-14 04:40:10 [warning  ] Knative pre-warm non-200       status=404
2026-09-14 04:40:10 [info     ] controller_decision_v3         action=PREDICTIVE available_replicas=9 budget_remaining=995 burn_adjustment=0 burst_ratio=0.0363 capacity_deficit=False confidence=0.6 current_load=155.48812666666666 decision_id=ff68d5f8 k8s_capacity=149.8 k8s_weight=96 knative_weight=4 p99=441.6 predicted_load=170 r_effective=16.6 serverless_enabled=True total_load=155.5 weights_after={'k3s': 96, 'knative': 4} weights_before={'k3s': 100, 'knative': 0}
2026-09-14 04:40:10 [info     ] Weights updated                k3s=96 knative=4
2026-09-14 04:40:10 [info     ] Weights updated                action=PREDICTIVE reason='load=155RPS | k8s_cap=150RPS | (prediction-driven)' weights={'k3s': 96, 'knative': 4}
2026-09-14 04:40:10 [info     ] algorithm2_scaling_decision    action=MAINTAIN alpha=0.060060060060060066 beta=0.0 buffer=1.0 current_replicas=10 predicted_load=170.0 required_resources=10.21 target_replicas=10
2026-09-14 04:40:10 [info     ] algorithm2_decision            action=MAINTAIN applied_target=10 current_replicas=10 hold_until=1789335700.9 observed_load=149.23 observed_target=9 point_forecasts=[114.73103332519531, 103.062744140625, 99.05944061279297, 97.57638549804688, 95.53523254394531, 94.94076538085938, 92.51924133300781, 92.72543334960938, 89.89619445800781] prediction_age_sec=0.08 predictive_target=10 proactive=True scenario=s4-hybrid-predictive target_replicas=10 upper_forecasts=[169.62765502929688, 162.78663635253906, 158.15725708007812, 156.7938232421875, 155.21160888671875, 154.68215942382812, 152.6515655517578, 152.6304168701172, 149.9755859375]
2026-09-14 04:40:10 [debug    ] Decision loop completed        action=PREDICTIVE latency_ms=134.47 p99=441.5867768595035
2026-09-14 04:40:25 [debug    ] GRU prediction received        confidence=0.6 latency_ms=15.83 predicted=172
2026-09-14 04:40:25 [debug    ] Using GRU prediction           confidence=0.6 forecast_capacity_signal=172.0 predicted=172 required_steps=7
2026-09-14 04:40:25 [debug    ] Proactive amplification        amplified=280.0 approach_ratio=1.01 load_trend=14.3 raw_pred=172
2026-09-14 04:40:25 [info     ] controller_decision_v3         action=RECOVERY available_replicas=9 budget_remaining=994 burn_adjustment=0 burst_ratio=0.01 capacity_deficit=False confidence=0.6 current_load=151.36870555555552 decision_id=2e062996 k8s_capacity=149.8 k8s_weight=98 knative_weight=2 p99=417.8 predicted_load=172 r_effective=16.6 serverless_enabled=True total_load=151.4 weights_after={'k3s': 98, 'knative': 2} weights_before={'k3s': 96, 'knative': 4}
2026-09-14 04:40:26 [info     ] Weights updated                k3s=98 knative=2
2026-09-14 04:40:26 [info     ] Weights updated                action=RECOVERY reason='load=151RPS | k8s_cap=150RPS | (reducing-serverless)' weights={'k3s': 98, 'knative': 2}
2026-09-14 04:40:26 [info     ] algorithm2_scaling_decision    action=MAINTAIN alpha=0.060060060060060066 beta=0.0 buffer=1.0 current_replicas=10 predicted_load=153.4284161111111 required_resources=9.215 target_replicas=10
2026-09-14 04:40:26 [info     ] algorithm2_decision            action=MAINTAIN applied_target=10 current_replicas=10 hold_until=1789335700.9 observed_load=153.43 observed_target=10 point_forecasts=[116.87831115722656, 107.55162048339844, 104.23773193359375, 102.54606628417969, 99.9123764038086, 99.5394287109375, 97.52107238769531, 97.38388061523438, 93.99395751953125] prediction_age_sec=0.11 predictive_target=10 proactive=False scenario=s4-hybrid-predictive target_replicas=10 upper_forecasts=[171.77493286132812, 167.2755126953125, 163.33554077148438, 161.7635040283203, 159.5887451171875, 159.28082275390625, 157.6533966064453, 157.2888641357422, 154.07333374023438]
2026-09-14 04:40:26 [debug    ] Decision loop completed        action=RECOVERY latency_ms=171.48 p99=417.8000000000002
2026-09-14 04:40:41 [debug    ] GRU prediction received        confidence=0.6 latency_ms=8.98 predicted=171
2026-09-14 04:40:41 [debug    ] Using GRU prediction           confidence=0.6 forecast_capacity_signal=171.0 predicted=171 required_steps=7
2026-09-14 04:40:41 [debug    ] Proactive amplification        amplified=187.5 approach_ratio=0.92 load_trend=5.6 raw_pred=171
2026-09-14 04:40:41 [info     ] controller_decision_v3         action=RECOVERY available_replicas=9 budget_remaining=993 burn_adjustment=0 burst_ratio=0 capacity_deficit=False confidence=0.6 current_load=137.5111111111111 decision_id=920febbb k8s_capacity=149.8 k8s_weight=100 knative_weight=0 p99=343.2 predicted_load=171 r_effective=16.6 serverless_enabled=False total_load=137.5 weights_after={'k3s': 100, 'knative': 0} weights_before={'k3s': 98, 'knative': 2}
2026-09-14 04:40:41 [info     ] Weights updated                k3s=100 knative=0
2026-09-14 04:40:41 [info     ] Weights updated                action=RECOVERY reason='load=138RPS | k8s_cap=150RPS | (reducing-serverless)' weights={'k3s': 100, 'knative': 0}
2026-09-14 04:40:41 [info     ] algorithm2_scaling_decision    action=MAINTAIN alpha=0.060060060060060066 beta=0.0 buffer=1.0 current_replicas=10 predicted_load=171.0 required_resources=10.27 target_replicas=10
2026-09-14 04:40:41 [info     ] algorithm2_decision            action=MAINTAIN applied_target=10 current_replicas=10 hold_until=1789335731.2 observed_load=144.44 observed_target=9 point_forecasts=[115.8871841430664, 110.14205169677734, 107.01911163330078, 105.17705535888672, 102.4612808227539, 102.51158142089844, 100.70626068115234, 100.52200317382812, 96.51575469970703] prediction_age_sec=0.11 predictive_target=10 proactive=True scenario=s4-hybrid-predictive target_replicas=10 upper_forecasts=[170.78379821777344, 169.86593627929688, 166.11692810058594, 164.39450073242188, 162.13766479492188, 162.25299072265625, 160.83859252929688, 160.42698669433594, 156.5951385498047]
2026-09-14 04:40:41 [debug    ] Decision loop completed        action=RECOVERY latency_ms=161.83 p99=343.20588235294036
2026-09-14 04:40:56 [debug    ] GRU prediction received        confidence=0.6 latency_ms=9.63 predicted=171
2026-09-14 04:40:56 [debug    ] Using GRU prediction           confidence=0.6 forecast_capacity_signal=171.0 predicted=171 required_steps=7
2026-09-14 04:40:56 [info     ] algorithm2_scaling_decision    action=MAINTAIN alpha=0.060060060060060066 beta=0.0 buffer=1.0 current_replicas=10 predicted_load=171.0 required_resources=10.27 target_replicas=10
2026-09-14 04:40:56 [info     ] algorithm2_decision            action=MAINTAIN applied_target=10 current_replicas=10 hold_until=1789335746.3 observed_load=131.13 observed_target=8 point_forecasts=[114.4794921875, 110.99845123291016, 108.16487884521484, 105.75303649902344, 103.35305786132812, 103.69735717773438, 102.05159759521484, 101.69271850585938, 97.65434265136719] prediction_age_sec=0.07 predictive_target=10 proactive=True scenario=s4-hybrid-predictive target_replicas=10 upper_forecasts=[169.37611389160156, 170.7223358154297, 167.2626953125, 164.97047424316406, 163.02943420410156, 163.43875122070312, 162.18392944335938, 161.5977020263672, 157.73373413085938]
2026-09-14 04:40:56 [debug    ] Decision loop completed        action=MAINTAIN latency_ms=116.24 p99=198.86290322580646
2026-09-14 04:41:11 [debug    ] GRU prediction received        confidence=0.6 latency_ms=9.04 predicted=170
2026-09-14 04:41:11 [debug    ] Using GRU prediction           confidence=0.6 forecast_capacity_signal=170.0 predicted=170 required_steps=7
2026-09-14 04:41:11 [info     ] algorithm2_scaling_decision    action=MAINTAIN alpha=0.060060060060060066 beta=0.0 buffer=1.0 current_replicas=10 predicted_load=170.0 required_resources=10.21 target_replicas=10
2026-09-14 04:41:11 [info     ] algorithm2_decision            action=MAINTAIN applied_target=10 current_replicas=10 hold_until=1789335761.5 observed_load=121.84 observed_target=8 point_forecasts=[113.61431121826172, 110.77294158935547, 108.02312469482422, 105.80033874511719, 103.51496124267578, 103.9725341796875, 102.36997985839844, 102.08543395996094, 98.21076202392578] prediction_age_sec=0.07 predictive_target=10 proactive=True scenario=s4-hybrid-predictive target_replicas=10 upper_forecasts=[168.51092529296875, 170.496826171875, 167.12094116210938, 165.0177764892578, 163.19134521484375, 163.71392822265625, 162.50230407714844, 161.99041748046875, 158.29014587402344]
2026-09-14 04:41:11 [debug    ] Decision loop completed        action=MAINTAIN latency_ms=121.37 p99=174.3484848484847
2026-09-14 04:41:26 [debug    ] GRU prediction received        confidence=0.6 latency_ms=9.91 predicted=171
2026-09-14 04:41:26 [debug    ] Using GRU prediction           confidence=0.6 forecast_capacity_signal=171.0 predicted=171 required_steps=7
2026-09-14 04:41:26 [info     ] algorithm2_scaling_decision    action=MAINTAIN alpha=0.060060060060060066 beta=0.0 buffer=1.0 current_replicas=10 predicted_load=171.0 required_resources=10.27 target_replicas=10
2026-09-14 04:41:26 [info     ] algorithm2_decision            action=MAINTAIN applied_target=10 current_replicas=10 hold_until=1789335776.6 observed_load=120.23 observed_target=8 point_forecasts=[114.38922882080078, 111.03793334960938, 108.02777099609375, 106.63005065917969, 104.29151153564453, 104.73844909667969, 103.11846160888672, 102.94729614257812, 99.40897369384766] prediction_age_sec=0.07 predictive_target=10 proactive=True scenario=s4-hybrid-predictive target_replicas=10 upper_forecasts=[169.2858428955078, 170.76182556152344, 167.12557983398438, 165.8474884033203, 163.9678955078125, 164.4798583984375, 163.25079345703125, 162.85227966308594, 159.4883575439453]
2026-09-14 04:41:26 [debug    ] Decision loop completed        action=MAINTAIN latency_ms=119.1 p99=104.74999999999895
2026-09-14 04:41:41 [debug    ] GRU prediction received        confidence=0.6 latency_ms=8.94 predicted=171
2026-09-14 04:41:41 [debug    ] Using GRU prediction           confidence=0.6 forecast_capacity_signal=171.0 predicted=171 required_steps=7
2026-09-14 04:41:41 [info     ] algorithm2_scaling_decision    action=MAINTAIN alpha=0.060060060060060066 beta=0.0 buffer=1.0 current_replicas=10 predicted_load=171.0 required_resources=10.27 target_replicas=10
2026-09-14 04:41:41 [info     ] algorithm2_decision            action=MAINTAIN applied_target=10 current_replicas=10 hold_until=1789335791.7 observed_load=120.99 observed_target=8 point_forecasts=[113.91957092285156, 110.89581298828125, 108.31999206542969, 107.36083984375, 105.09077453613281, 105.4053726196289, 104.05287170410156, 104.06639862060547, 100.73526000976562] prediction_age_sec=0.07 predictive_target=10 proactive=True scenario=s4-hybrid-predictive target_replicas=10 upper_forecasts=[168.81619262695312, 170.6197052001953, 167.41781616210938, 166.57827758789062, 164.76715087890625, 165.1467742919922, 164.18519592285156, 163.97137451171875, 160.81463623046875]
2026-09-14 04:41:41 [debug    ] Decision loop completed        action=MAINTAIN latency_ms=111.22 p99=99.87386569872959
2026-09-14 04:41:56 [debug    ] GRU prediction received        confidence=0.6 latency_ms=9.32 predicted=170
2026-09-14 04:41:56 [debug    ] Using GRU prediction           confidence=0.6 forecast_capacity_signal=170.0 predicted=170 required_steps=7
2026-09-14 04:41:56 [info     ] algorithm2_scaling_decision    action=MAINTAIN alpha=0.060060060060060066 beta=0.0 buffer=1.0 current_replicas=10 predicted_load=170.0 required_resources=10.21 target_replicas=10
2026-09-14 04:41:56 [info     ] algorithm2_decision            action=MAINTAIN applied_target=10 current_replicas=10 hold_until=1789335806.8 observed_load=117.34 observed_target=8 point_forecasts=[111.810546875, 110.1974868774414, 108.41903686523438, 107.62893676757812, 105.79557037353516, 105.9420166015625, 104.71940612792969, 105.28514099121094, 101.78829193115234] prediction_age_sec=0.07 predictive_target=10 proactive=True scenario=s4-hybrid-predictive target_replicas=10 upper_forecasts=[166.70716857910156, 169.92137145996094, 167.516845703125, 166.84637451171875, 165.47195434570312, 165.68341064453125, 164.8517303466797, 165.19012451171875, 161.86767578125]
2026-09-14 04:41:56 [debug    ] Decision loop completed        action=MAINTAIN latency_ms=118.67 p99=111.6249999999996
2026-09-14 04:42:11 [debug    ] GRU prediction received        confidence=0.6 latency_ms=9.07 predicted=168
2026-09-14 04:42:11 [debug    ] Using GRU prediction           confidence=0.6 forecast_capacity_signal=168.0 predicted=168 required_steps=7
2026-09-14 04:42:11 [info     ] algorithm2_scaling_decision    action=MAINTAIN alpha=0.060060060060060066 beta=0.0 buffer=1.0 current_replicas=10 predicted_load=168.0 required_resources=10.09 target_replicas=10
2026-09-14 04:42:11 [info     ] algorithm2_decision            action=MAINTAIN applied_target=10 current_replicas=10 hold_until=1789335821.9 observed_load=106.99 observed_target=7 point_forecasts=[106.6444091796875, 107.9561538696289, 107.69613647460938, 106.88461303710938, 105.5256576538086, 105.45323181152344, 105.14144897460938, 105.28125, 102.7797622680664] prediction_age_sec=0.07 predictive_target=10 proactive=True scenario=s4-hybrid-predictive target_replicas=10 upper_forecasts=[161.54103088378906, 167.68003845214844, 166.7939453125, 166.10205078125, 165.2020263671875, 165.19464111328125, 165.27377319335938, 165.1862335205078, 162.85914611816406]
2026-09-14 04:42:11 [debug    ] Decision loop completed        action=MAINTAIN latency_ms=119.49 p99=99.89340101522843
2026-09-14 04:42:26 [debug    ] GRU prediction received        confidence=0.6 latency_ms=9.75 predicted=165
2026-09-14 04:42:26 [debug    ] Using GRU prediction           confidence=0.6 forecast_capacity_signal=165.0 predicted=165 required_steps=7
2026-09-14 04:42:27 [info     ] algorithm2_scaling_decision    action=MAINTAIN alpha=0.060060060060060066 beta=0.0 buffer=1.0 current_replicas=10 predicted_load=165.0 required_resources=9.91 target_replicas=10
2026-09-14 04:42:27 [info     ] algorithm2_decision            action=MAINTAIN applied_target=10 current_replicas=10 hold_until=1789335837.0 observed_load=93.27 observed_target=6 point_forecasts=[100.52887725830078, 104.56159973144531, 105.56387329101562, 105.31495666503906, 104.41728210449219, 104.39835357666016, 104.338134765625, 104.79191589355469, 103.57556915283203] prediction_age_sec=0.07 predictive_target=10 proactive=True scenario=s4-hybrid-predictive target_replicas=10 upper_forecasts=[155.4254913330078, 164.28549194335938, 164.66168212890625, 164.5323944091797, 164.09365844726562, 164.13975524902344, 164.470458984375, 164.6968994140625, 163.6549530029297]
2026-09-14 04:42:27 [debug    ] Decision loop completed        action=MAINTAIN latency_ms=118.45 p99=99.7953488372093
2026-09-14 04:42:42 [debug    ] GRU prediction received        confidence=0.6 latency_ms=8.96 predicted=164
2026-09-14 04:42:42 [debug    ] Using GRU prediction           confidence=0.6 forecast_capacity_signal=164.0 predicted=164 required_steps=7
2026-09-14 04:42:42 [info     ] algorithm2_scaling_decision    action=MAINTAIN alpha=0.060060060060060066 beta=0.0 buffer=1.0 current_replicas=10 predicted_load=164.0 required_resources=9.85 target_replicas=10
2026-09-14 04:42:42 [info     ] algorithm2_decision            action=MAINTAIN applied_target=10 current_replicas=10 hold_until=1789335852.2 observed_load=82.08 observed_target=5 point_forecasts=[94.32035064697266, 100.24126434326172, 102.25367736816406, 102.74419403076172, 102.52269744873047, 102.83158874511719, 102.70256042480469, 104.21563720703125, 103.50457763671875] prediction_age_sec=0.06 predictive_target=10 proactive=True scenario=s4-hybrid-predictive target_replicas=10 upper_forecasts=[149.2169647216797, 159.96514892578125, 161.35150146484375, 161.96163940429688, 162.19906616210938, 162.572998046875, 162.8348846435547, 164.12062072753906, 163.58395385742188]
2026-09-14 04:42:42 [debug    ] Decision loop completed        action=MAINTAIN latency_ms=113.04 p99=99.76169590643275
2026-09-14 04:42:57 [debug    ] GRU prediction received        confidence=0.6 latency_ms=9.24 predicted=164
2026-09-14 04:42:57 [debug    ] Using GRU prediction           confidence=0.6 forecast_capacity_signal=164.0 predicted=164 required_steps=7
2026-09-14 04:42:57 [info     ] algorithm2_scaling_decision    action=MAINTAIN alpha=0.060060060060060066 beta=0.0 buffer=1.0 current_replicas=10 predicted_load=164.0 required_resources=9.85 target_replicas=10
2026-09-14 04:42:57 [info     ] algorithm2_decision            action=MAINTAIN applied_target=10 current_replicas=10 hold_until=1789335867.3 observed_load=79.01 observed_target=5 point_forecasts=[93.8511734008789, 98.99827575683594, 100.86450958251953, 101.92691040039062, 101.8136978149414, 102.50871276855469, 102.77793884277344, 104.56501007080078, 103.5245361328125] prediction_age_sec=0.07 predictive_target=10 proactive=True scenario=s4-hybrid-predictive target_replicas=10 upper_forecasts=[148.74778747558594, 158.72216796875, 159.9623260498047, 161.14434814453125, 161.49008178710938, 162.2501220703125, 162.91026306152344, 164.46998596191406, 163.60391235351562]
2026-09-14 04:42:57 [debug    ] Decision loop completed        action=MAINTAIN latency_ms=112.0 p99=99.84936138241925
2026-09-14 04:43:12 [debug    ] GRU prediction received        confidence=0.6 latency_ms=9.08 predicted=165
2026-09-14 04:43:12 [debug    ] Using GRU prediction           confidence=0.6 forecast_capacity_signal=165.0 predicted=165 required_steps=7
2026-09-14 04:43:12 [info     ] algorithm2_scaling_decision    action=MAINTAIN alpha=0.060060060060060066 beta=0.0 buffer=1.0 current_replicas=10 predicted_load=165.0 required_resources=9.91 target_replicas=10
2026-09-14 04:43:12 [info     ] algorithm2_decision            action=MAINTAIN applied_target=10 current_replicas=10 hold_until=1789335882.4 observed_load=83.48 observed_target=6 point_forecasts=[95.44465637207031, 99.10874938964844, 100.59466552734375, 101.845703125, 101.66154479980469, 102.75367736816406, 103.20278930664062, 104.76305389404297, 103.53736877441406] prediction_age_sec=0.06 predictive_target=10 proactive=True scenario=s4-hybrid-predictive target_replicas=10 upper_forecasts=[150.34127807617188, 158.8326416015625, 159.69247436523438, 161.06314086914062, 161.33792114257812, 162.49508666992188, 163.33511352539062, 164.66802978515625, 163.61676025390625]
2026-09-14 04:43:12 [debug    ] Decision loop completed        action=MAINTAIN latency_ms=112.96 p99=112.93749999999922
2026-09-14 04:43:27 [debug    ] GRU prediction received        confidence=0.6 latency_ms=9.5 predicted=164
2026-09-14 04:43:27 [debug    ] Using GRU prediction           confidence=0.6 forecast_capacity_signal=164.0 predicted=164 required_steps=7
2026-09-14 04:43:27 [info     ] algorithm2_scaling_decision    action=MAINTAIN alpha=0.060060060060060066 beta=0.0 buffer=1.0 current_replicas=10 predicted_load=164.0 required_resources=9.85 target_replicas=10
2026-09-14 04:43:27 [info     ] algorithm2_decision            action=MAINTAIN applied_target=10 current_replicas=10 hold_until=1789335897.5 observed_load=85.54 observed_target=6 point_forecasts=[94.48297119140625, 98.25173950195312, 99.89350128173828, 101.13645935058594, 101.16683959960938, 102.31283569335938, 102.6882553100586, 104.05455017089844, 103.24605560302734] prediction_age_sec=0.06 predictive_target=10 proactive=True scenario=s4-hybrid-predictive target_replicas=10 upper_forecasts=[149.3795928955078, 157.9756317138672, 158.99131774902344, 160.35389709472656, 160.8432159423828, 162.05422973632812, 162.82058715820312, 163.95953369140625, 163.325439453125]
2026-09-14 04:43:27 [debug    ] Decision loop completed        action=MAINTAIN latency_ms=110.28 p99=99.83158995815901
2026-09-14 04:43:42 [debug    ] GRU prediction received        confidence=0.6 latency_ms=8.8 predicted=161
2026-09-14 04:43:42 [debug    ] Using GRU prediction           confidence=0.6 forecast_capacity_signal=161.0 predicted=161 required_steps=7
2026-09-14 04:43:42 [info     ] algorithm2_scaling_decision    action=MAINTAIN alpha=0.060060060060060066 beta=0.0 buffer=1.0 current_replicas=10 predicted_load=161.0 required_resources=9.67 target_replicas=10
2026-09-14 04:43:42 [info     ] algorithm2_decision            action=MAINTAIN applied_target=10 current_replicas=10 hold_until=1789335912.6 observed_load=78.03 observed_target=5 point_forecasts=[88.45823669433594, 94.06102752685547, 96.82644653320312, 97.93962097167969, 98.72244262695312, 99.15473175048828, 99.51780700683594, 101.2076644897461, 101.35662841796875] prediction_age_sec=0.06 predictive_target=10 proactive=True scenario=s4-hybrid-predictive target_replicas=10 upper_forecasts=[143.3548583984375, 153.784912109375, 155.92425537109375, 157.1570587158203, 158.39881896972656, 158.89613342285156, 159.65013122558594, 161.11264038085938, 161.43600463867188]
2026-09-14 04:43:42 [debug    ] Decision loop completed        action=MAINTAIN latency_ms=112.83 p99=99.5279672578445
2026-09-14 04:43:57 [debug    ] GRU prediction received        confidence=0.6 latency_ms=9.51 predicted=159
2026-09-14 04:43:57 [debug    ] Using GRU prediction           confidence=0.6 forecast_capacity_signal=159.0 predicted=159 required_steps=7
2026-09-14 04:43:57 [info     ] algorithm2_scaling_decision    action=MAINTAIN alpha=0.060060060060060066 beta=0.0 buffer=1.0 current_replicas=10 predicted_load=159.0 required_resources=9.55 target_replicas=10
2026-09-14 04:43:57 [info     ] algorithm2_decision            action=MAINTAIN applied_target=10 current_replicas=10 hold_until=1789335927.7 observed_load=63.93 observed_target=4 point_forecasts=[81.742431640625, 88.9195327758789, 92.8056640625, 94.35005950927734, 95.78557586669922, 95.84564208984375, 95.84199523925781, 98.65787506103516, 98.94340515136719] prediction_age_sec=0.06 predictive_target=10 proactive=True scenario=s4-hybrid-predictive target_replicas=10 upper_forecasts=[136.63905334472656, 148.64341735839844, 151.90347290039062, 153.5675048828125, 155.46194458007812, 155.5870361328125, 155.9743194580078, 158.56285095214844, 159.02279663085938]
2026-09-14 04:43:57 [debug    ] Decision loop completed        action=MAINTAIN latency_ms=112.06 p99=99.60401188707282
2026-09-14 04:44:12 [debug    ] GRU prediction received        confidence=0.6 latency_ms=8.91 predicted=157
2026-09-14 04:44:12 [debug    ] Using GRU prediction           confidence=0.6 forecast_capacity_signal=157.0 predicted=157 required_steps=7
2026-09-14 04:44:12 [info     ] algorithm2_scaling_decision    action=MAINTAIN alpha=0.060060060060060066 beta=0.0 buffer=1.0 current_replicas=10 predicted_load=157.0 required_resources=9.429 target_replicas=10
2026-09-14 04:44:12 [info     ] algorithm2_decision            action=MAINTAIN applied_target=10 current_replicas=10 hold_until=1789335942.8 observed_load=53.31 observed_target=4 point_forecasts=[77.43109130859375, 85.24669647216797, 89.7147445678711, 90.91694641113281, 92.8834457397461, 93.00041198730469, 93.54974365234375, 96.6675796508789, 96.59866333007812] prediction_age_sec=0.07 predictive_target=10 proactive=True scenario=s4-hybrid-predictive target_replicas=10 upper_forecasts=[132.3277130126953, 144.9705810546875, 148.81256103515625, 150.13438415527344, 152.559814453125, 152.7418212890625, 153.68206787109375, 156.5725555419922, 156.67803955078125]
2026-09-14 04:44:12 [debug    ] Decision loop completed        action=MAINTAIN latency_ms=120.56 p99=99.53073463268366
2026-09-14 04:44:27 [debug    ] GRU prediction received        confidence=0.6 latency_ms=9.39 predicted=154
2026-09-14 04:44:27 [debug    ] Using GRU prediction           confidence=0.6 forecast_capacity_signal=154.0 predicted=154 required_steps=7
2026-09-14 04:44:27 [info     ] algorithm2_scaling_decision    action=MAINTAIN alpha=0.060060060060060066 beta=0.0 buffer=1.0 current_replicas=10 predicted_load=154.0 required_resources=9.249 target_replicas=10
2026-09-14 04:44:27 [info     ] algorithm2_decision            action=MAINTAIN applied_target=10 current_replicas=10 hold_until=1789335957.9 observed_load=47.86 observed_target=3 point_forecasts=[74.16763305664062, 81.91580963134766, 86.67938232421875, 87.82624053955078, 90.20281219482422, 90.44871520996094, 91.6321029663086, 94.47550964355469, 94.228759765625] prediction_age_sec=0.06 predictive_target=10 proactive=True scenario=s4-hybrid-predictive target_replicas=10 upper_forecasts=[129.0642547607422, 141.6396942138672, 145.77719116210938, 147.04367065429688, 149.87918090820312, 150.19012451171875, 151.76443481445312, 154.3804931640625, 154.30813598632812]
2026-09-14 04:44:27 [debug    ] Decision loop completed        action=MAINTAIN latency_ms=104.99 p99=99.53724394785849
2026-09-14 04:44:42 [debug    ] GRU prediction received        confidence=0.6 latency_ms=8.9 predicted=153
2026-09-14 04:44:42 [debug    ] Using GRU prediction           confidence=0.6 forecast_capacity_signal=153.0 predicted=153 required_steps=7
2026-09-14 04:44:43 [info     ] algorithm2_scaling_decision    action=MAINTAIN alpha=0.060060060060060066 beta=0.0 buffer=1.0 current_replicas=10 predicted_load=153.0 required_resources=9.189 target_replicas=10
2026-09-14 04:44:43 [info     ] algorithm2_decision            action=MAINTAIN applied_target=10 current_replicas=10 hold_until=1789335973.1 observed_load=45.37 observed_target=3 point_forecasts=[72.73997497558594, 80.14801025390625, 84.95983123779297, 85.95729064941406, 88.712646484375, 89.23819732666016, 90.69703674316406, 93.21878814697266, 92.81141662597656] prediction_age_sec=0.06 predictive_target=10 proactive=True scenario=s4-hybrid-predictive target_replicas=10 upper_forecasts=[127.6365966796875, 139.8719024658203, 144.05764770507812, 145.1747283935547, 148.38902282714844, 148.97959899902344, 150.82936096191406, 153.12376403808594, 152.89080810546875]
2026-09-14 04:44:43 [debug    ] Decision loop completed        action=MAINTAIN latency_ms=110.48 p99=99.60747663551403
2026-09-14 04:44:58 [debug    ] GRU prediction received        confidence=0.6 latency_ms=9.14 predicted=153
2026-09-14 04:44:58 [debug    ] Using GRU prediction           confidence=0.6 forecast_capacity_signal=153.0 predicted=153 required_steps=7
2026-09-14 04:44:58 [info     ] algorithm2_scaling_decision    action=MAINTAIN alpha=0.060060060060060066 beta=0.0 buffer=1.0 current_replicas=10 predicted_load=153.0 required_resources=9.189 target_replicas=10
2026-09-14 04:44:58 [info     ] algorithm2_decision            action=MAINTAIN applied_target=10 current_replicas=10 hold_until=1789335988.2 observed_load=47.4 observed_target=3 point_forecasts=[73.96192169189453, 80.56246185302734, 85.07096862792969, 85.8791275024414, 88.85519409179688, 89.57473754882812, 91.13542175292969, 93.21330261230469, 92.68013000488281] prediction_age_sec=0.06 predictive_target=10 proactive=True scenario=s4-hybrid-predictive target_replicas=10 upper_forecasts=[128.85853576660156, 140.28634643554688, 144.16879272460938, 145.0965576171875, 148.5315704345703, 149.31613159179688, 151.2677459716797, 153.1182861328125, 152.759521484375]
2026-09-14 04:44:58 [debug    ] Decision loop completed        action=MAINTAIN latency_ms=107.9 p99=99.74999999999999
2026-09-14 04:45:13 [debug    ] GRU prediction received        confidence=0.6 latency_ms=8.8 predicted=155
2026-09-14 04:45:13 [debug    ] Using GRU prediction           confidence=0.6 forecast_capacity_signal=155.0 predicted=155 required_steps=7
2026-09-14 04:45:13 [info     ] algorithm2_scaling_decision    action=MAINTAIN alpha=0.060060060060060066 beta=0.0 buffer=1.0 current_replicas=10 predicted_load=155.0 required_resources=9.309 target_replicas=10
2026-09-14 04:45:13 [info     ] algorithm2_decision            action=MAINTAIN applied_target=10 current_replicas=10 hold_until=1789336003.3 observed_load=55.91 observed_target=4 point_forecasts=[79.0554428100586, 84.18345642089844, 88.21219635009766, 88.45159912109375, 91.35224914550781, 92.2524185180664, 93.81037902832031, 95.33747863769531, 94.7030258178711] prediction_age_sec=0.06 predictive_target=10 proactive=True scenario=s4-hybrid-predictive target_replicas=10 upper_forecasts=[133.95205688476562, 143.9073486328125, 147.3100128173828, 147.66903686523438, 151.02862548828125, 151.9938201904297, 153.9427032470703, 155.24246215820312, 154.78240966796875]
2026-09-14 04:45:13 [debug    ] Decision loop completed        action=MAINTAIN latency_ms=109.28 p99=99.5637614678899
2026-09-14 04:45:28 [debug    ] GRU prediction received        confidence=0.6 latency_ms=9.57 predicted=157
2026-09-14 04:45:28 [debug    ] Using GRU prediction           confidence=0.6 forecast_capacity_signal=157.0 predicted=157 required_steps=7
2026-09-14 04:45:28 [info     ] algorithm2_scaling_decision    action=MAINTAIN alpha=0.060060060060060066 beta=0.0 buffer=1.0 current_replicas=10 predicted_load=157.0 required_resources=9.429 target_replicas=10
2026-09-14 04:45:28 [info     ] algorithm2_decision            action=MAINTAIN applied_target=10 current_replicas=10 hold_until=1789336018.4 observed_load=66.82 observed_target=5 point_forecasts=[83.52334594726562, 87.43148803710938, 91.03238677978516, 91.17378997802734, 93.6939468383789, 94.53797149658203, 95.68939971923828, 97.02305603027344, 96.42881774902344] prediction_age_sec=0.06 predictive_target=10 proactive=True scenario=s4-hybrid-predictive target_replicas=10 upper_forecasts=[138.4199676513672, 147.15538024902344, 150.1302032470703, 150.3912353515625, 153.37033081054688, 154.2793731689453, 155.8217315673828, 156.92803955078125, 156.50820922851562]
2026-09-14 04:45:28 [debug    ] Decision loop completed        action=MAINTAIN latency_ms=112.74 p99=99.65730337078652
2026-09-14 04:45:43 [debug    ] GRU prediction received        confidence=0.6 latency_ms=9.12 predicted=157
2026-09-14 04:45:43 [debug    ] Using GRU prediction           confidence=0.6 forecast_capacity_signal=157.0 predicted=157 required_steps=7
2026-09-14 04:45:43 [info     ] algorithm2_scaling_decision    action=MAINTAIN alpha=0.060060060060060066 beta=0.0 buffer=1.0 current_replicas=10 predicted_load=157.0 required_resources=9.429 target_replicas=10
2026-09-14 04:45:43 [info     ] algorithm2_decision            action=MAINTAIN applied_target=10 current_replicas=10 hold_until=1789336033.5 observed_load=73.5 observed_target=5 point_forecasts=[85.37543487548828, 88.56396484375, 91.80596923828125, 92.18817901611328, 94.30634307861328, 94.74519348144531, 95.4222640991211, 96.74567413330078, 96.41671752929688] prediction_age_sec=0.07 predictive_target=10 proactive=True scenario=s4-hybrid-predictive target_replicas=10 upper_forecasts=[140.2720489501953, 148.28785705566406, 150.90377807617188, 151.40560913085938, 153.98272705078125, 154.48660278320312, 155.55459594726562, 156.65065002441406, 156.49609375]
2026-09-14 04:45:43 [debug    ] Decision loop completed        action=MAINTAIN latency_ms=119.43 p99=99.94688995215311
2026-09-14 04:45:58 [debug    ] GRU prediction received        confidence=0.6 latency_ms=9.69 predicted=155
2026-09-14 04:45:58 [debug    ] Using GRU prediction           confidence=0.6 forecast_capacity_signal=155.0 predicted=155 required_steps=7
2026-09-14 04:45:58 [info     ] algorithm2_scaling_decision    action=MAINTAIN alpha=0.060060060060060066 beta=0.0 buffer=1.0 current_replicas=10 predicted_load=155.0 required_resources=9.309 target_replicas=10
2026-09-14 04:45:58 [info     ] algorithm2_decision            action=MAINTAIN applied_target=10 current_replicas=10 hold_until=1789336048.6 observed_load=74.04 observed_target=5 point_forecasts=[84.44126892089844, 87.6377944946289, 90.87450408935547, 91.51200866699219, 93.55521392822266, 93.36585235595703, 93.45477294921875, 95.021240234375, 95.19546508789062] prediction_age_sec=0.07 predictive_target=10 proactive=True scenario=s4-hybrid-predictive target_replicas=10 upper_forecasts=[139.337890625, 147.36167907714844, 149.97232055664062, 150.7294464111328, 153.23159790039062, 153.1072540283203, 153.58709716796875, 154.9262237548828, 155.27484130859375]
2026-09-14 04:45:58 [debug    ] Decision loop completed        action=MAINTAIN latency_ms=122.28 p99=107.08333333333391
2026-09-14 04:46:13 [debug    ] GRU prediction received        confidence=0.6 latency_ms=8.82 predicted=155
2026-09-14 04:46:13 [debug    ] Using GRU prediction           confidence=0.6 forecast_capacity_signal=155.0 predicted=155 required_steps=7
2026-09-14 04:46:13 [info     ] algorithm2_scaling_decision    action=MAINTAIN alpha=0.060060060060060066 beta=0.0 buffer=1.0 current_replicas=10 predicted_load=155.0 required_resources=9.309 target_replicas=10
2026-09-14 04:46:13 [info     ] algorithm2_decision            action=MAINTAIN applied_target=10 current_replicas=10 hold_until=1789336063.7 observed_load=76.22 observed_target=5 point_forecasts=[86.7955093383789, 88.84354400634766, 91.4957504272461, 92.28955841064453, 93.80603790283203, 93.04034423828125, 93.22540283203125, 94.50585174560547, 94.91047668457031] prediction_age_sec=0.07 predictive_target=10 proactive=True scenario=s4-hybrid-predictive target_replicas=10 upper_forecasts=[141.69212341308594, 148.5674285888672, 150.59356689453125, 151.50698852539062, 153.482421875, 152.78173828125, 153.35772705078125, 154.41082763671875, 154.9898681640625]
2026-09-14 04:46:13 [debug    ] Decision loop completed        action=MAINTAIN latency_ms=116.1 p99=99.85956790123457
2026-09-14 04:46:28 [debug    ] GRU prediction received        confidence=0.6 latency_ms=9.36 predicted=156
2026-09-14 04:46:28 [debug    ] Using GRU prediction           confidence=0.6 forecast_capacity_signal=156.0 predicted=156 required_steps=7
2026-09-14 04:46:28 [info     ] algorithm2_scaling_decision    action=MAINTAIN alpha=0.060060060060060066 beta=0.0 buffer=1.0 current_replicas=10 predicted_load=156.0 required_resources=9.369 target_replicas=10
2026-09-14 04:46:28 [info     ] algorithm2_decision            action=MAINTAIN applied_target=10 current_replicas=10 hold_until=1789336078.9 observed_load=85.22 observed_target=6 point_forecasts=[91.72634887695312, 92.23018646240234, 94.23526763916016, 94.92831420898438, 95.62934875488281, 94.67689514160156, 94.87350463867188, 96.07453155517578, 96.14454650878906] prediction_age_sec=0.07 predictive_target=10 proactive=True scenario=s4-hybrid-predictive target_replicas=10 upper_forecasts=[146.6229705810547, 151.95407104492188, 153.3330841064453, 154.145751953125, 155.30572509765625, 154.41830444335938, 155.00582885742188, 155.97950744628906, 156.22393798828125]
2026-09-14 04:46:28 [debug    ] Decision loop completed        action=MAINTAIN latency_ms=121.12 p99=99.70651465798046
2026-09-14 04:46:43 [debug    ] GRU prediction received        confidence=0.6 latency_ms=8.9 predicted=159
2026-09-14 04:46:43 [debug    ] Using GRU prediction           confidence=0.6 forecast_capacity_signal=159.0 predicted=159 required_steps=7
2026-09-14 04:46:43 [info     ] algorithm2_scaling_decision    action=MAINTAIN alpha=0.060060060060060066 beta=0.0 buffer=1.0 current_replicas=10 predicted_load=159.0 required_resources=9.55 target_replicas=10
2026-09-14 04:46:43 [info     ] algorithm2_decision            action=MAINTAIN applied_target=10 current_replicas=10 hold_until=1789336094.0 observed_load=95.39 observed_target=6 point_forecasts=[97.17475128173828, 96.352294921875, 97.49542236328125, 98.60179138183594, 98.41631317138672, 97.53968811035156, 97.44493103027344, 98.73929595947266, 98.14958953857422] prediction_age_sec=0.07 predictive_target=10 proactive=True scenario=s4-hybrid-predictive target_replicas=10 upper_forecasts=[152.0713653564453, 156.07618713378906, 156.59323120117188, 157.81922912597656, 158.09268188476562, 157.28109741210938, 157.57725524902344, 158.64427185058594, 158.22897338867188]
2026-09-14 04:46:43 [debug    ] Decision loop completed        action=MAINTAIN latency_ms=116.54 p99=124.21052631578965
2026-09-14 04:46:59 [debug    ] GRU prediction received        confidence=0.6 latency_ms=9.74 predicted=160
2026-09-14 04:46:59 [debug    ] Using GRU prediction           confidence=0.6 forecast_capacity_signal=160.0 predicted=160 required_steps=7
2026-09-14 04:46:59 [info     ] algorithm2_scaling_decision    action=MAINTAIN alpha=0.060060060060060066 beta=0.0 buffer=1.0 current_replicas=10 predicted_load=160.0 required_resources=9.61 target_replicas=10
2026-09-14 04:46:59 [info     ] algorithm2_decision            action=MAINTAIN applied_target=10 current_replicas=10 hold_until=1789336109.1 observed_load=100.82 observed_target=7 point_forecasts=[99.89034271240234, 99.28602600097656, 99.83252716064453, 101.1696548461914, 100.68510437011719, 99.8065185546875, 99.19722747802734, 100.53726196289062, 99.66034698486328] prediction_age_sec=0.07 predictive_target=10 proactive=True scenario=s4-hybrid-predictive target_replicas=10 upper_forecasts=[154.78695678710938, 159.00991821289062, 158.9303436279297, 160.3870849609375, 160.36148071289062, 159.54791259765625, 159.32955932617188, 160.44224548339844, 159.73973083496094]
2026-09-14 04:46:59 [debug    ] Decision loop completed        action=MAINTAIN latency_ms=120.44 p99=136.76190476190425
2026-09-14 04:47:14 [debug    ] GRU prediction received        confidence=0.6 latency_ms=9.13 predicted=159
2026-09-14 04:47:14 [debug    ] Using GRU prediction           confidence=0.6 forecast_capacity_signal=159.0 predicted=159 required_steps=7
2026-09-14 04:47:14 [info     ] algorithm2_scaling_decision    action=MAINTAIN alpha=0.060060060060060066 beta=0.0 buffer=1.0 current_replicas=10 predicted_load=159.0 required_resources=9.55 target_replicas=10
2026-09-14 04:47:14 [info     ] algorithm2_decision            action=MAINTAIN applied_target=10 current_replicas=10 hold_until=1789336124.2 observed_load=93.88 observed_target=6 point_forecasts=[95.3519287109375, 97.44287109375, 98.89976501464844, 99.58663940429688, 99.65947723388672, 99.14615631103516, 97.64231872558594, 99.36946868896484, 99.25968933105469] prediction_age_sec=0.08 predictive_target=10 proactive=True scenario=s4-hybrid-predictive target_replicas=10 upper_forecasts=[150.24855041503906, 157.16676330566406, 157.99758911132812, 158.8040771484375, 159.33584594726562, 158.88755798339844, 157.77464294433594, 159.27444458007812, 159.33908081054688]
2026-09-14 04:47:14 [debug    ] Decision loop completed        action=MAINTAIN latency_ms=126.18 p99=99.57217030114228
2026-09-14 04:47:29 [debug    ] GRU prediction received        confidence=0.6 latency_ms=9.28 predicted=157
2026-09-14 04:47:29 [debug    ] Using GRU prediction           confidence=0.6 forecast_capacity_signal=157.0 predicted=157 required_steps=7
2026-09-14 04:47:29 [info     ] algorithm2_scaling_decision    action=MAINTAIN alpha=0.060060060060060066 beta=0.0 buffer=1.0 current_replicas=10 predicted_load=157.0 required_resources=9.429 target_replicas=10
2026-09-14 04:47:29 [info     ] algorithm2_decision            action=MAINTAIN applied_target=10 current_replicas=10 hold_until=1789336139.3 observed_load=77.72 observed_target=5 point_forecasts=[87.26509857177734, 91.8463134765625, 94.40486907958984, 95.05874633789062, 95.93486022949219, 95.03892517089844, 93.78990936279297, 96.11640930175781, 96.92415618896484] prediction_age_sec=0.07 predictive_target=10 proactive=True scenario=s4-hybrid-predictive target_replicas=10 upper_forecasts=[142.16171264648438, 151.57020568847656, 153.502685546875, 154.27618408203125, 155.61123657226562, 154.78033447265625, 153.9222412109375, 156.02139282226562, 157.0035400390625]
2026-09-14 04:47:29 [debug    ] Decision loop completed        action=MAINTAIN latency_ms=115.1 p99=99.737658674189
2026-09-14 04:47:44 [debug    ] GRU prediction received        confidence=0.6 latency_ms=9.17 predicted=153
2026-09-14 04:47:44 [debug    ] Using GRU prediction           confidence=0.6 forecast_capacity_signal=153.0 predicted=153 required_steps=7
2026-09-14 04:47:44 [info     ] algorithm2_scaling_decision    action=MAINTAIN alpha=0.060060060060060066 beta=0.0 buffer=1.0 current_replicas=10 predicted_load=153.0 required_resources=9.189 target_replicas=10
2026-09-14 04:47:44 [info     ] algorithm2_decision            action=MAINTAIN applied_target=10 current_replicas=10 hold_until=1789336154.5 observed_load=63.74 observed_target=4 point_forecasts=[80.54305267333984, 85.47077941894531, 88.52559661865234, 89.79017639160156, 90.63446044921875, 89.97970581054688, 89.26087188720703, 92.11975860595703, 92.48690795898438] prediction_age_sec=0.07 predictive_target=10 proactive=True scenario=s4-hybrid-predictive target_replicas=10 upper_forecasts=[135.43966674804688, 145.19467163085938, 147.6234130859375, 149.0076141357422, 150.3108367919922, 149.72109985351562, 149.39320373535156, 152.0247344970703, 152.5662841796875]
2026-09-14 04:47:44 [debug    ] Decision loop completed        action=MAINTAIN latency_ms=114.98 p99=99.65575916230367
2026-09-14 04:47:59 [debug    ] GRU prediction received        confidence=0.6 latency_ms=9.41 predicted=148
2026-09-14 04:47:59 [debug    ] Using GRU prediction           confidence=0.6 forecast_capacity_signal=148.0 predicted=148 required_steps=7
2026-09-14 04:47:59 [info     ] algorithm2_scaling_decision    action=MAINTAIN alpha=0.060060060060060066 beta=0.0 buffer=1.0 current_replicas=10 predicted_load=148.0 required_resources=8.889 target_replicas=9
2026-09-14 04:47:59 [info     ] algorithm2_decision            action=MAINTAIN applied_target=9 current_replicas=10 hold_until=1789336169.6 observed_load=55.42 observed_target=4 point_forecasts=[75.6112060546875, 80.18824768066406, 83.28009033203125, 84.53787994384766, 85.56056213378906, 85.35639190673828, 85.70925903320312, 87.75530242919922, 88.25410461425781] prediction_age_sec=0.07 predictive_target=9 proactive=True scenario=s4-hybrid-predictive target_replicas=9 upper_forecasts=[130.50782775878906, 139.91213989257812, 142.37789916992188, 143.75531005859375, 145.2369384765625, 145.09779357910156, 145.84158325195312, 147.6602783203125, 148.33349609375]
2026-09-14 04:47:59 [debug    ] Decision loop completed        action=MAINTAIN latency_ms=114.89 p99=99.45991561181435
2026-09-14 04:48:14 [debug    ] GRU prediction received        confidence=0.6 latency_ms=9.77 predicted=145
2026-09-14 04:48:14 [debug    ] Using GRU prediction           confidence=0.6 forecast_capacity_signal=145.0 predicted=145 required_steps=7
2026-09-14 04:48:14 [info     ] algorithm2_scaling_decision    action=MAINTAIN alpha=0.060060060060060066 beta=0.0 buffer=1.0 current_replicas=10 predicted_load=145.0 required_resources=8.709 target_replicas=9
2026-09-14 04:48:14 [info     ] algorithm2_decision            action=MAINTAIN applied_target=9 current_replicas=10 hold_until=1789336184.7 observed_load=52.63 observed_target=4 point_forecasts=[73.1141357421875, 76.71481323242188, 79.43206787109375, 80.69990539550781, 81.74175262451172, 82.02883911132812, 82.94263458251953, 84.36177825927734, 85.05445098876953] prediction_age_sec=0.07 predictive_target=9 proactive=True scenario=s4-hybrid-predictive target_replicas=9 upper_forecasts=[128.01075744628906, 136.43870544433594, 138.52987670898438, 139.91734313964844, 141.41812133789062, 141.77023315429688, 143.07496643066406, 144.26675415039062, 145.1338348388672]
2026-09-14 04:48:14 [debug    ] Decision loop completed        action=MAINTAIN latency_ms=117.65 p99=99.5278940027894
2026-09-14 04:48:29 [debug    ] GRU prediction received        confidence=0.6 latency_ms=9.84 predicted=143
2026-09-14 04:48:29 [debug    ] Using GRU prediction           confidence=0.6 forecast_capacity_signal=143.0 predicted=143 required_steps=7
2026-09-14 04:48:29 [info     ] algorithm2_scaling_decision    action=MAINTAIN alpha=0.060060060060060066 beta=0.0 buffer=1.0 current_replicas=10 predicted_load=143.0 required_resources=8.589 target_replicas=9
2026-09-14 04:48:29 [info     ] algorithm2_decision            action=MAINTAIN applied_target=9 current_replicas=10 hold_until=1789336199.8 observed_load=53.71 observed_target=4 point_forecasts=[71.43563842773438, 74.4417495727539, 76.82227325439453, 77.99775695800781, 79.21920013427734, 79.40876770019531, 80.67962646484375, 81.69786071777344, 82.59357452392578] prediction_age_sec=0.07 predictive_target=9 proactive=True scenario=s4-hybrid-predictive target_replicas=9 upper_forecasts=[126.33226013183594, 134.16563415527344, 135.9200897216797, 137.21519470214844, 138.89556884765625, 139.15017700195312, 140.81195068359375, 141.60284423828125, 142.67295837402344]
2026-09-14 04:48:29 [debug    ] Decision loop completed        action=MAINTAIN latency_ms=117.25 p99=99.8140350877193
2026-09-14 04:48:44 [debug    ] GRU prediction received        confidence=0.6 latency_ms=9.33 predicted=140
2026-09-14 04:48:44 [debug    ] Using GRU prediction           confidence=0.6 forecast_capacity_signal=140.0 predicted=140 required_steps=7
2026-09-14 04:48:44 [info     ] algorithm2_scaling_decision    action=MAINTAIN alpha=0.060060060060060066 beta=0.0 buffer=1.0 current_replicas=10 predicted_load=140.0 required_resources=8.408 target_replicas=9
2026-09-14 04:48:44 [info     ] algorithm2_decision            action=MAINTAIN applied_target=9 current_replicas=10 hold_until=1789336214.9 observed_load=55.29 observed_target=4 point_forecasts=[69.48878479003906, 72.4801025390625, 74.59489440917969, 75.53390502929688, 76.98704528808594, 77.02418518066406, 78.304443359375, 79.01508331298828, 80.01959991455078] prediction_age_sec=0.07 predictive_target=9 proactive=True scenario=s4-hybrid-predictive target_replicas=9 upper_forecasts=[124.38540649414062, 132.20399475097656, 133.69271850585938, 134.7513427734375, 136.66342163085938, 136.76559448242188, 138.436767578125, 138.92005920410156, 140.09898376464844]
2026-09-14 04:48:44 [debug    ] Decision loop completed        action=MAINTAIN latency_ms=117.19 p99=99.6569536423841
2026-09-14 04:48:59 [debug    ] GRU prediction received        confidence=0.6 latency_ms=9.47 predicted=137
2026-09-14 04:48:59 [debug    ] Using GRU prediction           confidence=0.6 forecast_capacity_signal=137.0 predicted=137 required_steps=7
2026-09-14 04:49:00 [info     ] algorithm2_scaling_decision    action=MAINTAIN alpha=0.060060060060060066 beta=0.0 buffer=1.0 current_replicas=10 predicted_load=137.0 required_resources=8.228 target_replicas=9
2026-09-14 04:49:00 [info     ] algorithm2_decision            action=MAINTAIN applied_target=9 current_replicas=10 hold_until=1789336230.0 observed_load=54.31 observed_target=4 point_forecasts=[66.15989685058594, 69.55184173583984, 71.50137329101562, 72.4426040649414, 74.08216857910156, 73.91064453125, 74.92835235595703, 75.7305679321289, 76.74691772460938] prediction_age_sec=0.07 predictive_target=9 proactive=True scenario=s4-hybrid-predictive target_replicas=9 upper_forecasts=[121.0565185546875, 129.27572631835938, 130.59918212890625, 131.6600341796875, 133.758544921875, 133.65203857421875, 135.06068420410156, 135.6355438232422, 136.8262939453125]
2026-09-14 04:49:00 [debug    ] Decision loop completed        action=MAINTAIN latency_ms=115.71 p99=99.4491379310345
2026-09-14 04:49:15 [debug    ] GRU prediction received        confidence=0.6 latency_ms=9.31 predicted=133
2026-09-14 04:49:15 [debug    ] Using GRU prediction           confidence=0.6 forecast_capacity_signal=133.0 predicted=133 required_steps=7
2026-09-14 04:49:15 [info     ] algorithm2_scaling_decision    action=MAINTAIN alpha=0.060060060060060066 beta=0.0 buffer=1.0 current_replicas=10 predicted_load=133.0 required_resources=7.988 target_replicas=8
2026-09-14 04:49:15 [info     ] algorithm2_decision            action=MAINTAIN applied_target=8 current_replicas=10 hold_until=1789336245.2 observed_load=49.61 observed_target=3 point_forecasts=[61.56869888305664, 65.65121459960938, 67.52003479003906, 68.5113525390625, 70.41586303710938, 69.98960876464844, 70.80125427246094, 71.82289123535156, 72.94381713867188] prediction_age_sec=0.07 predictive_target=8 proactive=True scenario=s4-hybrid-predictive target_replicas=8 upper_forecasts=[116.46531677246094, 125.37510681152344, 126.61785125732422, 127.72879028320312, 130.0922393798828, 129.73101806640625, 130.93357849121094, 131.72787475585938, 133.023193359375]
2026-09-14 04:49:15 [debug    ] Decision loop completed        action=MAINTAIN latency_ms=120.03 p99=99.62218370883882
2026-09-14 04:49:30 [debug    ] GRU prediction received        confidence=0.6 latency_ms=9.77 predicted=129
2026-09-14 04:49:30 [debug    ] Using GRU prediction           confidence=0.6 forecast_capacity_signal=129.0 predicted=129 required_steps=7
2026-09-14 04:49:30 [info     ] algorithm2_scaling_decision    action=MAINTAIN alpha=0.060060060060060066 beta=0.0 buffer=1.0 current_replicas=10 predicted_load=129.0 required_resources=7.748 target_replicas=8
2026-09-14 04:49:30 [info     ] algorithm2_decision            action=MAINTAIN applied_target=8 current_replicas=10 hold_until=1789336260.3 observed_load=44.68 observed_target=3 point_forecasts=[57.858341217041016, 61.977867126464844, 63.72005844116211, 64.63668060302734, 66.69345092773438, 66.031494140625, 66.94190979003906, 68.07556915283203, 69.28235626220703] prediction_age_sec=0.07 predictive_target=8 proactive=True scenario=s4-hybrid-predictive target_replicas=8 upper_forecasts=[112.75495910644531, 121.70175170898438, 122.81787109375, 123.85411834716797, 126.36982727050781, 125.77289581298828, 127.07423400878906, 127.98054504394531, 129.3617401123047]
2026-09-14 04:49:30 [debug    ] Decision loop completed        action=MAINTAIN latency_ms=113.43 p99=99.45058626465662
2026-09-14 04:49:45 [debug    ] GRU prediction received        confidence=0.6 latency_ms=9.11 predicted=127
2026-09-14 04:49:45 [debug    ] Using GRU prediction           confidence=0.6 forecast_capacity_signal=127.0 predicted=127 required_steps=7
2026-09-14 04:49:45 [info     ] algorithm2_scaling_decision    action=MAINTAIN alpha=0.060060060060060066 beta=0.0 buffer=1.0 current_replicas=10 predicted_load=127.0 required_resources=7.628 target_replicas=8
2026-09-14 04:49:45 [info     ] algorithm2_decision            action=MAINTAIN applied_target=8 current_replicas=10 hold_until=1789336275.4 observed_load=42.59 observed_target=3 point_forecasts=[55.52655029296875, 59.28173828125, 60.90618896484375, 61.66838836669922, 63.787166595458984, 63.044185638427734, 64.11750793457031, 65.23609924316406, 66.46875762939453] prediction_age_sec=0.06 predictive_target=8 proactive=True scenario=s4-hybrid-predictive target_replicas=8 upper_forecasts=[110.42317199707031, 119.00563049316406, 120.0040054321289, 120.88582611083984, 123.46354675292969, 122.78558349609375, 124.24983215332031, 125.14108276367188, 126.54814147949219]
2026-09-14 04:49:45 [debug    ] Decision loop completed        action=MAINTAIN latency_ms=110.94 p99=99.7176684881603
2026-09-14 04:50:00 [debug    ] GRU prediction received        confidence=0.6 latency_ms=10.37 predicted=125
2026-09-14 04:50:00 [debug    ] Using GRU prediction           confidence=0.6 forecast_capacity_signal=125.0 predicted=125 required_steps=7
2026-09-14 04:50:00 [info     ] algorithm2_scaling_decision    action=MAINTAIN alpha=0.060060060060060066 beta=0.0 buffer=1.0 current_replicas=10 predicted_load=125.0 required_resources=7.508 target_replicas=8
2026-09-14 04:50:00 [info     ] algorithm2_decision            action=MAINTAIN applied_target=8 current_replicas=10 hold_until=1789336290.5 observed_load=42.06 observed_target=3 point_forecasts=[53.796443939208984, 57.358577728271484, 58.92134475708008, 59.5936279296875, 61.78777313232422, 61.0444450378418, 62.15711212158203, 63.243743896484375, 64.47770690917969] prediction_age_sec=0.06 predictive_target=8 proactive=True scenario=s4-hybrid-predictive target_replicas=8 upper_forecasts=[108.69306182861328, 117.08246612548828, 118.0191650390625, 118.81106567382812, 121.46414947509766, 120.78584289550781, 122.28944396972656, 123.14872741699219, 124.55709075927734]
2026-09-14 04:50:00 [debug    ] Decision loop completed        action=MAINTAIN latency_ms=115.93 p99=99.44514388489209
2026-09-14 04:50:15 [debug    ] GRU prediction received        confidence=0.6 latency_ms=8.84 predicted=123
2026-09-14 04:50:15 [debug    ] Using GRU prediction           confidence=0.6 forecast_capacity_signal=123.0 predicted=123 required_steps=7
2026-09-14 04:50:15 [info     ] algorithm2_scaling_decision    action=MAINTAIN alpha=0.060060060060060066 beta=0.0 buffer=1.0 current_replicas=10 predicted_load=123.0 required_resources=7.387 target_replicas=8
2026-09-14 04:50:15 [info     ] algorithm2_decision            action=MAINTAIN applied_target=8 current_replicas=10 hold_until=1789336305.6 observed_load=41.78 observed_target=3 point_forecasts=[52.72944641113281, 56.21186447143555, 57.74552536010742, 58.408531188964844, 60.671546936035156, 59.905113220214844, 61.02777862548828, 62.086524963378906, 63.31440353393555] prediction_age_sec=0.07 predictive_target=8 proactive=True scenario=s4-hybrid-predictive target_replicas=8 upper_forecasts=[107.62606811523438, 115.93575286865234, 116.84333801269531, 117.62596893310547, 120.3479232788086, 119.64651489257812, 121.16011047363281, 121.99150085449219, 123.39378356933594]
2026-09-14 04:50:15 [debug    ] Decision loop completed        action=MAINTAIN latency_ms=117.52 p99=99.45193929173693
2026-09-14 04:50:30 [debug    ] GRU prediction received        confidence=0.6 latency_ms=9.97 predicted=122
2026-09-14 04:50:30 [debug    ] Using GRU prediction           confidence=0.6 forecast_capacity_signal=122.0 predicted=122 required_steps=7
2026-09-14 04:50:30 [info     ] algorithm2_scaling_decision    action=MAINTAIN alpha=0.060060060060060066 beta=0.0 buffer=1.0 current_replicas=10 predicted_load=122.0 required_resources=7.327 target_replicas=8
2026-09-14 04:50:30 [info     ] algorithm2_decision            action=MAINTAIN applied_target=8 current_replicas=10 hold_until=1789336320.7 observed_load=42.87 observed_target=3 point_forecasts=[52.66768264770508, 55.70741653442383, 57.085479736328125, 57.58267593383789, 59.813087463378906, 58.97917175292969, 60.17838668823242, 61.11074447631836, 62.29859161376953] prediction_age_sec=0.06 predictive_target=8 proactive=True scenario=s4-hybrid-predictive target_replicas=8 upper_forecasts=[107.56430053710938, 115.43130493164062, 116.18329620361328, 116.80010986328125, 119.48946380615234, 118.72057342529297, 120.31071472167969, 121.0157241821289, 122.37797546386719]
2026-09-14 04:50:30 [debug    ] Decision loop completed        action=MAINTAIN latency_ms=112.31 p99=99.60582822085891
2026-09-14 04:50:45 [debug    ] GRU prediction received        confidence=0.6 latency_ms=9.65 predicted=120
2026-09-14 04:50:45 [debug    ] Using GRU prediction           confidence=0.6 forecast_capacity_signal=120.0 predicted=120 required_steps=7
2026-09-14 04:50:45 [info     ] algorithm2_scaling_decision    action=MAINTAIN alpha=0.060060060060060066 beta=0.0 buffer=1.0 current_replicas=10 predicted_load=120.0 required_resources=7.207 target_replicas=8
2026-09-14 04:50:45 [info     ] algorithm2_decision            action=MAINTAIN applied_target=8 current_replicas=10 hold_until=1789336335.9 observed_load=37.21 observed_target=3 point_forecasts=[46.72361755371094, 51.700767517089844, 53.33835983276367, 54.274539947509766, 56.984745025634766, 56.12760925292969, 56.6431999206543, 58.099876403808594, 59.483642578125] prediction_age_sec=0.07 predictive_target=8 proactive=True scenario=s4-hybrid-predictive target_replicas=8 upper_forecasts=[101.6202392578125, 111.42465209960938, 112.43617248535156, 113.49197387695312, 116.66111755371094, 115.86901092529297, 116.77552795410156, 118.00485229492188, 119.56302642822266]
2026-09-14 04:50:45 [debug    ] Decision loop completed        action=MAINTAIN latency_ms=120.31 p99=108.00000000000037
2026-09-14 04:51:00 [debug    ] GRU prediction received        confidence=0.6 latency_ms=9.39 predicted=116
2026-09-14 04:51:00 [debug    ] Using GRU prediction           confidence=0.6 forecast_capacity_signal=116.0 predicted=116 required_steps=7
2026-09-14 04:51:00 [info     ] algorithm2_scaling_decision    action=SCALE_DOWN alpha=0.060060060060060066 beta=0.0 buffer=1.0 current_replicas=10 predicted_load=116.0 required_resources=6.967 target_replicas=7
2026-09-14 04:51:00 [info     ] algorithm2_decision            action=SCALE_DOWN applied_target=7 current_replicas=10 hold_until=1789336351.0 observed_load=23.62 observed_target=3 point_forecasts=[39.88899612426758, 46.232818603515625, 48.11725997924805, 49.608787536621094, 52.8006706237793, 51.55607604980469, 52.05073165893555, 54.072452545166016, 55.72626495361328] prediction_age_sec=0.06 predictive_target=7 proactive=True scenario=s4-hybrid-predictive target_replicas=7 upper_forecasts=[94.78561401367188, 105.95671081542969, 107.21507263183594, 108.82622528076172, 112.47705078125, 111.29747772216797, 112.18305969238281, 113.97743225097656, 115.80564880371094]
2026-09-14 04:51:00 [info     ] k8s_scale_executed             deployment=test-app-warm replicas=7
2026-09-14 04:51:00 [debug    ] Decision loop completed        action=MAINTAIN latency_ms=145.7 p99=0.99
2026-09-14 04:51:16 [debug    ] GRU prediction received        confidence=0.6 latency_ms=8.94 predicted=112
2026-09-14 04:51:16 [debug    ] Using GRU prediction           confidence=0.6 forecast_capacity_signal=112.0 predicted=112 required_steps=7
2026-09-14 04:51:16 [info     ] algorithm2_scaling_decision    action=MAINTAIN alpha=0.060060060060060066 beta=0.0 buffer=1.0 current_replicas=7 predicted_load=112.0 required_resources=6.727 target_replicas=7
2026-09-14 04:51:16 [info     ] algorithm2_decision            action=MAINTAIN applied_target=7 current_replicas=7 hold_until=1789336366.1 observed_load=10.72 observed_target=3 point_forecasts=[33.12238311767578, 40.272254943847656, 42.49496841430664, 44.51771545410156, 48.2269401550293, 46.78049087524414, 47.38080596923828, 50.02727508544922, 51.73260498046875] prediction_age_sec=0.07 predictive_target=7 proactive=True scenario=s4-hybrid-predictive target_replicas=7 upper_forecasts=[88.01899719238281, 99.99613952636719, 101.59278869628906, 103.73515319824219, 107.9033203125, 106.52189636230469, 107.51313781738281, 109.9322509765625, 111.8119888305664]
2026-09-14 04:51:16 [debug    ] Decision loop completed        action=MAINTAIN latency_ms=121.92 p99=0.99
2026-09-14 04:51:24 [info     ] Received shutdown signal
2026-09-14 04:51:24 [info     ] Stopping routing daemon...
2026-09-14 04:51:24 [info     ] Routing daemon stopped
