2026-07-13 02:41:53 [info     ] SLOMonitor initialized         threshold_ms=200.0 violation_window=30
2026-07-13 02:41:53 [info     ] Algorithm1ControllerV3 initialized max_knative=50 r_saturation=33.3 target_cpu_util=0.5 total_budget=1000
2026-07-13 02:41:53 [info     ] Using V3 controller (Capacity-Driven) scenario=s4-hybrid-predictive version=v3
2026-07-13 02:41:53 [info     ] HAProxyWeightAdjuster initialized backend=servers host=localhost port=19999
2026-07-13 02:41:53 [info     ] GRUClient initialized          base_url=http://localhost:8090
2026-07-13 02:41:53 [info     ] K8sScaler initialized          deployment=test-app-warm namespace=default
2026-07-13 02:41:53 [info     ] RoutingDaemon initialized      decision_interval=15 description='Algorithm 1 with GRU predictions (Algorithm 2)' scenario=s4-hybrid-predictive use_algorithm=True use_predictions=True
2026-07-13 02:41:53 [info     ] Starting routing daemon        interval=15 scenario=s4-hybrid-predictive
2026-07-13 02:41:53 [info     ] Weights updated                k3s=80 knative=20
2026-07-13 02:41:53 [info     ] Initial weights applied        k3s=80 knative=20
2026-07-13 02:41:54 [debug    ] HAProxy fallback primed        total_requests=0
2026-07-13 02:41:54 [info     ] Model status validated         prediction_horizon=5 sample_interval_sec=15 sequence_length=30
2026-07-13 02:41:54 [info     ] Model status validated on first eligible cycle prediction_horizon=5 sequence_length=30
2026-07-13 02:41:54 [info     ] algorithm2_scaling_decision    action=MAINTAIN alpha=0.060060060060060066 beta=0.0 buffer=1.0 current_replicas=3 predicted_load=0.0 required_resources=0.0 target_replicas=3
2026-07-13 02:41:54 [info     ] algorithm2_decision            action=MAINTAIN applied_target=3 current_replicas=3 hold_until=0.0 observed_load=0.0 observed_target=3 point_forecasts=None prediction_age_sec=None predictive_target=3 proactive=False scenario=s4-hybrid-predictive target_replicas=3 upper_forecasts=None
2026-07-13 02:41:54 [debug    ] Decision loop completed        action=MAINTAIN latency_ms=114.57 p99=0.0
2026-07-13 02:42:09 [info     ] algorithm2_scaling_decision    action=MAINTAIN alpha=0.060060060060060066 beta=0.0 buffer=1.0 current_replicas=3 predicted_load=0.0 required_resources=0.0 target_replicas=3
2026-07-13 02:42:09 [info     ] algorithm2_decision            action=MAINTAIN applied_target=3 current_replicas=3 hold_until=0.0 observed_load=0.0 observed_target=3 point_forecasts=None prediction_age_sec=None predictive_target=3 proactive=False scenario=s4-hybrid-predictive target_replicas=3 upper_forecasts=None
2026-07-13 02:42:09 [debug    ] Decision loop completed        action=MAINTAIN latency_ms=110.79 p99=0.0
2026-07-13 02:42:24 [info     ] algorithm2_scaling_decision    action=MAINTAIN alpha=0.060060060060060066 beta=0.0 buffer=1.0 current_replicas=3 predicted_load=0.0 required_resources=0.0 target_replicas=3
2026-07-13 02:42:24 [info     ] algorithm2_decision            action=MAINTAIN applied_target=3 current_replicas=3 hold_until=0.0 observed_load=0.0 observed_target=3 point_forecasts=None prediction_age_sec=None predictive_target=3 proactive=False scenario=s4-hybrid-predictive target_replicas=3 upper_forecasts=None
2026-07-13 02:42:24 [debug    ] Decision loop completed        action=MAINTAIN latency_ms=107.19 p99=0.0
2026-07-13 02:42:39 [debug    ] HAProxy fallback latency       delta_requests=639 interval_avg_ms=64.0 max_rtime_ms=105.0 p99_est=105.0
2026-07-13 02:42:39 [info     ] controller_decision_v3         action=RECOVERY available_replicas=3 budget_remaining=1000 burn_adjustment=0 burst_ratio=0 capacity_deficit=False confidence=0 current_load=42.23096982557235 decision_id=5b2cf50e k8s_capacity=49.9 k8s_weight=100 knative_weight=0 p99=105.0 predicted_load=0 r_effective=16.6 serverless_enabled=False total_load=42.2 weights_after={'k3s': 100, 'knative': 0} weights_before={'k3s': 80, 'knative': 20}
2026-07-13 02:42:39 [info     ] Weights updated                k3s=100 knative=0
2026-07-13 02:42:39 [info     ] Weights updated                action=RECOVERY reason='load=42RPS | k8s_cap=50RPS | (reducing-serverless)' weights={'k3s': 100, 'knative': 0}
2026-07-13 02:42:39 [info     ] algorithm2_scaling_decision    action=MAINTAIN alpha=0.060060060060060066 beta=0.0 buffer=1.0 current_replicas=3 predicted_load=21.115484912786176 required_resources=1.268 target_replicas=3
2026-07-13 02:42:39 [info     ] algorithm2_decision            action=MAINTAIN applied_target=3 current_replicas=3 hold_until=0.0 observed_load=21.12 observed_target=3 point_forecasts=None prediction_age_sec=None predictive_target=3 proactive=False scenario=s4-hybrid-predictive target_replicas=3 upper_forecasts=None
2026-07-13 02:42:39 [debug    ] Decision loop completed        action=RECOVERY latency_ms=146.64 p99=105.0
2026-07-13 02:42:54 [debug    ] HAProxy fallback latency       delta_requests=667 interval_avg_ms=64.0 max_rtime_ms=105.0 p99_est=105.0
2026-07-13 02:42:54 [info     ] algorithm2_scaling_decision    action=MAINTAIN alpha=0.060060060060060066 beta=0.0 buffer=1.0 current_replicas=3 predicted_load=43.102027863627484 required_resources=2.589 target_replicas=3
2026-07-13 02:42:54 [info     ] algorithm2_decision            action=MAINTAIN applied_target=3 current_replicas=3 hold_until=0.0 observed_load=43.1 observed_target=3 point_forecasts=None prediction_age_sec=None predictive_target=3 proactive=False scenario=s4-hybrid-predictive target_replicas=3 upper_forecasts=None
2026-07-13 02:42:54 [debug    ] Decision loop completed        action=MAINTAIN latency_ms=108.89 p99=105.0
2026-07-13 02:43:09 [debug    ] HAProxy fallback latency       delta_requests=716 interval_avg_ms=66.82 max_rtime_ms=106.0 p99_est=106.0
2026-07-13 02:43:09 [info     ] algorithm2_scaling_decision    action=MAINTAIN alpha=0.060060060060060066 beta=0.0 buffer=1.0 current_replicas=3 predicted_load=45.679186190064826 required_resources=2.743 target_replicas=3
2026-07-13 02:43:09 [info     ] algorithm2_decision            action=MAINTAIN applied_target=3 current_replicas=3 hold_until=0.0 observed_load=45.68 observed_target=3 point_forecasts=None prediction_age_sec=None predictive_target=3 proactive=False scenario=s4-hybrid-predictive target_replicas=3 upper_forecasts=None
2026-07-13 02:43:09 [debug    ] Decision loop completed        action=MAINTAIN latency_ms=104.71 p99=106.0
2026-07-13 02:43:24 [debug    ] HAProxy fallback latency       delta_requests=822 interval_avg_ms=65.0 max_rtime_ms=124.0 p99_est=124.0
2026-07-13 02:43:24 [info     ] Knative pre-warm OK            cold_start_ms=2.4
2026-07-13 02:43:24 [info     ] controller_decision_v3         action=REACTIVE available_replicas=3 budget_remaining=1000 burn_adjustment=0 burst_ratio=0.0811 capacity_deficit=False confidence=0 current_load=54.355936429482675 decision_id=c336fc09 k8s_capacity=49.9 k8s_weight=91 knative_weight=9 p99=124.0 predicted_load=0 r_effective=16.6 serverless_enabled=True total_load=54.4 weights_after={'k3s': 91, 'knative': 9} weights_before={'k3s': 100, 'knative': 0}
2026-07-13 02:43:24 [info     ] Weights updated                k3s=91 knative=9
2026-07-13 02:43:24 [info     ] Weights updated                action=REACTIVE reason='load=54RPS | k8s_cap=50RPS | (burst-routing)' weights={'k3s': 91, 'knative': 9}
2026-07-13 02:43:24 [info     ] algorithm2_scaling_decision    action=SCALE_UP alpha=0.060060060060060066 beta=0.0 buffer=1.0 current_replicas=3 predicted_load=50.870611453964855 required_resources=3.055 target_replicas=4
2026-07-13 02:43:24 [info     ] algorithm2_decision            action=SCALE_UP applied_target=4 current_replicas=3 hold_until=0.0 observed_load=50.87 observed_target=4 point_forecasts=None prediction_age_sec=None predictive_target=3 proactive=False scenario=s4-hybrid-predictive target_replicas=4 upper_forecasts=None
2026-07-13 02:43:24 [info     ] k8s_scale_executed             deployment=test-app-warm replicas=4
2026-07-13 02:43:24 [debug    ] Decision loop completed        action=REACTIVE latency_ms=147.25 p99=124.0
2026-07-13 02:43:39 [debug    ] HAProxy fallback latency       delta_requests=769 interval_avg_ms=65.0 max_rtime_ms=124.0 p99_est=124.0
2026-07-13 02:43:39 [info     ] controller_decision_v3         action=RECOVERY available_replicas=4 budget_remaining=1000 burn_adjustment=0 burst_ratio=0 capacity_deficit=False confidence=0 current_load=50.83331952170235 decision_id=3a0aaafe k8s_capacity=66.6 k8s_weight=100 knative_weight=0 p99=124.0 predicted_load=0 r_effective=16.6 serverless_enabled=False total_load=50.8 weights_after={'k3s': 100, 'knative': 0} weights_before={'k3s': 91, 'knative': 9}
2026-07-13 02:43:39 [info     ] Weights updated                k3s=100 knative=0
2026-07-13 02:43:39 [info     ] Weights updated                action=RECOVERY reason='load=51RPS | k8s_cap=67RPS | (reducing-serverless)' weights={'k3s': 100, 'knative': 0}
2026-07-13 02:43:39 [info     ] Scale readiness observed       elapsed_sec=15.1 ewma_delay=46.5 samples=1 target=4
2026-07-13 02:43:39 [info     ] algorithm2_scaling_decision    action=MAINTAIN alpha=0.060060060060060066 beta=0.0 buffer=1.0 current_replicas=4 predicted_load=52.594627975592516 required_resources=3.159 target_replicas=4
2026-07-13 02:43:39 [info     ] algorithm2_decision            action=MAINTAIN applied_target=4 current_replicas=4 hold_until=0.0 observed_load=52.59 observed_target=4 point_forecasts=None prediction_age_sec=None predictive_target=3 proactive=False scenario=s4-hybrid-predictive target_replicas=4 upper_forecasts=None
2026-07-13 02:43:39 [debug    ] Decision loop completed        action=RECOVERY latency_ms=144.67 p99=124.0
2026-07-13 02:43:54 [debug    ] HAProxy fallback latency       delta_requests=547 interval_avg_ms=72.61 max_rtime_ms=124.0 p99_est=124.0
2026-07-13 02:43:55 [info     ] algorithm2_scaling_decision    action=MAINTAIN alpha=0.060060060060060066 beta=0.0 buffer=1.0 current_replicas=4 predicted_load=43.50724370405183 required_resources=2.613 target_replicas=3
2026-07-13 02:43:55 [info     ] algorithm2_decision            action=MAINTAIN applied_target=3 current_replicas=4 hold_until=0.0 observed_load=43.51 observed_target=3 point_forecasts=None prediction_age_sec=None predictive_target=3 proactive=False scenario=s4-hybrid-predictive target_replicas=3 upper_forecasts=None
2026-07-13 02:43:55 [debug    ] Decision loop completed        action=MAINTAIN latency_ms=104.2 p99=124.0
2026-07-13 02:44:10 [debug    ] HAProxy fallback latency       delta_requests=411 interval_avg_ms=66.0 max_rtime_ms=124.0 p99_est=124.0
2026-07-13 02:44:10 [info     ] algorithm2_scaling_decision    action=MAINTAIN alpha=0.060060060060060066 beta=0.0 buffer=1.0 current_replicas=4 predicted_load=31.696895136159775 required_resources=1.904 target_replicas=3
2026-07-13 02:44:10 [info     ] algorithm2_decision            action=MAINTAIN applied_target=3 current_replicas=4 hold_until=0.0 observed_load=31.7 observed_target=3 point_forecasts=None prediction_age_sec=None predictive_target=3 proactive=False scenario=s4-hybrid-predictive target_replicas=3 upper_forecasts=None
2026-07-13 02:44:10 [debug    ] Decision loop completed        action=MAINTAIN latency_ms=103.13 p99=124.0
2026-07-13 02:44:25 [debug    ] HAProxy fallback latency       delta_requests=358 interval_avg_ms=52.23 max_rtime_ms=124.0 p99_est=104.46
2026-07-13 02:44:25 [info     ] algorithm2_scaling_decision    action=MAINTAIN alpha=0.060060060060060066 beta=0.0 buffer=1.0 current_replicas=4 predicted_load=25.458219472582293 required_resources=1.529 target_replicas=3
2026-07-13 02:44:25 [info     ] algorithm2_decision            action=MAINTAIN applied_target=3 current_replicas=4 hold_until=0.0 observed_load=25.46 observed_target=3 point_forecasts=None prediction_age_sec=None predictive_target=3 proactive=False scenario=s4-hybrid-predictive target_replicas=3 upper_forecasts=None
2026-07-13 02:44:25 [debug    ] Decision loop completed        action=MAINTAIN latency_ms=104.64 p99=104.46368715083798
2026-07-13 02:44:40 [debug    ] HAProxy fallback latency       delta_requests=484 interval_avg_ms=65.0 max_rtime_ms=124.0 p99_est=124.0
2026-07-13 02:44:40 [info     ] algorithm2_scaling_decision    action=MAINTAIN alpha=0.060060060060060066 beta=0.0 buffer=1.0 current_replicas=4 predicted_load=27.84009564738129 required_resources=1.672 target_replicas=3
2026-07-13 02:44:40 [info     ] algorithm2_decision            action=MAINTAIN applied_target=3 current_replicas=4 hold_until=0.0 observed_load=27.84 observed_target=3 point_forecasts=None prediction_age_sec=None predictive_target=3 proactive=False scenario=s4-hybrid-predictive target_replicas=3 upper_forecasts=None
2026-07-13 02:44:40 [debug    ] Decision loop completed        action=MAINTAIN latency_ms=113.76 p99=124.0
2026-07-13 02:44:55 [debug    ] HAProxy fallback latency       delta_requests=773 interval_avg_ms=65.0 max_rtime_ms=124.0 p99_est=124.0
2026-07-13 02:44:55 [info     ] algorithm2_scaling_decision    action=MAINTAIN alpha=0.060060060060060066 beta=0.0 buffer=1.0 current_replicas=4 predicted_load=41.561385331548514 required_resources=2.496 target_replicas=3
2026-07-13 02:44:55 [info     ] algorithm2_decision            action=MAINTAIN applied_target=3 current_replicas=4 hold_until=0.0 observed_load=41.56 observed_target=3 point_forecasts=None prediction_age_sec=None predictive_target=3 proactive=False scenario=s4-hybrid-predictive target_replicas=3 upper_forecasts=None
2026-07-13 02:44:55 [debug    ] Decision loop completed        action=MAINTAIN latency_ms=116.11 p99=124.0
2026-07-13 02:45:10 [debug    ] HAProxy fallback latency       delta_requests=813 interval_avg_ms=65.0 max_rtime_ms=124.0 p99_est=124.0
2026-07-13 02:45:10 [info     ] algorithm2_scaling_decision    action=MAINTAIN alpha=0.060060060060060066 beta=0.0 buffer=1.0 current_replicas=4 predicted_load=52.464060686145345 required_resources=3.151 target_replicas=4
2026-07-13 02:45:10 [info     ] algorithm2_decision            action=MAINTAIN applied_target=4 current_replicas=4 hold_until=0.0 observed_load=52.46 observed_target=4 point_forecasts=None prediction_age_sec=None predictive_target=3 proactive=False scenario=s4-hybrid-predictive target_replicas=4 upper_forecasts=None
2026-07-13 02:45:10 [debug    ] Decision loop completed        action=MAINTAIN latency_ms=113.31 p99=124.0
2026-07-13 02:45:25 [debug    ] HAProxy fallback latency       delta_requests=637 interval_avg_ms=65.0 max_rtime_ms=124.0 p99_est=124.0
2026-07-13 02:45:25 [info     ] algorithm2_scaling_decision    action=MAINTAIN alpha=0.060060060060060066 beta=0.0 buffer=1.0 current_replicas=4 predicted_load=47.99801370154991 required_resources=2.883 target_replicas=3
2026-07-13 02:45:25 [info     ] algorithm2_decision            action=MAINTAIN applied_target=3 current_replicas=4 hold_until=0.0 observed_load=48.0 observed_target=3 point_forecasts=None prediction_age_sec=None predictive_target=3 proactive=False scenario=s4-hybrid-predictive target_replicas=3 upper_forecasts=None
2026-07-13 02:45:25 [debug    ] Decision loop completed        action=MAINTAIN latency_ms=111.43 p99=124.0
2026-07-13 02:45:40 [debug    ] HAProxy fallback latency       delta_requests=657 interval_avg_ms=77.62 max_rtime_ms=133.0 p99_est=133.0
2026-07-13 02:45:40 [info     ] algorithm2_scaling_decision    action=MAINTAIN alpha=0.060060060060060066 beta=0.0 buffer=1.0 current_replicas=4 predicted_load=42.8127133947934 required_resources=2.571 target_replicas=3
2026-07-13 02:45:40 [info     ] algorithm2_decision            action=MAINTAIN applied_target=3 current_replicas=4 hold_until=0.0 observed_load=42.81 observed_target=3 point_forecasts=None prediction_age_sec=None predictive_target=3 proactive=False scenario=s4-hybrid-predictive target_replicas=3 upper_forecasts=None
2026-07-13 02:45:40 [debug    ] Decision loop completed        action=MAINTAIN latency_ms=105.28 p99=133.0
2026-07-13 02:45:55 [debug    ] HAProxy fallback latency       delta_requests=830 interval_avg_ms=55.01 max_rtime_ms=157.0 p99_est=110.02
2026-07-13 02:45:55 [info     ] algorithm2_scaling_decision    action=MAINTAIN alpha=0.060060060060060066 beta=0.0 buffer=1.0 current_replicas=4 predicted_load=49.17729868811606 required_resources=2.954 target_replicas=3
2026-07-13 02:45:55 [info     ] algorithm2_decision            action=MAINTAIN applied_target=3 current_replicas=4 hold_until=0.0 observed_load=49.18 observed_target=3 point_forecasts=None prediction_age_sec=None predictive_target=3 proactive=False scenario=s4-hybrid-predictive target_replicas=3 upper_forecasts=None
2026-07-13 02:45:55 [debug    ] Decision loop completed        action=MAINTAIN latency_ms=111.47 p99=110.01686746987951
2026-07-13 02:46:10 [debug    ] HAProxy fallback latency       delta_requests=916 interval_avg_ms=65.0 max_rtime_ms=157.0 p99_est=130.0
2026-07-13 02:46:11 [info     ] algorithm2_scaling_decision    action=MAINTAIN alpha=0.060060060060060066 beta=0.0 buffer=1.0 current_replicas=4 predicted_load=57.747415094175544 required_resources=3.468 target_replicas=4
2026-07-13 02:46:11 [info     ] algorithm2_decision            action=MAINTAIN applied_target=4 current_replicas=4 hold_until=0.0 observed_load=57.75 observed_target=4 point_forecasts=None prediction_age_sec=None predictive_target=3 proactive=False scenario=s4-hybrid-predictive target_replicas=4 upper_forecasts=None
2026-07-13 02:46:11 [debug    ] Decision loop completed        action=MAINTAIN latency_ms=108.7 p99=130.0
2026-07-13 02:46:26 [debug    ] HAProxy fallback latency       delta_requests=930 interval_avg_ms=53.21 max_rtime_ms=157.0 p99_est=106.41
2026-07-13 02:46:26 [info     ] algorithm2_scaling_decision    action=MAINTAIN alpha=0.060060060060060066 beta=0.0 buffer=1.0 current_replicas=4 predicted_load=61.08497900999016 required_resources=3.669 target_replicas=4
2026-07-13 02:46:26 [info     ] algorithm2_decision            action=MAINTAIN applied_target=4 current_replicas=4 hold_until=0.0 observed_load=61.08 observed_target=4 point_forecasts=None prediction_age_sec=None predictive_target=3 proactive=False scenario=s4-hybrid-predictive target_replicas=4 upper_forecasts=None
2026-07-13 02:46:26 [debug    ] Decision loop completed        action=MAINTAIN latency_ms=109.52 p99=106.41075268817204
2026-07-13 02:46:41 [debug    ] HAProxy fallback latency       delta_requests=1004 interval_avg_ms=87.85 max_rtime_ms=157.0 p99_est=157.0
2026-07-13 02:46:41 [info     ] algorithm2_scaling_decision    action=MAINTAIN alpha=0.060060060060060066 beta=0.0 buffer=1.0 current_replicas=4 predicted_load=64.0008649269887 required_resources=3.844 target_replicas=4
2026-07-13 02:46:41 [info     ] algorithm2_decision            action=MAINTAIN applied_target=4 current_replicas=4 hold_until=0.0 observed_load=64.0 observed_target=4 point_forecasts=None prediction_age_sec=None predictive_target=3 proactive=False scenario=s4-hybrid-predictive target_replicas=4 upper_forecasts=None
2026-07-13 02:46:41 [debug    ] Decision loop completed        action=MAINTAIN latency_ms=105.59 p99=157.0
2026-07-13 02:46:56 [debug    ] HAProxy fallback latency       delta_requests=1117 interval_avg_ms=54.28 max_rtime_ms=157.0 p99_est=108.56
2026-07-13 02:46:56 [info     ] Knative pre-warm OK            cold_start_ms=11.3
2026-07-13 02:46:56 [info     ] controller_decision_v3         action=REACTIVE available_replicas=4 budget_remaining=1000 burn_adjustment=0 burst_ratio=0.0994 capacity_deficit=False confidence=0 current_load=73.9468477792748 decision_id=bf35c11d k8s_capacity=66.6 k8s_weight=90 knative_weight=10 p99=108.6 predicted_load=0 r_effective=16.6 serverless_enabled=True total_load=73.9 weights_after={'k3s': 90, 'knative': 10} weights_before={'k3s': 100, 'knative': 0}
2026-07-13 02:46:56 [info     ] Weights updated                k3s=90 knative=10
2026-07-13 02:46:56 [info     ] Weights updated                action=REACTIVE reason='load=74RPS | k8s_cap=67RPS | (burst-routing)' weights={'k3s': 90, 'knative': 10}
2026-07-13 02:46:56 [info     ] algorithm2_scaling_decision    action=SCALE_UP alpha=0.060060060060060066 beta=0.0 buffer=1.0 current_replicas=4 predicted_load=70.16498862829387 required_resources=4.214 target_replicas=5
2026-07-13 02:46:56 [info     ] algorithm2_decision            action=SCALE_UP applied_target=5 current_replicas=4 hold_until=0.0 observed_load=70.16 observed_target=5 point_forecasts=None prediction_age_sec=None predictive_target=3 proactive=False scenario=s4-hybrid-predictive target_replicas=5 upper_forecasts=None
2026-07-13 02:46:56 [info     ] k8s_scale_executed             deployment=test-app-warm replicas=5
2026-07-13 02:46:56 [debug    ] Decision loop completed        action=REACTIVE latency_ms=153.61 p99=108.56222023276634
2026-07-13 02:47:11 [debug    ] HAProxy fallback latency       delta_requests=1277 interval_avg_ms=87.5 max_rtime_ms=161.0 p99_est=161.0
2026-07-13 02:47:11 [info     ] controller_decision_v3         action=RECOVERY available_replicas=5 budget_remaining=1000 burn_adjustment=0 burst_ratio=0.0121 capacity_deficit=False confidence=0 current_load=84.26621631767074 decision_id=df30a38c k8s_capacity=83.2 k8s_weight=98 knative_weight=2 p99=161.0 predicted_load=0 r_effective=16.6 serverless_enabled=True total_load=84.3 weights_after={'k3s': 98, 'knative': 2} weights_before={'k3s': 90, 'knative': 10}
2026-07-13 02:47:11 [info     ] Weights updated                k3s=98 knative=2
2026-07-13 02:47:11 [info     ] Weights updated                action=RECOVERY reason='load=84RPS | k8s_cap=83RPS | (reducing-serverless)' weights={'k3s': 98, 'knative': 2}
2026-07-13 02:47:11 [info     ] Scale readiness observed       elapsed_sec=15.1 ewma_delay=37.1 samples=2 target=5
2026-07-13 02:47:11 [info     ] algorithm2_scaling_decision    action=MAINTAIN alpha=0.060060060060060066 beta=0.0 buffer=1.0 current_replicas=5 predicted_load=79.10653204847277 required_resources=4.751 target_replicas=5
2026-07-13 02:47:11 [info     ] algorithm2_decision            action=MAINTAIN applied_target=5 current_replicas=5 hold_until=0.0 observed_load=79.11 observed_target=5 point_forecasts=None prediction_age_sec=None predictive_target=3 proactive=False scenario=s4-hybrid-predictive target_replicas=5 upper_forecasts=None
2026-07-13 02:47:11 [debug    ] Decision loop completed        action=RECOVERY latency_ms=144.32 p99=161.0
2026-07-13 02:47:26 [debug    ] HAProxy fallback latency       delta_requests=1460 interval_avg_ms=67.0 max_rtime_ms=176.0 p99_est=134.0
2026-07-13 02:47:26 [info     ] controller_decision_v3         action=REACTIVE available_replicas=5 budget_remaining=1000 burn_adjustment=0 burst_ratio=0.1359 capacity_deficit=False confidence=0 current_load=96.34181855439385 decision_id=48a5e51c k8s_capacity=83.2 k8s_weight=86 knative_weight=14 p99=134.0 predicted_load=0 r_effective=16.6 serverless_enabled=True total_load=96.3 weights_after={'k3s': 86, 'knative': 14} weights_before={'k3s': 98, 'knative': 2}
2026-07-13 02:47:26 [info     ] Weights updated                k3s=86 knative=14
2026-07-13 02:47:26 [info     ] Weights updated                action=REACTIVE reason='load=96RPS | k8s_cap=83RPS | (burst-routing)' weights={'k3s': 86, 'knative': 14}
2026-07-13 02:47:26 [info     ] algorithm2_scaling_decision    action=SCALE_UP alpha=0.060060060060060066 beta=0.0 buffer=1.0 current_replicas=5 predicted_load=90.3040174360323 required_resources=5.424 target_replicas=6
2026-07-13 02:47:26 [info     ] algorithm2_decision            action=SCALE_UP applied_target=6 current_replicas=5 hold_until=0.0 observed_load=90.3 observed_target=6 point_forecasts=None prediction_age_sec=None predictive_target=3 proactive=False scenario=s4-hybrid-predictive target_replicas=6 upper_forecasts=None
2026-07-13 02:47:26 [info     ] k8s_scale_executed             deployment=test-app-warm replicas=6
2026-07-13 02:47:26 [debug    ] Decision loop completed        action=REACTIVE latency_ms=155.19 p99=134.0
2026-07-13 02:47:41 [debug    ] HAProxy fallback latency       delta_requests=1672 interval_avg_ms=67.0 max_rtime_ms=176.0 p99_est=134.0
2026-07-13 02:47:41 [info     ] controller_decision_v3         action=RECOVERY available_replicas=6 budget_remaining=1000 burn_adjustment=0 burst_ratio=0.0945 capacity_deficit=False confidence=0 current_load=110.31988940192728 decision_id=304ced5a k8s_capacity=99.9 k8s_weight=90 knative_weight=10 p99=134.0 predicted_load=0 r_effective=16.6 serverless_enabled=True total_load=110.3 weights_after={'k3s': 90, 'knative': 10} weights_before={'k3s': 86, 'knative': 14}
2026-07-13 02:47:41 [info     ] Weights updated                k3s=90 knative=10
2026-07-13 02:47:41 [info     ] Weights updated                action=RECOVERY reason='load=110RPS | k8s_cap=100RPS | (reducing-serverless)' weights={'k3s': 90, 'knative': 10}
2026-07-13 02:47:41 [info     ] Scale readiness observed       elapsed_sec=15.1 ewma_delay=30.5 samples=3 target=6
2026-07-13 02:47:41 [info     ] algorithm2_scaling_decision    action=MAINTAIN alpha=0.060060060060060066 beta=0.0 buffer=1.0 current_replicas=6 predicted_load=103.33085397816058 required_resources=6.206 target_replicas=6
2026-07-13 02:47:41 [info     ] algorithm2_decision            action=MAINTAIN applied_target=6 current_replicas=6 hold_until=0.0 observed_load=103.33 observed_target=6 point_forecasts=None prediction_age_sec=None predictive_target=3 proactive=False scenario=s4-hybrid-predictive target_replicas=6 upper_forecasts=None
2026-07-13 02:47:41 [debug    ] Decision loop completed        action=RECOVERY latency_ms=146.94 p99=134.0
2026-07-13 02:47:56 [debug    ] HAProxy fallback latency       delta_requests=1895 interval_avg_ms=87.47 max_rtime_ms=176.0 p99_est=174.94
2026-07-13 02:47:56 [info     ] controller_decision_v3         action=REACTIVE available_replicas=6 budget_remaining=1000 burn_adjustment=0 burst_ratio=0.2015 capacity_deficit=False confidence=0 current_load=125.10295904898277 decision_id=b932e9e7 k8s_capacity=99.9 k8s_weight=79 knative_weight=21 p99=174.9 predicted_load=0 r_effective=16.6 serverless_enabled=True total_load=125.1 weights_after={'k3s': 79, 'knative': 21} weights_before={'k3s': 90, 'knative': 10}
2026-07-13 02:47:56 [info     ] Weights updated                k3s=79 knative=21
2026-07-13 02:47:56 [info     ] Weights updated                action=REACTIVE reason='load=125RPS | k8s_cap=100RPS | (burst-routing)' weights={'k3s': 79, 'knative': 21}
2026-07-13 02:47:56 [info     ] algorithm2_scaling_decision    action=MAINTAIN alpha=0.060060060060060066 beta=0.0 buffer=1.0 current_replicas=6 predicted_load=117.71142422545503 required_resources=7.07 target_replicas=6
2026-07-13 02:47:56 [info     ] algorithm2_decision            action=MAINTAIN applied_target=6 current_replicas=6 hold_until=0.0 observed_load=117.71 observed_target=6 point_forecasts=None prediction_age_sec=None predictive_target=3 proactive=False scenario=s4-hybrid-predictive target_replicas=6 upper_forecasts=None
2026-07-13 02:47:56 [debug    ] Decision loop completed        action=REACTIVE latency_ms=111.17 p99=174.9372031662269
2026-07-13 02:48:12 [debug    ] HAProxy fallback latency       delta_requests=1718 interval_avg_ms=19.85 max_rtime_ms=176.0 p99_est=39.69
2026-07-13 02:48:12 [info     ] controller_decision_v3         action=RECOVERY available_replicas=6 budget_remaining=1000 burn_adjustment=0 burst_ratio=0.1214 capacity_deficit=False confidence=0 current_load=113.69991068346752 decision_id=3ad0edaf k8s_capacity=99.9 k8s_weight=87 knative_weight=13 p99=39.7 predicted_load=0 r_effective=16.6 serverless_enabled=True total_load=113.7 weights_after={'k3s': 87, 'knative': 13} weights_before={'k3s': 79, 'knative': 21}
2026-07-13 02:48:12 [info     ] Weights updated                k3s=87 knative=13
2026-07-13 02:48:12 [info     ] Weights updated                action=RECOVERY reason='load=114RPS | k8s_cap=100RPS | (reducing-serverless)' weights={'k3s': 87, 'knative': 13}
2026-07-13 02:48:12 [info     ] algorithm2_scaling_decision    action=MAINTAIN alpha=0.060060060060060066 beta=0.0 buffer=1.0 current_replicas=6 predicted_load=119.40143486622515 required_resources=7.171 target_replicas=6
2026-07-13 02:48:12 [info     ] algorithm2_decision            action=MAINTAIN applied_target=6 current_replicas=6 hold_until=0.0 observed_load=119.4 observed_target=6 point_forecasts=None prediction_age_sec=None predictive_target=3 proactive=False scenario=s4-hybrid-predictive target_replicas=6 upper_forecasts=None
2026-07-13 02:48:12 [debug    ] Decision loop completed        action=RECOVERY latency_ms=138.23 p99=39.69033760186263
2026-07-13 02:48:27 [debug    ] HAProxy fallback latency       delta_requests=1312 interval_avg_ms=65.0 max_rtime_ms=176.0 p99_est=130.0
2026-07-13 02:48:27 [info     ] controller_decision_v3         action=RECOVERY available_replicas=6 budget_remaining=1000 burn_adjustment=0 burst_ratio=0 capacity_deficit=False confidence=0 current_load=86.79818144673247 decision_id=5771b1ea k8s_capacity=99.9 k8s_weight=100 knative_weight=0 p99=130.0 predicted_load=0 r_effective=16.6 serverless_enabled=False total_load=86.8 weights_after={'k3s': 100, 'knative': 0} weights_before={'k3s': 87, 'knative': 13}
2026-07-13 02:48:27 [info     ] Weights updated                k3s=100 knative=0
2026-07-13 02:48:27 [info     ] Weights updated                action=RECOVERY reason='load=87RPS | k8s_cap=100RPS | (reducing-serverless)' weights={'k3s': 100, 'knative': 0}
2026-07-13 02:48:27 [info     ] algorithm2_scaling_decision    action=MAINTAIN alpha=0.060060060060060066 beta=0.0 buffer=1.0 current_replicas=6 predicted_load=100.2490460651 required_resources=6.021 target_replicas=6
2026-07-13 02:48:27 [info     ] algorithm2_decision            action=MAINTAIN applied_target=6 current_replicas=6 hold_until=0.0 observed_load=100.25 observed_target=6 point_forecasts=None prediction_age_sec=None predictive_target=3 proactive=False scenario=s4-hybrid-predictive target_replicas=6 upper_forecasts=None
2026-07-13 02:48:27 [debug    ] Decision loop completed        action=RECOVERY latency_ms=140.08 p99=130.0
2026-07-13 02:48:42 [debug    ] HAProxy fallback latency       delta_requests=1131 interval_avg_ms=44.17 max_rtime_ms=176.0 p99_est=88.35
2026-07-13 02:48:42 [info     ] algorithm2_scaling_decision    action=MAINTAIN alpha=0.060060060060060066 beta=0.0 buffer=1.0 current_replicas=6 predicted_load=80.71744478010947 required_resources=4.848 target_replicas=5
2026-07-13 02:48:42 [info     ] algorithm2_decision            action=MAINTAIN applied_target=5 current_replicas=6 hold_until=0.0 observed_load=80.72 observed_target=5 point_forecasts=None prediction_age_sec=None predictive_target=3 proactive=False scenario=s4-hybrid-predictive target_replicas=5 upper_forecasts=None
2026-07-13 02:48:42 [debug    ] Decision loop completed        action=MAINTAIN latency_ms=109.12 p99=88.34659593280283
2026-07-13 02:48:57 [debug    ] HAProxy fallback latency       delta_requests=1074 interval_avg_ms=64.0 max_rtime_ms=176.0 p99_est=128.0
2026-07-13 02:48:57 [info     ] algorithm2_scaling_decision    action=MAINTAIN alpha=0.060060060060060066 beta=0.0 buffer=1.0 current_replicas=6 predicted_load=72.85855542964634 required_resources=4.376 target_replicas=5
2026-07-13 02:48:57 [info     ] algorithm2_decision            action=MAINTAIN applied_target=5 current_replicas=6 hold_until=0.0 observed_load=72.86 observed_target=5 point_forecasts=None prediction_age_sec=None predictive_target=3 proactive=False scenario=s4-hybrid-predictive target_replicas=5 upper_forecasts=None
2026-07-13 02:48:57 [debug    ] Decision loop completed        action=MAINTAIN latency_ms=108.12 p99=128.0
2026-07-13 02:49:12 [debug    ] HAProxy fallback latency       delta_requests=945 interval_avg_ms=64.0 max_rtime_ms=176.0 p99_est=128.0
2026-07-13 02:49:12 [info     ] algorithm2_scaling_decision    action=MAINTAIN alpha=0.060060060060060066 beta=0.0 buffer=1.0 current_replicas=6 predicted_load=66.84817790210487 required_resources=4.015 target_replicas=5
2026-07-13 02:49:12 [info     ] algorithm2_decision            action=MAINTAIN applied_target=5 current_replicas=6 hold_until=0.0 observed_load=66.85 observed_target=5 point_forecasts=None prediction_age_sec=None predictive_target=3 proactive=False scenario=s4-hybrid-predictive target_replicas=5 upper_forecasts=None
2026-07-13 02:49:12 [debug    ] Decision loop completed        action=MAINTAIN latency_ms=104.76 p99=128.0
2026-07-13 02:49:27 [debug    ] HAProxy fallback latency       delta_requests=792 interval_avg_ms=30.71 max_rtime_ms=176.0 p99_est=61.42
2026-07-13 02:49:27 [debug    ] GRU prediction received        confidence=0.8 latency_ms=5.46 predicted=88
2026-07-13 02:49:27 [debug    ] Using GRU prediction           confidence=0.8 forecast_capacity_signal=88.4 predicted=88 required_steps=4
2026-07-13 02:49:27 [info     ] algorithm2_scaling_decision    action=MAINTAIN alpha=0.060060060060060066 beta=0.0 buffer=1.0 current_replicas=6 predicted_load=88.38127899169922 required_resources=5.308 target_replicas=6
2026-07-13 02:49:27 [info     ] algorithm2_decision            action=MAINTAIN applied_target=6 current_replicas=6 hold_until=1783885857.7 observed_load=57.52 observed_target=4 point_forecasts=[74.33696746826172, 73.3394775390625, 73.05706024169922, 74.01313781738281, 72.26797485351562] prediction_age_sec=0.07 predictive_target=6 proactive=True scenario=s4-hybrid-predictive target_replicas=6 upper_forecasts=[88.40463256835938, 86.96498107910156, 87.20970153808594, 88.38127899169922, 86.94709014892578]
2026-07-13 02:49:27 [debug    ] Decision loop completed        action=MAINTAIN latency_ms=114.54 p99=61.41919191919192
2026-07-13 02:49:42 [debug    ] HAProxy fallback latency       delta_requests=1200 interval_avg_ms=108.94 max_rtime_ms=176.0 p99_est=176.0
2026-07-13 02:49:42 [debug    ] GRU prediction received        confidence=0.8 latency_ms=5.68 predicted=88
2026-07-13 02:49:42 [debug    ] Using GRU prediction           confidence=0.8 forecast_capacity_signal=88.1 predicted=88 required_steps=4
2026-07-13 02:49:42 [info     ] algorithm2_scaling_decision    action=MAINTAIN alpha=0.060060060060060066 beta=0.0 buffer=1.0 current_replicas=6 predicted_load=88.14920806884766 required_resources=5.294 target_replicas=6
2026-07-13 02:49:42 [info     ] algorithm2_decision            action=MAINTAIN applied_target=6 current_replicas=6 hold_until=1783885872.8 observed_load=65.88 observed_target=4 point_forecasts=[73.67721557617188, 73.28041076660156, 73.13639068603516, 73.78106689453125, 72.64129638671875] prediction_age_sec=0.07 predictive_target=6 proactive=True scenario=s4-hybrid-predictive target_replicas=6 upper_forecasts=[87.74488067626953, 86.90591430664062, 87.28903198242188, 88.14920806884766, 87.3204116821289]
2026-07-13 02:49:42 [debug    ] Decision loop completed        action=MAINTAIN latency_ms=114.13 p99=176.0
2026-07-13 02:49:57 [debug    ] HAProxy fallback latency       delta_requests=1872 interval_avg_ms=332.33 max_rtime_ms=275.0 p99_est=275.0
2026-07-13 02:49:57 [debug    ] GRU prediction received        confidence=0.8 latency_ms=5.71 predicted=101
2026-07-13 02:49:57 [debug    ] Using GRU prediction           confidence=0.8 forecast_capacity_signal=101.0 predicted=101 required_steps=4
2026-07-13 02:49:57 [debug    ] Proactive amplification        amplified=189.5 approach_ratio=1.24 load_trend=13.2 raw_pred=101
2026-07-13 02:49:57 [info     ] Knative pre-warm OK            cold_start_ms=3.1
2026-07-13 02:49:57 [info     ] controller_decision_v3         action=PREDICTIVE available_replicas=6 budget_remaining=999 burn_adjustment=0 burst_ratio=0.1925 capacity_deficit=False confidence=0.8 current_load=123.72174567270754 decision_id=bac12fdf k8s_capacity=99.9 k8s_weight=80 knative_weight=20 p99=275.0 predicted_load=101 r_effective=16.6 serverless_enabled=True total_load=123.7 weights_after={'k3s': 80, 'knative': 20} weights_before={'k3s': 100, 'knative': 0}
2026-07-13 02:49:57 [info     ] Weights updated                k3s=80 knative=20
2026-07-13 02:49:57 [info     ] Weights updated                action=PREDICTIVE reason='load=124RPS | k8s_cap=100RPS | (prediction-driven)' weights={'k3s': 80, 'knative': 20}
2026-07-13 02:49:57 [info     ] algorithm2_scaling_decision    action=MAINTAIN alpha=0.060060060060060066 beta=0.0 buffer=1.0 current_replicas=6 predicted_load=101.52596479988452 required_resources=6.098 target_replicas=6
2026-07-13 02:49:57 [info     ] algorithm2_decision            action=MAINTAIN applied_target=6 current_replicas=6 hold_until=1783885872.8 observed_load=101.53 observed_target=6 point_forecasts=[85.61024475097656, 85.7283706665039, 85.5951156616211, 85.25502014160156, 86.06205749511719] prediction_age_sec=0.07 predictive_target=6 proactive=False scenario=s4-hybrid-predictive target_replicas=6 upper_forecasts=[99.67790985107422, 99.35387420654297, 99.74775695800781, 99.62316131591797, 100.74117279052734]
2026-07-13 02:49:57 [debug    ] Decision loop completed        action=PREDICTIVE latency_ms=120.94 p99=275.0
2026-07-13 02:50:12 [debug    ] GRU prediction received        confidence=0.8 latency_ms=5.71 predicted=110
2026-07-13 02:50:12 [debug    ] Using GRU prediction           confidence=0.8 forecast_capacity_signal=110.0 predicted=110 required_steps=4
2026-07-13 02:50:13 [debug    ] Proactive amplification        amplified=192.5 approach_ratio=1.2 load_trend=14.4 raw_pred=110
2026-07-13 02:50:13 [info     ] controller_decision_v3         action=RECOVERY available_replicas=6 budget_remaining=998 burn_adjustment=0 burst_ratio=0.17 capacity_deficit=False confidence=0.8 current_load=120.35897076815685 decision_id=fd333fad k8s_capacity=99.9 k8s_weight=83 knative_weight=17 p99=275.0 predicted_load=110 r_effective=16.6 serverless_enabled=True total_load=120.4 weights_after={'k3s': 83, 'knative': 17} weights_before={'k3s': 80, 'knative': 20}
2026-07-13 02:50:13 [info     ] Weights updated                k3s=83 knative=17
2026-07-13 02:50:13 [info     ] Weights updated                action=RECOVERY reason='load=120RPS | k8s_cap=100RPS | (reducing-serverless)' weights={'k3s': 83, 'knative': 17}
2026-07-13 02:50:13 [info     ] algorithm2_scaling_decision    action=MAINTAIN alpha=0.060060060060060066 beta=0.0 buffer=1.0 current_replicas=6 predicted_load=122.0403582204322 required_resources=7.33 target_replicas=6
2026-07-13 02:50:13 [info     ] algorithm2_decision            action=MAINTAIN applied_target=6 current_replicas=6 hold_until=1783885872.8 observed_load=122.04 observed_target=6 point_forecasts=[96.10086059570312, 95.95152282714844, 95.92340087890625, 95.44725799560547, 95.6983642578125] prediction_age_sec=0.11 predictive_target=6 proactive=False scenario=s4-hybrid-predictive target_replicas=6 upper_forecasts=[110.16852569580078, 109.5770263671875, 110.0760498046875, 109.81539916992188, 110.37747955322266]
2026-07-13 02:50:13 [debug    ] Decision loop completed        action=RECOVERY latency_ms=153.89 p99=275.0
2026-07-13 02:50:28 [debug    ] HAProxy fallback latency       delta_requests=1425 interval_avg_ms=67.0 max_rtime_ms=275.0 p99_est=134.0
2026-07-13 02:50:28 [debug    ] GRU prediction received        confidence=0.8 latency_ms=5.91 predicted=112
2026-07-13 02:50:28 [debug    ] Using GRU prediction           confidence=0.8 forecast_capacity_signal=112.0 predicted=112 required_steps=4
2026-07-13 02:50:28 [debug    ] Proactive amplification        amplified=146.2 approach_ratio=0.94 load_trend=10.4 raw_pred=112
2026-07-13 02:50:28 [info     ] controller_decision_v3         action=RECOVERY available_replicas=6 budget_remaining=998 burn_adjustment=0 burst_ratio=0 capacity_deficit=False confidence=0.8 current_load=94.10349573200314 decision_id=23c35bbe k8s_capacity=99.9 k8s_weight=100 knative_weight=0 p99=134.0 predicted_load=112 r_effective=16.6 serverless_enabled=False total_load=94.1 weights_after={'k3s': 100, 'knative': 0} weights_before={'k3s': 83, 'knative': 17}
2026-07-13 02:50:28 [info     ] Weights updated                k3s=100 knative=0
2026-07-13 02:50:28 [info     ] Weights updated                action=RECOVERY reason='load=94RPS | k8s_cap=100RPS | (reducing-serverless)' weights={'k3s': 100, 'knative': 0}
2026-07-13 02:50:28 [info     ] algorithm2_scaling_decision    action=MAINTAIN alpha=0.060060060060060066 beta=0.0 buffer=1.0 current_replicas=6 predicted_load=107.23123325008 required_resources=6.44 target_replicas=6
2026-07-13 02:50:28 [info     ] algorithm2_decision            action=MAINTAIN applied_target=6 current_replicas=6 hold_until=1783885872.8 observed_load=107.23 observed_target=6 point_forecasts=[97.44300079345703, 97.59916687011719, 97.15766143798828, 96.96758270263672, 96.9509048461914] prediction_age_sec=0.11 predictive_target=6 proactive=False scenario=s4-hybrid-predictive target_replicas=6 upper_forecasts=[111.51066589355469, 111.22467041015625, 111.310302734375, 111.33572387695312, 111.63002014160156]
2026-07-13 02:50:28 [debug    ] Decision loop completed        action=RECOVERY latency_ms=156.05 p99=134.0
2026-07-13 02:50:43 [debug    ] HAProxy fallback latency       delta_requests=1232 interval_avg_ms=39.47 max_rtime_ms=275.0 p99_est=78.94
2026-07-13 02:50:43 [debug    ] GRU prediction received        confidence=0.8 latency_ms=5.51 predicted=109
2026-07-13 02:50:43 [debug    ] Using GRU prediction           confidence=0.8 forecast_capacity_signal=109.0 predicted=109 required_steps=4
2026-07-13 02:50:43 [info     ] algorithm2_scaling_decision    action=MAINTAIN alpha=0.060060060060060066 beta=0.0 buffer=1.0 current_replicas=6 predicted_load=87.69484608080444 required_resources=5.267 target_replicas=6
2026-07-13 02:50:43 [info     ] algorithm2_decision            action=MAINTAIN applied_target=6 current_replicas=6 hold_until=1783885872.8 observed_load=87.69 observed_target=6 point_forecasts=[94.26728820800781, 94.74168395996094, 93.79728698730469, 93.97982788085938, 93.92547607421875] prediction_age_sec=0.07 predictive_target=6 proactive=False scenario=s4-hybrid-predictive target_replicas=6 upper_forecasts=[108.33495330810547, 108.3671875, 107.94993591308594, 108.34796905517578, 108.6045913696289]
2026-07-13 02:50:43 [debug    ] Decision loop completed        action=MAINTAIN latency_ms=117.03 p99=78.9448051948052
2026-07-13 02:50:58 [debug    ] HAProxy fallback latency       delta_requests=1147 interval_avg_ms=35.43 max_rtime_ms=275.0 p99_est=70.86
2026-07-13 02:50:58 [debug    ] GRU prediction received        confidence=0.8 latency_ms=5.71 predicted=104
2026-07-13 02:50:58 [debug    ] Using GRU prediction           confidence=0.8 forecast_capacity_signal=104.0 predicted=104 required_steps=4
2026-07-13 02:50:58 [info     ] algorithm2_scaling_decision    action=MAINTAIN alpha=0.060060060060060066 beta=0.0 buffer=1.0 current_replicas=6 predicted_load=104.0 required_resources=6.246 target_replicas=6
2026-07-13 02:50:58 [info     ] algorithm2_decision            action=MAINTAIN applied_target=6 current_replicas=6 hold_until=1783885948.5 observed_load=78.58 observed_target=5 point_forecasts=[89.78678131103516, 90.4135971069336, 89.21280670166016, 89.571044921875, 89.65662384033203] prediction_age_sec=0.07 predictive_target=6 proactive=True scenario=s4-hybrid-predictive target_replicas=6 upper_forecasts=[103.85444641113281, 104.03910064697266, 103.36544799804688, 103.9391860961914, 104.33573913574219]
2026-07-13 02:50:58 [debug    ] Decision loop completed        action=MAINTAIN latency_ms=118.98 p99=70.86486486486487
2026-07-13 02:51:13 [debug    ] HAProxy fallback latency       delta_requests=1490 interval_avg_ms=138.59 max_rtime_ms=275.0 p99_est=275.0
2026-07-13 02:51:13 [debug    ] GRU prediction received        confidence=0.8 latency_ms=6.08 predicted=107
2026-07-13 02:51:13 [debug    ] Using GRU prediction           confidence=0.8 forecast_capacity_signal=107.0 predicted=107 required_steps=4
2026-07-13 02:51:13 [info     ] algorithm2_scaling_decision    action=MAINTAIN alpha=0.060060060060060066 beta=0.0 buffer=1.0 current_replicas=6 predicted_load=87.18098165867039 required_resources=5.236 target_replicas=6
2026-07-13 02:51:13 [info     ] algorithm2_decision            action=MAINTAIN applied_target=6 current_replicas=6 hold_until=1783885948.5 observed_load=87.18 observed_target=6 point_forecasts=[92.1803970336914, 92.50850677490234, 91.55966186523438, 91.77689361572266, 91.83080291748047] prediction_age_sec=0.07 predictive_target=6 proactive=False scenario=s4-hybrid-predictive target_replicas=6 upper_forecasts=[106.24806213378906, 106.1340103149414, 105.71231079101562, 106.14503479003906, 106.50991821289062]
2026-07-13 02:51:13 [debug    ] Decision loop completed        action=MAINTAIN latency_ms=117.39 p99=275.0
2026-07-13 02:51:28 [debug    ] HAProxy fallback latency       delta_requests=2006 interval_avg_ms=663.85 max_rtime_ms=387.0 p99_est=387.0
2026-07-13 02:51:28 [debug    ] GRU prediction received        confidence=0.8 latency_ms=5.37 predicted=118
2026-07-13 02:51:28 [debug    ] Using GRU prediction           confidence=0.8 forecast_capacity_signal=118.0 predicted=118 required_steps=4
2026-07-13 02:51:28 [debug    ] Proactive amplification        amplified=180.6 approach_ratio=1.33 load_trend=9.6 raw_pred=118
2026-07-13 02:51:28 [info     ] Knative pre-warm OK            cold_start_ms=2.6
2026-07-13 02:51:28 [info     ] controller_decision_v3         action=PREDICTIVE available_replicas=6 budget_remaining=996 burn_adjustment=0 burst_ratio=0.2464 capacity_deficit=False confidence=0.8 current_load=132.56045037008852 decision_id=fd140151 k8s_capacity=99.9 k8s_weight=75 knative_weight=25 p99=387.0 predicted_load=118 r_effective=16.6 serverless_enabled=True total_load=132.6 weights_after={'k3s': 75, 'knative': 25} weights_before={'k3s': 100, 'knative': 0}
2026-07-13 02:51:28 [info     ] Weights updated                k3s=75 knative=25
2026-07-13 02:51:28 [info     ] Weights updated                action=PREDICTIVE reason='load=133RPS | k8s_cap=100RPS | (prediction-driven)' weights={'k3s': 75, 'knative': 25}
2026-07-13 02:51:28 [info     ] algorithm2_scaling_decision    action=MAINTAIN alpha=0.060060060060060066 beta=0.0 buffer=1.0 current_replicas=6 predicted_load=115.52303832465566 required_resources=6.938 target_replicas=6
2026-07-13 02:51:28 [info     ] algorithm2_decision            action=MAINTAIN applied_target=6 current_replicas=6 hold_until=1783885948.5 observed_load=115.52 observed_target=6 point_forecasts=[103.69096374511719, 103.30232238769531, 103.02792358398438, 102.8218002319336, 102.50148010253906] prediction_age_sec=0.07 predictive_target=6 proactive=False scenario=s4-hybrid-predictive target_replicas=6 upper_forecasts=[117.75862884521484, 116.92782592773438, 117.18057250976562, 117.18994140625, 117.18059539794922]
2026-07-13 02:51:28 [debug    ] Decision loop completed        action=PREDICTIVE latency_ms=121.57 p99=387.0
2026-07-13 02:51:43 [debug    ] GRU prediction received        confidence=0.8 latency_ms=6.04 predicted=133
2026-07-13 02:51:43 [debug    ] Using GRU prediction           confidence=0.8 forecast_capacity_signal=133.0 predicted=133 required_steps=4
2026-07-13 02:51:43 [debug    ] Proactive amplification        amplified=236.6 approach_ratio=1.5 load_trend=17.3 raw_pred=133
2026-07-13 02:51:43 [info     ] controller_decision_v3         action=PREDICTIVE available_replicas=6 budget_remaining=995 burn_adjustment=0 burst_ratio=0.3354 capacity_deficit=False confidence=0.8 current_load=150.31212804612488 decision_id=b089aa22 k8s_capacity=99.9 k8s_weight=66 knative_weight=34 p99=387.0 predicted_load=133 r_effective=16.6 serverless_enabled=True total_load=150.3 weights_after={'k3s': 66, 'knative': 34} weights_before={'k3s': 75, 'knative': 25}
2026-07-13 02:51:43 [info     ] Weights updated                k3s=66 knative=34
2026-07-13 02:51:43 [info     ] Weights updated                action=PREDICTIVE reason='load=150RPS | k8s_cap=100RPS | (prediction-driven)' weights={'k3s': 66, 'knative': 34}
2026-07-13 02:51:43 [info     ] algorithm2_scaling_decision    action=MAINTAIN alpha=0.060060060060060066 beta=0.0 buffer=1.0 current_replicas=6 predicted_load=141.4362892081067 required_resources=8.495 target_replicas=6
2026-07-13 02:51:43 [info     ] algorithm2_decision            action=MAINTAIN applied_target=6 current_replicas=6 hold_until=1783885948.5 observed_load=141.44 observed_target=6 point_forecasts=[118.85346221923828, 117.85304260253906, 118.08157348632812, 117.5286865234375, 116.58702850341797] prediction_age_sec=0.07 predictive_target=6 proactive=False scenario=s4-hybrid-predictive target_replicas=6 upper_forecasts=[132.92112731933594, 131.47854614257812, 132.23422241210938, 131.89682006835938, 131.26614379882812]
2026-07-13 02:51:43 [debug    ] Decision loop completed        action=PREDICTIVE latency_ms=123.24 p99=387.0
2026-07-13 02:51:58 [debug    ] HAProxy fallback latency       delta_requests=2423 interval_avg_ms=44.3 max_rtime_ms=387.0 p99_est=88.6
2026-07-13 02:51:58 [debug    ] GRU prediction received        confidence=0.8 latency_ms=5.5 predicted=148
2026-07-13 02:51:58 [debug    ] Using GRU prediction           confidence=0.8 forecast_capacity_signal=148.0 predicted=148 required_steps=4
2026-07-13 02:51:58 [debug    ] Proactive amplification        amplified=265.5 approach_ratio=1.6 load_trend=21.1 raw_pred=148
2026-07-13 02:51:58 [info     ] controller_decision_v3         action=PREDICTIVE available_replicas=6 budget_remaining=995 burn_adjustment=0 burst_ratio=0.3762 capacity_deficit=False confidence=0.8 current_load=160.14371985552233 decision_id=61b077b5 k8s_capacity=99.9 k8s_weight=62 knative_weight=38 p99=88.6 predicted_load=148 r_effective=16.6 serverless_enabled=True total_load=160.1 weights_after={'k3s': 62, 'knative': 38} weights_before={'k3s': 66, 'knative': 34}
2026-07-13 02:51:58 [info     ] Weights updated                k3s=62 knative=38
2026-07-13 02:51:58 [info     ] Weights updated                action=PREDICTIVE reason='load=160RPS | k8s_cap=100RPS | (prediction-driven)' weights={'k3s': 62, 'knative': 38}
2026-07-13 02:51:58 [info     ] algorithm2_scaling_decision    action=MAINTAIN alpha=0.060060060060060066 beta=0.0 buffer=1.0 current_replicas=6 predicted_load=155.2279239508236 required_resources=9.323 target_replicas=6
2026-07-13 02:51:58 [info     ] algorithm2_decision            action=MAINTAIN applied_target=6 current_replicas=6 hold_until=1783885948.5 observed_load=155.23 observed_target=6 point_forecasts=[134.20864868164062, 132.83111572265625, 133.19618225097656, 132.5240020751953, 130.87290954589844] prediction_age_sec=0.08 predictive_target=6 proactive=False scenario=s4-hybrid-predictive target_replicas=6 upper_forecasts=[148.2763214111328, 146.4566192626953, 147.3488311767578, 146.89215087890625, 145.55201721191406]
2026-07-13 02:51:58 [debug    ] Decision loop completed        action=PREDICTIVE latency_ms=127.24 p99=88.59595542715641
2026-07-13 02:52:14 [debug    ] GRU prediction received        confidence=0.8 latency_ms=6.04 predicted=155
2026-07-13 02:52:14 [debug    ] Using GRU prediction           confidence=0.8 forecast_capacity_signal=155.0 predicted=155 required_steps=4
2026-07-13 02:52:14 [debug    ] Proactive amplification        amplified=204.3 approach_ratio=1.46 load_trend=11.8 raw_pred=155
2026-07-13 02:52:14 [info     ] controller_decision_v3         action=RECOVERY available_replicas=6 budget_remaining=995 burn_adjustment=0 burst_ratio=0.3134 capacity_deficit=False confidence=0.8 current_load=145.5014295737688 decision_id=0a097061 k8s_capacity=99.9 k8s_weight=68 knative_weight=32 p99=88.6 predicted_load=155 r_effective=16.6 serverless_enabled=True total_load=145.5 weights_after={'k3s': 68, 'knative': 32} weights_before={'k3s': 62, 'knative': 38}
2026-07-13 02:52:14 [info     ] Weights updated                k3s=68 knative=32
2026-07-13 02:52:14 [info     ] Weights updated                action=RECOVERY reason='load=146RPS | k8s_cap=100RPS | (reducing-serverless)' weights={'k3s': 68, 'knative': 32}
2026-07-13 02:52:14 [info     ] algorithm2_scaling_decision    action=MAINTAIN alpha=0.060060060060060066 beta=0.0 buffer=1.0 current_replicas=6 predicted_load=152.82257471464555 required_resources=9.179 target_replicas=6
2026-07-13 02:52:14 [info     ] algorithm2_decision            action=MAINTAIN applied_target=6 current_replicas=6 hold_until=1783885948.5 observed_load=152.82 observed_target=6 point_forecasts=[140.86334228515625, 139.6893310546875, 139.5636749267578, 139.18634033203125, 137.12887573242188] prediction_age_sec=0.11 predictive_target=6 proactive=False scenario=s4-hybrid-predictive target_replicas=6 upper_forecasts=[154.93101501464844, 153.31483459472656, 153.71632385253906, 153.55447387695312, 151.8079833984375]
2026-07-13 02:52:14 [debug    ] Decision loop completed        action=RECOVERY latency_ms=156.06 p99=88.59595542715641
2026-07-13 02:52:29 [debug    ] GRU prediction received        confidence=0.8 latency_ms=5.43 predicted=151
2026-07-13 02:52:29 [debug    ] Using GRU prediction           confidence=0.8 forecast_capacity_signal=151.0 predicted=151 required_steps=4
2026-07-13 02:52:29 [info     ] controller_decision_v3         action=RECOVERY available_replicas=6 budget_remaining=995 burn_adjustment=0 burst_ratio=0.1833 capacity_deficit=False confidence=0.8 current_load=122.32558846610955 decision_id=2a463283 k8s_capacity=99.9 k8s_weight=81 knative_weight=19 p99=88.6 predicted_load=151 r_effective=16.6 serverless_enabled=True total_load=122.3 weights_after={'k3s': 81, 'knative': 19} weights_before={'k3s': 68, 'knative': 32}
2026-07-13 02:52:29 [info     ] Weights updated                k3s=81 knative=19
2026-07-13 02:52:29 [info     ] Weights updated                action=RECOVERY reason='load=122RPS | k8s_cap=100RPS | (reducing-serverless)' weights={'k3s': 81, 'knative': 19}
2026-07-13 02:52:29 [info     ] algorithm2_scaling_decision    action=MAINTAIN alpha=0.060060060060060066 beta=0.0 buffer=1.0 current_replicas=6 predicted_load=133.91350901993917 required_resources=8.043 target_replicas=6
2026-07-13 02:52:29 [info     ] algorithm2_decision            action=MAINTAIN applied_target=6 current_replicas=6 hold_until=1783885948.5 observed_load=133.91 observed_target=6 point_forecasts=[136.77426147460938, 136.09213256835938, 135.22735595703125, 135.34078979492188, 133.37570190429688] prediction_age_sec=0.11 predictive_target=6 proactive=False scenario=s4-hybrid-predictive target_replicas=6 upper_forecasts=[150.84193420410156, 149.71763610839844, 149.3800048828125, 149.70892333984375, 148.0548095703125]
2026-07-13 02:52:29 [debug    ] Decision loop completed        action=RECOVERY latency_ms=156.7 p99=88.59595542715641
2026-07-13 02:52:44 [debug    ] HAProxy fallback latency       delta_requests=1788 interval_avg_ms=67.0 max_rtime_ms=387.0 p99_est=134.0
2026-07-13 02:52:44 [debug    ] GRU prediction received        confidence=0.8 latency_ms=5.95 predicted=145
2026-07-13 02:52:44 [debug    ] Using GRU prediction           confidence=0.8 forecast_capacity_signal=145.0 predicted=145 required_steps=4
2026-07-13 02:52:44 [info     ] controller_decision_v3         action=RECOVERY available_replicas=6 budget_remaining=995 burn_adjustment=0 burst_ratio=0.1531 capacity_deficit=False confidence=0.8 current_load=117.96484515223204 decision_id=a9f4c8d9 k8s_capacity=99.9 k8s_weight=84 knative_weight=16 p99=134.0 predicted_load=145 r_effective=16.6 serverless_enabled=True total_load=118.0 weights_after={'k3s': 84, 'knative': 16} weights_before={'k3s': 81, 'knative': 19}
2026-07-13 02:52:44 [info     ] Weights updated                k3s=84 knative=16
2026-07-13 02:52:44 [info     ] Weights updated                action=RECOVERY reason='load=118RPS | k8s_cap=100RPS | (reducing-serverless)' weights={'k3s': 84, 'knative': 16}
2026-07-13 02:52:44 [info     ] algorithm2_scaling_decision    action=MAINTAIN alpha=0.060060060060060066 beta=0.0 buffer=1.0 current_replicas=6 predicted_load=120.14521680917079 required_resources=7.216 target_replicas=6
2026-07-13 02:52:44 [info     ] algorithm2_decision            action=MAINTAIN applied_target=6 current_replicas=6 hold_until=1783885948.5 observed_load=120.15 observed_target=6 point_forecasts=[131.10589599609375, 130.5841522216797, 129.42591857910156, 129.7061004638672, 128.08370971679688] prediction_age_sec=0.11 predictive_target=6 proactive=False scenario=s4-hybrid-predictive target_replicas=6 upper_forecasts=[145.17356872558594, 144.20965576171875, 143.5785675048828, 144.07424926757812, 142.7628173828125]
2026-07-13 02:52:44 [debug    ] Decision loop completed        action=RECOVERY latency_ms=151.6 p99=134.0
2026-07-13 02:52:59 [debug    ] HAProxy fallback latency       delta_requests=1824 interval_avg_ms=94.92 max_rtime_ms=387.0 p99_est=189.83
2026-07-13 02:52:59 [debug    ] GRU prediction received        confidence=0.8 latency_ms=5.52 predicted=141
2026-07-13 02:52:59 [debug    ] Using GRU prediction           confidence=0.8 forecast_capacity_signal=141.0 predicted=141 required_steps=4
2026-07-13 02:52:59 [info     ] controller_decision_v3         action=PREDICTIVE available_replicas=6 budget_remaining=995 burn_adjustment=0 burst_ratio=0.1697 capacity_deficit=False confidence=0.8 current_load=120.32071238422331 decision_id=eecc7ee5 k8s_capacity=99.9 k8s_weight=83 knative_weight=17 p99=189.8 predicted_load=141 r_effective=16.6 serverless_enabled=True total_load=120.3 weights_after={'k3s': 83, 'knative': 17} weights_before={'k3s': 84, 'knative': 16}
2026-07-13 02:52:59 [info     ] Weights updated                k3s=83 knative=17
2026-07-13 02:52:59 [info     ] Weights updated                action=PREDICTIVE reason='load=120RPS | k8s_cap=100RPS | (prediction-driven)' weights={'k3s': 83, 'knative': 17}
2026-07-13 02:52:59 [info     ] algorithm2_scaling_decision    action=MAINTAIN alpha=0.060060060060060066 beta=0.0 buffer=1.0 current_replicas=6 predicted_load=119.14277876822769 required_resources=7.156 target_replicas=6
2026-07-13 02:52:59 [info     ] algorithm2_decision            action=MAINTAIN applied_target=6 current_replicas=6 hold_until=1783885948.5 observed_load=119.14 observed_target=6 point_forecasts=[127.31570434570312, 126.79920959472656, 125.64472961425781, 125.8582763671875, 124.57400512695312] prediction_age_sec=0.07 predictive_target=6 proactive=False scenario=s4-hybrid-predictive target_replicas=6 upper_forecasts=[141.3833770751953, 140.42471313476562, 139.79737854003906, 140.22640991210938, 139.25311279296875]
2026-07-13 02:52:59 [debug    ] Decision loop completed        action=PREDICTIVE latency_ms=120.38 p99=189.83004385964912
2026-07-13 02:53:14 [debug    ] HAProxy fallback latency       delta_requests=1817 interval_avg_ms=532.36 max_rtime_ms=387.0 p99_est=387.0
2026-07-13 02:53:14 [debug    ] GRU prediction received        confidence=0.8 latency_ms=5.9 predicted=139
2026-07-13 02:53:14 [debug    ] Using GRU prediction           confidence=0.8 forecast_capacity_signal=139.0 predicted=139 required_steps=4
2026-07-13 02:53:14 [info     ] algorithm2_scaling_decision    action=MAINTAIN alpha=0.060060060060060066 beta=0.0 buffer=1.0 current_replicas=6 predicted_load=120.27709127744299 required_resources=7.224 target_replicas=6
2026-07-13 02:53:14 [info     ] algorithm2_decision            action=MAINTAIN applied_target=6 current_replicas=6 hold_until=1783885948.5 observed_load=120.28 observed_target=6 point_forecasts=[124.55262756347656, 124.07035827636719, 122.95248413085938, 123.08859252929688, 122.0489501953125] prediction_age_sec=0.07 predictive_target=6 proactive=False scenario=s4-hybrid-predictive target_replicas=6 upper_forecasts=[138.62030029296875, 137.69586181640625, 137.10513305664062, 137.45672607421875, 136.72805786132812]
2026-07-13 02:53:14 [debug    ] Decision loop completed        action=MAINTAIN latency_ms=115.93 p99=387.0
2026-07-13 02:53:29 [debug    ] GRU prediction received        confidence=0.8 latency_ms=5.42 predicted=136
2026-07-13 02:53:29 [debug    ] Using GRU prediction           confidence=0.8 forecast_capacity_signal=136.0 predicted=136 required_steps=4
2026-07-13 02:53:29 [info     ] controller_decision_v3         action=RECOVERY available_replicas=6 budget_remaining=993 burn_adjustment=0 burst_ratio=0.1545 capacity_deficit=False confidence=0.8 current_load=118.15040727754682 decision_id=974f81fe k8s_capacity=99.9 k8s_weight=84 knative_weight=16 p99=387.0 predicted_load=136 r_effective=16.6 serverless_enabled=True total_load=118.2 weights_after={'k3s': 84, 'knative': 16} weights_before={'k3s': 83, 'knative': 17}
2026-07-13 02:53:29 [info     ] Weights updated                k3s=84 knative=16
2026-07-13 02:53:29 [info     ] Weights updated                action=RECOVERY reason='load=118RPS | k8s_cap=100RPS | (reducing-serverless)' weights={'k3s': 84, 'knative': 16}
2026-07-13 02:53:29 [info     ] algorithm2_scaling_decision    action=MAINTAIN alpha=0.060060060060060066 beta=0.0 buffer=1.0 current_replicas=6 predicted_load=119.19193872410474 required_resources=7.159 target_replicas=6
2026-07-13 02:53:29 [info     ] algorithm2_decision            action=MAINTAIN applied_target=6 current_replicas=6 hold_until=1783885948.5 observed_load=119.19 observed_target=6 point_forecasts=[122.02484130859375, 121.61094665527344, 120.49665832519531, 120.60774993896484, 119.73246765136719] prediction_age_sec=0.11 predictive_target=6 proactive=False scenario=s4-hybrid-predictive target_replicas=6 upper_forecasts=[136.09251403808594, 135.2364501953125, 134.64930725097656, 134.97589111328125, 134.4115753173828]
2026-07-13 02:53:29 [debug    ] Decision loop completed        action=RECOVERY latency_ms=151.84 p99=387.0
2026-07-13 02:53:44 [debug    ] GRU prediction received        confidence=0.8 latency_ms=5.61 predicted=129
2026-07-13 02:53:44 [debug    ] Using GRU prediction           confidence=0.8 forecast_capacity_signal=129.0 predicted=129 required_steps=4
2026-07-13 02:53:44 [info     ] controller_decision_v3         action=RECOVERY available_replicas=6 budget_remaining=992 burn_adjustment=0 burst_ratio=0.0247 capacity_deficit=False confidence=0.8 current_load=102.4323314034312 decision_id=97b60cfc k8s_capacity=99.9 k8s_weight=97 knative_weight=3 p99=387.0 predicted_load=129 r_effective=16.6 serverless_enabled=True total_load=102.4 weights_after={'k3s': 97, 'knative': 3} weights_before={'k3s': 84, 'knative': 16}
2026-07-13 02:53:44 [info     ] Weights updated                k3s=97 knative=3
2026-07-13 02:53:44 [info     ] Weights updated                action=RECOVERY reason='load=102RPS | k8s_cap=100RPS | (reducing-serverless)' weights={'k3s': 97, 'knative': 3}
2026-07-13 02:53:44 [info     ] algorithm2_scaling_decision    action=MAINTAIN alpha=0.060060060060060066 beta=0.0 buffer=1.0 current_replicas=6 predicted_load=110.29136934048901 required_resources=6.624 target_replicas=6
2026-07-13 02:53:44 [info     ] algorithm2_decision            action=MAINTAIN applied_target=6 current_replicas=6 hold_until=1783885948.5 observed_load=110.29 observed_target=6 point_forecasts=[115.36256408691406, 115.29578399658203, 113.90359497070312, 114.20716857910156, 113.56845092773438] prediction_age_sec=0.11 predictive_target=6 proactive=False scenario=s4-hybrid-predictive target_replicas=6 upper_forecasts=[129.43023681640625, 128.92127990722656, 128.05624389648438, 128.5753173828125, 128.24755859375]
2026-07-13 02:53:44 [debug    ] Decision loop completed        action=RECOVERY latency_ms=152.5 p99=387.0
2026-07-13 02:54:00 [debug    ] HAProxy fallback latency       delta_requests=1258 interval_avg_ms=66.0 max_rtime_ms=387.0 p99_est=132.0
2026-07-13 02:54:00 [debug    ] GRU prediction received        confidence=0.8 latency_ms=5.58 predicted=119
2026-07-13 02:54:00 [debug    ] Using GRU prediction           confidence=0.8 forecast_capacity_signal=119.0 predicted=119 required_steps=4
2026-07-13 02:54:00 [info     ] controller_decision_v3         action=RECOVERY available_replicas=6 budget_remaining=992 burn_adjustment=0 burst_ratio=0 capacity_deficit=False confidence=0.8 current_load=83.08537848632845 decision_id=7b6fae36 k8s_capacity=99.9 k8s_weight=100 knative_weight=0 p99=132.0 predicted_load=119 r_effective=16.6 serverless_enabled=False total_load=83.1 weights_after={'k3s': 100, 'knative': 0} weights_before={'k3s': 97, 'knative': 3}
2026-07-13 02:54:00 [info     ] Weights updated                k3s=100 knative=0
2026-07-13 02:54:00 [info     ] Weights updated                action=RECOVERY reason='load=83RPS | k8s_cap=100RPS | (reducing-serverless)' weights={'k3s': 100, 'knative': 0}
2026-07-13 02:54:00 [info     ] algorithm2_scaling_decision    action=MAINTAIN alpha=0.060060060060060066 beta=0.0 buffer=1.0 current_replicas=6 predicted_load=92.75885494487983 required_resources=5.571 target_replicas=6
2026-07-13 02:54:00 [info     ] algorithm2_decision            action=MAINTAIN applied_target=6 current_replicas=6 hold_until=1783885948.5 observed_load=92.76 observed_target=6 point_forecasts=[104.51884460449219, 104.89512634277344, 103.08899688720703, 103.81120300292969, 103.44760131835938] prediction_age_sec=0.11 predictive_target=6 proactive=False scenario=s4-hybrid-predictive target_replicas=6 upper_forecasts=[118.58650970458984, 118.5206298828125, 117.24163818359375, 118.1793441772461, 118.12671661376953]
2026-07-13 02:54:00 [debug    ] Decision loop completed        action=RECOVERY latency_ms=150.56 p99=132.0
2026-07-13 02:54:15 [debug    ] HAProxy fallback latency       delta_requests=1119 interval_avg_ms=66.0 max_rtime_ms=387.0 p99_est=132.0
2026-07-13 02:54:15 [debug    ] GRU prediction received        confidence=0.8 latency_ms=5.78 predicted=108
2026-07-13 02:54:15 [debug    ] Using GRU prediction           confidence=0.8 forecast_capacity_signal=108.0 predicted=108 required_steps=4
2026-07-13 02:54:15 [info     ] algorithm2_scaling_decision    action=MAINTAIN alpha=0.060060060060060066 beta=0.0 buffer=1.0 current_replicas=6 predicted_load=108.04827117919922 required_resources=6.489 target_replicas=6
2026-07-13 02:54:15 [info     ] algorithm2_decision            action=MAINTAIN applied_target=6 current_replicas=6 hold_until=1783886145.2 observed_load=78.51 observed_target=5 point_forecasts=[94.16908264160156, 94.65562438964844, 92.81192779541016, 93.68013000488281, 93.57747650146484] prediction_age_sec=0.07 predictive_target=6 proactive=True scenario=s4-hybrid-predictive target_replicas=6 upper_forecasts=[108.23674774169922, 108.2811279296875, 106.96456909179688, 108.04827117919922, 108.256591796875]
2026-07-13 02:54:15 [debug    ] Decision loop completed        action=MAINTAIN latency_ms=114.14 p99=132.0
2026-07-13 02:54:30 [debug    ] HAProxy fallback latency       delta_requests=1044 interval_avg_ms=122.99 max_rtime_ms=387.0 p99_est=245.97
2026-07-13 02:54:30 [debug    ] GRU prediction received        confidence=0.8 latency_ms=5.59 predicted=100
2026-07-13 02:54:30 [debug    ] Using GRU prediction           confidence=0.8 forecast_capacity_signal=100.0 predicted=100 required_steps=4
2026-07-13 02:54:30 [info     ] algorithm2_scaling_decision    action=MAINTAIN alpha=0.060060060060060066 beta=0.0 buffer=1.0 current_replicas=6 predicted_load=100.0 required_resources=6.006 target_replicas=6
2026-07-13 02:54:30 [info     ] algorithm2_decision            action=MAINTAIN applied_target=6 current_replicas=6 hold_until=1783886160.4 observed_load=71.47 observed_target=5 point_forecasts=[85.90850067138672, 86.16378784179688, 84.67706298828125, 85.19549560546875, 85.41897583007812] prediction_age_sec=0.07 predictive_target=6 proactive=True scenario=s4-hybrid-predictive target_replicas=6 upper_forecasts=[99.97616577148438, 99.78929138183594, 98.8297119140625, 99.56363677978516, 100.09809112548828]
2026-07-13 02:54:30 [debug    ] Decision loop completed        action=MAINTAIN latency_ms=112.94 p99=245.9712643678161
2026-07-13 02:54:45 [debug    ] HAProxy fallback latency       delta_requests=1177 interval_avg_ms=15.45 max_rtime_ms=387.0 p99_est=30.91
2026-07-13 02:54:45 [debug    ] GRU prediction received        confidence=0.8 latency_ms=6.18 predicted=97
2026-07-13 02:54:45 [debug    ] Using GRU prediction           confidence=0.8 forecast_capacity_signal=97.0 predicted=97 required_steps=4
2026-07-13 02:54:45 [info     ] algorithm2_scaling_decision    action=MAINTAIN alpha=0.060060060060060066 beta=0.0 buffer=1.0 current_replicas=6 predicted_load=97.0 required_resources=5.826 target_replicas=6
2026-07-13 02:54:45 [info     ] algorithm2_decision            action=MAINTAIN applied_target=6 current_replicas=6 hold_until=1783886175.5 observed_load=73.41 observed_target=5 point_forecasts=[82.59383392333984, 82.6628646850586, 81.8565673828125, 81.81829833984375, 82.13429260253906] prediction_age_sec=0.07 predictive_target=6 proactive=True scenario=s4-hybrid-predictive target_replicas=6 upper_forecasts=[96.6614990234375, 96.28836822509766, 96.00921630859375, 96.18643951416016, 96.81340789794922]
2026-07-13 02:54:45 [debug    ] Decision loop completed        action=MAINTAIN latency_ms=116.51 p99=30.907391673746815
2026-07-13 02:55:00 [debug    ] HAProxy fallback latency       delta_requests=1329 interval_avg_ms=66.0 max_rtime_ms=387.0 p99_est=132.0
2026-07-13 02:55:00 [debug    ] GRU prediction received        confidence=0.8 latency_ms=5.43 predicted=98
2026-07-13 02:55:00 [debug    ] Using GRU prediction           confidence=0.8 forecast_capacity_signal=98.0 predicted=98 required_steps=4
2026-07-13 02:55:00 [info     ] algorithm2_scaling_decision    action=MAINTAIN alpha=0.060060060060060066 beta=0.0 buffer=1.0 current_replicas=6 predicted_load=98.0 required_resources=5.886 target_replicas=6
2026-07-13 02:55:00 [info     ] algorithm2_decision            action=MAINTAIN applied_target=6 current_replicas=6 hold_until=1783886190.6 observed_load=82.9 observed_target=5 point_forecasts=[82.85970306396484, 83.16129302978516, 82.60120391845703, 82.23866271972656, 82.95257568359375] prediction_age_sec=0.07 predictive_target=6 proactive=True scenario=s4-hybrid-predictive target_replicas=6 upper_forecasts=[96.9273681640625, 96.78679656982422, 96.75384521484375, 96.60680389404297, 97.6316909790039]
2026-07-13 02:55:00 [debug    ] Decision loop completed        action=MAINTAIN latency_ms=121.55 p99=132.0
2026-07-13 02:55:15 [debug    ] HAProxy fallback latency       delta_requests=1091 interval_avg_ms=8.17 max_rtime_ms=387.0 p99_est=16.34
2026-07-13 02:55:15 [debug    ] GRU prediction received        confidence=0.8 latency_ms=5.63 predicted=94
2026-07-13 02:55:15 [debug    ] Using GRU prediction           confidence=0.8 forecast_capacity_signal=94.0 predicted=94 required_steps=4
2026-07-13 02:55:15 [info     ] algorithm2_scaling_decision    action=MAINTAIN alpha=0.060060060060060066 beta=0.0 buffer=1.0 current_replicas=6 predicted_load=94.0 required_resources=5.646 target_replicas=6
2026-07-13 02:55:15 [info     ] algorithm2_decision            action=MAINTAIN applied_target=6 current_replicas=6 hold_until=1783886205.7 observed_load=80.1 observed_target=5 point_forecasts=[79.63832092285156, 79.73039245605469, 79.76199340820312, 79.45016479492188, 79.63028717041016] prediction_age_sec=0.07 predictive_target=6 proactive=True scenario=s4-hybrid-predictive target_replicas=6 upper_forecasts=[93.70598602294922, 93.35589599609375, 93.91464233398438, 93.81830596923828, 94.30940246582031]
2026-07-13 02:55:15 [debug    ] Decision loop completed        action=MAINTAIN latency_ms=109.07 p99=16.344637946837764
2026-07-13 02:55:30 [debug    ] GRU prediction received        confidence=0.8 latency_ms=5.79 predicted=87
2026-07-13 02:55:30 [debug    ] Using GRU prediction           confidence=0.8 forecast_capacity_signal=87.0 predicted=87 required_steps=4
2026-07-13 02:55:30 [info     ] algorithm2_scaling_decision    action=MAINTAIN alpha=0.060060060060060066 beta=0.0 buffer=1.0 current_replicas=6 predicted_load=87.00546264648438 required_resources=5.226 target_replicas=6
2026-07-13 02:55:30 [info     ] algorithm2_decision            action=MAINTAIN applied_target=6 current_replicas=6 hold_until=1783886220.8 observed_load=61.69 observed_target=4 point_forecasts=[72.55783081054688, 71.70584106445312, 71.53608703613281, 72.63732147216797, 70.87825775146484] prediction_age_sec=0.07 predictive_target=6 proactive=True scenario=s4-hybrid-predictive target_replicas=6 upper_forecasts=[86.62549591064453, 85.33134460449219, 85.68873596191406, 87.00546264648438, 85.557373046875]
2026-07-13 02:55:30 [debug    ] Decision loop completed        action=MAINTAIN latency_ms=117.39 p99=16.344637946837764
2026-07-13 02:55:45 [debug    ] HAProxy fallback latency       delta_requests=704 interval_avg_ms=64.0 max_rtime_ms=387.0 p99_est=128.0
2026-07-13 02:55:45 [debug    ] GRU prediction received        confidence=0.8 latency_ms=5.85 predicted=82
2026-07-13 02:55:45 [debug    ] Using GRU prediction           confidence=0.8 forecast_capacity_signal=82.0 predicted=82 required_steps=4
2026-07-13 02:55:45 [info     ] algorithm2_scaling_decision    action=MAINTAIN alpha=0.060060060060060066 beta=0.0 buffer=1.0 current_replicas=6 predicted_load=82.0 required_resources=4.925 target_replicas=5
2026-07-13 02:55:45 [info     ] algorithm2_decision            action=MAINTAIN applied_target=5 current_replicas=6 hold_until=1783886235.9 observed_load=48.86 observed_target=3 point_forecasts=[67.46053314208984, 66.03074645996094, 65.85465240478516, 67.0312728881836, 65.2801513671875] prediction_age_sec=0.07 predictive_target=5 proactive=True scenario=s4-hybrid-predictive target_replicas=5 upper_forecasts=[81.5281982421875, 79.65625, 80.00729370117188, 81.3994140625, 79.95926666259766]
2026-07-13 02:55:45 [debug    ] Decision loop completed        action=MAINTAIN latency_ms=112.81 p99=128.0
2026-07-13 02:56:00 [debug    ] GRU prediction received        confidence=0.8 latency_ms=5.32 predicted=77
2026-07-13 02:56:00 [debug    ] Using GRU prediction           confidence=0.8 forecast_capacity_signal=77.4 predicted=77 required_steps=4
2026-07-13 02:56:01 [info     ] algorithm2_scaling_decision    action=MAINTAIN alpha=0.060060060060060066 beta=0.0 buffer=1.0 current_replicas=6 predicted_load=77.3638916015625 required_resources=4.646 target_replicas=5
2026-07-13 02:56:01 [info     ] algorithm2_decision            action=MAINTAIN applied_target=5 current_replicas=6 hold_until=1783886251.0 observed_load=46.21 observed_target=3 point_forecasts=[63.29210662841797, 61.96928024291992, 61.858272552490234, 62.99575424194336, 61.29279708862305] prediction_age_sec=0.07 predictive_target=5 proactive=True scenario=s4-hybrid-predictive target_replicas=5 upper_forecasts=[77.35977172851562, 75.59477996826172, 76.01091766357422, 77.3638916015625, 75.97190856933594]
2026-07-13 02:56:01 [debug    ] Decision loop completed        action=MAINTAIN latency_ms=117.98 p99=128.0
2026-07-13 02:56:16 [debug    ] HAProxy fallback latency       delta_requests=654 interval_avg_ms=63.0 max_rtime_ms=387.0 p99_est=126.0
2026-07-13 02:56:16 [debug    ] GRU prediction received        confidence=0.8 latency_ms=5.66 predicted=74
2026-07-13 02:56:16 [debug    ] Using GRU prediction           confidence=0.8 forecast_capacity_signal=74.0 predicted=74 required_steps=4
2026-07-13 02:56:16 [info     ] algorithm2_scaling_decision    action=MAINTAIN alpha=0.060060060060060066 beta=0.0 buffer=1.0 current_replicas=6 predicted_load=74.0 required_resources=4.444 target_replicas=5
2026-07-13 02:56:16 [info     ] algorithm2_decision            action=MAINTAIN applied_target=5 current_replicas=6 hold_until=1783886266.2 observed_load=44.56 observed_target=3 point_forecasts=[59.52854919433594, 58.366058349609375, 58.3021354675293, 59.36989974975586, 57.76182556152344] prediction_age_sec=0.08 predictive_target=5 proactive=True scenario=s4-hybrid-predictive target_replicas=5 upper_forecasts=[73.5962142944336, 71.99156188964844, 72.45478057861328, 73.738037109375, 72.4409408569336]
2026-07-13 02:56:16 [debug    ] Decision loop completed        action=MAINTAIN latency_ms=122.5 p99=126.0
2026-07-13 02:56:31 [debug    ] HAProxy fallback latency       delta_requests=635 interval_avg_ms=63.0 max_rtime_ms=387.0 p99_est=126.0
2026-07-13 02:56:31 [debug    ] GRU prediction received        confidence=0.8 latency_ms=5.51 predicted=71
2026-07-13 02:56:31 [debug    ] Using GRU prediction           confidence=0.8 forecast_capacity_signal=71.0 predicted=71 required_steps=4
2026-07-13 02:56:31 [info     ] algorithm2_scaling_decision    action=MAINTAIN alpha=0.060060060060060066 beta=0.0 buffer=1.0 current_replicas=6 predicted_load=71.0 required_resources=4.264 target_replicas=5
2026-07-13 02:56:31 [info     ] algorithm2_decision            action=MAINTAIN applied_target=5 current_replicas=6 hold_until=1783886281.3 observed_load=42.62 observed_target=3 point_forecasts=[56.27191162109375, 55.29518127441406, 55.247703552246094, 56.258155822753906, 54.7730712890625] prediction_age_sec=0.07 predictive_target=5 proactive=True scenario=s4-hybrid-predictive target_replicas=5 upper_forecasts=[70.3395767211914, 68.92068481445312, 69.40034484863281, 70.62629699707031, 69.45218658447266]
2026-07-13 02:56:31 [debug    ] Decision loop completed        action=MAINTAIN latency_ms=118.67 p99=126.0
2026-07-13 02:56:46 [debug    ] HAProxy fallback latency       delta_requests=837 interval_avg_ms=143.51 max_rtime_ms=387.0 p99_est=287.02
2026-07-13 02:56:46 [debug    ] GRU prediction received        confidence=0.8 latency_ms=6.23 predicted=70
2026-07-13 02:56:46 [debug    ] Using GRU prediction           confidence=0.8 forecast_capacity_signal=70.0 predicted=70 required_steps=4
2026-07-13 02:56:46 [info     ] algorithm2_scaling_decision    action=MAINTAIN alpha=0.060060060060060066 beta=0.0 buffer=1.0 current_replicas=6 predicted_load=70.0 required_resources=4.204 target_replicas=5
2026-07-13 02:56:46 [info     ] algorithm2_decision            action=MAINTAIN applied_target=5 current_replicas=6 hold_until=1783886296.4 observed_load=48.61 observed_target=3 point_forecasts=[55.2948112487793, 54.700462341308594, 54.57782745361328, 55.50812530517578, 54.25312805175781] prediction_age_sec=0.06 predictive_target=5 proactive=True scenario=s4-hybrid-predictive target_replicas=5 upper_forecasts=[69.36248016357422, 68.32596588134766, 68.73046875, 69.87626647949219, 68.93224334716797]
2026-07-13 02:56:46 [debug    ] Decision loop completed        action=MAINTAIN latency_ms=106.93 p99=287.01553166069294
2026-07-13 02:57:01 [debug    ] HAProxy fallback latency       delta_requests=1060 interval_avg_ms=128.57 max_rtime_ms=387.0 p99_est=257.14
2026-07-13 02:57:01 [debug    ] GRU prediction received        confidence=0.8 latency_ms=5.49 predicted=72
2026-07-13 02:57:01 [debug    ] Using GRU prediction           confidence=0.8 forecast_capacity_signal=72.0 predicted=72 required_steps=4
2026-07-13 02:57:01 [info     ] algorithm2_scaling_decision    action=MAINTAIN alpha=0.060060060060060066 beta=0.0 buffer=1.0 current_replicas=6 predicted_load=72.0 required_resources=4.324 target_replicas=5
2026-07-13 02:57:01 [info     ] algorithm2_decision            action=MAINTAIN applied_target=5 current_replicas=6 hold_until=1783886311.5 observed_load=62.7 observed_target=4 point_forecasts=[56.65693283081055, 56.547393798828125, 56.203895568847656, 57.17856216430664, 56.14197540283203] prediction_age_sec=0.07 predictive_target=5 proactive=True scenario=s4-hybrid-predictive target_replicas=5 upper_forecasts=[70.72460174560547, 70.17289733886719, 70.35653686523438, 71.54670715332031, 70.82109069824219]
2026-07-13 02:57:01 [debug    ] Decision loop completed        action=MAINTAIN latency_ms=112.45 p99=257.14150943396226
2026-07-13 02:57:16 [debug    ] HAProxy fallback latency       delta_requests=1075 interval_avg_ms=65.0 max_rtime_ms=387.0 p99_est=130.0
2026-07-13 02:57:16 [debug    ] GRU prediction received        confidence=0.8 latency_ms=5.71 predicted=73
2026-07-13 02:57:16 [debug    ] Using GRU prediction           confidence=0.8 forecast_capacity_signal=73.4 predicted=73 required_steps=4
2026-07-13 02:57:16 [info     ] algorithm2_scaling_decision    action=MAINTAIN alpha=0.060060060060060066 beta=0.0 buffer=1.0 current_replicas=6 predicted_load=70.64853974989424 required_resources=4.243 target_replicas=5
2026-07-13 02:57:16 [info     ] algorithm2_decision            action=MAINTAIN applied_target=5 current_replicas=6 hold_until=1783886311.5 observed_load=70.65 observed_target=5 point_forecasts=[58.49248504638672, 58.65594482421875, 58.27078628540039, 59.07544708251953, 58.222312927246094] prediction_age_sec=0.07 predictive_target=5 proactive=False scenario=s4-hybrid-predictive target_replicas=5 upper_forecasts=[72.56015014648438, 72.28144836425781, 72.42343139648438, 73.44358825683594, 72.90142822265625]
2026-07-13 02:57:16 [debug    ] Decision loop completed        action=MAINTAIN latency_ms=112.52 p99=130.0
2026-07-13 02:57:31 [debug    ] GRU prediction received        confidence=0.8 latency_ms=5.39 predicted=75
2026-07-13 02:57:31 [debug    ] Using GRU prediction           confidence=0.8 forecast_capacity_signal=75.3 predicted=75 required_steps=4
2026-07-13 02:57:31 [info     ] algorithm2_scaling_decision    action=MAINTAIN alpha=0.060060060060060066 beta=0.0 buffer=1.0 current_replicas=6 predicted_load=70.3379570722506 required_resources=4.225 target_replicas=5
2026-07-13 02:57:31 [info     ] algorithm2_decision            action=MAINTAIN applied_target=5 current_replicas=6 hold_until=1783886311.5 observed_load=70.34 observed_target=5 point_forecasts=[60.168155670166016, 60.56541442871094, 60.20936584472656, 60.94437789916992, 60.14094924926758] prediction_age_sec=0.07 predictive_target=5 proactive=False scenario=s4-hybrid-predictive target_replicas=5 upper_forecasts=[74.23582458496094, 74.19091796875, 74.36201477050781, 75.31251525878906, 74.82006072998047]
2026-07-13 02:57:31 [debug    ] Decision loop completed        action=MAINTAIN latency_ms=115.71 p99=130.0
2026-07-13 02:57:46 [debug    ] HAProxy fallback latency       delta_requests=1072 interval_avg_ms=64.0 max_rtime_ms=387.0 p99_est=128.0
2026-07-13 02:57:46 [debug    ] GRU prediction received        confidence=0.8 latency_ms=5.82 predicted=77
2026-07-13 02:57:46 [debug    ] Using GRU prediction           confidence=0.8 forecast_capacity_signal=77.4 predicted=77 required_steps=4
2026-07-13 02:57:46 [info     ] algorithm2_scaling_decision    action=MAINTAIN alpha=0.060060060060060066 beta=0.0 buffer=1.0 current_replicas=6 predicted_load=70.19843873740032 required_resources=4.216 target_replicas=5
2026-07-13 02:57:46 [info     ] algorithm2_decision            action=MAINTAIN applied_target=5 current_replicas=6 hold_until=1783886311.5 observed_load=70.2 observed_target=5 point_forecasts=[61.99102020263672, 62.627323150634766, 62.318477630615234, 63.027244567871094, 62.214107513427734] prediction_age_sec=0.07 predictive_target=5 proactive=False scenario=s4-hybrid-predictive target_replicas=5 upper_forecasts=[76.05868530273438, 76.25282287597656, 76.47112274169922, 77.3953857421875, 76.89321899414062]
2026-07-13 02:57:46 [debug    ] Decision loop completed        action=MAINTAIN latency_ms=117.61 p99=128.0
2026-07-13 02:58:01 [debug    ] HAProxy fallback latency       delta_requests=1133 interval_avg_ms=128.23 max_rtime_ms=387.0 p99_est=256.46
2026-07-13 02:58:01 [debug    ] GRU prediction received        confidence=0.8 latency_ms=5.32 predicted=80
2026-07-13 02:58:01 [debug    ] Using GRU prediction           confidence=0.8 forecast_capacity_signal=80.2 predicted=80 required_steps=4
2026-07-13 02:58:01 [info     ] algorithm2_scaling_decision    action=MAINTAIN alpha=0.060060060060060066 beta=0.0 buffer=1.0 current_replicas=6 predicted_load=72.89778456914874 required_resources=4.378 target_replicas=5
2026-07-13 02:58:01 [info     ] algorithm2_decision            action=MAINTAIN applied_target=5 current_replicas=6 hold_until=1783886311.5 observed_load=72.9 observed_target=5 point_forecasts=[64.45136260986328, 65.17959594726562, 65.02297973632812, 65.83787536621094, 64.83873748779297] prediction_age_sec=0.07 predictive_target=5 proactive=False scenario=s4-hybrid-predictive target_replicas=5 upper_forecasts=[78.51902770996094, 78.80509948730469, 79.17562866210938, 80.20601654052734, 79.51785278320312]
2026-07-13 02:58:01 [debug    ] Decision loop completed        action=MAINTAIN latency_ms=117.94 p99=256.46425419240956
2026-07-13 02:58:17 [debug    ] HAProxy fallback latency       delta_requests=1398 interval_avg_ms=118.06 max_rtime_ms=387.0 p99_est=236.11
2026-07-13 02:58:17 [debug    ] GRU prediction received        confidence=0.8 latency_ms=5.86 predicted=87
2026-07-13 02:58:17 [debug    ] Using GRU prediction           confidence=0.8 forecast_capacity_signal=87.0 predicted=87 required_steps=4
2026-07-13 02:58:17 [debug    ] Proactive amplification        amplified=119.0 approach_ratio=0.93 load_trend=5.3 raw_pred=87
2026-07-13 02:58:17 [info     ] algorithm2_scaling_decision    action=MAINTAIN alpha=0.060060060060060066 beta=0.0 buffer=1.0 current_replicas=6 predicted_load=83.6782794281138 required_resources=5.026 target_replicas=6
2026-07-13 02:58:17 [info     ] algorithm2_decision            action=MAINTAIN applied_target=6 current_replicas=6 hold_until=1783886311.5 observed_load=83.68 observed_target=6 point_forecasts=[70.67486572265625, 71.5484619140625, 72.45146179199219, 72.56330871582031, 72.27391052246094] prediction_age_sec=0.07 predictive_target=6 proactive=False scenario=s4-hybrid-predictive target_replicas=6 upper_forecasts=[84.7425308227539, 85.17396545410156, 86.60411071777344, 86.93144989013672, 86.9530258178711]
2026-07-13 02:58:17 [debug    ] Decision loop completed        action=MAINTAIN latency_ms=119.41 p99=236.11301859799713
2026-07-13 02:58:32 [debug    ] HAProxy fallback latency       delta_requests=1637 interval_avg_ms=158.62 max_rtime_ms=387.0 p99_est=317.24
2026-07-13 02:58:32 [debug    ] GRU prediction received        confidence=0.8 latency_ms=5.32 predicted=99
2026-07-13 02:58:32 [debug    ] Using GRU prediction           confidence=0.8 forecast_capacity_signal=99.0 predicted=99 required_steps=4
2026-07-13 02:58:32 [debug    ] Proactive amplification        amplified=156.7 approach_ratio=1.08 load_trend=9.7 raw_pred=99
2026-07-13 02:58:32 [info     ] Knative pre-warm OK            cold_start_ms=2.8
2026-07-13 02:58:32 [info     ] controller_decision_v3         action=PREDICTIVE available_replicas=6 budget_remaining=986 burn_adjustment=0 burst_ratio=0.0773 capacity_deficit=False confidence=0.8 current_load=108.26553379633974 decision_id=7fa8be72 k8s_capacity=99.9 k8s_weight=92 knative_weight=8 p99=317.2 predicted_load=99 r_effective=16.6 serverless_enabled=True total_load=108.3 weights_after={'k3s': 92, 'knative': 8} weights_before={'k3s': 100, 'knative': 0}
2026-07-13 02:58:32 [info     ] Weights updated                k3s=92 knative=8
2026-07-13 02:58:32 [info     ] Weights updated                action=PREDICTIVE reason='load=108RPS | k8s_cap=100RPS | (prediction-driven)' weights={'k3s': 92, 'knative': 8}
2026-07-13 02:58:32 [info     ] algorithm2_scaling_decision    action=MAINTAIN alpha=0.060060060060060066 beta=0.0 buffer=1.0 current_replicas=6 predicted_load=100.33980566602983 required_resources=6.026 target_replicas=6
2026-07-13 02:58:32 [info     ] algorithm2_decision            action=MAINTAIN applied_target=6 current_replicas=6 hold_until=1783886311.5 observed_load=100.34 observed_target=6 point_forecasts=[82.6051254272461, 82.98332214355469, 83.97621154785156, 83.4696044921875, 84.47158813476562] prediction_age_sec=0.08 predictive_target=6 proactive=False scenario=s4-hybrid-predictive target_replicas=6 upper_forecasts=[96.67279052734375, 96.60882568359375, 98.12886047363281, 97.8377456665039, 99.15070343017578]
2026-07-13 02:58:32 [debug    ] Decision loop completed        action=PREDICTIVE latency_ms=124.77 p99=317.2412950519242
2026-07-13 02:58:47 [debug    ] HAProxy fallback latency       delta_requests=1446 interval_avg_ms=14.57 max_rtime_ms=387.0 p99_est=29.15
2026-07-13 02:58:47 [debug    ] GRU prediction received        confidence=0.8 latency_ms=6.16 predicted=105
2026-07-13 02:58:47 [debug    ] Using GRU prediction           confidence=0.8 forecast_capacity_signal=105.0 predicted=105 required_steps=4
2026-07-13 02:58:47 [debug    ] Proactive amplification        amplified=126.7 approach_ratio=0.96 load_trend=6.2 raw_pred=105
2026-07-13 02:58:47 [info     ] controller_decision_v3         action=RECOVERY available_replicas=6 budget_remaining=986 burn_adjustment=0 burst_ratio=0 capacity_deficit=False confidence=0.8 current_load=95.66864484436894 decision_id=e7b91758 k8s_capacity=99.9 k8s_weight=100 knative_weight=0 p99=29.1 predicted_load=105 r_effective=16.6 serverless_enabled=False total_load=95.7 weights_after={'k3s': 100, 'knative': 0} weights_before={'k3s': 92, 'knative': 8}
2026-07-13 02:58:47 [info     ] Weights updated                k3s=100 knative=0
2026-07-13 02:58:47 [info     ] Weights updated                action=RECOVERY reason='load=96RPS | k8s_cap=100RPS | (reducing-serverless)' weights={'k3s': 100, 'knative': 0}
2026-07-13 02:58:47 [info     ] algorithm2_scaling_decision    action=MAINTAIN alpha=0.060060060060060066 beta=0.0 buffer=1.0 current_replicas=6 predicted_load=101.96708932035435 required_resources=6.124 target_replicas=6
2026-07-13 02:58:47 [info     ] algorithm2_decision            action=MAINTAIN applied_target=6 current_replicas=6 hold_until=1783886311.5 observed_load=101.97 observed_target=6 point_forecasts=[89.18936157226562, 89.41954040527344, 89.7717056274414, 88.99703979492188, 89.95885467529297] prediction_age_sec=0.11 predictive_target=6 proactive=False scenario=s4-hybrid-predictive target_replicas=6 upper_forecasts=[103.25702667236328, 103.0450439453125, 103.92434692382812, 103.36518096923828, 104.63796997070312]
2026-07-13 02:58:47 [debug    ] Decision loop completed        action=RECOVERY latency_ms=154.11 p99=29.145228215767634
2026-07-13 02:59:02 [debug    ] GRU prediction received        confidence=0.8 latency_ms=5.55 predicted=103
2026-07-13 02:59:02 [debug    ] Using GRU prediction           confidence=0.8 forecast_capacity_signal=103.0 predicted=103 required_steps=4
2026-07-13 02:59:02 [info     ] algorithm2_scaling_decision    action=MAINTAIN alpha=0.060060060060060066 beta=0.0 buffer=1.0 current_replicas=6 predicted_load=86.90007658310849 required_resources=5.219 target_replicas=6
2026-07-13 02:59:02 [info     ] algorithm2_decision            action=MAINTAIN applied_target=6 current_replicas=6 hold_until=1783886311.5 observed_load=86.9 observed_target=6 point_forecasts=[88.07439422607422, 88.60440826416016, 88.3172836303711, 87.90560913085938, 88.62386322021484] prediction_age_sec=0.07 predictive_target=6 proactive=False scenario=s4-hybrid-predictive target_replicas=6 upper_forecasts=[102.14205932617188, 102.22991180419922, 102.46992492675781, 102.27375030517578, 103.302978515625]
2026-07-13 02:59:02 [debug    ] Decision loop completed        action=MAINTAIN latency_ms=119.0 p99=29.145228215767634
2026-07-13 02:59:17 [debug    ] HAProxy fallback latency       delta_requests=919 interval_avg_ms=65.0 max_rtime_ms=387.0 p99_est=130.0
2026-07-13 02:59:17 [debug    ] GRU prediction received        confidence=0.8 latency_ms=5.71 predicted=97
2026-07-13 02:59:17 [debug    ] Using GRU prediction           confidence=0.8 forecast_capacity_signal=97.0 predicted=97 required_steps=4
2026-07-13 02:59:17 [info     ] algorithm2_scaling_decision    action=MAINTAIN alpha=0.060060060060060066 beta=0.0 buffer=1.0 current_replicas=6 predicted_load=97.0 required_resources=5.826 target_replicas=6
2026-07-13 02:59:17 [info     ] algorithm2_decision            action=MAINTAIN applied_target=6 current_replicas=6 hold_until=1783886447.6 observed_load=69.49 observed_target=5 point_forecasts=[81.97234344482422, 82.56303405761719, 82.38720703125, 81.71394348144531, 82.32418060302734] prediction_age_sec=0.07 predictive_target=6 proactive=True scenario=s4-hybrid-predictive target_replicas=6 upper_forecasts=[96.04000854492188, 96.18853759765625, 96.53985595703125, 96.08208465576172, 97.0032958984375]
2026-07-13 02:59:17 [debug    ] Decision loop completed        action=MAINTAIN latency_ms=112.9 p99=130.0
2026-07-13 02:59:32 [debug    ] GRU prediction received        confidence=0.8 latency_ms=5.65 predicted=88
2026-07-13 02:59:32 [debug    ] Using GRU prediction           confidence=0.8 forecast_capacity_signal=88.0 predicted=88 required_steps=4
2026-07-13 02:59:32 [info     ] algorithm2_scaling_decision    action=MAINTAIN alpha=0.060060060060060066 beta=0.0 buffer=1.0 current_replicas=6 predicted_load=88.0 required_resources=5.285 target_replicas=6
2026-07-13 02:59:32 [info     ] algorithm2_decision            action=MAINTAIN applied_target=6 current_replicas=6 hold_until=1783886462.7 observed_load=53.42 observed_target=4 point_forecasts=[73.19932556152344, 72.48815155029297, 72.37259674072266, 73.2279052734375, 71.60189819335938] prediction_age_sec=0.07 predictive_target=6 proactive=True scenario=s4-hybrid-predictive target_replicas=6 upper_forecasts=[87.2669906616211, 86.11365509033203, 86.52523803710938, 87.5960464477539, 86.28101348876953]
2026-07-13 02:59:32 [debug    ] Decision loop completed        action=MAINTAIN latency_ms=118.84 p99=130.0
2026-07-13 02:59:47 [debug    ] HAProxy fallback latency       delta_requests=658 interval_avg_ms=64.0 max_rtime_ms=387.0 p99_est=128.0
2026-07-13 02:59:47 [debug    ] GRU prediction received        confidence=0.8 latency_ms=5.97 predicted=82
2026-07-13 02:59:47 [debug    ] Using GRU prediction           confidence=0.8 forecast_capacity_signal=82.0 predicted=82 required_steps=4
2026-07-13 02:59:47 [info     ] algorithm2_scaling_decision    action=MAINTAIN alpha=0.060060060060060066 beta=0.0 buffer=1.0 current_replicas=6 predicted_load=82.0 required_resources=4.925 target_replicas=5
2026-07-13 02:59:47 [info     ] algorithm2_decision            action=MAINTAIN applied_target=5 current_replicas=6 hold_until=1783886477.8 observed_load=44.72 observed_target=3 point_forecasts=[67.50057983398438, 65.95064544677734, 65.82672119140625, 66.96297454833984, 65.15738677978516] prediction_age_sec=0.07 predictive_target=5 proactive=True scenario=s4-hybrid-predictive target_replicas=5 upper_forecasts=[81.56824493408203, 79.5761489868164, 79.9793701171875, 81.33111572265625, 79.83650207519531]
2026-07-13 02:59:47 [debug    ] Decision loop completed        action=MAINTAIN latency_ms=110.91 p99=128.0
2026-07-13 03:00:02 [debug    ] HAProxy fallback latency       delta_requests=668 interval_avg_ms=64.0 max_rtime_ms=387.0 p99_est=128.0
2026-07-13 03:00:02 [debug    ] GRU prediction received        confidence=0.8 latency_ms=5.53 predicted=77
2026-07-13 03:00:02 [debug    ] Using GRU prediction           confidence=0.8 forecast_capacity_signal=77.0 predicted=77 required_steps=4
2026-07-13 03:00:02 [info     ] algorithm2_scaling_decision    action=MAINTAIN alpha=0.060060060060060066 beta=0.0 buffer=1.0 current_replicas=6 predicted_load=77.04486083984375 required_resources=4.627 target_replicas=5
2026-07-13 03:00:02 [info     ] algorithm2_decision            action=MAINTAIN applied_target=5 current_replicas=6 hold_until=1783886493.0 observed_load=43.83 observed_target=3 point_forecasts=[63.061729431152344, 61.62666320800781, 61.55976104736328, 62.676719665527344, 60.92284393310547] prediction_age_sec=0.07 predictive_target=5 proactive=True scenario=s4-hybrid-predictive target_replicas=5 upper_forecasts=[77.12939453125, 75.25216674804688, 75.71240234375, 77.04486083984375, 75.60195922851562]
2026-07-13 03:00:02 [debug    ] Decision loop completed        action=MAINTAIN latency_ms=122.03 p99=128.0
2026-07-13 03:00:17 [debug    ] HAProxy fallback latency       delta_requests=776 interval_avg_ms=64.0 max_rtime_ms=387.0 p99_est=128.0
2026-07-13 03:00:18 [debug    ] GRU prediction received        confidence=0.8 latency_ms=5.81 predicted=75
2026-07-13 03:00:18 [debug    ] Using GRU prediction           confidence=0.8 forecast_capacity_signal=75.0 predicted=75 required_steps=4
2026-07-13 03:00:18 [info     ] algorithm2_scaling_decision    action=MAINTAIN alpha=0.060060060060060066 beta=0.0 buffer=1.0 current_replicas=6 predicted_load=75.0 required_resources=4.505 target_replicas=5
2026-07-13 03:00:18 [info     ] algorithm2_decision            action=MAINTAIN applied_target=5 current_replicas=6 hold_until=1783886508.1 observed_load=47.76 observed_target=3 point_forecasts=[60.35011291503906, 59.26390838623047, 59.150936126708984, 60.17072296142578, 58.627159118652344] prediction_age_sec=0.07 predictive_target=5 proactive=True scenario=s4-hybrid-predictive target_replicas=5 upper_forecasts=[74.41777801513672, 72.88941192626953, 73.30358123779297, 74.53886413574219, 73.3062744140625]
2026-07-13 03:00:18 [debug    ] Decision loop completed        action=MAINTAIN latency_ms=121.24 p99=128.0
2026-07-13 03:00:33 [debug    ] HAProxy fallback latency       delta_requests=854 interval_avg_ms=64.0 max_rtime_ms=387.0 p99_est=128.0
2026-07-13 03:00:33 [debug    ] GRU prediction received        confidence=0.8 latency_ms=5.34 predicted=73
2026-07-13 03:00:33 [debug    ] Using GRU prediction           confidence=0.8 forecast_capacity_signal=73.3 predicted=73 required_steps=4
2026-07-13 03:00:33 [info     ] algorithm2_scaling_decision    action=MAINTAIN alpha=0.060060060060060066 beta=0.0 buffer=1.0 current_replicas=6 predicted_load=73.34199523925781 required_resources=4.405 target_replicas=5
2026-07-13 03:00:33 [info     ] algorithm2_decision            action=MAINTAIN applied_target=5 current_replicas=6 hold_until=1783886523.2 observed_load=53.9 observed_target=4 point_forecasts=[58.92841339111328, 58.198909759521484, 58.01605987548828, 58.973854064941406, 57.64171600341797] prediction_age_sec=0.07 predictive_target=5 proactive=True scenario=s4-hybrid-predictive target_replicas=5 upper_forecasts=[72.99607849121094, 71.82440948486328, 72.168701171875, 73.34199523925781, 72.32083129882812]
2026-07-13 03:00:33 [debug    ] Decision loop completed        action=MAINTAIN latency_ms=114.36 p99=128.0
2026-07-13 03:00:48 [debug    ] HAProxy fallback latency       delta_requests=716 interval_avg_ms=64.0 max_rtime_ms=387.0 p99_est=128.0
2026-07-13 03:00:48 [debug    ] GRU prediction received        confidence=0.8 latency_ms=6.12 predicted=71
2026-07-13 03:00:48 [debug    ] Using GRU prediction           confidence=0.8 forecast_capacity_signal=71.3 predicted=71 required_steps=4
2026-07-13 03:00:48 [info     ] algorithm2_scaling_decision    action=MAINTAIN alpha=0.060060060060060066 beta=0.0 buffer=1.0 current_replicas=6 predicted_load=71.2823257446289 required_resources=4.281 target_replicas=5
2026-07-13 03:00:48 [info     ] algorithm2_decision            action=MAINTAIN applied_target=5 current_replicas=6 hold_until=1783886538.3 observed_load=51.96 observed_target=4 point_forecasts=[56.73664093017578, 56.10727310180664, 55.96815490722656, 56.9141845703125, 55.641075134277344] prediction_age_sec=0.07 predictive_target=5 proactive=True scenario=s4-hybrid-predictive target_replicas=5 upper_forecasts=[70.80430603027344, 69.73277282714844, 70.12080383300781, 71.2823257446289, 70.3201904296875]
2026-07-13 03:00:48 [debug    ] Decision loop completed        action=MAINTAIN latency_ms=109.79 p99=128.0
2026-07-13 03:01:03 [debug    ] HAProxy fallback latency       delta_requests=579 interval_avg_ms=64.0 max_rtime_ms=387.0 p99_est=128.0
2026-07-13 03:01:03 [debug    ] GRU prediction received        confidence=0.8 latency_ms=5.47 predicted=68
2026-07-13 03:01:03 [debug    ] Using GRU prediction           confidence=0.8 forecast_capacity_signal=68.4 predicted=68 required_steps=4
2026-07-13 03:01:03 [info     ] algorithm2_scaling_decision    action=MAINTAIN alpha=0.060060060060060066 beta=0.0 buffer=1.0 current_replicas=6 predicted_load=68.36222076416016 required_resources=4.106 target_replicas=5
2026-07-13 03:01:03 [info     ] algorithm2_decision            action=MAINTAIN applied_target=5 current_replicas=6 hold_until=1783886553.4 observed_load=42.88 observed_target=3 point_forecasts=[53.74420166015625, 53.09368133544922, 53.042991638183594, 53.99407958984375, 52.7178955078125] prediction_age_sec=0.07 predictive_target=5 proactive=True scenario=s4-hybrid-predictive target_replicas=5 upper_forecasts=[67.8118667602539, 66.71918487548828, 67.19563293457031, 68.36222076416016, 67.39701080322266]
2026-07-13 03:01:03 [debug    ] Decision loop completed        action=MAINTAIN latency_ms=114.16 p99=128.0
2026-07-13 03:01:18 [debug    ] HAProxy fallback latency       delta_requests=584 interval_avg_ms=64.0 max_rtime_ms=387.0 p99_est=128.0
2026-07-13 03:01:18 [debug    ] GRU prediction received        confidence=0.8 latency_ms=5.76 predicted=66
2026-07-13 03:01:18 [debug    ] Using GRU prediction           confidence=0.8 forecast_capacity_signal=66.0 predicted=66 required_steps=4
2026-07-13 03:01:18 [info     ] algorithm2_scaling_decision    action=MAINTAIN alpha=0.060060060060060066 beta=0.0 buffer=1.0 current_replicas=6 predicted_load=66.0 required_resources=3.964 target_replicas=4
2026-07-13 03:01:18 [info     ] algorithm2_decision            action=MAINTAIN applied_target=4 current_replicas=6 hold_until=1783886568.5 observed_load=38.45 observed_target=3 point_forecasts=[51.20964431762695, 50.65647888183594, 50.60200881958008, 51.533836364746094, 50.35219955444336] prediction_age_sec=0.08 predictive_target=4 proactive=True scenario=s4-hybrid-predictive target_replicas=4 upper_forecasts=[65.27731323242188, 64.281982421875, 64.75465393066406, 65.9019775390625, 65.03131103515625]
2026-07-13 03:01:18 [debug    ] Decision loop completed        action=MAINTAIN latency_ms=123.11 p99=128.0
2026-07-13 03:01:33 [debug    ] HAProxy fallback latency       delta_requests=606 interval_avg_ms=64.0 max_rtime_ms=387.0 p99_est=128.0
2026-07-13 03:01:33 [debug    ] GRU prediction received        confidence=0.8 latency_ms=6.66 predicted=64
2026-07-13 03:01:33 [debug    ] Using GRU prediction           confidence=0.8 forecast_capacity_signal=64.0 predicted=64 required_steps=4
2026-07-13 03:01:33 [info     ] algorithm2_scaling_decision    action=MAINTAIN alpha=0.060060060060060066 beta=0.0 buffer=1.0 current_replicas=6 predicted_load=64.03897094726562 required_resources=3.846 target_replicas=4
2026-07-13 03:01:33 [info     ] algorithm2_decision            action=MAINTAIN applied_target=4 current_replicas=6 hold_until=1783886583.7 observed_load=39.36 observed_target=3 point_forecasts=[49.249244689941406, 48.83226013183594, 48.781105041503906, 49.67082977294922, 48.597129821777344] prediction_age_sec=0.07 predictive_target=4 proactive=True scenario=s4-hybrid-predictive target_replicas=4 upper_forecasts=[63.31690979003906, 62.457763671875, 62.93375015258789, 64.03897094726562, 63.2762451171875]
2026-07-13 03:01:33 [debug    ] Decision loop completed        action=MAINTAIN latency_ms=120.01 p99=128.0
2026-07-13 03:01:48 [debug    ] HAProxy fallback latency       delta_requests=630 interval_avg_ms=64.0 max_rtime_ms=387.0 p99_est=128.0
2026-07-13 03:01:48 [debug    ] GRU prediction received        confidence=0.8 latency_ms=6.06 predicted=63
2026-07-13 03:01:48 [debug    ] Using GRU prediction           confidence=0.8 forecast_capacity_signal=63.0 predicted=63 required_steps=4
2026-07-13 03:01:48 [info     ] algorithm2_scaling_decision    action=MAINTAIN alpha=0.060060060060060066 beta=0.0 buffer=1.0 current_replicas=6 predicted_load=63.0 required_resources=3.784 target_replicas=4
2026-07-13 03:01:48 [info     ] algorithm2_decision            action=MAINTAIN applied_target=4 current_replicas=6 hold_until=1783886598.8 observed_load=40.87 observed_target=3 point_forecasts=[47.78436279296875, 47.508689880371094, 47.46669387817383, 48.315677642822266, 47.340179443359375] prediction_age_sec=0.07 predictive_target=4 proactive=True scenario=s4-hybrid-predictive target_replicas=4 upper_forecasts=[61.852027893066406, 61.134193420410156, 61.61933898925781, 62.68381881713867, 62.01929473876953]
2026-07-13 03:01:48 [debug    ] Decision loop completed        action=MAINTAIN latency_ms=116.23 p99=128.0
2026-07-13 03:02:03 [debug    ] GRU prediction received        confidence=0.8 latency_ms=5.33 predicted=62
2026-07-13 03:02:03 [debug    ] Using GRU prediction           confidence=0.8 forecast_capacity_signal=62.0 predicted=62 required_steps=4
2026-07-13 03:02:03 [info     ] algorithm2_scaling_decision    action=MAINTAIN alpha=0.060060060060060066 beta=0.0 buffer=1.0 current_replicas=6 predicted_load=62.0 required_resources=3.724 target_replicas=4
2026-07-13 03:02:03 [info     ] algorithm2_decision            action=MAINTAIN applied_target=4 current_replicas=6 hold_until=1783886613.9 observed_load=42.73 observed_target=3 point_forecasts=[46.84307861328125, 46.69890594482422, 46.661705017089844, 47.518646240234375, 46.592926025390625] prediction_age_sec=0.08 predictive_target=4 proactive=True scenario=s4-hybrid-predictive target_replicas=4 upper_forecasts=[60.910743713378906, 60.32440948486328, 60.81435012817383, 61.88678741455078, 61.27204132080078]
2026-07-13 03:02:03 [debug    ] Decision loop completed        action=MAINTAIN latency_ms=123.49 p99=128.0
2026-07-13 03:02:18 [debug    ] HAProxy fallback latency       delta_requests=742 interval_avg_ms=180.96 max_rtime_ms=387.0 p99_est=361.93
2026-07-13 03:02:18 [debug    ] GRU prediction received        confidence=0.8 latency_ms=5.73 predicted=62
2026-07-13 03:02:18 [debug    ] Using GRU prediction           confidence=0.8 forecast_capacity_signal=62.0 predicted=62 required_steps=4
2026-07-13 03:02:19 [info     ] algorithm2_scaling_decision    action=MAINTAIN alpha=0.060060060060060066 beta=0.0 buffer=1.0 current_replicas=6 predicted_load=62.0 required_resources=3.724 target_replicas=4
2026-07-13 03:02:19 [info     ] algorithm2_decision            action=MAINTAIN applied_target=4 current_replicas=6 hold_until=1783886629.0 observed_load=46.46 observed_target=3 point_forecasts=[46.75457763671875, 46.771141052246094, 46.71477127075195, 47.59562683105469, 46.71497344970703] prediction_age_sec=0.07 predictive_target=4 proactive=True scenario=s4-hybrid-predictive target_replicas=4 upper_forecasts=[60.822242736816406, 60.396644592285156, 60.86741638183594, 61.963768005371094, 61.39408874511719]
2026-07-13 03:02:19 [debug    ] Decision loop completed        action=MAINTAIN latency_ms=108.71 p99=361.92722371967653
2026-07-13 03:02:34 [debug    ] HAProxy fallback latency       delta_requests=311 interval_avg_ms=64.0 max_rtime_ms=387.0 p99_est=128.0
2026-07-13 03:02:34 [debug    ] GRU prediction received        confidence=0.8 latency_ms=5.61 predicted=58
2026-07-13 03:02:34 [debug    ] Using GRU prediction           confidence=0.8 forecast_capacity_signal=58.4 predicted=58 required_steps=4
2026-07-13 03:02:34 [info     ] algorithm2_scaling_decision    action=MAINTAIN alpha=0.060060060060060066 beta=0.0 buffer=1.0 current_replicas=6 predicted_load=58.35327911376953 required_resources=3.505 target_replicas=4
2026-07-13 03:02:34 [info     ] algorithm2_decision            action=MAINTAIN applied_target=4 current_replicas=6 hold_until=1783886644.1 observed_load=34.89 observed_target=3 point_forecasts=[43.31314468383789, 43.158817291259766, 43.17073059082031, 43.985137939453125, 43.174163818359375] prediction_age_sec=0.07 predictive_target=4 proactive=True scenario=s4-hybrid-predictive target_replicas=4 upper_forecasts=[57.38081359863281, 56.78431701660156, 57.3233757019043, 58.35327911376953, 57.85327911376953]
2026-07-13 03:02:34 [debug    ] Decision loop completed        action=MAINTAIN latency_ms=116.12 p99=128.0
2026-07-13 03:02:49 [debug    ] GRU prediction received        confidence=0.8 latency_ms=5.95 predicted=53
2026-07-13 03:02:49 [debug    ] Using GRU prediction           confidence=0.8 forecast_capacity_signal=53.0 predicted=53 required_steps=4
2026-07-13 03:02:49 [info     ] algorithm2_scaling_decision    action=MAINTAIN alpha=0.060060060060060066 beta=0.0 buffer=1.0 current_replicas=6 predicted_load=53.0 required_resources=3.183 target_replicas=4
2026-07-13 03:02:49 [info     ] algorithm2_decision            action=MAINTAIN applied_target=4 current_replicas=6 hold_until=1783886659.2 observed_load=10.36 observed_target=3 point_forecasts=[37.9119758605957, 37.53136444091797, 37.54048156738281, 38.41584014892578, 37.61387252807617] prediction_age_sec=0.07 predictive_target=4 proactive=True scenario=s4-hybrid-predictive target_replicas=4 upper_forecasts=[51.979644775390625, 51.15686798095703, 51.6931266784668, 52.78398132324219, 52.29298400878906]
2026-07-13 03:02:49 [debug    ] Decision loop completed        action=MAINTAIN latency_ms=115.35 p99=128.0
2026-07-13 03:03:04 [debug    ] GRU prediction received        confidence=0.8 latency_ms=5.55 predicted=48
2026-07-13 03:03:04 [debug    ] Using GRU prediction           confidence=0.8 forecast_capacity_signal=48.1 predicted=48 required_steps=4
2026-07-13 03:03:04 [info     ] algorithm2_scaling_decision    action=MAINTAIN alpha=0.060060060060060066 beta=0.0 buffer=1.0 current_replicas=6 predicted_load=53.0 required_resources=3.183 target_replicas=4
2026-07-13 03:03:04 [info     ] algorithm2_decision            action=MAINTAIN applied_target=4 current_replicas=6 hold_until=1783886659.2 observed_load=0.0 observed_target=3 point_forecasts=[33.306968688964844, 32.894386291503906, 32.89252471923828, 33.765174865722656, 33.033992767333984] prediction_age_sec=0.06 predictive_target=3 proactive=True scenario=s4-hybrid-predictive target_replicas=4 upper_forecasts=[47.3746337890625, 46.51988983154297, 47.045169830322266, 48.13331604003906, 47.713104248046875]
2026-07-13 03:03:04 [debug    ] Decision loop completed        action=MAINTAIN latency_ms=109.94 p99=128.0
2026-07-13 03:03:19 [debug    ] GRU prediction received        confidence=0.8 latency_ms=5.99 predicted=44
2026-07-13 03:03:19 [debug    ] Using GRU prediction           confidence=0.8 forecast_capacity_signal=44.2 predicted=44 required_steps=4
2026-07-13 03:03:19 [info     ] algorithm2_scaling_decision    action=MAINTAIN alpha=0.060060060060060066 beta=0.0 buffer=1.0 current_replicas=6 predicted_load=53.0 required_resources=3.183 target_replicas=4
2026-07-13 03:03:19 [info     ] algorithm2_decision            action=MAINTAIN applied_target=4 current_replicas=6 hold_until=1783886659.2 observed_load=0.0 observed_target=3 point_forecasts=[29.404930114746094, 29.038619995117188, 29.039997100830078, 29.86124038696289, 29.23928451538086] prediction_age_sec=0.07 predictive_target=3 proactive=True scenario=s4-hybrid-predictive target_replicas=4 upper_forecasts=[43.47259521484375, 42.66412353515625, 43.19264221191406, 44.2293815612793, 43.91839599609375]
2026-07-13 03:03:19 [debug    ] Decision loop completed        action=MAINTAIN latency_ms=117.92 p99=128.0
2026-07-13 03:03:27 [info     ] Received shutdown signal
2026-07-13 03:03:27 [info     ] Stopping routing daemon...
2026-07-13 03:03:27 [info     ] Routing daemon stopped
