2026-09-12 12:51:28 [info     ] SLOMonitor initialized         threshold_ms=200.0 violation_window=30
2026-09-12 12:51:28 [info     ] Algorithm1ControllerV3 initialized max_knative=50 r_saturation=33.3 target_cpu_util=0.5 total_budget=1000
2026-09-12 12:51:28 [info     ] controller_selected            kind=Algorithm1ControllerV3 scenario=s4-hybrid-predictive version=v3
2026-09-12 12:51:28 [info     ] HAProxyWeightAdjuster initialized backend=servers host=localhost port=19999
2026-09-12 12:51:28 [info     ] GRUClient initialized          base_url=http://localhost:8090
2026-09-12 12:51:28 [info     ] K8sScaler initialized          deployment=test-app-warm namespace=default
2026-09-12 12:51:28 [info     ] RoutingDaemon initialized      decision_interval=15 description='Algorithm 1 with GRU predictions (Algorithm 2)' scenario=s4-hybrid-predictive use_algorithm=True use_predictions=True
2026-09-12 12:51:28 [info     ] Starting routing daemon        interval=15 scenario=s4-hybrid-predictive
2026-09-12 12:51:28 [info     ] Weights updated                k3s=80 knative=20
2026-09-12 12:51:28 [info     ] Initial weights applied        k3s=80 knative=20
2026-09-12 12:51:28 [debug    ] HAProxy fallback primed        total_requests=0
2026-09-12 12:51:28 [info     ] Model status validated         prediction_horizon=9 sample_interval_sec=15 sequence_length=30
2026-09-12 12:51:28 [info     ] Model status validated on first eligible cycle prediction_horizon=9 sequence_length=30
2026-09-12 12:51:29 [info     ] algorithm2_scaling_decision    action=MAINTAIN alpha=0.060060060060060066 beta=0.0 buffer=1.0 current_replicas=3 predicted_load=0.0 required_resources=0.0 target_replicas=3
2026-09-12 12:51:29 [info     ] algorithm2_decision            action=MAINTAIN applied_target=3 current_replicas=3 hold_until=0.0 observed_load=0.0 observed_target=3 point_forecasts=None prediction_age_sec=None predictive_target=3 proactive=False scenario=s4-hybrid-predictive target_replicas=3 upper_forecasts=None
2026-09-12 12:51:29 [debug    ] Decision loop completed        action=MAINTAIN latency_ms=101.51 p99=0.0
2026-09-12 12:51:44 [info     ] algorithm2_scaling_decision    action=MAINTAIN alpha=0.060060060060060066 beta=0.0 buffer=1.0 current_replicas=3 predicted_load=0.0 required_resources=0.0 target_replicas=3
2026-09-12 12:51:44 [info     ] algorithm2_decision            action=MAINTAIN applied_target=3 current_replicas=3 hold_until=0.0 observed_load=0.0 observed_target=3 point_forecasts=None prediction_age_sec=None predictive_target=3 proactive=False scenario=s4-hybrid-predictive target_replicas=3 upper_forecasts=None
2026-09-12 12:51:44 [debug    ] Decision loop completed        action=MAINTAIN latency_ms=94.54 p99=0.0
2026-09-12 12:51:59 [info     ] algorithm2_scaling_decision    action=MAINTAIN alpha=0.060060060060060066 beta=0.0 buffer=1.0 current_replicas=3 predicted_load=0.0 required_resources=0.0 target_replicas=3
2026-09-12 12:51:59 [info     ] algorithm2_decision            action=MAINTAIN applied_target=3 current_replicas=3 hold_until=0.0 observed_load=0.0 observed_target=3 point_forecasts=None prediction_age_sec=None predictive_target=3 proactive=False scenario=s4-hybrid-predictive target_replicas=3 upper_forecasts=None
2026-09-12 12:51:59 [debug    ] Decision loop completed        action=MAINTAIN latency_ms=98.83 p99=0.0
2026-09-12 12:52:14 [debug    ] HAProxy fallback latency       delta_requests=638 interval_avg_ms=65.0 max_rtime_ms=109.0 p99_est=109.0
2026-09-12 12:52:14 [info     ] controller_decision_v3         action=RECOVERY available_replicas=3 budget_remaining=1000 burn_adjustment=0 burst_ratio=0 capacity_deficit=False confidence=0 current_load=42.123326512842056 decision_id=274ee36e k8s_capacity=49.9 k8s_weight=100 knative_weight=0 p99=109.0 predicted_load=0 r_effective=16.6 serverless_enabled=False total_load=42.1 weights_after={'k3s': 100, 'knative': 0} weights_before={'k3s': 80, 'knative': 20}
2026-09-12 12:52:14 [info     ] Weights updated                k3s=100 knative=0
2026-09-12 12:52:14 [info     ] Weights updated                action=RECOVERY reason='load=42RPS | k8s_cap=50RPS | (reducing-serverless)' weights={'k3s': 100, 'knative': 0}
2026-09-12 12:52:14 [info     ] algorithm2_scaling_decision    action=MAINTAIN alpha=0.060060060060060066 beta=0.0 buffer=1.0 current_replicas=3 predicted_load=21.061663256421028 required_resources=1.265 target_replicas=3
2026-09-12 12:52:14 [info     ] algorithm2_decision            action=MAINTAIN applied_target=3 current_replicas=3 hold_until=0.0 observed_load=21.06 observed_target=3 point_forecasts=None prediction_age_sec=None predictive_target=3 proactive=False scenario=s4-hybrid-predictive target_replicas=3 upper_forecasts=None
2026-09-12 12:52:14 [debug    ] Decision loop completed        action=RECOVERY latency_ms=136.03 p99=109.0
2026-09-12 12:52:29 [debug    ] HAProxy fallback latency       delta_requests=666 interval_avg_ms=63.04 max_rtime_ms=115.0 p99_est=115.0
2026-09-12 12:52:29 [info     ] algorithm2_scaling_decision    action=MAINTAIN alpha=0.060060060060060066 beta=0.0 buffer=1.0 current_replicas=3 predicted_load=43.0614818650522 required_resources=2.586 target_replicas=3
2026-09-12 12:52:29 [info     ] algorithm2_decision            action=MAINTAIN applied_target=3 current_replicas=3 hold_until=0.0 observed_load=43.06 observed_target=3 point_forecasts=None prediction_age_sec=None predictive_target=3 proactive=False scenario=s4-hybrid-predictive target_replicas=3 upper_forecasts=None
2026-09-12 12:52:29 [debug    ] Decision loop completed        action=MAINTAIN latency_ms=96.52 p99=115.0
2026-09-12 12:52:44 [debug    ] HAProxy fallback latency       delta_requests=714 interval_avg_ms=69.65 max_rtime_ms=127.0 p99_est=127.0
2026-09-12 12:52:44 [info     ] algorithm2_scaling_decision    action=MAINTAIN alpha=0.060060060060060066 beta=0.0 buffer=1.0 current_replicas=3 predicted_load=45.68033317127646 required_resources=2.744 target_replicas=3
2026-09-12 12:52:44 [info     ] algorithm2_decision            action=MAINTAIN applied_target=3 current_replicas=3 hold_until=0.0 observed_load=45.68 observed_target=3 point_forecasts=None prediction_age_sec=None predictive_target=3 proactive=False scenario=s4-hybrid-predictive target_replicas=3 upper_forecasts=None
2026-09-12 12:52:44 [debug    ] Decision loop completed        action=MAINTAIN latency_ms=97.95 p99=127.0
2026-09-12 12:52:59 [debug    ] HAProxy fallback latency       delta_requests=822 interval_avg_ms=69.45 max_rtime_ms=157.0 p99_est=138.91
2026-09-12 12:52:59 [warning  ] Knative pre-warm non-200       status=404
2026-09-12 12:52:59 [info     ] controller_decision_v3         action=REACTIVE available_replicas=3 budget_remaining=1000 burn_adjustment=0 burst_ratio=0.0814 capacity_deficit=False confidence=0 current_load=54.377933476764184 decision_id=90de0b6b k8s_capacity=49.9 k8s_weight=91 knative_weight=9 p99=138.9 predicted_load=0 r_effective=16.6 serverless_enabled=True total_load=54.4 weights_after={'k3s': 91, 'knative': 9} weights_before={'k3s': 100, 'knative': 0}
2026-09-12 12:52:59 [info     ] Weights updated                k3s=91 knative=9
2026-09-12 12:52:59 [info     ] Weights updated                action=REACTIVE reason='load=54RPS | k8s_cap=50RPS | (burst-routing)' weights={'k3s': 91, 'knative': 9}
2026-09-12 12:52:59 [info     ] algorithm2_scaling_decision    action=SCALE_UP alpha=0.060060060060060066 beta=0.0 buffer=1.0 current_replicas=3 predicted_load=50.86948130102738 required_resources=3.055 target_replicas=4
2026-09-12 12:52:59 [info     ] algorithm2_decision            action=SCALE_UP applied_target=4 current_replicas=3 hold_until=0.0 observed_load=50.87 observed_target=4 point_forecasts=None prediction_age_sec=None predictive_target=3 proactive=False scenario=s4-hybrid-predictive target_replicas=4 upper_forecasts=None
2026-09-12 12:52:59 [info     ] k8s_scale_executed             deployment=test-app-warm replicas=4
2026-09-12 12:52:59 [debug    ] Decision loop completed        action=REACTIVE latency_ms=141.09 p99=138.90997566909977
2026-09-12 12:53:14 [debug    ] HAProxy fallback latency       delta_requests=770 interval_avg_ms=62.31 max_rtime_ms=157.0 p99_est=124.62
2026-09-12 12:53:14 [info     ] controller_decision_v3         action=RECOVERY available_replicas=3 budget_remaining=1000 burn_adjustment=0 burst_ratio=0.0178 capacity_deficit=False confidence=0 current_load=50.8541939961891 decision_id=87551174 k8s_capacity=49.9 k8s_weight=98 knative_weight=2 p99=124.6 predicted_load=0 r_effective=16.6 serverless_enabled=True total_load=50.9 weights_after={'k3s': 98, 'knative': 2} weights_before={'k3s': 91, 'knative': 9}
2026-09-12 12:53:14 [info     ] Weights updated                k3s=98 knative=2
2026-09-12 12:53:14 [info     ] Weights updated                action=RECOVERY reason='load=51RPS | k8s_cap=50RPS | (reducing-serverless)' weights={'k3s': 98, 'knative': 2}
2026-09-12 12:53:14 [info     ] algorithm2_scaling_decision    action=MAINTAIN alpha=0.060060060060060066 beta=0.0 buffer=1.0 current_replicas=4 predicted_load=52.61606373647665 required_resources=3.16 target_replicas=4
2026-09-12 12:53:14 [info     ] algorithm2_decision            action=MAINTAIN applied_target=4 current_replicas=4 hold_until=0.0 observed_load=52.62 observed_target=4 point_forecasts=None prediction_age_sec=None predictive_target=3 proactive=False scenario=s4-hybrid-predictive target_replicas=4 upper_forecasts=None
2026-09-12 12:53:14 [debug    ] Decision loop completed        action=RECOVERY latency_ms=136.43 p99=124.62337662337663
2026-09-12 12:53:29 [debug    ] HAProxy fallback latency       delta_requests=548 interval_avg_ms=58.41 max_rtime_ms=157.0 p99_est=116.82
2026-09-12 12:53:29 [info     ] controller_decision_v3         action=RECOVERY available_replicas=3 budget_remaining=1000 burn_adjustment=0 burst_ratio=0 capacity_deficit=False confidence=0 current_load=36.27074477267944 decision_id=5c06b83f k8s_capacity=49.9 k8s_weight=100 knative_weight=0 p99=116.8 predicted_load=0 r_effective=16.6 serverless_enabled=False total_load=36.3 weights_after={'k3s': 100, 'knative': 0} weights_before={'k3s': 98, 'knative': 2}
2026-09-12 12:53:29 [info     ] Weights updated                k3s=100 knative=0
2026-09-12 12:53:29 [info     ] Weights updated                action=RECOVERY reason='load=36RPS | k8s_cap=50RPS | (reducing-serverless)' weights={'k3s': 100, 'knative': 0}
2026-09-12 12:53:29 [info     ] algorithm2_scaling_decision    action=MAINTAIN alpha=0.060060060060060066 beta=0.0 buffer=1.0 current_replicas=4 predicted_load=43.56246938443427 required_resources=2.616 target_replicas=3
2026-09-12 12:53:29 [info     ] algorithm2_decision            action=MAINTAIN applied_target=3 current_replicas=4 hold_until=0.0 observed_load=43.56 observed_target=3 point_forecasts=None prediction_age_sec=None predictive_target=3 proactive=False scenario=s4-hybrid-predictive target_replicas=3 upper_forecasts=None
2026-09-12 12:53:29 [debug    ] Decision loop completed        action=RECOVERY latency_ms=125.17 p99=116.82481751824818
2026-09-12 12:53:44 [debug    ] HAProxy fallback latency       delta_requests=412 interval_avg_ms=65.0 max_rtime_ms=157.0 p99_est=130.0
2026-09-12 12:53:45 [info     ] algorithm2_scaling_decision    action=MAINTAIN alpha=0.060060060060060066 beta=0.0 buffer=1.0 current_replicas=4 predicted_load=31.754730496767497 required_resources=1.907 target_replicas=3
2026-09-12 12:53:45 [info     ] algorithm2_decision            action=MAINTAIN applied_target=3 current_replicas=4 hold_until=0.0 observed_load=31.75 observed_target=3 point_forecasts=None prediction_age_sec=None predictive_target=3 proactive=False scenario=s4-hybrid-predictive target_replicas=3 upper_forecasts=None
2026-09-12 12:53:45 [debug    ] Decision loop completed        action=MAINTAIN latency_ms=100.09 p99=130.0
2026-09-12 12:54:00 [debug    ] HAProxy fallback latency       delta_requests=357 interval_avg_ms=65.0 max_rtime_ms=157.0 p99_est=130.0
2026-09-12 12:54:00 [info     ] algorithm2_scaling_decision    action=MAINTAIN alpha=0.060060060060060066 beta=0.0 buffer=1.0 current_replicas=4 predicted_load=25.473570920666166 required_resources=1.53 target_replicas=3
2026-09-12 12:54:00 [info     ] algorithm2_decision            action=MAINTAIN applied_target=3 current_replicas=4 hold_until=0.0 observed_load=25.47 observed_target=3 point_forecasts=None prediction_age_sec=None predictive_target=3 proactive=False scenario=s4-hybrid-predictive target_replicas=3 upper_forecasts=None
2026-09-12 12:54:00 [debug    ] Decision loop completed        action=MAINTAIN latency_ms=94.57 p99=130.0
2026-09-12 12:54:15 [debug    ] HAProxy fallback latency       delta_requests=483 interval_avg_ms=53.8 max_rtime_ms=157.0 p99_est=107.6
2026-09-12 12:54:15 [info     ] algorithm2_scaling_decision    action=MAINTAIN alpha=0.060060060060060066 beta=0.0 buffer=1.0 current_replicas=4 predicted_load=27.78594018641966 required_resources=1.669 target_replicas=3
2026-09-12 12:54:15 [info     ] algorithm2_decision            action=MAINTAIN applied_target=3 current_replicas=4 hold_until=0.0 observed_load=27.79 observed_target=3 point_forecasts=None prediction_age_sec=None predictive_target=3 proactive=False scenario=s4-hybrid-predictive target_replicas=3 upper_forecasts=None
2026-09-12 12:54:15 [debug    ] Decision loop completed        action=MAINTAIN latency_ms=109.63 p99=107.59834368530021
2026-09-12 12:54:30 [debug    ] HAProxy fallback latency       delta_requests=773 interval_avg_ms=151.99 max_rtime_ms=286.0 p99_est=286.0
2026-09-12 12:54:30 [info     ] Scale readiness observed       elapsed_sec=90.7 ewma_delay=69.2 samples=1 target=4
2026-09-12 12:54:30 [info     ] algorithm2_scaling_decision    action=MAINTAIN alpha=0.060060060060060066 beta=0.0 buffer=1.0 current_replicas=4 predicted_load=41.475298843193116 required_resources=2.491 target_replicas=3
2026-09-12 12:54:30 [info     ] algorithm2_decision            action=MAINTAIN applied_target=3 current_replicas=4 hold_until=0.0 observed_load=41.48 observed_target=3 point_forecasts=None prediction_age_sec=None predictive_target=3 proactive=False scenario=s4-hybrid-predictive target_replicas=3 upper_forecasts=None
2026-09-12 12:54:30 [debug    ] Decision loop completed        action=MAINTAIN latency_ms=146.27 p99=286.0
2026-09-12 12:54:45 [debug    ] HAProxy fallback latency       delta_requests=813 interval_avg_ms=57.79 max_rtime_ms=287.0 p99_est=115.58
2026-09-12 12:54:45 [info     ] algorithm2_scaling_decision    action=MAINTAIN alpha=0.060060060060060066 beta=0.0 buffer=1.0 current_replicas=4 predicted_load=52.45108508159168 required_resources=3.15 target_replicas=4
2026-09-12 12:54:45 [info     ] algorithm2_decision            action=MAINTAIN applied_target=4 current_replicas=4 hold_until=0.0 observed_load=52.45 observed_target=4 point_forecasts=None prediction_age_sec=None predictive_target=3 proactive=False scenario=s4-hybrid-predictive target_replicas=4 upper_forecasts=None
2026-09-12 12:54:45 [debug    ] Decision loop completed        action=MAINTAIN latency_ms=94.38 p99=115.57933579335793
2026-09-12 12:55:00 [debug    ] HAProxy fallback latency       delta_requests=638 interval_avg_ms=1.21 max_rtime_ms=287.0 p99_est=2.41
2026-09-12 12:55:00 [info     ] algorithm2_scaling_decision    action=MAINTAIN alpha=0.060060060060060066 beta=0.0 buffer=1.0 current_replicas=4 predicted_load=48.04176135957587 required_resources=2.885 target_replicas=3
2026-09-12 12:55:00 [info     ] algorithm2_decision            action=MAINTAIN applied_target=3 current_replicas=4 hold_until=0.0 observed_load=48.04 observed_target=3 point_forecasts=None prediction_age_sec=None predictive_target=3 proactive=False scenario=s4-hybrid-predictive target_replicas=3 upper_forecasts=None
2026-09-12 12:55:00 [debug    ] Decision loop completed        action=MAINTAIN latency_ms=98.1 p99=2.413793103448276
2026-09-12 12:55:15 [debug    ] HAProxy fallback latency       delta_requests=655 interval_avg_ms=41.69 max_rtime_ms=287.0 p99_est=83.38
2026-09-12 12:55:15 [info     ] algorithm2_scaling_decision    action=MAINTAIN alpha=0.060060060060060066 beta=0.0 buffer=1.0 current_replicas=4 predicted_load=42.79268529313007 required_resources=2.57 target_replicas=3
2026-09-12 12:55:15 [info     ] algorithm2_decision            action=MAINTAIN applied_target=3 current_replicas=4 hold_until=0.0 observed_load=42.79 observed_target=3 point_forecasts=None prediction_age_sec=None predictive_target=3 proactive=False scenario=s4-hybrid-predictive target_replicas=3 upper_forecasts=None
2026-09-12 12:55:15 [debug    ] Decision loop completed        action=MAINTAIN latency_ms=92.79 p99=83.38015267175572
2026-09-12 12:55:30 [debug    ] HAProxy fallback latency       delta_requests=829 interval_avg_ms=65.0 max_rtime_ms=287.0 p99_est=130.0
2026-09-12 12:55:30 [info     ] algorithm2_scaling_decision    action=MAINTAIN alpha=0.060060060060060066 beta=0.0 buffer=1.0 current_replicas=4 predicted_load=49.08835604055734 required_resources=2.948 target_replicas=3
2026-09-12 12:55:30 [info     ] algorithm2_decision            action=MAINTAIN applied_target=3 current_replicas=4 hold_until=0.0 observed_load=49.09 observed_target=3 point_forecasts=None prediction_age_sec=None predictive_target=3 proactive=False scenario=s4-hybrid-predictive target_replicas=3 upper_forecasts=None
2026-09-12 12:55:30 [debug    ] Decision loop completed        action=MAINTAIN latency_ms=97.22 p99=130.0
2026-09-12 12:55:45 [debug    ] HAProxy fallback latency       delta_requests=914 interval_avg_ms=54.02 max_rtime_ms=287.0 p99_est=108.05
2026-09-12 12:55:45 [info     ] algorithm2_scaling_decision    action=MAINTAIN alpha=0.060060060060060066 beta=0.0 buffer=1.0 current_replicas=4 predicted_load=57.732954844240425 required_resources=3.467 target_replicas=4
2026-09-12 12:55:45 [info     ] algorithm2_decision            action=MAINTAIN applied_target=4 current_replicas=4 hold_until=0.0 observed_load=57.73 observed_target=4 point_forecasts=None prediction_age_sec=None predictive_target=3 proactive=False scenario=s4-hybrid-predictive target_replicas=4 upper_forecasts=None
2026-09-12 12:55:45 [debug    ] Decision loop completed        action=MAINTAIN latency_ms=98.28 p99=108.04814004376368
2026-09-12 12:56:00 [debug    ] HAProxy fallback latency       delta_requests=930 interval_avg_ms=64.0 max_rtime_ms=287.0 p99_est=128.0
2026-09-12 12:56:00 [info     ] algorithm2_scaling_decision    action=MAINTAIN alpha=0.060060060060060066 beta=0.0 buffer=1.0 current_replicas=4 predicted_load=61.10248921835928 required_resources=3.67 target_replicas=4
2026-09-12 12:56:00 [info     ] algorithm2_decision            action=MAINTAIN applied_target=4 current_replicas=4 hold_until=0.0 observed_load=61.1 observed_target=4 point_forecasts=None prediction_age_sec=None predictive_target=3 proactive=False scenario=s4-hybrid-predictive target_replicas=4 upper_forecasts=None
2026-09-12 12:56:00 [debug    ] Decision loop completed        action=MAINTAIN latency_ms=97.12 p99=128.0
2026-09-12 12:56:16 [debug    ] HAProxy fallback latency       delta_requests=1001 interval_avg_ms=87.9 max_rtime_ms=287.0 p99_est=175.8
2026-09-12 12:56:16 [info     ] algorithm2_scaling_decision    action=MAINTAIN alpha=0.060060060060060066 beta=0.0 buffer=1.0 current_replicas=4 predicted_load=63.95016967478908 required_resources=3.841 target_replicas=4
2026-09-12 12:56:16 [info     ] algorithm2_decision            action=MAINTAIN applied_target=4 current_replicas=4 hold_until=0.0 observed_load=63.95 observed_target=4 point_forecasts=None prediction_age_sec=None predictive_target=3 proactive=False scenario=s4-hybrid-predictive target_replicas=4 upper_forecasts=None
2026-09-12 12:56:16 [debug    ] Decision loop completed        action=MAINTAIN latency_ms=96.69 p99=175.8041958041958
2026-09-12 12:56:31 [debug    ] HAProxy fallback latency       delta_requests=1116 interval_avg_ms=54.28 max_rtime_ms=287.0 p99_est=108.56
2026-09-12 12:56:31 [warning  ] Knative pre-warm non-200       status=404
2026-09-12 12:56:31 [info     ] controller_decision_v3         action=REACTIVE available_replicas=4 budget_remaining=999 burn_adjustment=0 burst_ratio=0.099 capacity_deficit=False confidence=0 current_load=73.92154688787842 decision_id=50cc9ab5 k8s_capacity=66.6 k8s_weight=90 knative_weight=10 p99=108.6 predicted_load=0 r_effective=16.6 serverless_enabled=True total_load=73.9 weights_after={'k3s': 90, 'knative': 10} weights_before={'k3s': 100, 'knative': 0}
2026-09-12 12:56:31 [info     ] Weights updated                k3s=90 knative=10
2026-09-12 12:56:31 [info     ] Weights updated                action=REACTIVE reason='load=74RPS | k8s_cap=67RPS | (burst-routing)' weights={'k3s': 90, 'knative': 10}
2026-09-12 12:56:31 [info     ] algorithm2_scaling_decision    action=SCALE_UP alpha=0.060060060060060066 beta=0.0 buffer=1.0 current_replicas=4 predicted_load=70.11149025218612 required_resources=4.211 target_replicas=5
2026-09-12 12:56:31 [info     ] algorithm2_decision            action=SCALE_UP applied_target=5 current_replicas=4 hold_until=0.0 observed_load=70.11 observed_target=5 point_forecasts=None prediction_age_sec=None predictive_target=3 proactive=False scenario=s4-hybrid-predictive target_replicas=5 upper_forecasts=None
2026-09-12 12:56:31 [info     ] k8s_scale_executed             deployment=test-app-warm replicas=5
2026-09-12 12:56:31 [debug    ] Decision loop completed        action=REACTIVE latency_ms=136.0 p99=108.56093189964157
2026-09-12 12:56:46 [debug    ] HAProxy fallback latency       delta_requests=1274 interval_avg_ms=65.0 max_rtime_ms=287.0 p99_est=130.0
2026-09-12 12:56:46 [info     ] controller_decision_v3         action=RECOVERY available_replicas=5 budget_remaining=999 burn_adjustment=0 burst_ratio=0.0101 capacity_deficit=False confidence=0 current_load=84.1029996723836 decision_id=69e9499d k8s_capacity=83.2 k8s_weight=98 knative_weight=2 p99=130.0 predicted_load=0 r_effective=16.6 serverless_enabled=True total_load=84.1 weights_after={'k3s': 98, 'knative': 2} weights_before={'k3s': 90, 'knative': 10}
2026-09-12 12:56:46 [info     ] Weights updated                k3s=98 knative=2
2026-09-12 12:56:46 [info     ] Weights updated                action=RECOVERY reason='load=84RPS | k8s_cap=83RPS | (reducing-serverless)' weights={'k3s': 98, 'knative': 2}
2026-09-12 12:56:46 [info     ] Scale readiness observed       elapsed_sec=15.1 ewma_delay=53.0 samples=2 target=5
2026-09-12 12:56:46 [info     ] algorithm2_scaling_decision    action=MAINTAIN alpha=0.060060060060060066 beta=0.0 buffer=1.0 current_replicas=5 predicted_load=79.01227328013101 required_resources=4.745 target_replicas=5
2026-09-12 12:56:46 [info     ] algorithm2_decision            action=MAINTAIN applied_target=5 current_replicas=5 hold_until=0.0 observed_load=79.01 observed_target=5 point_forecasts=None prediction_age_sec=None predictive_target=3 proactive=False scenario=s4-hybrid-predictive target_replicas=5 upper_forecasts=None
2026-09-12 12:56:46 [debug    ] Decision loop completed        action=RECOVERY latency_ms=125.16 p99=130.0
2026-09-12 12:57:01 [debug    ] HAProxy fallback latency       delta_requests=1456 interval_avg_ms=119.29 max_rtime_ms=287.0 p99_est=238.58
2026-09-12 12:57:01 [info     ] controller_decision_v3         action=REACTIVE available_replicas=5 budget_remaining=998 burn_adjustment=0 burst_ratio=0.1346 capacity_deficit=False confidence=0 current_load=96.19902797357796 decision_id=615b3fa5 k8s_capacity=83.2 k8s_weight=86 knative_weight=14 p99=238.6 predicted_load=0 r_effective=16.6 serverless_enabled=True total_load=96.2 weights_after={'k3s': 86, 'knative': 14} weights_before={'k3s': 98, 'knative': 2}
2026-09-12 12:57:01 [info     ] Weights updated                k3s=86 knative=14
2026-09-12 12:57:01 [info     ] Weights updated                action=REACTIVE reason='load=96RPS | k8s_cap=83RPS | (burst-routing)' weights={'k3s': 86, 'knative': 14}
2026-09-12 12:57:01 [info     ] algorithm2_scaling_decision    action=SCALE_UP alpha=0.060060060060060066 beta=0.0 buffer=1.0 current_replicas=5 predicted_load=90.15101382298079 required_resources=5.414 target_replicas=6
2026-09-12 12:57:01 [info     ] algorithm2_decision            action=SCALE_UP applied_target=6 current_replicas=5 hold_until=0.0 observed_load=90.15 observed_target=6 point_forecasts=None prediction_age_sec=None predictive_target=3 proactive=False scenario=s4-hybrid-predictive target_replicas=6 upper_forecasts=None
2026-09-12 12:57:01 [info     ] k8s_scale_executed             deployment=test-app-warm replicas=6
2026-09-12 12:57:01 [debug    ] Decision loop completed        action=REACTIVE latency_ms=133.82 p99=238.5782967032967
2026-09-12 12:57:16 [debug    ] HAProxy fallback latency       delta_requests=1667 interval_avg_ms=49.03 max_rtime_ms=287.0 p99_est=98.07
2026-09-12 12:57:16 [info     ] controller_decision_v3         action=RECOVERY available_replicas=6 budget_remaining=998 burn_adjustment=0 burst_ratio=0.093 capacity_deficit=False confidence=0 current_load=110.14405545286822 decision_id=1e1f9900 k8s_capacity=99.9 k8s_weight=90 knative_weight=10 p99=98.1 predicted_load=0 r_effective=16.6 serverless_enabled=True total_load=110.1 weights_after={'k3s': 90, 'knative': 10} weights_before={'k3s': 86, 'knative': 14}
2026-09-12 12:57:16 [info     ] Weights updated                k3s=90 knative=10
2026-09-12 12:57:16 [info     ] Weights updated                action=RECOVERY reason='load=110RPS | k8s_cap=100RPS | (reducing-serverless)' weights={'k3s': 90, 'knative': 10}
2026-09-12 12:57:16 [info     ] Scale readiness observed       elapsed_sec=15.1 ewma_delay=41.6 samples=3 target=6
2026-09-12 12:57:16 [info     ] algorithm2_scaling_decision    action=MAINTAIN alpha=0.060060060060060066 beta=0.0 buffer=1.0 current_replicas=6 predicted_load=103.17154171322309 required_resources=6.196 target_replicas=6
2026-09-12 12:57:16 [info     ] algorithm2_decision            action=MAINTAIN applied_target=6 current_replicas=6 hold_until=0.0 observed_load=103.17 observed_target=6 point_forecasts=None prediction_age_sec=None predictive_target=3 proactive=False scenario=s4-hybrid-predictive target_replicas=6 upper_forecasts=None
2026-09-12 12:57:16 [debug    ] Decision loop completed        action=RECOVERY latency_ms=128.4 p99=98.06598680263947
2026-09-12 12:57:31 [debug    ] HAProxy fallback latency       delta_requests=1890 interval_avg_ms=108.99 max_rtime_ms=287.0 p99_est=217.97
2026-09-12 12:57:31 [info     ] controller_decision_v3         action=REACTIVE available_replicas=6 budget_remaining=997 burn_adjustment=0 burst_ratio=0.2004 capacity_deficit=False confidence=0 current_load=124.93320613123205 decision_id=1c014da2 k8s_capacity=99.9 k8s_weight=79 knative_weight=21 p99=218.0 predicted_load=0 r_effective=16.6 serverless_enabled=True total_load=124.9 weights_after={'k3s': 79, 'knative': 21} weights_before={'k3s': 90, 'knative': 10}
2026-09-12 12:57:31 [info     ] Weights updated                k3s=79 knative=21
2026-09-12 12:57:31 [info     ] Weights updated                action=REACTIVE reason='load=125RPS | k8s_cap=100RPS | (burst-routing)' weights={'k3s': 79, 'knative': 21}
2026-09-12 12:57:31 [info     ] algorithm2_scaling_decision    action=MAINTAIN alpha=0.060060060060060066 beta=0.0 buffer=1.0 current_replicas=6 predicted_load=117.53863079205013 required_resources=7.059 target_replicas=6
2026-09-12 12:57:31 [info     ] algorithm2_decision            action=MAINTAIN applied_target=6 current_replicas=6 hold_until=0.0 observed_load=117.54 observed_target=6 point_forecasts=None prediction_age_sec=None predictive_target=3 proactive=False scenario=s4-hybrid-predictive target_replicas=6 upper_forecasts=None
2026-09-12 12:57:31 [debug    ] Decision loop completed        action=REACTIVE latency_ms=96.1 p99=217.97248677248677
2026-09-12 12:57:46 [debug    ] HAProxy fallback latency       delta_requests=1722 interval_avg_ms=10.77 max_rtime_ms=287.0 p99_est=21.54
2026-09-12 12:57:46 [info     ] controller_decision_v3         action=RECOVERY available_replicas=6 budget_remaining=997 burn_adjustment=0 burst_ratio=0.1247 capacity_deficit=False confidence=0 current_load=114.13764466648765 decision_id=50115754 k8s_capacity=99.9 k8s_weight=87 knative_weight=13 p99=21.5 predicted_load=0 r_effective=16.6 serverless_enabled=True total_load=114.1 weights_after={'k3s': 87, 'knative': 13} weights_before={'k3s': 79, 'knative': 21}
2026-09-12 12:57:46 [info     ] Weights updated                k3s=87 knative=13
2026-09-12 12:57:46 [info     ] Weights updated                action=RECOVERY reason='load=114RPS | k8s_cap=100RPS | (reducing-serverless)' weights={'k3s': 87, 'knative': 13}
2026-09-12 12:57:46 [info     ] algorithm2_scaling_decision    action=MAINTAIN alpha=0.060060060060060066 beta=0.0 buffer=1.0 current_replicas=6 predicted_load=119.53542539885984 required_resources=7.179 target_replicas=6
2026-09-12 12:57:46 [info     ] algorithm2_decision            action=MAINTAIN applied_target=6 current_replicas=6 hold_until=0.0 observed_load=119.54 observed_target=6 point_forecasts=None prediction_age_sec=None predictive_target=3 proactive=False scenario=s4-hybrid-predictive target_replicas=6 upper_forecasts=None
2026-09-12 12:57:46 [debug    ] Decision loop completed        action=RECOVERY latency_ms=126.41 p99=21.53774680603949
2026-09-12 12:58:01 [debug    ] HAProxy fallback latency       delta_requests=1318 interval_avg_ms=50.0 max_rtime_ms=287.0 p99_est=100.0
2026-09-12 12:58:01 [info     ] controller_decision_v3         action=RECOVERY available_replicas=6 budget_remaining=997 burn_adjustment=0 burst_ratio=0 capacity_deficit=False confidence=0 current_load=87.13109998695104 decision_id=cee31529 k8s_capacity=99.9 k8s_weight=100 knative_weight=0 p99=100.0 predicted_load=0 r_effective=16.6 serverless_enabled=False total_load=87.1 weights_after={'k3s': 100, 'knative': 0} weights_before={'k3s': 87, 'knative': 13}
2026-09-12 12:58:01 [info     ] Weights updated                k3s=100 knative=0
2026-09-12 12:58:01 [info     ] Weights updated                action=RECOVERY reason='load=87RPS | k8s_cap=100RPS | (reducing-serverless)' weights={'k3s': 100, 'knative': 0}
2026-09-12 12:58:01 [info     ] algorithm2_scaling_decision    action=MAINTAIN alpha=0.060060060060060066 beta=0.0 buffer=1.0 current_replicas=6 predicted_load=100.63437232671934 required_resources=6.044 target_replicas=6
2026-09-12 12:58:01 [info     ] algorithm2_decision            action=MAINTAIN applied_target=6 current_replicas=6 hold_until=0.0 observed_load=100.63 observed_target=6 point_forecasts=None prediction_age_sec=None predictive_target=3 proactive=False scenario=s4-hybrid-predictive target_replicas=6 upper_forecasts=None
2026-09-12 12:58:01 [debug    ] Decision loop completed        action=RECOVERY latency_ms=126.14 p99=100.0
2026-09-12 12:58:16 [debug    ] HAProxy fallback latency       delta_requests=1130 interval_avg_ms=45.17 max_rtime_ms=287.0 p99_est=90.34
2026-09-12 12:58:17 [info     ] algorithm2_scaling_decision    action=MAINTAIN alpha=0.060060060060060066 beta=0.0 buffer=1.0 current_replicas=6 predicted_load=80.9512511998312 required_resources=4.862 target_replicas=5
2026-09-12 12:58:17 [info     ] algorithm2_decision            action=MAINTAIN applied_target=5 current_replicas=6 hold_until=0.0 observed_load=80.95 observed_target=5 point_forecasts=None prediction_age_sec=None predictive_target=3 proactive=False scenario=s4-hybrid-predictive target_replicas=5 upper_forecasts=None
2026-09-12 12:58:17 [debug    ] Decision loop completed        action=MAINTAIN latency_ms=98.5 p99=90.34336283185841
2026-09-12 12:58:32 [debug    ] HAProxy fallback latency       delta_requests=1074 interval_avg_ms=42.09 max_rtime_ms=287.0 p99_est=84.17
2026-09-12 12:58:32 [info     ] algorithm2_scaling_decision    action=MAINTAIN alpha=0.060060060060060066 beta=0.0 buffer=1.0 current_replicas=6 predicted_load=72.95029546713141 required_resources=4.381 target_replicas=5
2026-09-12 12:58:32 [info     ] algorithm2_decision            action=MAINTAIN applied_target=5 current_replicas=6 hold_until=0.0 observed_load=72.95 observed_target=5 point_forecasts=None prediction_age_sec=None predictive_target=3 proactive=False scenario=s4-hybrid-predictive target_replicas=5 upper_forecasts=None
2026-09-12 12:58:32 [debug    ] Decision loop completed        action=MAINTAIN latency_ms=98.41 p99=84.17132216014897
2026-09-12 12:58:47 [debug    ] HAProxy fallback latency       delta_requests=948 interval_avg_ms=64.0 max_rtime_ms=287.0 p99_est=128.0
2026-09-12 12:58:47 [info     ] algorithm2_scaling_decision    action=MAINTAIN alpha=0.060060060060060066 beta=0.0 buffer=1.0 current_replicas=6 predicted_load=66.95802389939635 required_resources=4.022 target_replicas=5
2026-09-12 12:58:47 [info     ] algorithm2_decision            action=MAINTAIN applied_target=5 current_replicas=6 hold_until=0.0 observed_load=66.96 observed_target=5 point_forecasts=None prediction_age_sec=None predictive_target=3 proactive=False scenario=s4-hybrid-predictive target_replicas=5 upper_forecasts=None
2026-09-12 12:58:47 [debug    ] Decision loop completed        action=MAINTAIN latency_ms=100.3 p99=128.0
2026-09-12 12:59:02 [debug    ] HAProxy fallback latency       delta_requests=793 interval_avg_ms=97.23 max_rtime_ms=287.0 p99_est=194.46
2026-09-12 12:59:02 [debug    ] GRU prediction received        confidence=0.6 latency_ms=3.22 predicted=117
2026-09-12 12:59:02 [debug    ] Using GRU prediction           confidence=0.6 forecast_capacity_signal=53.9 predicted=117 required_steps=4
2026-09-12 12:59:02 [info     ] algorithm2_scaling_decision    action=SCALE_DOWN alpha=0.060060060060060066 beta=0.0 buffer=1.0 current_replicas=6 predicted_load=57.651649491672664 required_resources=3.463 target_replicas=4
2026-09-12 12:59:02 [info     ] algorithm2_decision            action=SCALE_DOWN applied_target=4 current_replicas=6 hold_until=0.0 observed_load=57.65 observed_target=4 point_forecasts=[56.950931549072266, 57.59156799316406, 56.4791259765625, 53.87074279785156, 54.61979675292969, 52.96479415893555, 53.230201721191406, 53.842899322509766, 54.46287536621094] prediction_age_sec=0.06 predictive_target=4 proactive=False scenario=s4-hybrid-predictive target_replicas=4 upper_forecasts=[111.84754943847656, 117.31546020507812, 115.57694244384766, 113.08818054199219, 114.29617309570312, 112.70619201660156, 113.36253356933594, 113.74787902832031, 114.5422592163086]
2026-09-12 12:59:02 [debug    ] Decision loop completed        action=MAINTAIN latency_ms=101.78 p99=194.45901639344262
2026-09-12 12:59:17 [debug    ] HAProxy fallback latency       delta_requests=1185 interval_avg_ms=88.24 max_rtime_ms=287.0 p99_est=176.47
2026-09-12 12:59:17 [debug    ] GRU prediction received        confidence=0.6 latency_ms=3.57 predicted=123
2026-09-12 12:59:17 [debug    ] Using GRU prediction           confidence=0.6 forecast_capacity_signal=59.6 predicted=123 required_steps=4
2026-09-12 12:59:17 [info     ] algorithm2_scaling_decision    action=SCALE_DOWN alpha=0.060060060060060066 beta=0.0 buffer=1.0 current_replicas=6 predicted_load=65.45639505410304 required_resources=3.931 target_replicas=4
2026-09-12 12:59:17 [info     ] algorithm2_decision            action=SCALE_DOWN applied_target=4 current_replicas=6 hold_until=0.0 observed_load=65.46 observed_target=4 point_forecasts=[67.31000518798828, 63.740291595458984, 61.92025375366211, 59.57916259765625, 59.39039993286133, 57.777931213378906, 59.02853012084961, 58.92204284667969, 59.243106842041016] prediction_age_sec=0.06 predictive_target=4 proactive=False scenario=s4-hybrid-predictive target_replicas=4 upper_forecasts=[122.20661926269531, 123.46417999267578, 121.01806640625, 118.79660034179688, 119.0667724609375, 117.51933288574219, 119.16085815429688, 118.8270263671875, 119.32249450683594]
2026-09-12 12:59:17 [debug    ] Decision loop completed        action=MAINTAIN latency_ms=103.06 p99=176.47426160337554
2026-09-12 12:59:32 [debug    ] HAProxy fallback latency       delta_requests=1860 interval_avg_ms=239.85 max_rtime_ms=287.0 p99_est=287.0
2026-09-12 12:59:32 [debug    ] GRU prediction received        confidence=0.6 latency_ms=3.36 predicted=141
2026-09-12 12:59:32 [debug    ] Using GRU prediction           confidence=0.6 forecast_capacity_signal=70.8 predicted=141 required_steps=4
2026-09-12 12:59:32 [debug    ] Proactive amplification        amplified=240.0 approach_ratio=1.23 load_trend=13.0 raw_pred=141
2026-09-12 12:59:32 [warning  ] Knative pre-warm non-200       status=404
2026-09-12 12:59:32 [info     ] controller_decision_v3         action=PREDICTIVE available_replicas=6 budget_remaining=996 burn_adjustment=0 burst_ratio=0.1884 capacity_deficit=False confidence=0.6 current_load=123.091130940853 decision_id=80c25ea6 k8s_capacity=99.9 k8s_weight=81 knative_weight=19 p99=287.0 predicted_load=141 r_effective=16.6 serverless_enabled=True total_load=123.1 weights_after={'k3s': 81, 'knative': 19} weights_before={'k3s': 100, 'knative': 0}
2026-09-12 12:59:32 [info     ] Weights updated                k3s=81 knative=19
2026-09-12 12:59:32 [info     ] Weights updated                action=PREDICTIVE reason='load=123RPS | k8s_cap=100RPS | (prediction-driven)' weights={'k3s': 81, 'knative': 19}
2026-09-12 12:59:32 [info     ] algorithm2_scaling_decision    action=MAINTAIN alpha=0.060060060060060066 beta=0.0 buffer=1.0 current_replicas=6 predicted_load=100.7437406714775 required_resources=6.051 target_replicas=6
2026-09-12 12:59:32 [info     ] algorithm2_decision            action=MAINTAIN applied_target=6 current_replicas=6 hold_until=0.0 observed_load=100.74 observed_target=6 point_forecasts=[85.6729736328125, 76.07103729248047, 72.83592224121094, 70.75987243652344, 69.88846588134766, 68.63042449951172, 68.36918640136719, 67.18682861328125, 66.98318481445312] prediction_age_sec=0.07 predictive_target=5 proactive=False scenario=s4-hybrid-predictive target_replicas=6 upper_forecasts=[140.56959533691406, 135.794921875, 131.93374633789062, 129.97731018066406, 129.56484985351562, 128.371826171875, 128.5015106201172, 127.09181213378906, 127.06256866455078]
2026-09-12 12:59:32 [debug    ] Decision loop completed        action=PREDICTIVE latency_ms=107.12 p99=287.0
2026-09-12 12:59:47 [debug    ] GRU prediction received        confidence=0.6 latency_ms=3.68 predicted=144
2026-09-12 12:59:47 [debug    ] Using GRU prediction           confidence=0.6 forecast_capacity_signal=76.0 predicted=144 required_steps=4
2026-09-12 12:59:47 [debug    ] Proactive amplification        amplified=251.8 approach_ratio=1.21 load_trend=14.5 raw_pred=144
2026-09-12 12:59:47 [info     ] controller_decision_v3         action=RECOVERY available_replicas=6 budget_remaining=995 burn_adjustment=0 burst_ratio=0.174 capacity_deficit=False confidence=0.6 current_load=120.94168003462947 decision_id=7975ded9 k8s_capacity=99.9 k8s_weight=82 knative_weight=18 p99=287.0 predicted_load=144 r_effective=16.6 serverless_enabled=True total_load=120.9 weights_after={'k3s': 82, 'knative': 18} weights_before={'k3s': 81, 'knative': 19}
2026-09-12 12:59:47 [info     ] Weights updated                k3s=82 knative=18
2026-09-12 12:59:47 [info     ] Weights updated                action=RECOVERY reason='load=121RPS | k8s_cap=100RPS | (reducing-serverless)' weights={'k3s': 82, 'knative': 18}
2026-09-12 12:59:47 [info     ] algorithm2_scaling_decision    action=MAINTAIN alpha=0.060060060060060066 beta=0.0 buffer=1.0 current_replicas=6 predicted_load=122.01640548774124 required_resources=7.328 target_replicas=6
2026-09-12 12:59:47 [info     ] algorithm2_decision            action=MAINTAIN applied_target=6 current_replicas=6 hold_until=0.0 observed_load=122.02 observed_target=6 point_forecasts=[89.5042495727539, 80.77295684814453, 77.28270721435547, 76.02755737304688, 75.27206420898438, 72.67472839355469, 71.80853271484375, 70.8966293334961, 69.6769027709961] prediction_age_sec=0.11 predictive_target=5 proactive=False scenario=s4-hybrid-predictive target_replicas=6 upper_forecasts=[144.40086364746094, 140.49684143066406, 136.38052368164062, 135.2449951171875, 134.9484405517578, 132.4161376953125, 131.94085693359375, 130.80160522460938, 129.75628662109375]
2026-09-12 12:59:47 [debug    ] Decision loop completed        action=RECOVERY latency_ms=147.42 p99=287.0
2026-09-12 13:00:02 [debug    ] HAProxy fallback latency       delta_requests=1433 interval_avg_ms=44.21 max_rtime_ms=287.0 p99_est=88.42
2026-09-12 13:00:02 [debug    ] GRU prediction received        confidence=0.6 latency_ms=3.81 predicted=140
2026-09-12 13:00:02 [debug    ] Using GRU prediction           confidence=0.6 forecast_capacity_signal=75.9 predicted=140 required_steps=4
2026-09-12 13:00:02 [debug    ] Proactive amplification        amplified=189.1 approach_ratio=0.95 load_trend=10.5 raw_pred=140
2026-09-12 13:00:02 [info     ] controller_decision_v3         action=RECOVERY available_replicas=6 budget_remaining=995 burn_adjustment=0 burst_ratio=0 capacity_deficit=False confidence=0.6 current_load=94.54280215158087 decision_id=0dbeb39f k8s_capacity=99.9 k8s_weight=100 knative_weight=0 p99=88.4 predicted_load=140 r_effective=16.6 serverless_enabled=False total_load=94.5 weights_after={'k3s': 100, 'knative': 0} weights_before={'k3s': 82, 'knative': 18}
2026-09-12 13:00:02 [info     ] Weights updated                k3s=100 knative=0
2026-09-12 13:00:02 [info     ] Weights updated                action=RECOVERY reason='load=95RPS | k8s_cap=100RPS | (reducing-serverless)' weights={'k3s': 100, 'knative': 0}
2026-09-12 13:00:02 [info     ] algorithm2_scaling_decision    action=MAINTAIN alpha=0.060060060060060066 beta=0.0 buffer=1.0 current_replicas=6 predicted_load=107.74224109310518 required_resources=6.471 target_replicas=6
2026-09-12 13:00:02 [info     ] algorithm2_decision            action=MAINTAIN applied_target=6 current_replicas=6 hold_until=0.0 observed_load=107.74 observed_target=6 point_forecasts=[82.56049346923828, 79.80218505859375, 77.70296478271484, 75.91527557373047, 75.58872985839844, 72.72114562988281, 72.08769226074219, 71.92566680908203, 71.19672393798828] prediction_age_sec=0.1 predictive_target=5 proactive=False scenario=s4-hybrid-predictive target_replicas=6 upper_forecasts=[137.4571075439453, 139.5260772705078, 136.80078125, 135.13272094726562, 135.26510620117188, 132.46255493164062, 132.2200164794922, 131.8306427001953, 131.27610778808594]
2026-09-12 13:00:02 [debug    ] Decision loop completed        action=RECOVERY latency_ms=153.7 p99=88.42428471737614
2026-09-12 13:00:17 [debug    ] HAProxy fallback latency       delta_requests=1233 interval_avg_ms=66.0 max_rtime_ms=287.0 p99_est=132.0
2026-09-12 13:00:17 [debug    ] GRU prediction received        confidence=0.6 latency_ms=3.51 predicted=139
2026-09-12 13:00:17 [debug    ] Using GRU prediction           confidence=0.6 forecast_capacity_signal=75.8 predicted=139 required_steps=4
2026-09-12 13:00:17 [info     ] algorithm2_scaling_decision    action=MAINTAIN alpha=0.060060060060060066 beta=0.0 buffer=1.0 current_replicas=6 predicted_load=87.97659449330709 required_resources=5.284 target_replicas=6
2026-09-12 13:00:17 [info     ] algorithm2_decision            action=MAINTAIN applied_target=6 current_replicas=6 hold_until=0.0 observed_load=87.98 observed_target=6 point_forecasts=[80.09394073486328, 79.63212585449219, 77.84248352050781, 75.80490112304688, 75.56087493896484, 72.82146453857422, 72.93116760253906, 72.79034423828125, 72.98505401611328] prediction_age_sec=0.06 predictive_target=5 proactive=False scenario=s4-hybrid-predictive target_replicas=6 upper_forecasts=[134.9905548095703, 139.35601806640625, 136.9403076171875, 135.0223388671875, 135.23724365234375, 132.5628662109375, 133.06349182128906, 132.69532775878906, 133.06443786621094]
2026-09-12 13:00:17 [debug    ] Decision loop completed        action=MAINTAIN latency_ms=99.18 p99=132.0
2026-09-12 13:00:33 [debug    ] HAProxy fallback latency       delta_requests=1145 interval_avg_ms=35.4 max_rtime_ms=287.0 p99_est=70.81
2026-09-12 13:00:33 [debug    ] GRU prediction received        confidence=0.6 latency_ms=4.19 predicted=138
2026-09-12 13:00:33 [debug    ] Using GRU prediction           confidence=0.6 forecast_capacity_signal=74.5 predicted=138 required_steps=4
2026-09-12 13:00:33 [info     ] algorithm2_scaling_decision    action=MAINTAIN alpha=0.060060060060060066 beta=0.0 buffer=1.0 current_replicas=6 predicted_load=78.62024317065757 required_resources=4.722 target_replicas=5
2026-09-12 13:00:33 [info     ] algorithm2_decision            action=MAINTAIN applied_target=5 current_replicas=6 hold_until=0.0 observed_load=78.62 observed_target=5 point_forecasts=[78.20093536376953, 78.07884979248047, 76.53802490234375, 74.46875762939453, 74.28791809082031, 72.08013153076172, 72.53791809082031, 72.43920135498047, 72.9225082397461] prediction_age_sec=0.06 predictive_target=5 proactive=False scenario=s4-hybrid-predictive target_replicas=5 upper_forecasts=[133.09754943847656, 137.802734375, 135.63583374023438, 133.68618774414062, 133.96429443359375, 131.821533203125, 132.6702423095703, 132.34417724609375, 133.00189208984375]
2026-09-12 13:00:33 [debug    ] Decision loop completed        action=MAINTAIN latency_ms=104.31 p99=70.80698689956331
2026-09-12 13:00:48 [debug    ] HAProxy fallback latency       delta_requests=1476 interval_avg_ms=139.21 max_rtime_ms=287.0 p99_est=278.41
2026-09-12 13:00:48 [debug    ] GRU prediction received        confidence=0.6 latency_ms=3.44 predicted=142
2026-09-12 13:00:48 [debug    ] Using GRU prediction           confidence=0.6 forecast_capacity_signal=77.8 predicted=142 required_steps=4
2026-09-12 13:00:48 [info     ] algorithm2_scaling_decision    action=MAINTAIN alpha=0.060060060060060066 beta=0.0 buffer=1.0 current_replicas=6 predicted_load=86.77815486868973 required_resources=5.212 target_replicas=6
2026-09-12 13:00:48 [info     ] algorithm2_decision            action=MAINTAIN applied_target=6 current_replicas=6 hold_until=0.0 observed_load=86.78 observed_target=6 point_forecasts=[87.00984191894531, 82.24271392822266, 79.5194320678711, 77.75100708007812, 76.66223907470703, 74.83821105957031, 75.61064147949219, 74.86072540283203, 75.37396240234375] prediction_age_sec=0.06 predictive_target=5 proactive=False scenario=s4-hybrid-predictive target_replicas=6 upper_forecasts=[141.90646362304688, 141.9665985107422, 138.61724853515625, 136.96844482421875, 136.338623046875, 134.57962036132812, 135.7429656982422, 134.7657012939453, 135.45333862304688]
2026-09-12 13:00:48 [debug    ] Decision loop completed        action=MAINTAIN latency_ms=98.06 p99=278.4105691056911
2026-09-12 13:01:03 [debug    ] HAProxy fallback latency       delta_requests=1992 interval_avg_ms=570.52 max_rtime_ms=287.0 p99_est=287.0
2026-09-12 13:01:03 [debug    ] GRU prediction received        confidence=0.6 latency_ms=3.47 predicted=155
2026-09-12 13:01:03 [debug    ] Using GRU prediction           confidence=0.6 forecast_capacity_signal=84.3 predicted=155 required_steps=4
2026-09-12 13:01:03 [debug    ] Proactive amplification        amplified=215.6 approach_ratio=1.32 load_trend=9.3 raw_pred=155
2026-09-12 13:01:03 [warning  ] Knative pre-warm non-200       status=404
2026-09-12 13:01:03 [info     ] controller_decision_v3         action=PREDICTIVE available_replicas=6 budget_remaining=993 burn_adjustment=0 burst_ratio=0.242 capacity_deficit=False confidence=0.6 current_load=131.799267863339 decision_id=bcaa7397 k8s_capacity=99.9 k8s_weight=75 knative_weight=25 p99=287.0 predicted_load=155 r_effective=16.6 serverless_enabled=True total_load=131.8 weights_after={'k3s': 75, 'knative': 25} weights_before={'k3s': 100, 'knative': 0}
2026-09-12 13:01:03 [info     ] Weights updated                k3s=75 knative=25
2026-09-12 13:01:03 [info     ] Weights updated                action=PREDICTIVE reason='load=132RPS | k8s_cap=100RPS | (prediction-driven)' weights={'k3s': 75, 'knative': 25}
2026-09-12 13:01:03 [info     ] algorithm2_scaling_decision    action=MAINTAIN alpha=0.060060060060060066 beta=0.0 buffer=1.0 current_replicas=6 predicted_load=114.7627390472183 required_resources=6.893 target_replicas=6
2026-09-12 13:01:03 [info     ] algorithm2_decision            action=MAINTAIN applied_target=6 current_replicas=6 hold_until=0.0 observed_load=114.76 observed_target=6 point_forecasts=[100.0577163696289, 89.6966323852539, 85.60871124267578, 84.32975769042969, 82.97329711914062, 81.59934997558594, 80.87687683105469, 80.27400207519531, 79.48143005371094] prediction_age_sec=0.06 predictive_target=6 proactive=False scenario=s4-hybrid-predictive target_replicas=6 upper_forecasts=[154.95433044433594, 149.42051696777344, 144.70652770996094, 143.5471954345703, 142.64967346191406, 141.34075927734375, 141.0092010498047, 140.17898559570312, 139.56082153320312]
2026-09-12 13:01:03 [debug    ] Decision loop completed        action=PREDICTIVE latency_ms=104.9 p99=287.0
2026-09-12 13:01:18 [debug    ] GRU prediction received        confidence=0.6 latency_ms=3.44 predicted=163
2026-09-12 13:01:18 [debug    ] Using GRU prediction           confidence=0.6 forecast_capacity_signal=90.0 predicted=163 required_steps=4
2026-09-12 13:01:18 [debug    ] Proactive amplification        amplified=304.6 approach_ratio=1.5 load_trend=17.2 raw_pred=163
2026-09-12 13:01:18 [info     ] controller_decision_v3         action=PREDICTIVE available_replicas=6 budget_remaining=992 burn_adjustment=0 burst_ratio=0.3344 capacity_deficit=False confidence=0.6 current_load=150.0835000785341 decision_id=339b8662 k8s_capacity=99.9 k8s_weight=66 knative_weight=34 p99=287.0 predicted_load=163 r_effective=16.6 serverless_enabled=True total_load=150.1 weights_after={'k3s': 66, 'knative': 34} weights_before={'k3s': 75, 'knative': 25}
2026-09-12 13:01:18 [info     ] Weights updated                k3s=66 knative=34
2026-09-12 13:01:18 [info     ] Weights updated                action=PREDICTIVE reason='load=150RPS | k8s_cap=100RPS | (prediction-driven)' weights={'k3s': 66, 'knative': 34}
2026-09-12 13:01:18 [info     ] algorithm2_scaling_decision    action=MAINTAIN alpha=0.060060060060060066 beta=0.0 buffer=1.0 current_replicas=6 predicted_load=140.94138397093656 required_resources=8.465 target_replicas=6
2026-09-12 13:01:18 [info     ] algorithm2_decision            action=MAINTAIN applied_target=6 current_replicas=6 hold_until=0.0 observed_load=140.94 observed_target=6 point_forecasts=[108.2453384399414, 95.75778198242188, 91.5352554321289, 89.97576904296875, 88.79685974121094, 87.21403503417969, 85.17745208740234, 85.48043823242188, 83.23832702636719] prediction_age_sec=0.07 predictive_target=6 proactive=False scenario=s4-hybrid-predictive target_replicas=6 upper_forecasts=[163.14195251464844, 155.48167419433594, 150.63307189941406, 149.19320678710938, 148.47323608398438, 146.9554443359375, 145.30978393554688, 145.3854217529297, 143.31771850585938]
2026-09-12 13:01:18 [debug    ] Decision loop completed        action=PREDICTIVE latency_ms=104.99 p99=287.0
2026-09-12 13:01:33 [debug    ] HAProxy fallback latency       delta_requests=2418 interval_avg_ms=102.72 max_rtime_ms=287.0 p99_est=205.44
2026-09-12 13:01:33 [debug    ] GRU prediction received        confidence=0.6 latency_ms=3.49 predicted=171
2026-09-12 13:01:33 [debug    ] Using GRU prediction           confidence=0.6 forecast_capacity_signal=97.6 predicted=171 required_steps=4
2026-09-12 13:01:33 [debug    ] Proactive amplification        amplified=349.6 approach_ratio=1.6 load_trend=21.1 raw_pred=171
2026-09-12 13:01:33 [info     ] controller_decision_v3         action=PREDICTIVE available_replicas=6 budget_remaining=991 burn_adjustment=0 burst_ratio=0.3759 capacity_deficit=False confidence=0.6 current_load=160.07404429928206 decision_id=68b7f040 k8s_capacity=99.9 k8s_weight=62 knative_weight=38 p99=205.4 predicted_load=171 r_effective=16.6 serverless_enabled=True total_load=160.1 weights_after={'k3s': 62, 'knative': 38} weights_before={'k3s': 66, 'knative': 34}
2026-09-12 13:01:33 [info     ] Weights updated                k3s=62 knative=38
2026-09-12 13:01:33 [info     ] Weights updated                action=PREDICTIVE reason='load=160RPS | k8s_cap=100RPS | (prediction-driven)' weights={'k3s': 62, 'knative': 38}
2026-09-12 13:01:33 [info     ] algorithm2_scaling_decision    action=MAINTAIN alpha=0.060060060060060066 beta=0.0 buffer=1.0 current_replicas=6 predicted_load=155.0787721889081 required_resources=9.314 target_replicas=6
2026-09-12 13:01:33 [info     ] algorithm2_decision            action=MAINTAIN applied_target=6 current_replicas=6 hold_until=0.0 observed_load=155.08 observed_target=6 point_forecasts=[115.69718933105469, 103.10513305664062, 99.08821105957031, 97.58157348632812, 95.31005859375, 94.61651611328125, 91.4351577758789, 92.20276641845703, 88.90876770019531] prediction_age_sec=0.06 predictive_target=6 proactive=False scenario=s4-hybrid-predictive target_replicas=6 upper_forecasts=[170.59381103515625, 162.8290252685547, 158.18603515625, 156.79901123046875, 154.98643493652344, 154.35791015625, 151.56748962402344, 152.1077423095703, 148.9881591796875]
2026-09-12 13:01:33 [debug    ] Decision loop completed        action=PREDICTIVE latency_ms=103.61 p99=205.44086021505376
2026-09-12 13:01:48 [debug    ] HAProxy fallback latency       delta_requests=2207 interval_avg_ms=48.43 max_rtime_ms=287.0 p99_est=96.86
2026-09-12 13:01:48 [debug    ] GRU prediction received        confidence=0.6 latency_ms=3.77 predicted=170
2026-09-12 13:01:48 [debug    ] Using GRU prediction           confidence=0.6 forecast_capacity_signal=102.3 predicted=170 required_steps=4
2026-09-12 13:01:48 [debug    ] Proactive amplification        amplified=255.2 approach_ratio=1.46 load_trend=12.1 raw_pred=170
2026-09-12 13:01:48 [info     ] controller_decision_v3         action=RECOVERY available_replicas=6 budget_remaining=991 burn_adjustment=0 burst_ratio=0.3167 capacity_deficit=False confidence=0.6 current_load=146.19316667290997 decision_id=4955526d k8s_capacity=99.9 k8s_weight=68 knative_weight=32 p99=96.9 predicted_load=170 r_effective=16.6 serverless_enabled=True total_load=146.2 weights_after={'k3s': 68, 'knative': 32} weights_before={'k3s': 62, 'knative': 38}
2026-09-12 13:01:48 [info     ] Weights updated                k3s=68 knative=32
2026-09-12 13:01:48 [info     ] Weights updated                action=RECOVERY reason='load=146RPS | k8s_cap=100RPS | (reducing-serverless)' weights={'k3s': 68, 'knative': 32}
2026-09-12 13:01:48 [info     ] algorithm2_scaling_decision    action=MAINTAIN alpha=0.060060060060060066 beta=0.0 buffer=1.0 current_replicas=6 predicted_load=153.13360548609603 required_resources=9.197 target_replicas=6
2026-09-12 13:01:48 [info     ] algorithm2_decision            action=MAINTAIN applied_target=6 current_replicas=6 hold_until=0.0 observed_load=153.13 observed_target=6 point_forecasts=[115.43701171875, 106.96432495117188, 103.93480682373047, 102.28366088867188, 99.57594299316406, 99.003173828125, 96.66874694824219, 97.01446533203125, 93.04615783691406] prediction_age_sec=0.09 predictive_target=6 proactive=False scenario=s4-hybrid-predictive target_replicas=6 upper_forecasts=[170.33363342285156, 166.68821716308594, 163.03262329101562, 161.5010986328125, 159.2523193359375, 158.74456787109375, 156.8010711669922, 156.91944885253906, 153.12554931640625]
2026-09-12 13:01:48 [debug    ] Decision loop completed        action=RECOVERY latency_ms=132.72 p99=96.8645219755324
2026-09-12 13:02:03 [debug    ] HAProxy fallback latency       delta_requests=1858 interval_avg_ms=17.14 max_rtime_ms=287.0 p99_est=34.28
2026-09-12 13:02:03 [debug    ] GRU prediction received        confidence=0.6 latency_ms=3.33 predicted=168
2026-09-12 13:02:03 [debug    ] Using GRU prediction           confidence=0.6 forecast_capacity_signal=103.2 predicted=168 required_steps=4
2026-09-12 13:02:03 [info     ] controller_decision_v3         action=RECOVERY available_replicas=6 budget_remaining=991 burn_adjustment=0 burst_ratio=0.1863 capacity_deficit=False confidence=0.6 current_load=122.77558094914662 decision_id=dcadd47c k8s_capacity=99.9 k8s_weight=81 knative_weight=19 p99=34.3 predicted_load=168 r_effective=16.6 serverless_enabled=True total_load=122.8 weights_after={'k3s': 81, 'knative': 19} weights_before={'k3s': 68, 'knative': 32}
2026-09-12 13:02:03 [info     ] Weights updated                k3s=81 knative=19
2026-09-12 13:02:03 [info     ] Weights updated                action=RECOVERY reason='load=123RPS | k8s_cap=100RPS | (reducing-serverless)' weights={'k3s': 81, 'knative': 19}
2026-09-12 13:02:03 [info     ] algorithm2_scaling_decision    action=MAINTAIN alpha=0.060060060060060066 beta=0.0 buffer=1.0 current_replicas=6 predicted_load=134.4843738110283 required_resources=8.077 target_replicas=6
2026-09-12 13:02:03 [info     ] algorithm2_decision            action=MAINTAIN applied_target=6 current_replicas=6 hold_until=0.0 observed_load=134.48 observed_target=6 point_forecasts=[112.26233673095703, 107.79705047607422, 105.73587799072266, 103.15929412841797, 100.68584442138672, 100.60987091064453, 98.87873840332031, 98.7270278930664, 94.7588119506836] prediction_age_sec=0.09 predictive_target=6 proactive=False scenario=s4-hybrid-predictive target_replicas=6 upper_forecasts=[167.15895080566406, 167.52093505859375, 164.8336944580078, 162.37673950195312, 160.36221313476562, 160.3512725830078, 159.0110626220703, 158.6320037841797, 154.83819580078125]
2026-09-12 13:02:03 [debug    ] Decision loop completed        action=RECOVERY latency_ms=133.88 p99=34.27556512378902
2026-09-12 13:02:18 [debug    ] HAProxy fallback latency       delta_requests=1785 interval_avg_ms=66.0 max_rtime_ms=287.0 p99_est=132.0
2026-09-12 13:02:18 [debug    ] GRU prediction received        confidence=0.6 latency_ms=4.72 predicted=168
2026-09-12 13:02:18 [debug    ] Using GRU prediction           confidence=0.6 forecast_capacity_signal=103.4 predicted=168 required_steps=4
2026-09-12 13:02:18 [info     ] controller_decision_v3         action=RECOVERY available_replicas=6 budget_remaining=991 burn_adjustment=0 burst_ratio=0.1526 capacity_deficit=False confidence=0.6 current_load=117.88575513146456 decision_id=c1c9e4f8 k8s_capacity=99.9 k8s_weight=84 knative_weight=16 p99=132.0 predicted_load=168 r_effective=16.6 serverless_enabled=True total_load=117.9 weights_after={'k3s': 84, 'knative': 16} weights_before={'k3s': 81, 'knative': 19}
2026-09-12 13:02:18 [info     ] Weights updated                k3s=84 knative=16
2026-09-12 13:02:18 [info     ] Weights updated                action=RECOVERY reason='load=118RPS | k8s_cap=100RPS | (reducing-serverless)' weights={'k3s': 84, 'knative': 16}
2026-09-12 13:02:18 [info     ] algorithm2_scaling_decision    action=MAINTAIN alpha=0.060060060060060066 beta=0.0 buffer=1.0 current_replicas=6 predicted_load=120.3306680403056 required_resources=7.227 target_replicas=6
2026-09-12 13:02:18 [info     ] algorithm2_decision            action=MAINTAIN applied_target=6 current_replicas=6 hold_until=0.0 observed_load=120.33 observed_target=6 point_forecasts=[112.37223815917969, 108.71021270751953, 106.2411117553711, 103.39334869384766, 101.39131927490234, 101.46420288085938, 99.57528686523438, 99.48147583007812, 95.59957885742188] prediction_age_sec=0.09 predictive_target=6 proactive=False scenario=s4-hybrid-predictive target_replicas=6 upper_forecasts=[167.26885986328125, 168.43409729003906, 165.33892822265625, 162.61077880859375, 161.06768798828125, 161.20559692382812, 159.70761108398438, 159.38645935058594, 155.678955078125]
2026-09-12 13:02:18 [debug    ] Decision loop completed        action=RECOVERY latency_ms=138.11 p99=132.0
2026-09-12 13:02:33 [debug    ] HAProxy fallback latency       delta_requests=1821 interval_avg_ms=66.0 max_rtime_ms=287.0 p99_est=132.0
2026-09-12 13:02:33 [debug    ] GRU prediction received        confidence=0.6 latency_ms=3.29 predicted=169
2026-09-12 13:02:33 [debug    ] Using GRU prediction           confidence=0.6 forecast_capacity_signal=104.6 predicted=169 required_steps=4
2026-09-12 13:02:33 [info     ] controller_decision_v3         action=PREDICTIVE available_replicas=6 budget_remaining=991 burn_adjustment=0 burst_ratio=0.1699 capacity_deficit=False confidence=0.6 current_load=120.34959311733326 decision_id=95435669 k8s_capacity=99.9 k8s_weight=83 knative_weight=17 p99=132.0 predicted_load=169 r_effective=16.6 serverless_enabled=True total_load=120.3 weights_after={'k3s': 83, 'knative': 17} weights_before={'k3s': 84, 'knative': 16}
2026-09-12 13:02:33 [info     ] Weights updated                k3s=83 knative=17
2026-09-12 13:02:33 [info     ] Weights updated                action=PREDICTIVE reason='load=120RPS | k8s_cap=100RPS | (prediction-driven)' weights={'k3s': 83, 'knative': 17}
2026-09-12 13:02:33 [info     ] algorithm2_scaling_decision    action=MAINTAIN alpha=0.060060060060060066 beta=0.0 buffer=1.0 current_replicas=6 predicted_load=119.11767412439892 required_resources=7.154 target_replicas=6
2026-09-12 13:02:33 [info     ] algorithm2_decision            action=MAINTAIN applied_target=6 current_replicas=6 hold_until=0.0 observed_load=119.12 observed_target=6 point_forecasts=[113.18215942382812, 109.692138671875, 106.75366973876953, 104.568359375, 102.60012817382812, 102.8376693725586, 101.05715942382812, 100.98507690429688, 97.25115966796875] prediction_age_sec=0.06 predictive_target=6 proactive=False scenario=s4-hybrid-predictive target_replicas=6 upper_forecasts=[168.0787811279297, 169.41603088378906, 165.8514862060547, 163.78579711914062, 162.27650451660156, 162.57907104492188, 161.18948364257812, 160.8900604248047, 157.33053588867188]
2026-09-12 13:02:33 [debug    ] Decision loop completed        action=PREDICTIVE latency_ms=105.75 p99=132.0
2026-09-12 13:02:49 [debug    ] GRU prediction received        confidence=0.6 latency_ms=3.58 predicted=152
2026-09-12 13:02:49 [debug    ] Using GRU prediction           confidence=0.6 forecast_capacity_signal=87.9 predicted=152 required_steps=4
2026-09-12 13:02:49 [info     ] controller_decision_v3         action=RECOVERY available_replicas=6 budget_remaining=991 burn_adjustment=0 burst_ratio=0 capacity_deficit=False confidence=0.6 current_load=22.697761111111113 decision_id=e752ae1f k8s_capacity=99.9 k8s_weight=100 knative_weight=0 p99=99.7 predicted_load=152 r_effective=16.6 serverless_enabled=False total_load=22.7 weights_after={'k3s': 100, 'knative': 0} weights_before={'k3s': 83, 'knative': 17}
2026-09-12 13:02:49 [info     ] Weights updated                k3s=100 knative=0
2026-09-12 13:02:49 [info     ] Weights updated                action=RECOVERY reason='load=23RPS | k8s_cap=100RPS | (reducing-serverless)' weights={'k3s': 100, 'knative': 0}
2026-09-12 13:02:49 [info     ] algorithm2_scaling_decision    action=MAINTAIN alpha=0.060060060060060066 beta=0.0 buffer=1.0 current_replicas=6 predicted_load=87.88191986083984 required_resources=5.278 target_replicas=6
2026-09-12 13:02:49 [info     ] algorithm2_decision            action=MAINTAIN applied_target=6 current_replicas=6 hold_until=1789193059.1 observed_load=71.52 observed_target=5 point_forecasts=[72.09476470947266, 82.88660430908203, 88.55364990234375, 87.88191986083984, 89.48258209228516, 88.23271179199219, 86.9243392944336, 89.39128112792969, 91.63441467285156] prediction_age_sec=0.09 predictive_target=6 proactive=True scenario=s4-hybrid-predictive target_replicas=6 upper_forecasts=[126.99137878417969, 142.61048889160156, 147.65145874023438, 147.099365234375, 149.15896606445312, 147.97412109375, 147.05667114257812, 149.2962646484375, 151.71380615234375]
2026-09-12 13:02:49 [debug    ] Decision loop completed        action=RECOVERY latency_ms=133.06 p99=99.743949044586
2026-09-12 13:03:04 [debug    ] GRU prediction received        confidence=0.6 latency_ms=3.4 predicted=154
2026-09-12 13:03:04 [debug    ] Using GRU prediction           confidence=0.6 forecast_capacity_signal=91.1 predicted=154 required_steps=4
2026-09-12 13:03:04 [info     ] algorithm2_scaling_decision    action=MAINTAIN alpha=0.060060060060060066 beta=0.0 buffer=1.0 current_replicas=6 predicted_load=91.12606048583984 required_resources=5.473 target_replicas=6
2026-09-12 13:03:04 [info     ] algorithm2_decision            action=MAINTAIN applied_target=6 current_replicas=6 hold_until=1789193074.2 observed_load=48.44 observed_target=3 point_forecasts=[87.95804595947266, 91.70885467529297, 92.18159484863281, 91.12606048583984, 92.48210906982422, 91.33956146240234, 92.91437530517578, 94.48869323730469, 93.86388397216797] prediction_age_sec=0.06 predictive_target=6 proactive=True scenario=s4-hybrid-predictive target_replicas=6 upper_forecasts=[142.8546600341797, 151.4327392578125, 151.2794189453125, 150.343505859375, 152.15847778320312, 151.08096313476562, 153.0467071533203, 154.3936767578125, 153.94326782226562]
2026-09-12 13:03:04 [debug    ] Decision loop completed        action=MAINTAIN latency_ms=97.94 p99=122.24000000000069
2026-09-12 13:03:19 [debug    ] GRU prediction received        confidence=0.6 latency_ms=3.85 predicted=159
2026-09-12 13:03:19 [debug    ] Using GRU prediction           confidence=0.6 forecast_capacity_signal=95.1 predicted=159 required_steps=4
2026-09-12 13:03:19 [warning  ] Knative pre-warm non-200       status=404
2026-09-12 13:03:19 [info     ] controller_decision_v3         action=PREDICTIVE available_replicas=6 budget_remaining=991 burn_adjustment=0 burst_ratio=0.0708 capacity_deficit=False confidence=0.6 current_load=107.51233333333332 decision_id=9eecfa6f k8s_capacity=99.9 k8s_weight=92 knative_weight=8 p99=104.1 predicted_load=159 r_effective=16.6 serverless_enabled=True total_load=107.5 weights_after={'k3s': 92, 'knative': 8} weights_before={'k3s': 100, 'knative': 0}
2026-09-12 13:03:19 [info     ] Weights updated                k3s=92 knative=8
2026-09-12 13:03:19 [info     ] Weights updated                action=PREDICTIVE reason='load=108RPS | k8s_cap=100RPS | (prediction-driven)' weights={'k3s': 92, 'knative': 8}
2026-09-12 13:03:19 [info     ] algorithm2_scaling_decision    action=MAINTAIN alpha=0.060060060060060066 beta=0.0 buffer=1.0 current_replicas=6 predicted_load=90.85185249999999 required_resources=5.457 target_replicas=6
2026-09-12 13:03:19 [info     ] algorithm2_decision            action=MAINTAIN applied_target=6 current_replicas=6 hold_until=1789193074.2 observed_load=90.85 observed_target=6 point_forecasts=[100.26600646972656, 98.80543518066406, 97.80633544921875, 95.09478759765625, 95.58600616455078, 97.18024444580078, 97.75650787353516, 97.55335998535156, 96.34375762939453] prediction_age_sec=0.07 predictive_target=6 proactive=False scenario=s4-hybrid-predictive target_replicas=6 upper_forecasts=[155.16262817382812, 158.52932739257812, 156.90414428710938, 154.31222534179688, 155.26239013671875, 156.92164611816406, 157.8888397216797, 157.45834350585938, 156.4231414794922]
2026-09-12 13:03:19 [debug    ] Decision loop completed        action=PREDICTIVE latency_ms=104.98 p99=104.05555555555404
2026-09-12 13:03:34 [debug    ] GRU prediction received        confidence=0.6 latency_ms=3.45 predicted=160
2026-09-12 13:03:34 [debug    ] Using GRU prediction           confidence=0.6 forecast_capacity_signal=98.4 predicted=160 required_steps=4
2026-09-12 13:03:34 [info     ] controller_decision_v3         action=PREDICTIVE available_replicas=6 budget_remaining=991 burn_adjustment=0 burst_ratio=0.1147 capacity_deficit=False confidence=0.6 current_load=112.8444444444444 decision_id=41fa941e k8s_capacity=99.9 k8s_weight=88 knative_weight=12 p99=99.8 predicted_load=160 r_effective=16.6 serverless_enabled=True total_load=112.8 weights_after={'k3s': 88, 'knative': 12} weights_before={'k3s': 92, 'knative': 8}
2026-09-12 13:03:34 [info     ] Weights updated                k3s=88 knative=12
2026-09-12 13:03:34 [info     ] Weights updated                action=PREDICTIVE reason='load=113RPS | k8s_cap=100RPS | (prediction-driven)' weights={'k3s': 88, 'knative': 12}
2026-09-12 13:03:34 [info     ] algorithm2_scaling_decision    action=MAINTAIN alpha=0.060060060060060066 beta=0.0 buffer=1.0 current_replicas=6 predicted_load=110.17838888888886 required_resources=6.617 target_replicas=6
2026-09-12 13:03:34 [info     ] algorithm2_decision            action=MAINTAIN applied_target=6 current_replicas=6 hold_until=1789193074.2 observed_load=110.18 observed_target=6 point_forecasts=[104.00663757324219, 100.40522766113281, 99.53562927246094, 98.39515686035156, 98.05992126464844, 99.37240600585938, 99.72563934326172, 99.37432098388672, 97.99067687988281] prediction_age_sec=0.06 predictive_target=6 proactive=False scenario=s4-hybrid-predictive target_replicas=6 upper_forecasts=[158.90325927734375, 160.12911987304688, 158.63345336914062, 157.6125946044922, 157.73629760742188, 159.11380004882812, 159.85797119140625, 159.279296875, 158.070068359375]
2026-09-12 13:03:34 [debug    ] Decision loop completed        action=PREDICTIVE latency_ms=103.5 p99=99.84970457902513
2026-09-12 13:03:49 [debug    ] GRU prediction received        confidence=0.6 latency_ms=4.11 predicted=160
2026-09-12 13:03:49 [debug    ] Using GRU prediction           confidence=0.6 forecast_capacity_signal=99.4 predicted=160 required_steps=4
2026-09-12 13:03:49 [debug    ] Proactive amplification        amplified=262.2 approach_ratio=0.96 load_trend=18.4 raw_pred=160
2026-09-12 13:03:49 [info     ] controller_decision_v3         action=RECOVERY available_replicas=6 budget_remaining=991 burn_adjustment=0 burst_ratio=0 capacity_deficit=False confidence=0.6 current_load=96.39999999999998 decision_id=ab10385f k8s_capacity=99.9 k8s_weight=100 knative_weight=0 p99=99.7 predicted_load=160 r_effective=16.6 serverless_enabled=False total_load=96.4 weights_after={'k3s': 100, 'knative': 0} weights_before={'k3s': 88, 'knative': 12}
2026-09-12 13:03:49 [info     ] Weights updated                k3s=100 knative=0
2026-09-12 13:03:49 [info     ] Weights updated                action=RECOVERY reason='load=96RPS | k8s_cap=100RPS | (reducing-serverless)' weights={'k3s': 100, 'knative': 0}
2026-09-12 13:03:49 [info     ] algorithm2_scaling_decision    action=MAINTAIN alpha=0.060060060060060066 beta=0.0 buffer=1.0 current_replicas=6 predicted_load=104.62222222222219 required_resources=6.284 target_replicas=6
2026-09-12 13:03:49 [info     ] algorithm2_decision            action=MAINTAIN applied_target=6 current_replicas=6 hold_until=1789193074.2 observed_load=104.62 observed_target=6 point_forecasts=[98.03533172607422, 98.69227600097656, 98.89596557617188, 99.3814697265625, 99.25152587890625, 99.52688598632812, 99.78399658203125, 100.26644897460938, 99.10111236572266] prediction_age_sec=0.09 predictive_target=6 proactive=False scenario=s4-hybrid-predictive target_replicas=6 upper_forecasts=[152.93194580078125, 158.41616821289062, 157.9937744140625, 158.59890747070312, 158.9279022216797, 159.26828002929688, 159.91632080078125, 160.1714324951172, 159.1804962158203]
2026-09-12 13:03:49 [debug    ] Decision loop completed        action=RECOVERY latency_ms=137.89 p99=99.69487847222221
2026-09-12 13:04:04 [debug    ] GRU prediction received        confidence=0.6 latency_ms=3.87 predicted=160
2026-09-12 13:04:04 [debug    ] Using GRU prediction           confidence=0.6 forecast_capacity_signal=98.4 predicted=160 required_steps=4
2026-09-12 13:04:04 [info     ] algorithm2_scaling_decision    action=MAINTAIN alpha=0.060060060060060066 beta=0.0 buffer=1.0 current_replicas=6 predicted_load=89.1222222222222 required_resources=5.353 target_replicas=6
2026-09-12 13:04:04 [info     ] algorithm2_decision            action=MAINTAIN applied_target=6 current_replicas=6 hold_until=1789193074.2 observed_load=89.12 observed_target=6 point_forecasts=[93.16578674316406, 96.42314147949219, 97.82196044921875, 98.44416809082031, 99.2699203491211, 99.34440612792969, 98.69247436523438, 99.54456329345703, 99.76589965820312] prediction_age_sec=0.06 predictive_target=6 proactive=False scenario=s4-hybrid-predictive target_replicas=6 upper_forecasts=[148.06240844726562, 156.14703369140625, 156.91976928710938, 157.66160583496094, 158.9462890625, 159.0858154296875, 158.82479858398438, 159.4495391845703, 159.84527587890625]
2026-09-12 13:04:04 [debug    ] Decision loop completed        action=MAINTAIN latency_ms=100.86 p99=99.6632558139535
2026-09-12 13:04:19 [debug    ] GRU prediction received        confidence=0.6 latency_ms=3.71 predicted=160
2026-09-12 13:04:19 [debug    ] Using GRU prediction           confidence=0.6 forecast_capacity_signal=98.0 predicted=160 required_steps=4
2026-09-12 13:04:19 [info     ] algorithm2_scaling_decision    action=MAINTAIN alpha=0.060060060060060066 beta=0.0 buffer=1.0 current_replicas=6 predicted_load=97.96028137207031 required_resources=5.884 target_replicas=6
2026-09-12 13:04:19 [info     ] algorithm2_decision            action=MAINTAIN applied_target=6 current_replicas=6 hold_until=1789193149.8 observed_load=79.82 observed_target=5 point_forecasts=[91.24907684326172, 95.34014129638672, 97.1651840209961, 97.96028137207031, 98.91507720947266, 98.97373962402344, 98.2096176147461, 99.58673095703125, 99.8740005493164] prediction_age_sec=0.06 predictive_target=6 proactive=True scenario=s4-hybrid-predictive target_replicas=6 upper_forecasts=[146.14569091796875, 155.06402587890625, 156.26300048828125, 157.17771911621094, 158.59146118164062, 158.71514892578125, 158.34194946289062, 159.49171447753906, 159.95338439941406]
2026-09-12 13:04:19 [debug    ] Decision loop completed        action=MAINTAIN latency_ms=97.22 p99=99.70044444444446
2026-09-12 13:04:34 [debug    ] GRU prediction received        confidence=0.6 latency_ms=4.15 predicted=160
2026-09-12 13:04:34 [debug    ] Using GRU prediction           confidence=0.6 forecast_capacity_signal=97.7 predicted=160 required_steps=4
2026-09-12 13:04:34 [info     ] algorithm2_scaling_decision    action=MAINTAIN alpha=0.060060060060060066 beta=0.0 buffer=1.0 current_replicas=6 predicted_load=97.72456359863281 required_resources=5.869 target_replicas=6
2026-09-12 13:04:34 [info     ] algorithm2_decision            action=MAINTAIN applied_target=6 current_replicas=6 hold_until=1789193164.9 observed_load=79.21 observed_target=5 point_forecasts=[91.70523834228516, 95.26028442382812, 96.97659301757812, 97.72456359863281, 98.58655548095703, 98.62257385253906, 98.11445617675781, 99.70734405517578, 99.6418228149414] prediction_age_sec=0.07 predictive_target=6 proactive=True scenario=s4-hybrid-predictive target_replicas=6 upper_forecasts=[146.6018524169922, 154.9841766357422, 156.07440185546875, 156.94200134277344, 158.262939453125, 158.36398315429688, 158.2467803955078, 159.61231994628906, 159.72120666503906]
2026-09-12 13:04:34 [debug    ] Decision loop completed        action=MAINTAIN latency_ms=108.52 p99=99.75351594137719
2026-09-12 13:04:49 [debug    ] GRU prediction received        confidence=0.6 latency_ms=3.37 predicted=159
2026-09-12 13:04:49 [debug    ] Using GRU prediction           confidence=0.6 forecast_capacity_signal=97.0 predicted=159 required_steps=4
2026-09-12 13:04:49 [info     ] algorithm2_scaling_decision    action=MAINTAIN alpha=0.060060060060060066 beta=0.0 buffer=1.0 current_replicas=6 predicted_load=96.9643783569336 required_resources=5.824 target_replicas=6
2026-09-12 13:04:49 [info     ] algorithm2_decision            action=MAINTAIN applied_target=6 current_replicas=6 hold_until=1789193180.0 observed_load=81.47 observed_target=5 point_forecasts=[91.74906158447266, 94.69884490966797, 96.2974853515625, 96.9643783569336, 97.76818084716797, 97.71746826171875, 97.29135131835938, 98.93666076660156, 98.76676177978516] prediction_age_sec=0.06 predictive_target=6 proactive=True scenario=s4-hybrid-predictive target_replicas=6 upper_forecasts=[146.6456756591797, 154.4227294921875, 155.39529418945312, 156.18182373046875, 157.44454956054688, 157.4588623046875, 157.42367553710938, 158.84164428710938, 158.8461456298828]
2026-09-12 13:04:49 [debug    ] Decision loop completed        action=MAINTAIN latency_ms=100.76 p99=99.91266375545851
2026-09-12 13:05:05 [debug    ] GRU prediction received        confidence=0.6 latency_ms=3.4 predicted=157
2026-09-12 13:05:05 [debug    ] Using GRU prediction           confidence=0.6 forecast_capacity_signal=94.6 predicted=157 required_steps=4
2026-09-12 13:05:05 [info     ] algorithm2_scaling_decision    action=MAINTAIN alpha=0.060060060060060066 beta=0.0 buffer=1.0 current_replicas=6 predicted_load=94.58746337890625 required_resources=5.681 target_replicas=6
2026-09-12 13:05:05 [info     ] algorithm2_decision            action=MAINTAIN applied_target=6 current_replicas=6 hold_until=1789193195.1 observed_load=79.77 observed_target=5 point_forecasts=[88.82646179199219, 92.04852294921875, 94.02857208251953, 94.58746337890625, 95.45814514160156, 95.11634063720703, 94.76116180419922, 96.40740203857422, 96.64105987548828] prediction_age_sec=0.07 predictive_target=6 proactive=True scenario=s4-hybrid-predictive target_replicas=6 upper_forecasts=[143.72308349609375, 151.7724151611328, 153.1263885498047, 153.80490112304688, 155.134521484375, 154.8577423095703, 154.89349365234375, 156.3123779296875, 156.72044372558594]
2026-09-12 13:05:05 [debug    ] Decision loop completed        action=MAINTAIN latency_ms=112.95 p99=99.91863075196409
2026-09-12 13:05:20 [debug    ] GRU prediction received        confidence=0.6 latency_ms=4.05 predicted=153
2026-09-12 13:05:20 [debug    ] Using GRU prediction           confidence=0.6 forecast_capacity_signal=90.6 predicted=153 required_steps=4
2026-09-12 13:05:20 [info     ] algorithm2_scaling_decision    action=MAINTAIN alpha=0.060060060060060066 beta=0.0 buffer=1.0 current_replicas=6 predicted_load=90.55701446533203 required_resources=5.439 target_replicas=6
2026-09-12 13:05:20 [info     ] algorithm2_decision            action=MAINTAIN applied_target=6 current_replicas=6 hold_until=1789193210.2 observed_load=70.4 observed_target=5 point_forecasts=[82.46900939941406, 86.89630889892578, 89.64572143554688, 90.55701446533203, 91.5229721069336, 91.40412139892578, 90.78347778320312, 92.9915542602539, 93.18855285644531] prediction_age_sec=0.06 predictive_target=6 proactive=True scenario=s4-hybrid-predictive target_replicas=6 upper_forecasts=[137.36563110351562, 146.6201934814453, 148.7435302734375, 149.77444458007812, 151.1993408203125, 151.14552307128906, 150.91580200195312, 152.8965301513672, 153.2679443359375]
2026-09-12 13:05:20 [debug    ] Decision loop completed        action=MAINTAIN latency_ms=102.32 p99=99.54029850746271
2026-09-12 13:05:35 [debug    ] GRU prediction received        confidence=0.6 latency_ms=3.31 predicted=151
2026-09-12 13:05:35 [debug    ] Using GRU prediction           confidence=0.6 forecast_capacity_signal=87.0 predicted=151 required_steps=4
2026-09-12 13:05:35 [info     ] algorithm2_scaling_decision    action=MAINTAIN alpha=0.060060060060060066 beta=0.0 buffer=1.0 current_replicas=6 predicted_load=87.00439453125 required_resources=5.225 target_replicas=6
2026-09-12 13:05:35 [info     ] algorithm2_decision            action=MAINTAIN applied_target=6 current_replicas=6 hold_until=1789193225.3 observed_load=58.89 observed_target=4 point_forecasts=[77.28978729248047, 82.47147369384766, 85.87339782714844, 87.00439453125, 88.33638000488281, 88.24639129638672, 88.0978012084961, 90.53316497802734, 90.63137817382812] prediction_age_sec=0.06 predictive_target=6 proactive=True scenario=s4-hybrid-predictive target_replicas=6 upper_forecasts=[132.1864013671875, 142.1953582763672, 144.97122192382812, 146.22183227539062, 148.01275634765625, 147.98779296875, 148.23013305664062, 150.43814086914062, 150.71075439453125]
2026-09-12 13:05:35 [debug    ] Decision loop completed        action=MAINTAIN latency_ms=103.93 p99=99.74145006839944
2026-09-12 13:05:50 [debug    ] GRU prediction received        confidence=0.6 latency_ms=4.13 predicted=149
2026-09-12 13:05:50 [debug    ] Using GRU prediction           confidence=0.6 forecast_capacity_signal=84.2 predicted=149 required_steps=4
2026-09-12 13:05:50 [info     ] algorithm2_scaling_decision    action=MAINTAIN alpha=0.060060060060060066 beta=0.0 buffer=1.0 current_replicas=6 predicted_load=84.24304962158203 required_resources=5.06 target_replicas=6
2026-09-12 13:05:50 [info     ] algorithm2_decision            action=MAINTAIN applied_target=6 current_replicas=6 hold_until=1789193240.4 observed_load=52.11 observed_target=4 point_forecasts=[74.13375091552734, 79.36746215820312, 82.99116516113281, 84.24304962158203, 85.85374450683594, 85.93536376953125, 86.52569580078125, 88.74807739257812, 88.87261199951172] prediction_age_sec=0.06 predictive_target=6 proactive=True scenario=s4-hybrid-predictive target_replicas=6 upper_forecasts=[129.03036499023438, 139.0913543701172, 142.0889892578125, 143.46047973632812, 145.53012084960938, 145.6767578125, 146.65802001953125, 148.65306091308594, 148.95199584960938]
2026-09-12 13:05:50 [debug    ] Decision loop completed        action=MAINTAIN latency_ms=96.13 p99=99.60774647887324
2026-09-12 13:06:05 [debug    ] GRU prediction received        confidence=0.6 latency_ms=5.01 predicted=148
2026-09-12 13:06:05 [debug    ] Using GRU prediction           confidence=0.6 forecast_capacity_signal=82.3 predicted=148 required_steps=4
2026-09-12 13:06:05 [info     ] algorithm2_scaling_decision    action=MAINTAIN alpha=0.060060060060060066 beta=0.0 buffer=1.0 current_replicas=6 predicted_load=82.309814453125 required_resources=4.944 target_replicas=5
2026-09-12 13:06:05 [info     ] algorithm2_decision            action=MAINTAIN applied_target=5 current_replicas=6 hold_until=1789193255.5 observed_load=49.38 observed_target=3 point_forecasts=[72.38545227050781, 77.33245849609375, 81.00037384033203, 82.309814453125, 84.06803894042969, 84.45026397705078, 85.57825469970703, 87.4498062133789, 87.65019989013672] prediction_age_sec=0.07 predictive_target=5 proactive=True scenario=s4-hybrid-predictive target_replicas=5 upper_forecasts=[127.28207397460938, 137.0563507080078, 140.0981903076172, 141.52725219726562, 143.74441528320312, 144.19166564941406, 145.71058654785156, 147.3547821044922, 147.72958374023438]
2026-09-12 13:06:05 [debug    ] Decision loop completed        action=MAINTAIN latency_ms=126.13 p99=99.54411764705883
2026-09-12 13:06:20 [debug    ] GRU prediction received        confidence=0.6 latency_ms=3.62 predicted=148
2026-09-12 13:06:20 [debug    ] Using GRU prediction           confidence=0.6 forecast_capacity_signal=81.7 predicted=148 required_steps=4
2026-09-12 13:06:20 [info     ] algorithm2_scaling_decision    action=MAINTAIN alpha=0.060060060060060066 beta=0.0 buffer=1.0 current_replicas=6 predicted_load=81.67243194580078 required_resources=4.905 target_replicas=5
2026-09-12 13:06:20 [info     ] algorithm2_decision            action=MAINTAIN applied_target=5 current_replicas=6 hold_until=1789193270.6 observed_load=48.9 observed_target=3 point_forecasts=[71.8444595336914, 76.62631225585938, 80.35726928710938, 81.67243194580078, 83.6777114868164, 84.23651885986328, 85.60344696044922, 87.28662872314453, 87.51887512207031] prediction_age_sec=0.07 predictive_target=5 proactive=True scenario=s4-hybrid-predictive target_replicas=5 upper_forecasts=[126.74107360839844, 136.35020446777344, 139.455078125, 140.88986206054688, 143.35409545898438, 143.97792053222656, 145.73577880859375, 147.1916046142578, 147.5982666015625]
2026-09-12 13:06:20 [debug    ] Decision loop completed        action=MAINTAIN latency_ms=115.5 p99=99.6020134228188
2026-09-12 13:06:35 [debug    ] GRU prediction received        confidence=0.6 latency_ms=3.34 predicted=150
2026-09-12 13:06:35 [debug    ] Using GRU prediction           confidence=0.6 forecast_capacity_signal=83.7 predicted=150 required_steps=4
2026-09-12 13:06:35 [info     ] algorithm2_scaling_decision    action=MAINTAIN alpha=0.060060060060060066 beta=0.0 buffer=1.0 current_replicas=6 predicted_load=83.65100860595703 required_resources=5.024 target_replicas=6
2026-09-12 13:06:35 [info     ] algorithm2_decision            action=MAINTAIN applied_target=6 current_replicas=6 hold_until=1789193285.8 observed_load=51.82 observed_target=4 point_forecasts=[74.2491455078125, 78.77865600585938, 82.66533660888672, 83.65100860595703, 86.06246948242188, 86.407958984375, 87.90999603271484, 89.56417083740234, 89.55323028564453] prediction_age_sec=0.07 predictive_target=6 proactive=True scenario=s4-hybrid-predictive target_replicas=6 upper_forecasts=[129.14576721191406, 138.50254821777344, 141.76315307617188, 142.86843872070312, 145.7388458251953, 146.14935302734375, 148.04232788085938, 149.46914672851562, 149.6326141357422]
2026-09-12 13:06:35 [debug    ] Decision loop completed        action=MAINTAIN latency_ms=116.28 p99=99.68357740585775
2026-09-12 13:06:50 [debug    ] GRU prediction received        confidence=0.6 latency_ms=3.99 predicted=151
2026-09-12 13:06:50 [debug    ] Using GRU prediction           confidence=0.6 forecast_capacity_signal=86.0 predicted=151 required_steps=4
2026-09-12 13:06:50 [info     ] algorithm2_scaling_decision    action=MAINTAIN alpha=0.060060060060060066 beta=0.0 buffer=1.0 current_replicas=6 predicted_load=85.96633911132812 required_resources=5.163 target_replicas=6
2026-09-12 13:06:50 [info     ] algorithm2_decision            action=MAINTAIN applied_target=6 current_replicas=6 hold_until=1789193300.9 observed_load=59.61 observed_target=4 point_forecasts=[78.22048950195312, 81.71339416503906, 85.23538208007812, 85.96633911132812, 88.35977172851562, 88.4057846069336, 89.90861511230469, 91.16638946533203, 91.03627014160156] prediction_age_sec=0.07 predictive_target=6 proactive=True scenario=s4-hybrid-predictive target_replicas=6 upper_forecasts=[133.1171112060547, 141.43728637695312, 144.33319091796875, 145.18377685546875, 148.03614807128906, 148.14718627929688, 150.0409393310547, 151.0713653564453, 151.11566162109375]
2026-09-12 13:06:50 [debug    ] Decision loop completed        action=MAINTAIN latency_ms=109.4 p99=99.61817325800378
2026-09-12 13:07:05 [debug    ] GRU prediction received        confidence=0.6 latency_ms=4.11 predicted=150
2026-09-12 13:07:05 [debug    ] Using GRU prediction           confidence=0.6 forecast_capacity_signal=86.3 predicted=150 required_steps=4
2026-09-12 13:07:05 [info     ] algorithm2_scaling_decision    action=MAINTAIN alpha=0.060060060060060066 beta=0.0 buffer=1.0 current_replicas=6 predicted_load=86.3129653930664 required_resources=5.184 target_replicas=6
2026-09-12 13:07:05 [info     ] algorithm2_decision            action=MAINTAIN applied_target=6 current_replicas=6 hold_until=1789193316.0 observed_load=68.4 observed_target=5 point_forecasts=[80.49534606933594, 82.66387939453125, 85.4688949584961, 86.3129653930664, 87.95072937011719, 87.77767181396484, 89.058837890625, 89.92796325683594, 89.99851989746094] prediction_age_sec=0.06 predictive_target=6 proactive=True scenario=s4-hybrid-predictive target_replicas=6 upper_forecasts=[135.3919677734375, 142.3877716064453, 144.56671142578125, 145.5303955078125, 147.62710571289062, 147.51907348632812, 149.191162109375, 149.83294677734375, 150.07791137695312]
2026-09-12 13:07:05 [debug    ] Decision loop completed        action=MAINTAIN latency_ms=103.63 p99=99.89285714285714
2026-09-12 13:07:21 [debug    ] GRU prediction received        confidence=0.6 latency_ms=4.52 predicted=149
2026-09-12 13:07:21 [debug    ] Using GRU prediction           confidence=0.6 forecast_capacity_signal=86.3 predicted=149 required_steps=4
2026-09-12 13:07:21 [info     ] algorithm2_scaling_decision    action=MAINTAIN alpha=0.060060060060060066 beta=0.0 buffer=1.0 current_replicas=6 predicted_load=86.2824478149414 required_resources=5.182 target_replicas=6
2026-09-12 13:07:21 [info     ] algorithm2_decision            action=MAINTAIN applied_target=6 current_replicas=6 hold_until=1789193331.1 observed_load=73.41 observed_target=5 point_forecasts=[81.27186584472656, 83.07563781738281, 85.4410629272461, 86.2824478149414, 87.41056060791016, 87.1382064819336, 87.9184799194336, 88.67758178710938, 89.0728530883789] prediction_age_sec=0.06 predictive_target=6 proactive=True scenario=s4-hybrid-predictive target_replicas=6 upper_forecasts=[136.16848754882812, 142.79953002929688, 144.53887939453125, 145.4998779296875, 147.08694458007812, 146.87960815429688, 148.05081176757812, 148.5825653076172, 149.15223693847656]
2026-09-12 13:07:21 [debug    ] Decision loop completed        action=MAINTAIN latency_ms=103.27 p99=99.7574906367041
2026-09-12 13:07:36 [debug    ] GRU prediction received        confidence=0.6 latency_ms=4.08 predicted=149
2026-09-12 13:07:36 [debug    ] Using GRU prediction           confidence=0.6 forecast_capacity_signal=86.8 predicted=149 required_steps=4
2026-09-12 13:07:36 [info     ] algorithm2_scaling_decision    action=MAINTAIN alpha=0.060060060060060066 beta=0.0 buffer=1.0 current_replicas=6 predicted_load=86.80607604980469 required_resources=5.214 target_replicas=6
2026-09-12 13:07:36 [info     ] algorithm2_decision            action=MAINTAIN applied_target=6 current_replicas=6 hold_until=1789193346.2 observed_load=74.51 observed_target=5 point_forecasts=[81.67792510986328, 83.76183319091797, 85.9463882446289, 86.80607604980469, 87.85537719726562, 87.39256286621094, 87.78350830078125, 88.63200378417969, 89.16610717773438] prediction_age_sec=0.07 predictive_target=6 proactive=True scenario=s4-hybrid-predictive target_replicas=6 upper_forecasts=[136.5745391845703, 143.4857177734375, 145.04420471191406, 146.0235137939453, 147.53175354003906, 147.13397216796875, 147.91583251953125, 148.5369873046875, 149.2454833984375]
2026-09-12 13:07:36 [debug    ] Decision loop completed        action=MAINTAIN latency_ms=105.14 p99=99.76197318007662
2026-09-12 13:07:51 [debug    ] GRU prediction received        confidence=0.6 latency_ms=4.43 predicted=150
2026-09-12 13:07:51 [debug    ] Using GRU prediction           confidence=0.6 forecast_capacity_signal=88.2 predicted=150 required_steps=4
2026-09-12 13:07:51 [info     ] algorithm2_scaling_decision    action=MAINTAIN alpha=0.060060060060060066 beta=0.0 buffer=1.0 current_replicas=6 predicted_load=88.23970794677734 required_resources=5.3 target_replicas=6
2026-09-12 13:07:51 [info     ] algorithm2_decision            action=MAINTAIN applied_target=6 current_replicas=6 hold_until=1789193361.3 observed_load=75.77 observed_target=5 point_forecasts=[83.55389404296875, 85.43883514404297, 87.45844268798828, 88.23970794677734, 89.2282485961914, 88.57299041748047, 88.78772735595703, 89.69618225097656, 90.29541015625] prediction_age_sec=0.06 predictive_target=6 proactive=True scenario=s4-hybrid-predictive target_replicas=6 upper_forecasts=[138.4505157470703, 145.1627197265625, 146.55625915527344, 147.4571533203125, 148.90463256835938, 148.31439208984375, 148.92005920410156, 149.60116577148438, 150.37478637695312]
2026-09-12 13:07:51 [debug    ] Decision loop completed        action=MAINTAIN latency_ms=99.15 p99=99.72764900662253
2026-09-12 13:08:06 [debug    ] GRU prediction received        confidence=0.6 latency_ms=3.38 predicted=153
2026-09-12 13:08:06 [debug    ] Using GRU prediction           confidence=0.6 forecast_capacity_signal=91.5 predicted=153 required_steps=4
2026-09-12 13:08:06 [debug    ] Proactive amplification        amplified=153 approach_ratio=0.87 load_trend=3.8 raw_pred=153
2026-09-12 13:08:06 [info     ] algorithm2_scaling_decision    action=MAINTAIN alpha=0.060060060060060066 beta=0.0 buffer=1.0 current_replicas=6 predicted_load=91.53437805175781 required_resources=5.498 target_replicas=6
2026-09-12 13:08:06 [info     ] algorithm2_decision            action=MAINTAIN applied_target=6 current_replicas=6 hold_until=1789193376.4 observed_load=82.27 observed_target=5 point_forecasts=[88.55150604248047, 89.28733825683594, 90.94891357421875, 91.53437805175781, 92.17828369140625, 91.27983093261719, 91.47184753417969, 92.21410369873047, 92.76884460449219] prediction_age_sec=0.06 predictive_target=6 proactive=True scenario=s4-hybrid-predictive target_replicas=6 upper_forecasts=[143.4481201171875, 149.01123046875, 150.04672241210938, 150.75181579589844, 151.8546600341797, 151.021240234375, 151.6041717529297, 152.11907958984375, 152.84823608398438]
2026-09-12 13:08:06 [debug    ] Decision loop completed        action=MAINTAIN latency_ms=100.23 p99=186.37623762376222
2026-09-12 13:08:21 [debug    ] GRU prediction received        confidence=0.6 latency_ms=4.11 predicted=155
2026-09-12 13:08:21 [debug    ] Using GRU prediction           confidence=0.6 forecast_capacity_signal=95.0 predicted=155 required_steps=4
2026-09-12 13:08:21 [debug    ] Proactive amplification        amplified=155 approach_ratio=0.97 load_trend=5.7 raw_pred=155
2026-09-12 13:08:21 [info     ] algorithm2_scaling_decision    action=MAINTAIN alpha=0.060060060060060066 beta=0.0 buffer=1.0 current_replicas=6 predicted_load=92.32222222222221 required_resources=5.545 target_replicas=6
2026-09-12 13:08:21 [info     ] algorithm2_decision            action=MAINTAIN applied_target=6 current_replicas=6 hold_until=1789193376.4 observed_load=92.32 observed_target=6 point_forecasts=[93.72026062011719, 93.12156677246094, 94.38916778564453, 94.96585845947266, 95.21101379394531, 94.07276916503906, 93.81004333496094, 94.73674011230469, 94.87080383300781] prediction_age_sec=0.07 predictive_target=6 proactive=False scenario=s4-hybrid-predictive target_replicas=6 upper_forecasts=[148.61688232421875, 152.845458984375, 153.4869842529297, 154.18328857421875, 154.88739013671875, 153.81417846679688, 153.94236755371094, 154.6417236328125, 154.9501953125]
2026-09-12 13:08:21 [debug    ] Decision loop completed        action=MAINTAIN latency_ms=115.05 p99=196.05797101449258
2026-09-12 13:08:36 [debug    ] GRU prediction received        confidence=0.6 latency_ms=3.75 predicted=156
2026-09-12 13:08:36 [debug    ] Using GRU prediction           confidence=0.6 forecast_capacity_signal=96.1 predicted=156 required_steps=4
2026-09-12 13:08:36 [debug    ] Proactive amplification        amplified=156 approach_ratio=0.98 load_trend=6.0 raw_pred=156
2026-09-12 13:08:36 [info     ] algorithm2_scaling_decision    action=MAINTAIN alpha=0.060060060060060066 beta=0.0 buffer=1.0 current_replicas=6 predicted_load=97.73333333333332 required_resources=5.87 target_replicas=6
2026-09-12 13:08:36 [info     ] algorithm2_decision            action=MAINTAIN applied_target=6 current_replicas=6 hold_until=1789193376.4 observed_load=97.73 observed_target=6 point_forecasts=[95.26558685302734, 94.6619644165039, 95.55339050292969, 96.11844635009766, 96.13835144042969, 94.85839080810547, 94.30215454101562, 94.96112823486328, 95.08982849121094] prediction_age_sec=0.07 predictive_target=6 proactive=False scenario=s4-hybrid-predictive target_replicas=6 upper_forecasts=[150.16220092773438, 154.38584899902344, 154.65121459960938, 155.33587646484375, 155.81472778320312, 154.59979248046875, 154.43447875976562, 154.86610412597656, 155.16921997070312]
2026-09-12 13:08:36 [debug    ] Decision loop completed        action=MAINTAIN latency_ms=113.23 p99=167.70588235294056
2026-09-12 13:08:51 [debug    ] GRU prediction received        confidence=0.6 latency_ms=6.05 predicted=154
2026-09-12 13:08:51 [debug    ] Using GRU prediction           confidence=0.6 forecast_capacity_signal=94.0 predicted=154 required_steps=4
2026-09-12 13:08:51 [info     ] algorithm2_scaling_decision    action=MAINTAIN alpha=0.060060060060060066 beta=0.0 buffer=1.0 current_replicas=6 predicted_load=92.86666666666666 required_resources=5.578 target_replicas=6
2026-09-12 13:08:51 [info     ] algorithm2_decision            action=MAINTAIN applied_target=6 current_replicas=6 hold_until=1789193376.4 observed_load=92.87 observed_target=6 point_forecasts=[91.8557357788086, 93.000244140625, 94.04197692871094, 94.01211547851562, 94.1377944946289, 93.17281341552734, 92.47563171386719, 92.79020690917969, 93.6724624633789] prediction_age_sec=0.06 predictive_target=6 proactive=False scenario=s4-hybrid-predictive target_replicas=6 upper_forecasts=[146.75234985351562, 152.72413635253906, 153.13980102539062, 153.22955322265625, 153.81417846679688, 152.91421508789062, 152.6079559326172, 152.6951904296875, 153.75184631347656]
2026-09-12 13:08:51 [debug    ] Decision loop completed        action=MAINTAIN latency_ms=104.48 p99=172.27777777777814
2026-09-12 13:09:06 [debug    ] GRU prediction received        confidence=0.6 latency_ms=8.3 predicted=150
2026-09-12 13:09:06 [debug    ] Using GRU prediction           confidence=0.6 forecast_capacity_signal=89.0 predicted=150 required_steps=4
2026-09-12 13:09:06 [info     ] algorithm2_scaling_decision    action=MAINTAIN alpha=0.060060060060060066 beta=0.0 buffer=1.0 current_replicas=6 predicted_load=89.01577758789062 required_resources=5.346 target_replicas=6
2026-09-12 13:09:06 [info     ] algorithm2_decision            action=MAINTAIN applied_target=6 current_replicas=6 hold_until=1789193436.9 observed_load=80.22 observed_target=5 point_forecasts=[84.93904876708984, 87.81773376464844, 89.03392791748047, 89.01577758789062, 89.3222427368164, 88.73402404785156, 87.85631561279297, 88.73088836669922, 89.68694305419922] prediction_age_sec=0.1 predictive_target=6 proactive=True scenario=s4-hybrid-predictive target_replicas=6 upper_forecasts=[139.83566284179688, 147.5416259765625, 148.13174438476562, 148.23321533203125, 148.99862670898438, 148.47543334960938, 147.9886474609375, 148.6358642578125, 149.76632690429688]
2026-09-12 13:09:06 [debug    ] Decision loop completed        action=MAINTAIN latency_ms=173.78 p99=99.77005988023953
2026-09-12 13:09:21 [debug    ] GRU prediction received        confidence=0.6 latency_ms=4.27 predicted=145
2026-09-12 13:09:21 [debug    ] Using GRU prediction           confidence=0.6 forecast_capacity_signal=82.8 predicted=145 required_steps=4
2026-09-12 13:09:21 [info     ] algorithm2_scaling_decision    action=MAINTAIN alpha=0.060060060060060066 beta=0.0 buffer=1.0 current_replicas=6 predicted_load=82.83230590820312 required_resources=4.975 target_replicas=5
2026-09-12 13:09:21 [info     ] algorithm2_decision            action=MAINTAIN applied_target=5 current_replicas=6 hold_until=1789193452.0 observed_load=66.22 observed_target=4 point_forecasts=[77.54987335205078, 81.2008056640625, 82.72682189941406, 82.83230590820312, 83.37564849853516, 82.9657211303711, 82.6096420288086, 83.8743896484375, 84.84497833251953] prediction_age_sec=0.06 predictive_target=5 proactive=True scenario=s4-hybrid-predictive target_replicas=5 upper_forecasts=[132.4464874267578, 140.92469787597656, 141.82464599609375, 142.04974365234375, 143.05203247070312, 142.70712280273438, 142.74197387695312, 143.7793731689453, 144.9243621826172]
2026-09-12 13:09:21 [debug    ] Decision loop completed        action=MAINTAIN latency_ms=106.25 p99=146.3076923076923
2026-09-12 13:09:37 [debug    ] GRU prediction received        confidence=0.6 latency_ms=4.33 predicted=140
2026-09-12 13:09:37 [debug    ] Using GRU prediction           confidence=0.6 forecast_capacity_signal=77.0 predicted=140 required_steps=4
2026-09-12 13:09:37 [info     ] algorithm2_scaling_decision    action=MAINTAIN alpha=0.060060060060060066 beta=0.0 buffer=1.0 current_replicas=6 predicted_load=76.97344207763672 required_resources=4.623 target_replicas=5
2026-09-12 13:09:37 [info     ] algorithm2_decision            action=MAINTAIN applied_target=5 current_replicas=6 hold_until=1789193467.1 observed_load=55.19 observed_target=4 point_forecasts=[71.12364196777344, 75.04418182373047, 76.60523986816406, 76.97344207763672, 77.9466552734375, 77.37934112548828, 78.04004669189453, 79.30367279052734, 80.30482482910156] prediction_age_sec=0.06 predictive_target=5 proactive=True scenario=s4-hybrid-predictive target_replicas=5 upper_forecasts=[126.020263671875, 134.76806640625, 135.70306396484375, 136.19088745117188, 137.62303161621094, 137.12074279785156, 138.17237854003906, 139.20864868164062, 140.38421630859375]
2026-09-12 13:09:37 [debug    ] Decision loop completed        action=MAINTAIN latency_ms=99.03 p99=99.6162613981763
2026-09-12 13:09:52 [debug    ] GRU prediction received        confidence=0.6 latency_ms=4.01 predicted=136
2026-09-12 13:09:52 [debug    ] Using GRU prediction           confidence=0.6 forecast_capacity_signal=71.2 predicted=136 required_steps=4
2026-09-12 13:09:52 [info     ] algorithm2_scaling_decision    action=MAINTAIN alpha=0.060060060060060066 beta=0.0 buffer=1.0 current_replicas=6 predicted_load=71.16377258300781 required_resources=4.274 target_replicas=5
2026-09-12 13:09:52 [info     ] algorithm2_decision            action=MAINTAIN applied_target=5 current_replicas=6 hold_until=1789193482.2 observed_load=49.29 observed_target=3 point_forecasts=[65.77959442138672, 69.34703826904297, 71.00712585449219, 71.16377258300781, 72.51821899414062, 72.12724304199219, 73.20391082763672, 74.27914428710938, 75.48406982421875] prediction_age_sec=0.06 predictive_target=5 proactive=True scenario=s4-hybrid-predictive target_replicas=5 upper_forecasts=[120.67620849609375, 129.0709228515625, 130.10494995117188, 130.38121032714844, 132.19459533691406, 131.86865234375, 133.33624267578125, 134.1841278076172, 135.56344604492188]
2026-09-12 13:09:52 [debug    ] Decision loop completed        action=MAINTAIN latency_ms=99.76 p99=99.68097281831187
2026-09-12 13:10:07 [debug    ] GRU prediction received        confidence=0.6 latency_ms=3.09 predicted=131
2026-09-12 13:10:07 [debug    ] Using GRU prediction           confidence=0.6 forecast_capacity_signal=66.6 predicted=131 required_steps=4
2026-09-12 13:10:07 [info     ] algorithm2_scaling_decision    action=MAINTAIN alpha=0.060060060060060066 beta=0.0 buffer=1.0 current_replicas=6 predicted_load=66.64054870605469 required_resources=4.002 target_replicas=5
2026-09-12 13:10:07 [info     ] algorithm2_decision            action=MAINTAIN applied_target=5 current_replicas=6 hold_until=1789193497.3 observed_load=49.91 observed_target=3 point_forecasts=[63.250640869140625, 65.56932830810547, 66.86837005615234, 66.64054870605469, 67.98397827148438, 67.63790130615234, 69.06991577148438, 69.76741027832031, 70.88526153564453] prediction_age_sec=0.06 predictive_target=5 proactive=True scenario=s4-hybrid-predictive target_replicas=5 upper_forecasts=[118.14726257324219, 125.293212890625, 125.9661865234375, 125.85798645019531, 127.66035461425781, 127.37930297851562, 129.20223999023438, 129.67239379882812, 130.9646453857422]
2026-09-12 13:10:07 [debug    ] Decision loop completed        action=MAINTAIN latency_ms=95.52 p99=99.64887307236062
2026-09-12 13:10:22 [debug    ] GRU prediction received        confidence=0.6 latency_ms=4.39 predicted=134
2026-09-12 13:10:22 [debug    ] Using GRU prediction           confidence=0.6 forecast_capacity_signal=70.0 predicted=134 required_steps=4
2026-09-12 13:10:22 [info     ] algorithm2_scaling_decision    action=MAINTAIN alpha=0.060060060060060066 beta=0.0 buffer=1.0 current_replicas=6 predicted_load=69.993408203125 required_resources=4.204 target_replicas=5
2026-09-12 13:10:22 [info     ] algorithm2_decision            action=MAINTAIN applied_target=5 current_replicas=6 hold_until=1789193512.4 observed_load=53.7 observed_target=4 point_forecasts=[65.56326293945312, 67.96564483642578, 69.64445495605469, 69.993408203125, 71.4485092163086, 71.35731506347656, 72.77622985839844, 73.38580322265625, 74.3734130859375] prediction_age_sec=0.06 predictive_target=5 proactive=True scenario=s4-hybrid-predictive target_replicas=5 upper_forecasts=[120.45988464355469, 127.68952941894531, 128.74227905273438, 129.21084594726562, 131.1248779296875, 131.09872436523438, 132.90855407714844, 133.29078674316406, 134.45278930664062]
2026-09-12 13:10:22 [debug    ] Decision loop completed        action=MAINTAIN latency_ms=106.25 p99=99.59503105590063
2026-09-12 13:10:37 [debug    ] GRU prediction received        confidence=0.6 latency_ms=3.79 predicted=135
2026-09-12 13:10:37 [debug    ] Using GRU prediction           confidence=0.6 forecast_capacity_signal=70.2 predicted=135 required_steps=4
2026-09-12 13:10:37 [info     ] algorithm2_scaling_decision    action=MAINTAIN alpha=0.060060060060060066 beta=0.0 buffer=1.0 current_replicas=6 predicted_load=70.21788024902344 required_resources=4.217 target_replicas=5
2026-09-12 13:10:37 [info     ] algorithm2_decision            action=MAINTAIN applied_target=5 current_replicas=6 hold_until=1789193527.5 observed_load=54.39 observed_target=4 point_forecasts=[64.72258758544922, 67.74297332763672, 69.52163696289062, 70.21788024902344, 71.86995697021484, 71.70604705810547, 72.81956481933594, 73.52202606201172, 74.5042724609375] prediction_age_sec=0.06 predictive_target=5 proactive=True scenario=s4-hybrid-predictive target_replicas=5 upper_forecasts=[119.61920166015625, 127.46685791015625, 128.61944580078125, 129.43531799316406, 131.54632568359375, 131.44744873046875, 132.95188903808594, 133.427001953125, 134.58364868164062]
2026-09-12 13:10:37 [debug    ] Decision loop completed        action=MAINTAIN latency_ms=98.73 p99=99.62520325203253
2026-09-12 13:10:52 [debug    ] GRU prediction received        confidence=0.6 latency_ms=4.27 predicted=132
2026-09-12 13:10:52 [debug    ] Using GRU prediction           confidence=0.6 forecast_capacity_signal=67.2 predicted=132 required_steps=4
2026-09-12 13:10:52 [info     ] algorithm2_scaling_decision    action=MAINTAIN alpha=0.060060060060060066 beta=0.0 buffer=1.0 current_replicas=6 predicted_load=67.22055053710938 required_resources=4.037 target_replicas=5
2026-09-12 13:10:52 [info     ] algorithm2_decision            action=MAINTAIN applied_target=5 current_replicas=6 hold_until=1789193542.6 observed_load=49.97 observed_target=4 point_forecasts=[60.58647155761719, 64.5618896484375, 66.33314514160156, 67.22055053710938, 69.16868591308594, 68.74736785888672, 69.54285430908203, 70.51411437988281, 71.61070251464844] prediction_age_sec=0.06 predictive_target=5 proactive=True scenario=s4-hybrid-predictive target_replicas=5 upper_forecasts=[115.48309326171875, 124.28578186035156, 125.43096160888672, 126.43798828125, 128.84506225585938, 128.48876953125, 129.67518615722656, 130.41909790039062, 131.69009399414062]
2026-09-12 13:10:52 [debug    ] Decision loop completed        action=MAINTAIN latency_ms=103.04 p99=99.55065666041276
2026-09-12 13:11:07 [debug    ] GRU prediction received        confidence=0.6 latency_ms=3.92 predicted=128
2026-09-12 13:11:07 [debug    ] Using GRU prediction           confidence=0.6 forecast_capacity_signal=63.4 predicted=128 required_steps=4
2026-09-12 13:11:07 [info     ] algorithm2_scaling_decision    action=SCALE_DOWN alpha=0.060060060060060066 beta=0.0 buffer=1.0 current_replicas=6 predicted_load=63.379329681396484 required_resources=3.807 target_replicas=4
2026-09-12 13:11:07 [info     ] algorithm2_decision            action=SCALE_DOWN applied_target=4 current_replicas=6 hold_until=1789193557.7 observed_load=44.2 observed_target=3 point_forecasts=[56.65151596069336, 60.850643157958984, 62.5047492980957, 63.379329681396484, 65.50994873046875, 64.79631042480469, 65.64213562011719, 66.78153991699219, 67.99505615234375] prediction_age_sec=0.06 predictive_target=4 proactive=True scenario=s4-hybrid-predictive target_replicas=4 upper_forecasts=[111.54813385009766, 120.57453155517578, 121.60256958007812, 122.59677124023438, 125.18632507324219, 124.53771209716797, 125.77445983886719, 126.6865234375, 128.07443237304688]
2026-09-12 13:11:07 [info     ] k8s_scale_executed             deployment=test-app-warm replicas=4
2026-09-12 13:11:07 [debug    ] Decision loop completed        action=MAINTAIN latency_ms=138.68 p99=99.62771285475793
2026-09-12 13:11:22 [debug    ] GRU prediction received        confidence=0.6 latency_ms=4.52 predicted=126
2026-09-12 13:11:22 [debug    ] Using GRU prediction           confidence=0.6 forecast_capacity_signal=60.8 predicted=126 required_steps=4
2026-09-12 13:11:22 [info     ] algorithm2_scaling_decision    action=MAINTAIN alpha=0.060060060060060066 beta=0.0 buffer=1.0 current_replicas=4 predicted_load=60.7718620300293 required_resources=3.65 target_replicas=4
2026-09-12 13:11:22 [info     ] algorithm2_decision            action=MAINTAIN applied_target=4 current_replicas=4 hold_until=1789193572.8 observed_load=42.31 observed_target=3 point_forecasts=[55.00053024291992, 58.59530258178711, 60.09598159790039, 60.7718620300293, 62.90321731567383, 62.07988739013672, 63.190494537353516, 64.27049255371094, 65.50105285644531] prediction_age_sec=0.06 predictive_target=4 proactive=True scenario=s4-hybrid-predictive target_replicas=4 upper_forecasts=[109.89714813232422, 118.3191909790039, 119.19380187988281, 119.98930358886719, 122.57958984375, 121.8212890625, 123.32282257080078, 124.17547607421875, 125.58043670654297]
2026-09-12 13:11:22 [debug    ] Decision loop completed        action=MAINTAIN latency_ms=101.63 p99=99.77599388379204
2026-09-12 13:11:37 [debug    ] GRU prediction received        confidence=0.6 latency_ms=3.23 predicted=124
2026-09-12 13:11:37 [debug    ] Using GRU prediction           confidence=0.6 forecast_capacity_signal=59.6 predicted=124 required_steps=4
2026-09-12 13:11:37 [info     ] algorithm2_scaling_decision    action=MAINTAIN alpha=0.060060060060060066 beta=0.0 buffer=1.0 current_replicas=4 predicted_load=59.59751892089844 required_resources=3.579 target_replicas=4
2026-09-12 13:11:37 [info     ] algorithm2_decision            action=MAINTAIN applied_target=4 current_replicas=4 hold_until=1789193587.9 observed_load=44.2 observed_target=3 point_forecasts=[54.82979965209961, 57.78221130371094, 59.14968490600586, 59.59751892089844, 61.68178939819336, 60.903656005859375, 62.14365005493164, 63.05791091918945, 64.23014831542969] prediction_age_sec=0.06 predictive_target=4 proactive=True scenario=s4-hybrid-predictive target_replicas=4 upper_forecasts=[109.7264175415039, 117.506103515625, 118.24749755859375, 118.81495666503906, 121.35816955566406, 120.64505767822266, 122.2759780883789, 122.962890625, 124.30953216552734]
2026-09-12 13:11:37 [debug    ] Decision loop completed        action=MAINTAIN latency_ms=98.26 p99=99.76900149031297
2026-09-12 13:11:52 [debug    ] GRU prediction received        confidence=0.6 latency_ms=4.3 predicted=123
2026-09-12 13:11:52 [debug    ] Using GRU prediction           confidence=0.6 forecast_capacity_signal=58.9 predicted=123 required_steps=4
2026-09-12 13:11:53 [info     ] algorithm2_scaling_decision    action=MAINTAIN alpha=0.060060060060060066 beta=0.0 buffer=1.0 current_replicas=4 predicted_load=58.91973876953125 required_resources=3.539 target_replicas=4
2026-09-12 13:11:53 [info     ] algorithm2_decision            action=MAINTAIN applied_target=4 current_replicas=4 hold_until=1789193603.0 observed_load=46.26 observed_target=3 point_forecasts=[54.527320861816406, 57.325626373291016, 58.595272064208984, 58.91973876953125, 61.02519226074219, 60.263912200927734, 61.403480529785156, 62.23384475708008, 63.35871505737305] prediction_age_sec=0.06 predictive_target=4 proactive=True scenario=s4-hybrid-predictive target_replicas=4 upper_forecasts=[109.42393493652344, 117.04951477050781, 117.69308471679688, 118.13717651367188, 120.70156860351562, 120.00531005859375, 121.53581237792969, 122.13882446289062, 123.43809509277344]
2026-09-12 13:11:53 [debug    ] Decision loop completed        action=MAINTAIN latency_ms=95.2 p99=99.84615384615385
2026-09-12 13:12:08 [debug    ] GRU prediction received        confidence=0.6 latency_ms=3.01 predicted=123
2026-09-12 13:12:08 [debug    ] Using GRU prediction           confidence=0.6 forecast_capacity_signal=58.3 predicted=123 required_steps=4
2026-09-12 13:12:08 [info     ] algorithm2_scaling_decision    action=MAINTAIN alpha=0.060060060060060066 beta=0.0 buffer=1.0 current_replicas=4 predicted_load=58.288551330566406 required_resources=3.501 target_replicas=4
2026-09-12 13:12:08 [info     ] algorithm2_decision            action=MAINTAIN applied_target=4 current_replicas=4 hold_until=1789193618.1 observed_load=47.46 observed_target=3 point_forecasts=[54.427391052246094, 57.02526092529297, 58.12472152709961, 58.288551330566406, 60.38085174560547, 59.52107238769531, 60.59126663208008, 61.346614837646484, 62.43851089477539] prediction_age_sec=0.06 predictive_target=4 proactive=True scenario=s4-hybrid-predictive target_replicas=4 upper_forecasts=[109.32400512695312, 116.7491455078125, 117.2225341796875, 117.50598907470703, 120.0572280883789, 119.2624740600586, 120.72359466552734, 121.25159454345703, 122.51789855957031]
2026-09-12 13:12:08 [debug    ] Decision loop completed        action=MAINTAIN latency_ms=97.67 p99=99.96458923512748
2026-09-12 13:12:23 [debug    ] GRU prediction received        confidence=0.6 latency_ms=4.4 predicted=120
2026-09-12 13:12:23 [debug    ] Using GRU prediction           confidence=0.6 forecast_capacity_signal=55.3 predicted=120 required_steps=4
2026-09-12 13:12:23 [info     ] algorithm2_scaling_decision    action=MAINTAIN alpha=0.060060060060060066 beta=0.0 buffer=1.0 current_replicas=4 predicted_load=55.277706146240234 required_resources=3.32 target_replicas=4
2026-09-12 13:12:23 [info     ] algorithm2_decision            action=MAINTAIN applied_target=4 current_replicas=4 hold_until=1789193633.2 observed_load=41.14 observed_target=3 point_forecasts=[48.64563751220703, 53.2664680480957, 54.63772201538086, 55.277706146240234, 57.83407211303711, 56.90058135986328, 57.293270111083984, 58.61113739013672, 59.921146392822266] prediction_age_sec=0.06 predictive_target=4 proactive=True scenario=s4-hybrid-predictive target_replicas=4 upper_forecasts=[103.54225158691406, 112.9903564453125, 113.73553466796875, 114.49514770507812, 117.51045227050781, 116.64198303222656, 117.42559814453125, 118.51611328125, 120.00053405761719]
2026-09-12 13:12:23 [debug    ] Decision loop completed        action=MAINTAIN latency_ms=101.32 p99=157.49999999999986
2026-09-12 13:12:38 [debug    ] GRU prediction received        confidence=0.6 latency_ms=3.58 predicted=117
2026-09-12 13:12:38 [debug    ] Using GRU prediction           confidence=0.6 forecast_capacity_signal=50.8 predicted=117 required_steps=4
2026-09-12 13:12:38 [info     ] algorithm2_scaling_decision    action=MAINTAIN alpha=0.060060060060060066 beta=0.0 buffer=1.0 current_replicas=4 predicted_load=50.826412200927734 required_resources=3.053 target_replicas=4
2026-09-12 13:12:38 [info     ] algorithm2_decision            action=MAINTAIN applied_target=4 current_replicas=4 hold_until=1789193648.3 observed_load=26.77 observed_target=3 point_forecasts=[41.59346389770508, 47.81288146972656, 49.518497467041016, 50.826412200927734, 53.882259368896484, 52.59294509887695, 52.954322814941406, 54.89296340942383, 56.52360916137695] prediction_age_sec=0.07 predictive_target=4 proactive=True scenario=s4-hybrid-predictive target_replicas=4 upper_forecasts=[96.49008178710938, 107.53677368164062, 108.61631774902344, 110.04385375976562, 113.55863952636719, 112.3343505859375, 113.08665466308594, 114.79794311523438, 116.60299682617188]
2026-09-12 13:12:38 [debug    ] Decision loop completed        action=MAINTAIN latency_ms=105.85 p99=0.99
2026-09-12 13:12:53 [debug    ] GRU prediction received        confidence=0.6 latency_ms=4.6 predicted=113
2026-09-12 13:12:53 [debug    ] Using GRU prediction           confidence=0.6 forecast_capacity_signal=45.4 predicted=113 required_steps=4
2026-09-12 13:12:53 [info     ] algorithm2_scaling_decision    action=MAINTAIN alpha=0.060060060060060066 beta=0.0 buffer=1.0 current_replicas=4 predicted_load=50.826412200927734 required_resources=3.053 target_replicas=4
2026-09-12 13:12:53 [info     ] algorithm2_decision            action=MAINTAIN applied_target=4 current_replicas=4 hold_until=1789193648.3 observed_load=11.4 observed_target=3 point_forecasts=[33.64051818847656, 41.16291046142578, 43.39127731323242, 45.4443244934082, 49.16726303100586, 47.687076568603516, 48.066898345947266, 50.83180618286133, 52.5549430847168] prediction_age_sec=0.06 predictive_target=3 proactive=True scenario=s4-hybrid-predictive target_replicas=4 upper_forecasts=[88.53713989257812, 100.88679504394531, 102.48908996582031, 104.66175842285156, 108.84364318847656, 107.42848205566406, 108.19922637939453, 110.73678588867188, 112.63432312011719]
2026-09-12 13:12:53 [debug    ] Decision loop completed        action=MAINTAIN latency_ms=104.19 p99=0.99
2026-09-12 13:13:01 [info     ] Received shutdown signal
2026-09-12 13:13:01 [info     ] Stopping routing daemon...
2026-09-12 13:13:01 [info     ] Routing daemon stopped
