2026-09-12 14:44:05 [info     ] SLOMonitor initialized         threshold_ms=200.0 violation_window=30
2026-09-12 14:44:05 [info     ] Algorithm1ControllerV3 initialized max_knative=50 r_saturation=33.3 target_cpu_util=0.5 total_budget=1000
2026-09-12 14:44:05 [info     ] controller_selected            kind=Algorithm1ControllerV3 scenario=s4-hybrid-predictive version=v3
2026-09-12 14:44:05 [info     ] HAProxyWeightAdjuster initialized backend=servers host=localhost port=19999
2026-09-12 14:44:05 [info     ] GRUClient initialized          base_url=http://localhost:8090
2026-09-12 14:44:05 [info     ] K8sScaler initialized          deployment=test-app-warm namespace=default
2026-09-12 14:44:05 [info     ] RoutingDaemon initialized      decision_interval=15 description='Algorithm 1 with GRU predictions (Algorithm 2)' scenario=s4-hybrid-predictive use_algorithm=True use_predictions=True
2026-09-12 14:44:05 [info     ] Starting routing daemon        interval=15 scenario=s4-hybrid-predictive
2026-09-12 14:44:05 [info     ] Weights updated                k3s=80 knative=20
2026-09-12 14:44:05 [info     ] Initial weights applied        k3s=80 knative=20
2026-09-12 14:44:05 [info     ] Model status validated         prediction_horizon=9 sample_interval_sec=15 sequence_length=30
2026-09-12 14:44:05 [info     ] Model status validated on first eligible cycle prediction_horizon=9 sequence_length=30
2026-09-12 14:44:05 [info     ] controller_decision_v3         action=RECOVERY available_replicas=3 budget_remaining=1000 burn_adjustment=0 burst_ratio=0 capacity_deficit=False confidence=0 current_load=2.4 decision_id=2fc70362 k8s_capacity=49.9 k8s_weight=100 knative_weight=0 p99=1.0 predicted_load=0 r_effective=16.6 serverless_enabled=False total_load=2.4 weights_after={'k3s': 100, 'knative': 0} weights_before={'k3s': 80, 'knative': 20}
2026-09-12 14:44:05 [info     ] Weights updated                k3s=100 knative=0
2026-09-12 14:44:05 [info     ] Weights updated                action=RECOVERY reason='load=2RPS | k8s_cap=50RPS | (reducing-serverless)' weights={'k3s': 100, 'knative': 0}
2026-09-12 14:44:05 [info     ] algorithm2_scaling_decision    action=MAINTAIN alpha=0.060060060060060066 beta=0.0 buffer=1.0 current_replicas=3 predicted_load=2.4 required_resources=0.144 target_replicas=3
2026-09-12 14:44:05 [info     ] algorithm2_decision            action=MAINTAIN applied_target=3 current_replicas=3 hold_until=0.0 observed_load=2.4 observed_target=3 point_forecasts=None prediction_age_sec=None predictive_target=3 proactive=False scenario=s4-hybrid-predictive target_replicas=3 upper_forecasts=None
2026-09-12 14:44:05 [debug    ] Decision loop completed        action=RECOVERY latency_ms=131.4 p99=0.99
2026-09-12 14:44:20 [info     ] algorithm2_scaling_decision    action=MAINTAIN alpha=0.060060060060060066 beta=0.0 buffer=1.0 current_replicas=3 predicted_load=2.2691777777777773 required_resources=0.136 target_replicas=3
2026-09-12 14:44:20 [info     ] algorithm2_decision            action=MAINTAIN applied_target=3 current_replicas=3 hold_until=0.0 observed_load=2.27 observed_target=3 point_forecasts=None prediction_age_sec=None predictive_target=3 proactive=False scenario=s4-hybrid-predictive target_replicas=3 upper_forecasts=None
2026-09-12 14:44:20 [debug    ] Decision loop completed        action=MAINTAIN latency_ms=98.85 p99=87.50000000000006
2026-09-12 14:44:35 [info     ] algorithm2_scaling_decision    action=MAINTAIN alpha=0.060060060060060066 beta=0.0 buffer=1.0 current_replicas=3 predicted_load=2.0766888888888886 required_resources=0.125 target_replicas=3
2026-09-12 14:44:35 [info     ] algorithm2_decision            action=MAINTAIN applied_target=3 current_replicas=3 hold_until=0.0 observed_load=2.08 observed_target=3 point_forecasts=None prediction_age_sec=None predictive_target=3 proactive=False scenario=s4-hybrid-predictive target_replicas=3 upper_forecasts=None
2026-09-12 14:44:35 [debug    ] Decision loop completed        action=MAINTAIN latency_ms=101.15 p99=0.99
2026-09-12 14:44:50 [info     ] algorithm2_scaling_decision    action=MAINTAIN alpha=0.060060060060060066 beta=0.0 buffer=1.0 current_replicas=3 predicted_load=6.651955555555556 required_resources=0.4 target_replicas=3
2026-09-12 14:44:50 [info     ] algorithm2_decision            action=MAINTAIN applied_target=3 current_replicas=3 hold_until=0.0 observed_load=6.65 observed_target=3 point_forecasts=None prediction_age_sec=None predictive_target=3 proactive=False scenario=s4-hybrid-predictive target_replicas=3 upper_forecasts=None
2026-09-12 14:44:50 [debug    ] Decision loop completed        action=MAINTAIN latency_ms=101.58 p99=99.58528037383178
2026-09-12 14:45:06 [info     ] algorithm2_scaling_decision    action=MAINTAIN alpha=0.060060060060060066 beta=0.0 buffer=1.0 current_replicas=3 predicted_load=18.677777777777774 required_resources=1.122 target_replicas=3
2026-09-12 14:45:06 [info     ] algorithm2_decision            action=MAINTAIN applied_target=3 current_replicas=3 hold_until=0.0 observed_load=18.68 observed_target=3 point_forecasts=None prediction_age_sec=None predictive_target=3 proactive=False scenario=s4-hybrid-predictive target_replicas=3 upper_forecasts=None
2026-09-12 14:45:06 [debug    ] Decision loop completed        action=MAINTAIN latency_ms=97.8 p99=130.99999999999963
2026-09-12 14:45:21 [info     ] algorithm2_scaling_decision    action=MAINTAIN alpha=0.060060060060060066 beta=0.0 buffer=1.0 current_replicas=3 predicted_load=33.62222222222222 required_resources=2.019 target_replicas=3
2026-09-12 14:45:21 [info     ] algorithm2_decision            action=MAINTAIN applied_target=3 current_replicas=3 hold_until=0.0 observed_load=33.62 observed_target=3 point_forecasts=None prediction_age_sec=None predictive_target=3 proactive=False scenario=s4-hybrid-predictive target_replicas=3 upper_forecasts=None
2026-09-12 14:45:21 [debug    ] Decision loop completed        action=MAINTAIN latency_ms=98.71 p99=99.69955817378498
2026-09-12 14:45:36 [info     ] algorithm2_scaling_decision    action=MAINTAIN alpha=0.060060060060060066 beta=0.0 buffer=1.0 current_replicas=3 predicted_load=45.23724722222222 required_resources=2.717 target_replicas=3
2026-09-12 14:45:36 [info     ] algorithm2_decision            action=MAINTAIN applied_target=3 current_replicas=3 hold_until=0.0 observed_load=45.24 observed_target=3 point_forecasts=None prediction_age_sec=None predictive_target=3 proactive=False scenario=s4-hybrid-predictive target_replicas=3 upper_forecasts=None
2026-09-12 14:45:36 [debug    ] Decision loop completed        action=MAINTAIN latency_ms=93.34 p99=125.72727272727386
2026-09-12 14:45:51 [info     ] algorithm2_scaling_decision    action=MAINTAIN alpha=0.060060060060060066 beta=0.0 buffer=1.0 current_replicas=3 predicted_load=49.12739222222222 required_resources=2.951 target_replicas=3
2026-09-12 14:45:51 [info     ] algorithm2_decision            action=MAINTAIN applied_target=3 current_replicas=3 hold_until=0.0 observed_load=49.13 observed_target=3 point_forecasts=None prediction_age_sec=None predictive_target=3 proactive=False scenario=s4-hybrid-predictive target_replicas=3 upper_forecasts=None
2026-09-12 14:45:51 [debug    ] Decision loop completed        action=MAINTAIN latency_ms=94.78 p99=154.93333333333297
2026-09-12 14:46:06 [warning  ] Knative pre-warm non-200       status=404
2026-09-12 14:46:06 [info     ] controller_decision_v3         action=REACTIVE available_replicas=3 budget_remaining=1000 burn_adjustment=0 burst_ratio=0.016 capacity_deficit=False confidence=0 current_load=50.76419333333333 decision_id=3f956b77 k8s_capacity=49.9 k8s_weight=98 knative_weight=2 p99=99.9 predicted_load=0 r_effective=16.6 serverless_enabled=True total_load=50.8 weights_after={'k3s': 98, 'knative': 2} weights_before={'k3s': 100, 'knative': 0}
2026-09-12 14:46:06 [info     ] Weights updated                k3s=98 knative=2
2026-09-12 14:46:06 [info     ] Weights updated                action=REACTIVE reason='load=51RPS | k8s_cap=50RPS | (burst-routing)' weights={'k3s': 98, 'knative': 2}
2026-09-12 14:46:06 [info     ] algorithm2_scaling_decision    action=MAINTAIN alpha=0.060060060060060066 beta=0.0 buffer=1.0 current_replicas=3 predicted_load=49.861130555555555 required_resources=2.995 target_replicas=3
2026-09-12 14:46:06 [info     ] algorithm2_decision            action=MAINTAIN applied_target=3 current_replicas=3 hold_until=0.0 observed_load=49.86 observed_target=3 point_forecasts=None prediction_age_sec=None predictive_target=3 proactive=False scenario=s4-hybrid-predictive target_replicas=3 upper_forecasts=None
2026-09-12 14:46:06 [debug    ] Decision loop completed        action=REACTIVE latency_ms=100.33 p99=99.94182389937107
2026-09-12 14:46:21 [info     ] controller_decision_v3         action=RECOVERY available_replicas=3 budget_remaining=1000 burn_adjustment=0 burst_ratio=0 capacity_deficit=False confidence=0 current_load=41.88535777777779 decision_id=c35c8e1b k8s_capacity=49.9 k8s_weight=100 knative_weight=0 p99=99.5 predicted_load=0 r_effective=16.6 serverless_enabled=False total_load=41.9 weights_after={'k3s': 100, 'knative': 0} weights_before={'k3s': 98, 'knative': 2}
2026-09-12 14:46:21 [info     ] Weights updated                k3s=100 knative=0
2026-09-12 14:46:21 [info     ] Weights updated                action=RECOVERY reason='load=42RPS | k8s_cap=50RPS | (reducing-serverless)' weights={'k3s': 100, 'knative': 0}
2026-09-12 14:46:21 [info     ] algorithm2_scaling_decision    action=MAINTAIN alpha=0.060060060060060066 beta=0.0 buffer=1.0 current_replicas=3 predicted_load=46.32477555555556 required_resources=2.782 target_replicas=3
2026-09-12 14:46:21 [info     ] algorithm2_decision            action=MAINTAIN applied_target=3 current_replicas=3 hold_until=0.0 observed_load=46.32 observed_target=3 point_forecasts=None prediction_age_sec=None predictive_target=3 proactive=False scenario=s4-hybrid-predictive target_replicas=3 upper_forecasts=None
2026-09-12 14:46:21 [debug    ] Decision loop completed        action=RECOVERY latency_ms=127.57 p99=99.46445497630333
2026-09-12 14:46:36 [info     ] algorithm2_scaling_decision    action=MAINTAIN alpha=0.060060060060060066 beta=0.0 buffer=1.0 current_replicas=3 predicted_load=38.109345555555564 required_resources=2.289 target_replicas=3
2026-09-12 14:46:36 [info     ] algorithm2_decision            action=MAINTAIN applied_target=3 current_replicas=3 hold_until=0.0 observed_load=38.11 observed_target=3 point_forecasts=None prediction_age_sec=None predictive_target=3 proactive=False scenario=s4-hybrid-predictive target_replicas=3 upper_forecasts=None
2026-09-12 14:46:36 [debug    ] Decision loop completed        action=MAINTAIN latency_ms=94.37 p99=99.45725388601038
2026-09-12 14:46:51 [info     ] algorithm2_scaling_decision    action=MAINTAIN alpha=0.060060060060060066 beta=0.0 buffer=1.0 current_replicas=3 predicted_load=31.42222222222222 required_resources=1.887 target_replicas=3
2026-09-12 14:46:51 [info     ] algorithm2_decision            action=MAINTAIN applied_target=3 current_replicas=3 hold_until=0.0 observed_load=31.42 observed_target=3 point_forecasts=None prediction_age_sec=None predictive_target=3 proactive=False scenario=s4-hybrid-predictive target_replicas=3 upper_forecasts=None
2026-09-12 14:46:51 [debug    ] Decision loop completed        action=MAINTAIN latency_ms=100.78 p99=99.45931758530185
2026-09-12 14:47:06 [info     ] algorithm2_scaling_decision    action=MAINTAIN alpha=0.060060060060060066 beta=0.0 buffer=1.0 current_replicas=3 predicted_load=31.34444444444444 required_resources=1.883 target_replicas=3
2026-09-12 14:47:06 [info     ] algorithm2_decision            action=MAINTAIN applied_target=3 current_replicas=3 hold_until=0.0 observed_load=31.34 observed_target=3 point_forecasts=None prediction_age_sec=None predictive_target=3 proactive=False scenario=s4-hybrid-predictive target_replicas=3 upper_forecasts=None
2026-09-12 14:47:06 [debug    ] Decision loop completed        action=MAINTAIN latency_ms=96.23 p99=99.77157738095238
2026-09-12 14:47:21 [info     ] algorithm2_scaling_decision    action=MAINTAIN alpha=0.060060060060060066 beta=0.0 buffer=1.0 current_replicas=3 predicted_load=38.988888888888894 required_resources=2.342 target_replicas=3
2026-09-12 14:47:21 [info     ] algorithm2_decision            action=MAINTAIN applied_target=3 current_replicas=3 hold_until=0.0 observed_load=38.99 observed_target=3 point_forecasts=None prediction_age_sec=None predictive_target=3 proactive=False scenario=s4-hybrid-predictive target_replicas=3 upper_forecasts=None
2026-09-12 14:47:21 [debug    ] Decision loop completed        action=MAINTAIN latency_ms=100.02 p99=157.4000000000005
2026-09-12 14:47:37 [warning  ] Knative pre-warm non-200       status=404
2026-09-12 14:47:37 [info     ] controller_decision_v3         action=REACTIVE available_replicas=3 budget_remaining=1000 burn_adjustment=0 burst_ratio=0.0341 capacity_deficit=False confidence=0 current_load=51.711111111111116 decision_id=9ed25211 k8s_capacity=49.9 k8s_weight=96 knative_weight=4 p99=104.0 predicted_load=0 r_effective=16.6 serverless_enabled=True total_load=51.7 weights_after={'k3s': 96, 'knative': 4} weights_before={'k3s': 100, 'knative': 0}
2026-09-12 14:47:37 [info     ] Weights updated                k3s=96 knative=4
2026-09-12 14:47:37 [info     ] Weights updated                action=REACTIVE reason='load=52RPS | k8s_cap=50RPS | (burst-routing)' weights={'k3s': 96, 'knative': 4}
2026-09-12 14:47:37 [info     ] algorithm2_scaling_decision    action=MAINTAIN alpha=0.060060060060060066 beta=0.0 buffer=1.0 current_replicas=3 predicted_load=47.75555555555556 required_resources=2.868 target_replicas=3
2026-09-12 14:47:37 [info     ] algorithm2_decision            action=MAINTAIN applied_target=3 current_replicas=3 hold_until=0.0 observed_load=47.76 observed_target=3 point_forecasts=None prediction_age_sec=None predictive_target=3 proactive=False scenario=s4-hybrid-predictive target_replicas=3 upper_forecasts=None
2026-09-12 14:47:37 [debug    ] Decision loop completed        action=REACTIVE latency_ms=101.93 p99=103.99999999999957
2026-09-12 14:47:52 [info     ] controller_decision_v3         action=RECOVERY available_replicas=3 budget_remaining=1000 burn_adjustment=0 burst_ratio=0 capacity_deficit=False confidence=0 current_load=49.91111111111111 decision_id=7b13bbca k8s_capacity=49.9 k8s_weight=100 knative_weight=0 p99=99.8 predicted_load=0 r_effective=16.6 serverless_enabled=False total_load=49.9 weights_after={'k3s': 100, 'knative': 0} weights_before={'k3s': 96, 'knative': 4}
2026-09-12 14:47:52 [info     ] Weights updated                k3s=100 knative=0
2026-09-12 14:47:52 [info     ] Weights updated                action=RECOVERY reason='load=50RPS | k8s_cap=50RPS | (reducing-serverless)' weights={'k3s': 100, 'knative': 0}
2026-09-12 14:47:52 [info     ] algorithm2_scaling_decision    action=SCALE_UP alpha=0.060060060060060066 beta=0.0 buffer=1.0 current_replicas=3 predicted_load=50.81111111111112 required_resources=3.052 target_replicas=4
2026-09-12 14:47:52 [info     ] algorithm2_decision            action=SCALE_UP applied_target=4 current_replicas=3 hold_until=0.0 observed_load=50.81 observed_target=4 point_forecasts=None prediction_age_sec=None predictive_target=3 proactive=False scenario=s4-hybrid-predictive target_replicas=4 upper_forecasts=None
2026-09-12 14:47:52 [info     ] k8s_scale_executed             deployment=test-app-warm replicas=4
2026-09-12 14:47:52 [debug    ] Decision loop completed        action=RECOVERY latency_ms=164.51 p99=99.8087986463621
2026-09-12 14:48:07 [info     ] algorithm2_scaling_decision    action=MAINTAIN alpha=0.060060060060060066 beta=0.0 buffer=1.0 current_replicas=4 predicted_load=48.97777777777779 required_resources=2.942 target_replicas=3
2026-09-12 14:48:07 [info     ] algorithm2_decision            action=MAINTAIN applied_target=3 current_replicas=4 hold_until=0.0 observed_load=48.98 observed_target=3 point_forecasts=None prediction_age_sec=None predictive_target=3 proactive=False scenario=s4-hybrid-predictive target_replicas=3 upper_forecasts=None
2026-09-12 14:48:07 [debug    ] Decision loop completed        action=MAINTAIN latency_ms=98.15 p99=99.81693989071039
2026-09-12 14:48:22 [warning  ] Knative pre-warm non-200       status=404
2026-09-12 14:48:22 [info     ] controller_decision_v3         action=REACTIVE available_replicas=3 budget_remaining=1000 burn_adjustment=0 burst_ratio=0.0214 capacity_deficit=False confidence=0 current_load=51.04444444444446 decision_id=55bc3cae k8s_capacity=49.9 k8s_weight=97 knative_weight=3 p99=171.3 predicted_load=0 r_effective=16.6 serverless_enabled=True total_load=51.0 weights_after={'k3s': 97, 'knative': 3} weights_before={'k3s': 100, 'knative': 0}
2026-09-12 14:48:22 [info     ] Weights updated                k3s=97 knative=3
2026-09-12 14:48:22 [info     ] Weights updated                action=REACTIVE reason='load=51RPS | k8s_cap=50RPS | (burst-routing)' weights={'k3s': 97, 'knative': 3}
2026-09-12 14:48:22 [info     ] algorithm2_scaling_decision    action=MAINTAIN alpha=0.060060060060060066 beta=0.0 buffer=1.0 current_replicas=4 predicted_load=49.544444444444466 required_resources=2.976 target_replicas=3
2026-09-12 14:48:22 [info     ] algorithm2_decision            action=MAINTAIN applied_target=3 current_replicas=4 hold_until=0.0 observed_load=49.54 observed_target=3 point_forecasts=None prediction_age_sec=None predictive_target=3 proactive=False scenario=s4-hybrid-predictive target_replicas=3 upper_forecasts=None
2026-09-12 14:48:22 [debug    ] Decision loop completed        action=REACTIVE latency_ms=104.18 p99=171.32142857142847
2026-09-12 14:48:37 [info     ] controller_decision_v3         action=REACTIVE available_replicas=3 budget_remaining=1000 burn_adjustment=0 burst_ratio=0.1381 capacity_deficit=False confidence=0 current_load=57.95555555555556 decision_id=cabb126a k8s_capacity=49.9 k8s_weight=86 knative_weight=14 p99=174.0 predicted_load=0 r_effective=16.6 serverless_enabled=True total_load=58.0 weights_after={'k3s': 86, 'knative': 14} weights_before={'k3s': 97, 'knative': 3}
2026-09-12 14:48:37 [info     ] Weights updated                k3s=86 knative=14
2026-09-12 14:48:37 [info     ] Weights updated                action=REACTIVE reason='load=58RPS | k8s_cap=50RPS | (burst-routing)' weights={'k3s': 86, 'knative': 14}
2026-09-12 14:48:37 [info     ] algorithm2_scaling_decision    action=MAINTAIN alpha=0.060060060060060066 beta=0.0 buffer=1.0 current_replicas=4 predicted_load=54.500000000000014 required_resources=3.273 target_replicas=4
2026-09-12 14:48:37 [info     ] algorithm2_decision            action=MAINTAIN applied_target=4 current_replicas=4 hold_until=0.0 observed_load=54.5 observed_target=4 point_forecasts=None prediction_age_sec=None predictive_target=3 proactive=False scenario=s4-hybrid-predictive target_replicas=4 upper_forecasts=None
2026-09-12 14:48:37 [debug    ] Decision loop completed        action=REACTIVE latency_ms=100.13 p99=173.972222222222
2026-09-12 14:48:52 [info     ] controller_decision_v3         action=REACTIVE available_replicas=3 budget_remaining=1000 burn_adjustment=0 burst_ratio=0.1929 capacity_deficit=False confidence=0 current_load=61.88888888888889 decision_id=a0b8772d k8s_capacity=49.9 k8s_weight=80 knative_weight=20 p99=155.0 predicted_load=0 r_effective=16.6 serverless_enabled=True total_load=61.9 weights_after={'k3s': 80, 'knative': 20} weights_before={'k3s': 86, 'knative': 14}
2026-09-12 14:48:52 [info     ] Weights updated                k3s=80 knative=20
2026-09-12 14:48:52 [info     ] Weights updated                action=REACTIVE reason='load=62RPS | k8s_cap=50RPS | (burst-routing)' weights={'k3s': 80, 'knative': 20}
2026-09-12 14:48:52 [info     ] algorithm2_scaling_decision    action=MAINTAIN alpha=0.060060060060060066 beta=0.0 buffer=1.0 current_replicas=4 predicted_load=59.92222222222223 required_resources=3.599 target_replicas=4
2026-09-12 14:48:52 [info     ] algorithm2_decision            action=MAINTAIN applied_target=4 current_replicas=4 hold_until=0.0 observed_load=59.92 observed_target=4 point_forecasts=None prediction_age_sec=None predictive_target=3 proactive=False scenario=s4-hybrid-predictive target_replicas=4 upper_forecasts=None
2026-09-12 14:48:52 [debug    ] Decision loop completed        action=REACTIVE latency_ms=100.22 p99=155.00000000000026
2026-09-12 14:49:07 [info     ] controller_decision_v3         action=REACTIVE available_replicas=3 budget_remaining=1000 burn_adjustment=0 burst_ratio=0.2383 capacity_deficit=False confidence=0 current_load=65.57777777777775 decision_id=b7450b87 k8s_capacity=49.9 k8s_weight=76 knative_weight=24 p99=143.7 predicted_load=0 r_effective=16.6 serverless_enabled=True total_load=65.6 weights_after={'k3s': 76, 'knative': 24} weights_before={'k3s': 80, 'knative': 20}
2026-09-12 14:49:07 [info     ] Weights updated                k3s=76 knative=24
2026-09-12 14:49:07 [info     ] Weights updated                action=REACTIVE reason='load=66RPS | k8s_cap=50RPS | (burst-routing)' weights={'k3s': 76, 'knative': 24}
2026-09-12 14:49:07 [info     ] algorithm2_scaling_decision    action=MAINTAIN alpha=0.060060060060060066 beta=0.0 buffer=1.0 current_replicas=4 predicted_load=63.73333333333332 required_resources=3.828 target_replicas=4
2026-09-12 14:49:07 [info     ] algorithm2_decision            action=MAINTAIN applied_target=4 current_replicas=4 hold_until=0.0 observed_load=63.73 observed_target=4 point_forecasts=None prediction_age_sec=None predictive_target=3 proactive=False scenario=s4-hybrid-predictive target_replicas=4 upper_forecasts=None
2026-09-12 14:49:07 [debug    ] Decision loop completed        action=REACTIVE latency_ms=94.45 p99=143.73684210526335
2026-09-12 14:49:22 [info     ] controller_decision_v3         action=REACTIVE available_replicas=3 budget_remaining=1000 burn_adjustment=0 burst_ratio=0.3026 capacity_deficit=False confidence=0 current_load=71.6222222222222 decision_id=b6e28410 k8s_capacity=49.9 k8s_weight=69 knative_weight=31 p99=169.8 predicted_load=0 r_effective=16.6 serverless_enabled=True total_load=71.6 weights_after={'k3s': 69, 'knative': 31} weights_before={'k3s': 76, 'knative': 24}
2026-09-12 14:49:22 [info     ] Weights updated                k3s=69 knative=31
2026-09-12 14:49:22 [info     ] Weights updated                action=REACTIVE reason='load=72RPS | k8s_cap=50RPS | (burst-routing)' weights={'k3s': 69, 'knative': 31}
2026-09-12 14:49:22 [info     ] algorithm2_scaling_decision    action=SCALE_UP alpha=0.060060060060060066 beta=0.0 buffer=1.0 current_replicas=4 predicted_load=68.59999999999998 required_resources=4.12 target_replicas=5
2026-09-12 14:49:22 [info     ] algorithm2_decision            action=SCALE_UP applied_target=5 current_replicas=4 hold_until=0.0 observed_load=68.6 observed_target=5 point_forecasts=None prediction_age_sec=None predictive_target=3 proactive=False scenario=s4-hybrid-predictive target_replicas=5 upper_forecasts=None
2026-09-12 14:49:22 [info     ] k8s_scale_executed             deployment=test-app-warm replicas=5
2026-09-12 14:49:22 [debug    ] Decision loop completed        action=REACTIVE latency_ms=131.46 p99=169.77500000000032
2026-09-12 14:49:37 [info     ] controller_decision_v3         action=REACTIVE available_replicas=3 budget_remaining=1000 burn_adjustment=0 burst_ratio=0.3847 capacity_deficit=False confidence=0 current_load=81.17777777777775 decision_id=b079dd02 k8s_capacity=49.9 k8s_weight=61 knative_weight=39 p99=170.7 predicted_load=0 r_effective=16.6 serverless_enabled=True total_load=81.2 weights_after={'k3s': 61, 'knative': 39} weights_before={'k3s': 69, 'knative': 31}
2026-09-12 14:49:37 [info     ] Weights updated                k3s=61 knative=39
2026-09-12 14:49:37 [info     ] Weights updated                action=REACTIVE reason='load=81RPS | k8s_cap=50RPS | (burst-routing)' weights={'k3s': 61, 'knative': 39}
2026-09-12 14:49:37 [info     ] algorithm2_scaling_decision    action=MAINTAIN alpha=0.060060060060060066 beta=0.0 buffer=1.0 current_replicas=5 predicted_load=76.39999999999998 required_resources=4.589 target_replicas=5
2026-09-12 14:49:37 [info     ] algorithm2_decision            action=MAINTAIN applied_target=5 current_replicas=5 hold_until=0.0 observed_load=76.4 observed_target=5 point_forecasts=None prediction_age_sec=None predictive_target=3 proactive=False scenario=s4-hybrid-predictive target_replicas=5 upper_forecasts=None
2026-09-12 14:49:37 [debug    ] Decision loop completed        action=REACTIVE latency_ms=99.59 p99=170.7446808510636
2026-09-12 14:49:53 [info     ] controller_decision_v3         action=REACTIVE available_replicas=3 budget_remaining=1000 burn_adjustment=0 burst_ratio=0.4514 capacity_deficit=False confidence=0 current_load=91.04444444444441 decision_id=a3faaee7 k8s_capacity=49.9 k8s_weight=54 knative_weight=46 p99=180.1 predicted_load=0 r_effective=16.6 serverless_enabled=True total_load=91.0 weights_after={'k3s': 54, 'knative': 46} weights_before={'k3s': 61, 'knative': 39}
2026-09-12 14:49:53 [info     ] Weights updated                k3s=54 knative=46
2026-09-12 14:49:53 [info     ] Weights updated                action=REACTIVE reason='load=91RPS | k8s_cap=50RPS | (burst-routing)' weights={'k3s': 54, 'knative': 46}
2026-09-12 14:49:53 [info     ] algorithm2_scaling_decision    action=SCALE_UP alpha=0.060060060060060066 beta=0.0 buffer=1.0 current_replicas=5 predicted_load=86.11111111111109 required_resources=5.172 target_replicas=6
2026-09-12 14:49:53 [info     ] algorithm2_decision            action=SCALE_UP applied_target=6 current_replicas=5 hold_until=0.0 observed_load=86.11 observed_target=6 point_forecasts=None prediction_age_sec=None predictive_target=3 proactive=False scenario=s4-hybrid-predictive target_replicas=6 upper_forecasts=None
2026-09-12 14:49:53 [info     ] k8s_scale_executed             deployment=test-app-warm replicas=6
2026-09-12 14:49:53 [debug    ] Decision loop completed        action=REACTIVE latency_ms=131.31 p99=180.10606060606037
2026-09-12 14:50:08 [info     ] controller_decision_v3         action=RECOVERY available_replicas=6 budget_remaining=1000 burn_adjustment=0 burst_ratio=0.0206 capacity_deficit=False confidence=0 current_load=101.99999999999999 decision_id=446e0ef3 k8s_capacity=99.9 k8s_weight=97 knative_weight=3 p99=183.7 predicted_load=0 r_effective=16.6 serverless_enabled=True total_load=102.0 weights_after={'k3s': 97, 'knative': 3} weights_before={'k3s': 54, 'knative': 46}
2026-09-12 14:50:08 [info     ] Weights updated                k3s=97 knative=3
2026-09-12 14:50:08 [info     ] Weights updated                action=RECOVERY reason='load=102RPS | k8s_cap=100RPS | (reducing-serverless)' weights={'k3s': 97, 'knative': 3}
2026-09-12 14:50:08 [info     ] Scale readiness observed       elapsed_sec=15.1 ewma_delay=46.5 samples=1 target=6
2026-09-12 14:50:08 [info     ] algorithm2_scaling_decision    action=MAINTAIN alpha=0.060060060060060066 beta=0.0 buffer=1.0 current_replicas=6 predicted_load=96.5222222222222 required_resources=5.797 target_replicas=6
2026-09-12 14:50:08 [info     ] algorithm2_decision            action=MAINTAIN applied_target=6 current_replicas=6 hold_until=0.0 observed_load=96.52 observed_target=6 point_forecasts=None prediction_age_sec=None predictive_target=3 proactive=False scenario=s4-hybrid-predictive target_replicas=6 upper_forecasts=None
2026-09-12 14:50:08 [debug    ] Decision loop completed        action=RECOVERY latency_ms=133.93 p99=183.72499999999985
2026-09-12 14:50:23 [info     ] controller_decision_v3         action=REACTIVE available_replicas=6 budget_remaining=999 burn_adjustment=0 burst_ratio=0.1021 capacity_deficit=False confidence=0 current_load=111.26015111111109 decision_id=9e680a64 k8s_capacity=99.9 k8s_weight=89 knative_weight=11 p99=465.7 predicted_load=0 r_effective=16.6 serverless_enabled=True total_load=111.3 weights_after={'k3s': 89, 'knative': 11} weights_before={'k3s': 97, 'knative': 3}
2026-09-12 14:50:23 [info     ] Weights updated                k3s=89 knative=11
2026-09-12 14:50:23 [info     ] Weights updated                action=REACTIVE reason='load=111RPS | k8s_cap=100RPS | (burst-routing)' weights={'k3s': 89, 'knative': 11}
2026-09-12 14:50:23 [info     ] algorithm2_scaling_decision    action=MAINTAIN alpha=0.060060060060060066 beta=0.0 buffer=1.0 current_replicas=6 predicted_load=106.63007555555554 required_resources=6.404 target_replicas=6
2026-09-12 14:50:23 [info     ] algorithm2_decision            action=MAINTAIN applied_target=6 current_replicas=6 hold_until=0.0 observed_load=106.63 observed_target=6 point_forecasts=None prediction_age_sec=None predictive_target=3 proactive=False scenario=s4-hybrid-predictive target_replicas=6 upper_forecasts=None
2026-09-12 14:50:23 [debug    ] Decision loop completed        action=REACTIVE latency_ms=97.29 p99=465.7403621621623
2026-09-12 14:50:38 [info     ] controller_decision_v3         action=REACTIVE available_replicas=6 budget_remaining=998 burn_adjustment=0 burst_ratio=0.1486 capacity_deficit=False confidence=0 current_load=117.34079999999996 decision_id=84235d92 k8s_capacity=99.9 k8s_weight=85 knative_weight=15 p99=422.7 predicted_load=0 r_effective=16.6 serverless_enabled=True total_load=117.3 weights_after={'k3s': 85, 'knative': 15} weights_before={'k3s': 89, 'knative': 11}
2026-09-12 14:50:38 [info     ] Weights updated                k3s=85 knative=15
2026-09-12 14:50:38 [info     ] Weights updated                action=REACTIVE reason='load=117RPS | k8s_cap=100RPS | (burst-routing)' weights={'k3s': 85, 'knative': 15}
2026-09-12 14:50:38 [info     ] algorithm2_scaling_decision    action=MAINTAIN alpha=0.060060060060060066 beta=0.0 buffer=1.0 current_replicas=6 predicted_load=114.30047555555552 required_resources=6.865 target_replicas=6
2026-09-12 14:50:38 [info     ] algorithm2_decision            action=MAINTAIN applied_target=6 current_replicas=6 hold_until=0.0 observed_load=114.3 observed_target=6 point_forecasts=None prediction_age_sec=None predictive_target=3 proactive=False scenario=s4-hybrid-predictive target_replicas=6 upper_forecasts=None
2026-09-12 14:50:38 [debug    ] Decision loop completed        action=REACTIVE latency_ms=95.73 p99=422.74999999999994
2026-09-12 14:50:53 [info     ] controller_decision_v3         action=RECOVERY available_replicas=6 budget_remaining=998 burn_adjustment=0 burst_ratio=0.0488 capacity_deficit=False confidence=0 current_load=105.02206666666665 decision_id=be23d7c0 k8s_capacity=99.9 k8s_weight=95 knative_weight=5 p99=99.7 predicted_load=0 r_effective=16.6 serverless_enabled=True total_load=105.0 weights_after={'k3s': 95, 'knative': 5} weights_before={'k3s': 85, 'knative': 15}
2026-09-12 14:50:53 [info     ] Weights updated                k3s=95 knative=5
2026-09-12 14:50:53 [info     ] Weights updated                action=RECOVERY reason='load=105RPS | k8s_cap=100RPS | (reducing-serverless)' weights={'k3s': 95, 'knative': 5}
2026-09-12 14:50:53 [info     ] algorithm2_scaling_decision    action=MAINTAIN alpha=0.060060060060060066 beta=0.0 buffer=1.0 current_replicas=6 predicted_load=111.1814333333333 required_resources=6.678 target_replicas=6
2026-09-12 14:50:53 [info     ] algorithm2_decision            action=MAINTAIN applied_target=6 current_replicas=6 hold_until=0.0 observed_load=111.18 observed_target=6 point_forecasts=None prediction_age_sec=None predictive_target=3 proactive=False scenario=s4-hybrid-predictive target_replicas=6 upper_forecasts=None
2026-09-12 14:50:53 [debug    ] Decision loop completed        action=RECOVERY latency_ms=124.18 p99=99.7283693843594
2026-09-12 14:51:08 [info     ] controller_decision_v3         action=RECOVERY available_replicas=6 budget_remaining=998 burn_adjustment=0 burst_ratio=0 capacity_deficit=False confidence=0 current_load=88.26666666666661 decision_id=0f893722 k8s_capacity=99.9 k8s_weight=100 knative_weight=0 p99=99.8 predicted_load=0 r_effective=16.6 serverless_enabled=False total_load=88.3 weights_after={'k3s': 100, 'knative': 0} weights_before={'k3s': 95, 'knative': 5}
2026-09-12 14:51:08 [info     ] Weights updated                k3s=100 knative=0
2026-09-12 14:51:08 [info     ] Weights updated                action=RECOVERY reason='load=88RPS | k8s_cap=100RPS | (reducing-serverless)' weights={'k3s': 100, 'knative': 0}
2026-09-12 14:51:08 [info     ] algorithm2_scaling_decision    action=MAINTAIN alpha=0.060060060060060066 beta=0.0 buffer=1.0 current_replicas=6 predicted_load=96.64436666666663 required_resources=5.804 target_replicas=6
2026-09-12 14:51:08 [info     ] algorithm2_decision            action=MAINTAIN applied_target=6 current_replicas=6 hold_until=0.0 observed_load=96.64 observed_target=6 point_forecasts=None prediction_age_sec=None predictive_target=3 proactive=False scenario=s4-hybrid-predictive target_replicas=6 upper_forecasts=None
2026-09-12 14:51:08 [debug    ] Decision loop completed        action=RECOVERY latency_ms=125.31 p99=99.78877005347594
2026-09-12 14:51:23 [debug    ] GRU prediction received        confidence=0.6 latency_ms=3.57 predicted=123
2026-09-12 14:51:23 [debug    ] Using GRU prediction           confidence=0.6 forecast_capacity_signal=56.2 predicted=123 required_steps=5
2026-09-12 14:51:23 [info     ] algorithm2_scaling_decision    action=MAINTAIN alpha=0.060060060060060066 beta=0.0 buffer=1.0 current_replicas=6 predicted_load=82.99999999999996 required_resources=4.985 target_replicas=5
2026-09-12 14:51:23 [info     ] algorithm2_decision            action=MAINTAIN applied_target=5 current_replicas=6 hold_until=0.0 observed_load=83.0 observed_target=5 point_forecasts=[67.26177978515625, 63.53718566894531, 59.502403259277344, 56.908817291259766, 56.183616638183594, 52.84147644042969, 52.41826629638672, 51.83212661743164, 52.1259765625] prediction_age_sec=0.06 predictive_target=3 proactive=False scenario=s4-hybrid-predictive target_replicas=5 upper_forecasts=[122.15840148925781, 123.26107788085938, 118.6002197265625, 116.12625122070312, 115.85999298095703, 112.58287811279297, 112.55059814453125, 111.73710632324219, 112.20536041259766]
2026-09-12 14:51:23 [debug    ] Decision loop completed        action=MAINTAIN latency_ms=96.44 p99=99.91601178781926
2026-09-12 14:51:38 [debug    ] GRU prediction received        confidence=0.6 latency_ms=4.38 predicted=123
2026-09-12 14:51:38 [debug    ] Using GRU prediction           confidence=0.6 forecast_capacity_signal=57.3 predicted=123 required_steps=5
2026-09-12 14:51:38 [info     ] algorithm2_scaling_decision    action=MAINTAIN alpha=0.060060060060060066 beta=0.0 buffer=1.0 current_replicas=6 predicted_load=74.04444444444442 required_resources=4.447 target_replicas=5
2026-09-12 14:51:38 [info     ] algorithm2_decision            action=MAINTAIN applied_target=5 current_replicas=6 hold_until=0.0 observed_load=74.04 observed_target=5 point_forecasts=[65.51736450195312, 63.49638748168945, 60.779930114746094, 57.68699645996094, 57.31807327270508, 55.0285530090332, 55.11531066894531, 54.903926849365234, 55.21640396118164] prediction_age_sec=0.06 predictive_target=3 proactive=False scenario=s4-hybrid-predictive target_replicas=5 upper_forecasts=[120.41398620605469, 123.22027587890625, 119.87774658203125, 116.90443420410156, 116.99444580078125, 114.76995849609375, 115.24763488769531, 114.80890655517578, 115.29579162597656]
2026-09-12 14:51:38 [debug    ] Decision loop completed        action=MAINTAIN latency_ms=99.86 p99=99.87269585253455
2026-09-12 14:51:53 [debug    ] GRU prediction received        confidence=0.6 latency_ms=3.7 predicted=124
2026-09-12 14:51:53 [debug    ] Using GRU prediction           confidence=0.6 forecast_capacity_signal=59.1 predicted=124 required_steps=5
2026-09-12 14:51:53 [info     ] algorithm2_scaling_decision    action=MAINTAIN alpha=0.060060060060060066 beta=0.0 buffer=1.0 current_replicas=6 predicted_load=68.19999999999999 required_resources=4.096 target_replicas=5
2026-09-12 14:51:53 [info     ] algorithm2_decision            action=MAINTAIN applied_target=5 current_replicas=6 hold_until=0.0 observed_load=68.2 observed_target=5 point_forecasts=[64.778076171875, 63.93479919433594, 62.079864501953125, 59.09291076660156, 59.08242416381836, 57.422569274902344, 57.66478729248047, 57.90613555908203, 58.239288330078125] prediction_age_sec=0.06 predictive_target=4 proactive=False scenario=s4-hybrid-predictive target_replicas=5 upper_forecasts=[119.67469787597656, 123.65869140625, 121.17768096923828, 118.31034851074219, 118.75880432128906, 117.16397094726562, 117.797119140625, 117.81111145019531, 118.31867218017578]
2026-09-12 14:51:53 [debug    ] Decision loop completed        action=MAINTAIN latency_ms=104.04 p99=99.58154506437766
2026-09-12 14:52:09 [debug    ] GRU prediction received        confidence=0.6 latency_ms=4.35 predicted=127
2026-09-12 14:52:09 [debug    ] Using GRU prediction           confidence=0.6 forecast_capacity_signal=62.6 predicted=127 required_steps=5
2026-09-12 14:52:09 [info     ] algorithm2_scaling_decision    action=MAINTAIN alpha=0.060060060060060066 beta=0.0 buffer=1.0 current_replicas=6 predicted_load=69.95555555555553 required_resources=4.202 target_replicas=5
2026-09-12 14:52:09 [info     ] algorithm2_decision            action=MAINTAIN applied_target=5 current_replicas=6 hold_until=0.0 observed_load=69.96 observed_target=5 point_forecasts=[68.74239349365234, 66.97213745117188, 65.34497833251953, 62.7226676940918, 62.593833923339844, 61.220333099365234, 61.82603454589844, 61.94729995727539, 62.19847869873047] prediction_age_sec=0.07 predictive_target=4 proactive=False scenario=s4-hybrid-predictive target_replicas=5 upper_forecasts=[123.63900756835938, 126.69602966308594, 124.44279479980469, 121.94010925292969, 122.27021026611328, 120.96173095703125, 121.95835876464844, 121.85227966308594, 122.27786254882812]
2026-09-12 14:52:09 [debug    ] Decision loop completed        action=MAINTAIN latency_ms=104.44 p99=186.5604395604394
2026-09-12 14:52:24 [debug    ] GRU prediction received        confidence=0.6 latency_ms=3.93 predicted=133
2026-09-12 14:52:24 [debug    ] Using GRU prediction           confidence=0.6 forecast_capacity_signal=68.7 predicted=133 required_steps=5
2026-09-12 14:52:24 [debug    ] Proactive amplification        amplified=136.7 approach_ratio=0.96 load_trend=4.5 raw_pred=133
2026-09-12 14:52:24 [info     ] algorithm2_scaling_decision    action=MAINTAIN alpha=0.060060060060060066 beta=0.0 buffer=1.0 current_replicas=6 predicted_load=84.86666666666665 required_resources=5.097 target_replicas=6
2026-09-12 14:52:24 [info     ] algorithm2_decision            action=MAINTAIN applied_target=6 current_replicas=6 hold_until=0.0 observed_load=84.87 observed_target=6 point_forecasts=[78.57854461669922, 73.73103332519531, 71.55064392089844, 69.37533569335938, 68.70667266845703, 67.42855834960938, 67.85623168945312, 67.2618408203125, 67.3386001586914] prediction_age_sec=0.06 predictive_target=4 proactive=False scenario=s4-hybrid-predictive target_replicas=6 upper_forecasts=[133.47515869140625, 133.45492553710938, 130.64846801757812, 128.5927734375, 128.383056640625, 127.16996002197266, 127.98855590820312, 127.16682434082031, 127.41798400878906]
2026-09-12 14:52:24 [debug    ] Decision loop completed        action=MAINTAIN latency_ms=100.92 p99=213.3499999999988
2026-09-12 14:52:39 [debug    ] GRU prediction received        confidence=0.6 latency_ms=3.8 predicted=143
2026-09-12 14:52:39 [debug    ] Using GRU prediction           confidence=0.6 forecast_capacity_signal=75.6 predicted=143 required_steps=5
2026-09-12 14:52:39 [debug    ] Proactive amplification        amplified=207.6 approach_ratio=1.13 load_trend=10.6 raw_pred=143
2026-09-12 14:52:39 [warning  ] Knative pre-warm non-200       status=404
2026-09-12 14:52:39 [info     ] controller_decision_v3         action=PREDICTIVE available_replicas=6 budget_remaining=997 burn_adjustment=0 burst_ratio=0.1126 capacity_deficit=False confidence=0.6 current_load=112.57777777777774 decision_id=356639ae k8s_capacity=99.9 k8s_weight=88 knative_weight=12 p99=195.5 predicted_load=143 r_effective=16.6 serverless_enabled=True total_load=112.6 weights_after={'k3s': 88, 'knative': 12} weights_before={'k3s': 100, 'knative': 0}
2026-09-12 14:52:39 [info     ] Weights updated                k3s=88 knative=12
2026-09-12 14:52:39 [info     ] Weights updated                action=PREDICTIVE reason='load=113RPS | k8s_cap=100RPS | (prediction-driven)' weights={'k3s': 88, 'knative': 12}
2026-09-12 14:52:39 [info     ] algorithm2_scaling_decision    action=MAINTAIN alpha=0.060060060060060066 beta=0.0 buffer=1.0 current_replicas=6 predicted_load=104.2222222222222 required_resources=6.26 target_replicas=6
2026-09-12 14:52:39 [info     ] algorithm2_decision            action=MAINTAIN applied_target=6 current_replicas=6 hold_until=0.0 observed_load=104.22 observed_target=6 point_forecasts=[88.20799255371094, 81.17787170410156, 78.21515655517578, 76.50753021240234, 75.64138793945312, 73.81098175048828, 73.9371337890625, 72.79409790039062, 72.48013305664062] prediction_age_sec=0.06 predictive_target=4 proactive=False scenario=s4-hybrid-predictive target_replicas=6 upper_forecasts=[143.1046142578125, 140.90176391601562, 137.31297302246094, 135.7249755859375, 135.31776428222656, 133.55238342285156, 134.0694580078125, 132.69908142089844, 132.55950927734375]
2026-09-12 14:52:39 [debug    ] Decision loop completed        action=PREDICTIVE latency_ms=101.53 p99=195.50270270270275
2026-09-12 14:52:54 [debug    ] GRU prediction received        confidence=0.6 latency_ms=3.79 predicted=145
2026-09-12 14:52:54 [debug    ] Using GRU prediction           confidence=0.6 forecast_capacity_signal=79.2 predicted=145 required_steps=5
2026-09-12 14:52:54 [debug    ] Proactive amplification        amplified=205.2 approach_ratio=1.09 load_trend=10.7 raw_pred=145
2026-09-12 14:52:54 [info     ] controller_decision_v3         action=RECOVERY available_replicas=6 budget_remaining=997 burn_adjustment=0 burst_ratio=0.0824 capacity_deficit=False confidence=0.6 current_load=108.86666666666663 decision_id=f0283edb k8s_capacity=99.9 k8s_weight=91 knative_weight=9 p99=99.7 predicted_load=145 r_effective=16.6 serverless_enabled=True total_load=108.9 weights_after={'k3s': 91, 'knative': 9} weights_before={'k3s': 88, 'knative': 12}
2026-09-12 14:52:54 [info     ] Weights updated                k3s=91 knative=9
2026-09-12 14:52:54 [info     ] Weights updated                action=RECOVERY reason='load=109RPS | k8s_cap=100RPS | (reducing-serverless)' weights={'k3s': 91, 'knative': 9}
2026-09-12 14:52:54 [info     ] algorithm2_scaling_decision    action=MAINTAIN alpha=0.060060060060060066 beta=0.0 buffer=1.0 current_replicas=6 predicted_load=110.72222222222219 required_resources=6.65 target_replicas=6
2026-09-12 14:52:54 [info     ] algorithm2_decision            action=MAINTAIN applied_target=6 current_replicas=6 hold_until=0.0 observed_load=110.72 observed_target=6 point_forecasts=[90.07652282714844, 84.28005981445312, 81.5026626586914, 80.25406646728516, 79.175537109375, 76.88426208496094, 76.97075653076172, 76.44840240478516, 75.42434692382812] prediction_age_sec=0.1 predictive_target=5 proactive=False scenario=s4-hybrid-predictive target_replicas=6 upper_forecasts=[144.97314453125, 144.0039520263672, 140.60047912597656, 139.47149658203125, 138.85191345214844, 136.62567138671875, 137.10308837890625, 136.35337829589844, 135.50372314453125]
2026-09-12 14:52:54 [debug    ] Decision loop completed        action=RECOVERY latency_ms=138.78 p99=99.68682684341343
2026-09-12 14:53:09 [debug    ] GRU prediction received        confidence=0.6 latency_ms=3.99 predicted=144
2026-09-12 14:53:09 [debug    ] Using GRU prediction           confidence=0.6 forecast_capacity_signal=79.8 predicted=144 required_steps=5
2026-09-12 14:53:09 [debug    ] Proactive amplification        amplified=144 approach_ratio=0.94 load_trend=5.1 raw_pred=144
2026-09-12 14:53:09 [info     ] controller_decision_v3         action=RECOVERY available_replicas=6 budget_remaining=997 burn_adjustment=0 burst_ratio=0 capacity_deficit=False confidence=0.6 current_load=94.37777777777777 decision_id=447606d8 k8s_capacity=99.9 k8s_weight=100 knative_weight=0 p99=99.6 predicted_load=144 r_effective=16.6 serverless_enabled=False total_load=94.4 weights_after={'k3s': 100, 'knative': 0} weights_before={'k3s': 91, 'knative': 9}
2026-09-12 14:53:09 [info     ] Weights updated                k3s=100 knative=0
2026-09-12 14:53:09 [info     ] Weights updated                action=RECOVERY reason='load=94RPS | k8s_cap=100RPS | (reducing-serverless)' weights={'k3s': 100, 'knative': 0}
2026-09-12 14:53:09 [info     ] algorithm2_scaling_decision    action=MAINTAIN alpha=0.060060060060060066 beta=0.0 buffer=1.0 current_replicas=6 predicted_load=101.6222222222222 required_resources=6.103 target_replicas=6
2026-09-12 14:53:09 [info     ] algorithm2_decision            action=MAINTAIN applied_target=6 current_replicas=6 hold_until=0.0 observed_load=101.62 observed_target=6 point_forecasts=[86.7558364868164, 84.27918243408203, 82.30606079101562, 80.63960266113281, 79.83936309814453, 77.55442810058594, 77.61155700683594, 77.48542785644531, 76.8105239868164] prediction_age_sec=0.09 predictive_target=5 proactive=False scenario=s4-hybrid-predictive target_replicas=6 upper_forecasts=[141.65245056152344, 144.00306701660156, 141.40386962890625, 139.85704040527344, 139.5157470703125, 137.29583740234375, 137.74388122558594, 137.39041137695312, 136.88990783691406]
2026-09-12 14:53:09 [debug    ] Decision loop completed        action=RECOVERY latency_ms=127.79 p99=99.64474772539289
2026-09-12 14:53:24 [debug    ] GRU prediction received        confidence=0.6 latency_ms=3.86 predicted=143
2026-09-12 14:53:24 [debug    ] Using GRU prediction           confidence=0.6 forecast_capacity_signal=79.2 predicted=143 required_steps=5
2026-09-12 14:53:24 [info     ] algorithm2_scaling_decision    action=MAINTAIN alpha=0.060060060060060066 beta=0.0 buffer=1.0 current_replicas=6 predicted_load=88.41111111111108 required_resources=5.31 target_replicas=6
2026-09-12 14:53:24 [info     ] algorithm2_decision            action=MAINTAIN applied_target=6 current_replicas=6 hold_until=0.0 observed_load=88.41 observed_target=6 point_forecasts=[83.2783203125, 83.08695983886719, 81.72592163085938, 79.82383728027344, 79.21173095703125, 77.2845687866211, 77.47320556640625, 77.55182647705078, 77.54681396484375] prediction_age_sec=0.06 predictive_target=5 proactive=False scenario=s4-hybrid-predictive target_replicas=6 upper_forecasts=[138.17494201660156, 142.81085205078125, 140.82373046875, 139.04127502441406, 138.8881072998047, 137.02597045898438, 137.60552978515625, 137.45680236816406, 137.62619018554688]
2026-09-12 14:53:24 [debug    ] Decision loop completed        action=MAINTAIN latency_ms=103.86 p99=99.60985178727114
2026-09-12 14:53:39 [debug    ] GRU prediction received        confidence=0.6 latency_ms=4.42 predicted=145
2026-09-12 14:53:39 [debug    ] Using GRU prediction           confidence=0.6 forecast_capacity_signal=80.4 predicted=145 required_steps=5
2026-09-12 14:53:39 [info     ] algorithm2_scaling_decision    action=MAINTAIN alpha=0.060060060060060066 beta=0.0 buffer=1.0 current_replicas=6 predicted_load=87.51111111111108 required_resources=5.256 target_replicas=6
2026-09-12 14:53:39 [info     ] algorithm2_decision            action=MAINTAIN applied_target=6 current_replicas=6 hold_until=0.0 observed_load=87.51 observed_target=6 point_forecasts=[88.01367950439453, 85.2511978149414, 82.9383316040039, 81.25325012207031, 80.36287689208984, 78.6048812866211, 79.23707580566406, 78.7782211303711, 79.1470947265625] prediction_age_sec=0.07 predictive_target=5 proactive=False scenario=s4-hybrid-predictive target_replicas=6 upper_forecasts=[142.91029357910156, 144.97508239746094, 142.03614807128906, 140.47068786621094, 140.03924560546875, 138.34628295898438, 139.36940002441406, 138.68319702148438, 139.22647094726562]
2026-09-12 14:53:39 [debug    ] Decision loop completed        action=MAINTAIN latency_ms=106.84 p99=153.72972972972943
2026-09-12 14:53:54 [debug    ] GRU prediction received        confidence=0.6 latency_ms=3.89 predicted=152
2026-09-12 14:53:54 [debug    ] Using GRU prediction           confidence=0.6 forecast_capacity_signal=84.5 predicted=152 required_steps=5
2026-09-12 14:53:54 [warning  ] Knative pre-warm non-200       status=404
2026-09-12 14:53:54 [info     ] controller_decision_v3         action=PREDICTIVE available_replicas=6 budget_remaining=996 burn_adjustment=0 burst_ratio=0.1261 capacity_deficit=False confidence=0.6 current_load=114.31111111111107 decision_id=b7c09741 k8s_capacity=99.9 k8s_weight=87 knative_weight=13 p99=442.6 predicted_load=152 r_effective=16.6 serverless_enabled=True total_load=114.3 weights_after={'k3s': 87, 'knative': 13} weights_before={'k3s': 100, 'knative': 0}
2026-09-12 14:53:54 [info     ] Weights updated                k3s=87 knative=13
2026-09-12 14:53:54 [info     ] Weights updated                action=PREDICTIVE reason='load=114RPS | k8s_cap=100RPS | (prediction-driven)' weights={'k3s': 87, 'knative': 13}
2026-09-12 14:53:54 [info     ] algorithm2_scaling_decision    action=MAINTAIN alpha=0.060060060060060066 beta=0.0 buffer=1.0 current_replicas=6 predicted_load=103.44444444444441 required_resources=6.213 target_replicas=6
2026-09-12 14:53:54 [info     ] algorithm2_decision            action=MAINTAIN applied_target=6 current_replicas=6 hold_until=0.0 observed_load=103.44 observed_target=6 point_forecasts=[96.94729614257812, 90.29863739013672, 87.02912902832031, 85.40868377685547, 84.46144104003906, 82.98907470703125, 83.09912872314453, 82.09160614013672, 82.0709228515625] prediction_age_sec=0.07 predictive_target=5 proactive=False scenario=s4-hybrid-predictive target_replicas=6 upper_forecasts=[151.8439178466797, 150.02252197265625, 146.126953125, 144.62612915039062, 144.1378173828125, 142.73046875, 143.23146057128906, 141.99658203125, 142.15029907226562]
2026-09-12 14:53:54 [debug    ] Decision loop completed        action=PREDICTIVE latency_ms=106.16 p99=442.62135922330106
2026-09-12 14:54:09 [debug    ] GRU prediction received        confidence=0.6 latency_ms=4.14 predicted=162
2026-09-12 14:54:09 [debug    ] Using GRU prediction           confidence=0.6 forecast_capacity_signal=89.9 predicted=162 required_steps=5
2026-09-12 14:54:09 [debug    ] Proactive amplification        amplified=248.4 approach_ratio=1.42 load_trend=11.9 raw_pred=162
2026-09-12 14:54:09 [info     ] controller_decision_v3         action=PREDICTIVE available_replicas=6 budget_remaining=995 burn_adjustment=0 burst_ratio=0.2954 capacity_deficit=False confidence=0.6 current_load=141.7777777777778 decision_id=987e4223 k8s_capacity=99.9 k8s_weight=70 knative_weight=30 p99=1965.6 predicted_load=162 r_effective=16.6 serverless_enabled=True total_load=141.8 weights_after={'k3s': 70, 'knative': 30} weights_before={'k3s': 87, 'knative': 13}
2026-09-12 14:54:09 [info     ] Weights updated                k3s=70 knative=30
2026-09-12 14:54:09 [info     ] Weights updated                action=PREDICTIVE reason='load=142RPS | k8s_cap=100RPS | (prediction-driven)' weights={'k3s': 70, 'knative': 30}
2026-09-12 14:54:09 [info     ] algorithm2_scaling_decision    action=MAINTAIN alpha=0.060060060060060066 beta=0.0 buffer=1.0 current_replicas=6 predicted_load=128.04444444444442 required_resources=7.69 target_replicas=6
2026-09-12 14:54:09 [info     ] algorithm2_decision            action=MAINTAIN applied_target=6 current_replicas=6 hold_until=0.0 observed_load=128.04 observed_target=6 point_forecasts=[107.17137145996094, 96.58908081054688, 92.39389038085938, 90.89631652832031, 89.91832733154297, 88.49850463867188, 87.294189453125, 86.99591827392578, 85.36967468261719] prediction_age_sec=0.06 predictive_target=5 proactive=False scenario=s4-hybrid-predictive target_replicas=6 upper_forecasts=[162.0679931640625, 156.31297302246094, 151.49169921875, 150.11375427246094, 149.59469604492188, 148.23989868164062, 147.426513671875, 146.90089416503906, 145.44906616210938]
2026-09-12 14:54:09 [debug    ] Decision loop completed        action=PREDICTIVE latency_ms=101.72 p99=1965.5938697318004
2026-09-12 14:54:25 [debug    ] GRU prediction received        confidence=0.6 latency_ms=4.69 predicted=170
2026-09-12 14:54:25 [debug    ] Using GRU prediction           confidence=0.6 forecast_capacity_signal=95.4 predicted=170 required_steps=5
2026-09-12 14:54:25 [debug    ] Proactive amplification        amplified=323.9 approach_ratio=1.57 load_trend=18.6 raw_pred=170
2026-09-12 14:54:25 [info     ] controller_decision_v3         action=PREDICTIVE available_replicas=6 budget_remaining=994 burn_adjustment=0 burst_ratio=0.3626 capacity_deficit=False confidence=0.6 current_load=156.73333333333332 decision_id=8307b369 k8s_capacity=99.9 k8s_weight=63 knative_weight=37 p99=1899.7 predicted_load=170 r_effective=16.6 serverless_enabled=True total_load=156.7 weights_after={'k3s': 63, 'knative': 37} weights_before={'k3s': 70, 'knative': 30}
2026-09-12 14:54:25 [info     ] Weights updated                k3s=63 knative=37
2026-09-12 14:54:25 [info     ] Weights updated                action=PREDICTIVE reason='load=157RPS | k8s_cap=100RPS | (prediction-driven)' weights={'k3s': 63, 'knative': 37}
2026-09-12 14:54:25 [info     ] algorithm2_scaling_decision    action=MAINTAIN alpha=0.060060060060060066 beta=0.0 buffer=1.0 current_replicas=6 predicted_load=149.25555555555556 required_resources=8.964 target_replicas=6
2026-09-12 14:54:25 [info     ] algorithm2_decision            action=MAINTAIN applied_target=6 current_replicas=6 hold_until=0.0 observed_load=149.26 observed_target=6 point_forecasts=[114.87287139892578, 102.86478424072266, 98.82481384277344, 97.38751220703125, 95.41647338867188, 94.78129577636719, 92.35363006591797, 92.531494140625, 89.85606384277344] prediction_age_sec=0.07 predictive_target=5 proactive=False scenario=s4-hybrid-predictive target_replicas=6 upper_forecasts=[169.7694854736328, 162.5886688232422, 157.92263793945312, 156.60494995117188, 155.0928497314453, 154.522705078125, 152.4859619140625, 152.4364776611328, 149.93545532226562]
2026-09-12 14:54:25 [debug    ] Decision loop completed        action=PREDICTIVE latency_ms=108.82 p99=1899.7340425531897
2026-09-12 14:54:40 [debug    ] GRU prediction received        confidence=0.6 latency_ms=3.68 predicted=172
2026-09-12 14:54:40 [debug    ] Using GRU prediction           confidence=0.6 forecast_capacity_signal=99.8 predicted=172 required_steps=5
2026-09-12 14:54:40 [debug    ] Proactive amplification        amplified=285.9 approach_ratio=1.52 load_trend=14.9 raw_pred=172
2026-09-12 14:54:40 [info     ] controller_decision_v3         action=RECOVERY available_replicas=6 budget_remaining=994 burn_adjustment=0 burst_ratio=0.3431 capacity_deficit=False confidence=0.6 current_load=152.06666666666666 decision_id=9174427d k8s_capacity=99.9 k8s_weight=65 knative_weight=35 p99=120.8 predicted_load=172 r_effective=16.6 serverless_enabled=True total_load=152.1 weights_after={'k3s': 65, 'knative': 35} weights_before={'k3s': 63, 'knative': 37}
2026-09-12 14:54:40 [info     ] Weights updated                k3s=65 knative=35
2026-09-12 14:54:40 [info     ] Weights updated                action=RECOVERY reason='load=152RPS | k8s_cap=100RPS | (reducing-serverless)' weights={'k3s': 65, 'knative': 35}
2026-09-12 14:54:40 [info     ] algorithm2_scaling_decision    action=MAINTAIN alpha=0.060060060060060066 beta=0.0 buffer=1.0 current_replicas=6 predicted_load=154.39999999999998 required_resources=9.273 target_replicas=6
2026-09-12 14:54:40 [info     ] algorithm2_decision            action=MAINTAIN applied_target=6 current_replicas=6 hold_until=0.0 observed_load=154.4 observed_target=6 point_forecasts=[116.77397918701172, 107.3187255859375, 104.0069580078125, 102.39155578613281, 99.77021789550781, 99.33592987060547, 97.30977630615234, 97.1882553100586, 93.858154296875] prediction_age_sec=0.1 predictive_target=6 proactive=False scenario=s4-hybrid-predictive target_replicas=6 upper_forecasts=[171.67059326171875, 167.04261779785156, 163.10476684570312, 161.60899353027344, 159.44659423828125, 159.07733154296875, 157.44210815429688, 157.09323120117188, 153.93753051757812]
2026-09-12 14:54:40 [debug    ] Decision loop completed        action=RECOVERY latency_ms=135.66 p99=120.76923076923009
2026-09-12 14:54:55 [debug    ] GRU prediction received        confidence=0.6 latency_ms=3.33 predicted=171
2026-09-12 14:54:55 [debug    ] Using GRU prediction           confidence=0.6 forecast_capacity_signal=102.6 predicted=171 required_steps=5
2026-09-12 14:54:55 [debug    ] Proactive amplification        amplified=196.4 approach_ratio=1.4 load_trend=6.3 raw_pred=171
2026-09-12 14:54:55 [info     ] controller_decision_v3         action=RECOVERY available_replicas=6 budget_remaining=994 burn_adjustment=0 burst_ratio=0.2842 capacity_deficit=False confidence=0.6 current_load=139.55555555555557 decision_id=9ef6ae44 k8s_capacity=99.9 k8s_weight=71 knative_weight=29 p99=99.6 predicted_load=171 r_effective=16.6 serverless_enabled=True total_load=139.6 weights_after={'k3s': 71, 'knative': 29} weights_before={'k3s': 65, 'knative': 35}
2026-09-12 14:54:55 [info     ] Weights updated                k3s=71 knative=29
2026-09-12 14:54:55 [info     ] Weights updated                action=RECOVERY reason='load=140RPS | k8s_cap=100RPS | (reducing-serverless)' weights={'k3s': 71, 'knative': 29}
2026-09-12 14:54:55 [info     ] algorithm2_scaling_decision    action=MAINTAIN alpha=0.060060060060060066 beta=0.0 buffer=1.0 current_replicas=6 predicted_load=145.81111111111113 required_resources=8.757 target_replicas=6
2026-09-12 14:54:55 [info     ] algorithm2_decision            action=MAINTAIN applied_target=6 current_replicas=6 hold_until=0.0 observed_load=145.81 observed_target=6 point_forecasts=[116.39027404785156, 110.31562042236328, 107.12158966064453, 105.34423828125, 102.58570098876953, 102.62374877929688, 100.79204559326172, 100.62913513183594, 96.67943572998047] prediction_age_sec=0.09 predictive_target=6 proactive=False scenario=s4-hybrid-predictive target_replicas=6 upper_forecasts=[171.28689575195312, 170.0395050048828, 166.2194061279297, 164.56167602539062, 162.2620849609375, 162.36514282226562, 160.92437744140625, 160.53411865234375, 156.75881958007812]
2026-09-12 14:54:55 [debug    ] Decision loop completed        action=RECOVERY latency_ms=131.98 p99=99.57050923335201
2026-09-12 14:55:10 [debug    ] GRU prediction received        confidence=0.6 latency_ms=3.95 predicted=171
2026-09-12 14:55:10 [debug    ] Using GRU prediction           confidence=0.6 forecast_capacity_signal=103.4 predicted=171 required_steps=5
2026-09-12 14:55:10 [info     ] controller_decision_v3         action=RECOVERY available_replicas=6 budget_remaining=994 burn_adjustment=0 burst_ratio=0.2098 capacity_deficit=False confidence=0.6 current_load=126.42222222222217 decision_id=8ccd6832 k8s_capacity=99.9 k8s_weight=79 knative_weight=21 p99=99.6 predicted_load=171 r_effective=16.6 serverless_enabled=True total_load=126.4 weights_after={'k3s': 79, 'knative': 21} weights_before={'k3s': 71, 'knative': 29}
2026-09-12 14:55:10 [info     ] Weights updated                k3s=79 knative=21
2026-09-12 14:55:10 [info     ] Weights updated                action=RECOVERY reason='load=126RPS | k8s_cap=100RPS | (reducing-serverless)' weights={'k3s': 79, 'knative': 21}
2026-09-12 14:55:10 [info     ] algorithm2_scaling_decision    action=MAINTAIN alpha=0.060060060060060066 beta=0.0 buffer=1.0 current_replicas=6 predicted_load=132.98888888888888 required_resources=7.987 target_replicas=6
2026-09-12 14:55:10 [info     ] algorithm2_decision            action=MAINTAIN applied_target=6 current_replicas=6 hold_until=0.0 observed_load=132.99 observed_target=6 point_forecasts=[114.86337280273438, 111.140380859375, 108.25926971435547, 105.87723541259766, 103.40019226074219, 103.74331665039062, 102.06416320800781, 101.7487564086914, 97.65074157714844] prediction_age_sec=0.09 predictive_target=6 proactive=False scenario=s4-hybrid-predictive target_replicas=6 upper_forecasts=[169.75999450683594, 170.86427307128906, 167.35708618164062, 165.09466552734375, 163.07656860351562, 163.48471069335938, 162.1964874267578, 161.6537322998047, 157.73013305664062]
2026-09-12 14:55:10 [debug    ] Decision loop completed        action=RECOVERY latency_ms=132.03 p99=99.60057306590258
2026-09-12 14:55:25 [debug    ] GRU prediction received        confidence=0.6 latency_ms=4.24 predicted=171
2026-09-12 14:55:25 [debug    ] Using GRU prediction           confidence=0.6 forecast_capacity_signal=103.9 predicted=171 required_steps=5
2026-09-12 14:55:25 [info     ] controller_decision_v3         action=RECOVERY available_replicas=6 budget_remaining=994 burn_adjustment=0 burst_ratio=0.1881 capacity_deficit=False confidence=0.6 current_load=123.04444444444441 decision_id=22f8f41b k8s_capacity=99.9 k8s_weight=81 knative_weight=19 p99=99.8 predicted_load=171 r_effective=16.6 serverless_enabled=True total_load=123.0 weights_after={'k3s': 81, 'knative': 19} weights_before={'k3s': 79, 'knative': 21}
2026-09-12 14:55:25 [info     ] Weights updated                k3s=81 knative=19
2026-09-12 14:55:25 [info     ] Weights updated                action=RECOVERY reason='load=123RPS | k8s_cap=100RPS | (reducing-serverless)' weights={'k3s': 81, 'knative': 19}
2026-09-12 14:55:25 [info     ] algorithm2_scaling_decision    action=MAINTAIN alpha=0.060060060060060066 beta=0.0 buffer=1.0 current_replicas=6 predicted_load=124.73333333333329 required_resources=7.491 target_replicas=6
2026-09-12 14:55:25 [info     ] algorithm2_decision            action=MAINTAIN applied_target=6 current_replicas=6 hold_until=0.0 observed_load=124.73 observed_target=6 point_forecasts=[114.94172668457031, 111.48600769042969, 108.4903793334961, 106.3168716430664, 103.88384246826172, 104.40787506103516, 102.72264099121094, 102.47801971435547, 98.48560333251953] prediction_age_sec=0.09 predictive_target=6 proactive=False scenario=s4-hybrid-predictive target_replicas=6 upper_forecasts=[169.83834838867188, 171.20989990234375, 167.58819580078125, 165.5343017578125, 163.56021118164062, 164.14927673339844, 162.85496520996094, 162.38299560546875, 158.5649871826172]
2026-09-12 14:55:25 [debug    ] Decision loop completed        action=RECOVERY latency_ms=137.57 p99=99.80875202593192
2026-09-12 14:55:40 [debug    ] GRU prediction received        confidence=0.6 latency_ms=4.62 predicted=171
2026-09-12 14:55:40 [debug    ] Using GRU prediction           confidence=0.6 forecast_capacity_signal=104.6 predicted=171 required_steps=5
2026-09-12 14:55:40 [info     ] algorithm2_scaling_decision    action=MAINTAIN alpha=0.060060060060060066 beta=0.0 buffer=1.0 current_replicas=6 predicted_load=123.12222222222219 required_resources=7.395 target_replicas=6
2026-09-12 14:55:40 [info     ] algorithm2_decision            action=MAINTAIN applied_target=6 current_replicas=6 hold_until=0.0 observed_load=123.12 observed_target=6 point_forecasts=[115.04263305664062, 111.59478759765625, 108.47814178466797, 107.02385711669922, 104.55406188964844, 105.0784912109375, 103.41529846191406, 103.21100616455078, 99.56613159179688] prediction_age_sec=0.06 predictive_target=6 proactive=False scenario=s4-hybrid-predictive target_replicas=6 upper_forecasts=[169.9392547607422, 171.3186798095703, 167.57595825195312, 166.24130249023438, 164.23043823242188, 164.81988525390625, 163.54762268066406, 163.11598205566406, 159.6455078125]
2026-09-12 14:55:40 [debug    ] Decision loop completed        action=MAINTAIN latency_ms=106.86 p99=99.9320987654321
2026-09-12 14:55:55 [debug    ] GRU prediction received        confidence=0.6 latency_ms=3.65 predicted=172
2026-09-12 14:55:55 [debug    ] Using GRU prediction           confidence=0.6 forecast_capacity_signal=105.6 predicted=172 required_steps=5
2026-09-12 14:55:55 [info     ] controller_decision_v3         action=PREDICTIVE available_replicas=6 budget_remaining=994 burn_adjustment=0 burst_ratio=0.1941 capacity_deficit=False confidence=0.6 current_load=123.9555555555555 decision_id=a7d59a1b k8s_capacity=99.9 k8s_weight=80 knative_weight=20 p99=103.8 predicted_load=172 r_effective=16.6 serverless_enabled=True total_load=124.0 weights_after={'k3s': 80, 'knative': 20} weights_before={'k3s': 81, 'knative': 19}
2026-09-12 14:55:55 [info     ] Weights updated                k3s=80 knative=20
2026-09-12 14:55:55 [info     ] Weights updated                action=PREDICTIVE reason='load=124RPS | k8s_cap=100RPS | (prediction-driven)' weights={'k3s': 80, 'knative': 20}
2026-09-12 14:55:55 [info     ] algorithm2_scaling_decision    action=MAINTAIN alpha=0.060060060060060066 beta=0.0 buffer=1.0 current_replicas=6 predicted_load=123.57777777777774 required_resources=7.422 target_replicas=6
2026-09-12 14:55:55 [info     ] algorithm2_decision            action=MAINTAIN applied_target=6 current_replicas=6 hold_until=0.0 observed_load=123.58 observed_target=6 point_forecasts=[115.58280944824219, 111.88850402832031, 109.06570434570312, 108.04431915283203, 105.60633850097656, 105.95367431640625, 104.584716796875, 104.42582702636719, 101.15948486328125] prediction_age_sec=0.06 predictive_target=6 proactive=False scenario=s4-hybrid-predictive target_replicas=6 upper_forecasts=[170.47943115234375, 171.61239624023438, 168.16351318359375, 167.26174926757812, 165.28271484375, 165.695068359375, 164.717041015625, 164.330810546875, 161.23886108398438]
2026-09-12 14:55:55 [debug    ] Decision loop completed        action=PREDICTIVE latency_ms=105.95 p99=103.78947368421068
2026-09-12 14:56:10 [debug    ] GRU prediction received        confidence=0.6 latency_ms=3.96 predicted=170
2026-09-12 14:56:10 [debug    ] Using GRU prediction           confidence=0.6 forecast_capacity_signal=105.9 predicted=170 required_steps=5
2026-09-12 14:56:10 [info     ] controller_decision_v3         action=RECOVERY available_replicas=6 budget_remaining=994 burn_adjustment=0 burst_ratio=0.1249 capacity_deficit=False confidence=0.6 current_load=114.15555555555554 decision_id=7b1376bb k8s_capacity=99.9 k8s_weight=87 knative_weight=13 p99=99.8 predicted_load=170 r_effective=16.6 serverless_enabled=True total_load=114.2 weights_after={'k3s': 87, 'knative': 13} weights_before={'k3s': 80, 'knative': 20}
2026-09-12 14:56:10 [info     ] Weights updated                k3s=87 knative=13
2026-09-12 14:56:10 [info     ] Weights updated                action=RECOVERY reason='load=114RPS | k8s_cap=100RPS | (reducing-serverless)' weights={'k3s': 87, 'knative': 13}
2026-09-12 14:56:10 [info     ] algorithm2_scaling_decision    action=MAINTAIN alpha=0.060060060060060066 beta=0.0 buffer=1.0 current_replicas=6 predicted_load=119.05555555555551 required_resources=7.15 target_replicas=6
2026-09-12 14:56:10 [info     ] algorithm2_decision            action=MAINTAIN applied_target=6 current_replicas=6 hold_until=0.0 observed_load=119.06 observed_target=6 point_forecasts=[111.99156188964844, 110.59205627441406, 108.71388244628906, 107.89605712890625, 105.94310760498047, 106.1124038696289, 104.8797836303711, 105.34037780761719, 101.84571075439453] prediction_age_sec=0.1 predictive_target=6 proactive=False scenario=s4-hybrid-predictive target_replicas=6 upper_forecasts=[166.88818359375, 170.31594848632812, 167.81170654296875, 167.11349487304688, 165.61947631835938, 165.8538055419922, 165.01211547851562, 165.245361328125, 161.9250946044922]
2026-09-12 14:56:10 [debug    ] Decision loop completed        action=RECOVERY latency_ms=133.07 p99=99.76397735314934
2026-09-12 14:56:26 [debug    ] GRU prediction received        confidence=0.6 latency_ms=3.42 predicted=168
2026-09-12 14:56:26 [debug    ] Using GRU prediction           confidence=0.6 forecast_capacity_signal=105.9 predicted=168 required_steps=5
2026-09-12 14:56:26 [info     ] controller_decision_v3         action=RECOVERY available_replicas=6 budget_remaining=994 burn_adjustment=0 burst_ratio=0.0231 capacity_deficit=False confidence=0.6 current_load=102.26666666666665 decision_id=bbf37199 k8s_capacity=99.9 k8s_weight=97 knative_weight=3 p99=99.7 predicted_load=168 r_effective=16.6 serverless_enabled=True total_load=102.3 weights_after={'k3s': 97, 'knative': 3} weights_before={'k3s': 87, 'knative': 13}
2026-09-12 14:56:26 [info     ] Weights updated                k3s=97 knative=3
2026-09-12 14:56:26 [info     ] Weights updated                action=RECOVERY reason='load=102RPS | k8s_cap=100RPS | (reducing-serverless)' weights={'k3s': 97, 'knative': 3}
2026-09-12 14:56:26 [info     ] algorithm2_scaling_decision    action=MAINTAIN alpha=0.060060060060060066 beta=0.0 buffer=1.0 current_replicas=6 predicted_load=108.2111111111111 required_resources=6.499 target_replicas=6
2026-09-12 14:56:26 [info     ] algorithm2_decision            action=MAINTAIN applied_target=6 current_replicas=6 hold_until=0.0 observed_load=108.21 observed_target=6 point_forecasts=[107.99313354492188, 108.75931549072266, 108.26091003417969, 107.3531723022461, 105.88064575195312, 105.89814758300781, 105.41104888916016, 105.67021179199219, 102.90203857421875] prediction_age_sec=0.09 predictive_target=6 proactive=False scenario=s4-hybrid-predictive target_replicas=6 upper_forecasts=[162.88975524902344, 168.4832000732422, 167.35873413085938, 166.57061767578125, 165.55702209472656, 165.63955688476562, 165.5433807373047, 165.5751953125, 162.98141479492188]
2026-09-12 14:56:26 [debug    ] Decision loop completed        action=RECOVERY latency_ms=134.87 p99=99.71855095541402
2026-09-12 14:56:41 [debug    ] GRU prediction received        confidence=0.6 latency_ms=3.67 predicted=165
2026-09-12 14:56:41 [debug    ] Using GRU prediction           confidence=0.6 forecast_capacity_signal=104.7 predicted=165 required_steps=5
2026-09-12 14:56:41 [info     ] controller_decision_v3         action=RECOVERY available_replicas=6 budget_remaining=994 burn_adjustment=0 burst_ratio=0 capacity_deficit=False confidence=0.6 current_load=86.93333333333334 decision_id=b48d65b4 k8s_capacity=99.9 k8s_weight=100 knative_weight=0 p99=99.8 predicted_load=165 r_effective=16.6 serverless_enabled=False total_load=86.9 weights_after={'k3s': 100, 'knative': 0} weights_before={'k3s': 97, 'knative': 3}
2026-09-12 14:56:41 [info     ] Weights updated                k3s=100 knative=0
2026-09-12 14:56:41 [info     ] Weights updated                action=RECOVERY reason='load=87RPS | k8s_cap=100RPS | (reducing-serverless)' weights={'k3s': 100, 'knative': 0}
2026-09-12 14:56:41 [info     ] algorithm2_scaling_decision    action=MAINTAIN alpha=0.060060060060060066 beta=0.0 buffer=1.0 current_replicas=6 predicted_load=94.6 required_resources=5.682 target_replicas=6
2026-09-12 14:56:41 [info     ] algorithm2_decision            action=MAINTAIN applied_target=6 current_replicas=6 hold_until=0.0 observed_load=94.6 observed_target=6 point_forecasts=[100.91609191894531, 105.01242065429688, 105.99921417236328, 105.6694564819336, 104.6748275756836, 104.67387390136719, 104.67098999023438, 104.99324798583984, 103.75257110595703] prediction_age_sec=0.09 predictive_target=6 proactive=False scenario=s4-hybrid-predictive target_replicas=6 upper_forecasts=[155.81271362304688, 164.73631286621094, 165.09703063964844, 164.88690185546875, 164.3511962890625, 164.415283203125, 164.80331420898438, 164.89822387695312, 163.8319549560547]
2026-09-12 14:56:41 [debug    ] Decision loop completed        action=RECOVERY latency_ms=132.96 p99=99.75275735294116
2026-09-12 14:56:56 [debug    ] GRU prediction received        confidence=0.6 latency_ms=3.69 predicted=165
2026-09-12 14:56:56 [debug    ] Using GRU prediction           confidence=0.6 forecast_capacity_signal=103.2 predicted=165 required_steps=5
2026-09-12 14:56:56 [info     ] algorithm2_scaling_decision    action=MAINTAIN alpha=0.060060060060060066 beta=0.0 buffer=1.0 current_replicas=6 predicted_load=87.69244270324707 required_resources=5.267 target_replicas=6
2026-09-12 14:56:56 [info     ] algorithm2_decision            action=MAINTAIN applied_target=6 current_replicas=6 hold_until=1789199906.3 observed_load=83.01 observed_target=5 point_forecasts=[95.47647094726562, 101.18254089355469, 103.01459503173828, 103.58798217773438, 103.1675796508789, 103.53933715820312, 103.43425750732422, 104.7757568359375, 103.97164916992188] prediction_age_sec=0.06 predictive_target=6 proactive=True scenario=s4-hybrid-predictive target_replicas=6 upper_forecasts=[150.3730926513672, 160.90643310546875, 162.11241149902344, 162.805419921875, 162.84396362304688, 163.28073120117188, 163.56658935546875, 164.6807403564453, 164.051025390625]
2026-09-12 14:56:56 [debug    ] Decision loop completed        action=MAINTAIN latency_ms=105.66 p99=99.57169634489223
2026-09-12 14:57:11 [debug    ] GRU prediction received        confidence=0.6 latency_ms=4.48 predicted=164
2026-09-12 14:57:11 [debug    ] Using GRU prediction           confidence=0.6 forecast_capacity_signal=101.7 predicted=164 required_steps=5
2026-09-12 14:57:11 [info     ] algorithm2_scaling_decision    action=MAINTAIN alpha=0.060060060060060066 beta=0.0 buffer=1.0 current_replicas=6 predicted_load=86.47187118530273 required_resources=5.194 target_replicas=6
2026-09-12 14:57:11 [info     ] algorithm2_decision            action=MAINTAIN applied_target=6 current_replicas=6 hold_until=1789199921.4 observed_load=77.73 observed_target=5 point_forecasts=[92.3617935180664, 98.43254852294922, 100.58097839355469, 101.75717163085938, 101.73161315917969, 102.37908172607422, 102.76600646972656, 104.5055923461914, 103.77701568603516] prediction_age_sec=0.06 predictive_target=6 proactive=True scenario=s4-hybrid-predictive target_replicas=6 upper_forecasts=[147.25840759277344, 158.15643310546875, 159.67880249023438, 160.974609375, 161.40798950195312, 162.1204833984375, 162.89833068847656, 164.4105682373047, 163.8563995361328]
2026-09-12 14:57:11 [debug    ] Decision loop completed        action=MAINTAIN latency_ms=96.22 p99=99.69132653061223
2026-09-12 14:57:26 [debug    ] GRU prediction received        confidence=0.6 latency_ms=3.48 predicted=164
2026-09-12 14:57:26 [debug    ] Using GRU prediction           confidence=0.6 forecast_capacity_signal=101.3 predicted=164 required_steps=5
2026-09-12 14:57:26 [info     ] algorithm2_scaling_decision    action=MAINTAIN alpha=0.060060060060060066 beta=0.0 buffer=1.0 current_replicas=6 predicted_load=86.07797317504883 required_resources=5.17 target_replicas=6
2026-09-12 14:57:26 [info     ] algorithm2_decision            action=MAINTAIN applied_target=6 current_replicas=6 hold_until=1789199936.5 observed_load=78.67 observed_target=5 point_forecasts=[93.07707977294922, 97.90137481689453, 99.81573486328125, 101.21357727050781, 101.26820373535156, 102.21814727783203, 102.93661499023438, 104.55516052246094, 103.62145233154297] prediction_age_sec=0.06 predictive_target=6 proactive=True scenario=s4-hybrid-predictive target_replicas=6 upper_forecasts=[147.97369384765625, 157.62525939941406, 158.91354370117188, 160.43101501464844, 160.944580078125, 161.9595489501953, 163.06893920898438, 164.46014404296875, 163.70083618164062]
2026-09-12 14:57:26 [debug    ] Decision loop completed        action=MAINTAIN latency_ms=104.64 p99=99.87490071485306
2026-09-12 14:57:41 [debug    ] GRU prediction received        confidence=0.6 latency_ms=3.74 predicted=163
2026-09-12 14:57:41 [debug    ] Using GRU prediction           confidence=0.6 forecast_capacity_signal=100.3 predicted=163 required_steps=5
2026-09-12 14:57:41 [info     ] algorithm2_scaling_decision    action=MAINTAIN alpha=0.060060060060060066 beta=0.0 buffer=1.0 current_replicas=6 predicted_load=85.2610725402832 required_resources=5.121 target_replicas=6
2026-09-12 14:57:41 [info     ] algorithm2_decision            action=MAINTAIN applied_target=6 current_replicas=6 hold_until=1789199951.6 observed_load=80.7 observed_target=5 point_forecasts=[92.14436340332031, 96.736572265625, 98.67875671386719, 100.07317352294922, 100.30714416503906, 101.39129638671875, 102.10536193847656, 103.53424835205078, 102.92555236816406] prediction_age_sec=0.06 predictive_target=6 proactive=True scenario=s4-hybrid-predictive target_replicas=6 upper_forecasts=[147.04098510742188, 156.46046447753906, 157.77658081054688, 159.29061889648438, 159.9835205078125, 161.1326904296875, 162.23768615722656, 163.43922424316406, 163.00494384765625]
2026-09-12 14:57:41 [debug    ] Decision loop completed        action=MAINTAIN latency_ms=101.06 p99=99.52616279069767
2026-09-12 14:57:56 [debug    ] GRU prediction received        confidence=0.6 latency_ms=3.21 predicted=161
2026-09-12 14:57:56 [debug    ] Using GRU prediction           confidence=0.6 forecast_capacity_signal=98.5 predicted=161 required_steps=5
2026-09-12 14:57:56 [info     ] algorithm2_scaling_decision    action=MAINTAIN alpha=0.060060060060060066 beta=0.0 buffer=1.0 current_replicas=6 predicted_load=83.72446174621582 required_resources=5.028 target_replicas=6
2026-09-12 14:57:56 [info     ] algorithm2_decision            action=MAINTAIN applied_target=6 current_replicas=6 hold_until=1789199966.8 observed_load=75.88 observed_target=5 point_forecasts=[88.0261459350586, 93.6617202758789, 96.45155334472656, 97.57978057861328, 98.4993667602539, 99.01769256591797, 99.65535736083984, 101.33153533935547, 101.3791732788086] prediction_age_sec=0.06 predictive_target=6 proactive=True scenario=s4-hybrid-predictive target_replicas=6 upper_forecasts=[142.92276000976562, 153.38560485839844, 155.54937744140625, 156.79721069335938, 158.17575073242188, 158.75909423828125, 159.78768920898438, 161.23651123046875, 161.45855712890625]
2026-09-12 14:57:56 [debug    ] Decision loop completed        action=MAINTAIN latency_ms=104.6 p99=99.59987029831387
2026-09-12 14:58:11 [debug    ] GRU prediction received        confidence=0.6 latency_ms=5.06 predicted=159
2026-09-12 14:58:11 [debug    ] Using GRU prediction           confidence=0.6 forecast_capacity_signal=95.8 predicted=159 required_steps=5
2026-09-12 14:58:11 [info     ] algorithm2_scaling_decision    action=MAINTAIN alpha=0.060060060060060066 beta=0.0 buffer=1.0 current_replicas=6 predicted_load=81.46888008117675 required_resources=4.893 target_replicas=5
2026-09-12 14:58:11 [info     ] algorithm2_decision            action=MAINTAIN applied_target=5 current_replicas=6 hold_until=1789199981.9 observed_load=65.0 observed_target=4 point_forecasts=[82.36746215820312, 89.18693542480469, 92.95853424072266, 94.48612976074219, 95.84574127197266, 96.16195678710938, 96.25048065185547, 98.9393081665039, 98.9889144897461] prediction_age_sec=0.06 predictive_target=5 proactive=True scenario=s4-hybrid-predictive target_replicas=5 upper_forecasts=[137.2640838623047, 148.91082763671875, 152.0563507080078, 153.7035675048828, 155.52212524414062, 155.90335083007812, 156.3828125, 158.8442840576172, 159.06829833984375]
2026-09-12 14:58:11 [debug    ] Decision loop completed        action=MAINTAIN latency_ms=102.31 p99=99.46785714285716
2026-09-12 14:58:26 [debug    ] GRU prediction received        confidence=0.6 latency_ms=3.01 predicted=157
2026-09-12 14:58:26 [debug    ] Using GRU prediction           confidence=0.6 forecast_capacity_signal=92.8 predicted=157 required_steps=5
2026-09-12 14:58:26 [info     ] algorithm2_scaling_decision    action=MAINTAIN alpha=0.060060060060060066 beta=0.0 buffer=1.0 current_replicas=6 predicted_load=78.91643524169922 required_resources=4.74 target_replicas=5
2026-09-12 14:58:26 [info     ] algorithm2_decision            action=MAINTAIN applied_target=5 current_replicas=6 hold_until=1789199997.0 observed_load=54.2 observed_target=4 point_forecasts=[77.32411193847656, 85.12611389160156, 89.64335632324219, 90.82951354980469, 92.84286499023438, 93.05630493164062, 93.55192565917969, 96.59053802490234, 96.55429077148438] prediction_age_sec=0.06 predictive_target=5 proactive=True scenario=s4-hybrid-predictive target_replicas=5 upper_forecasts=[132.22073364257812, 144.85000610351562, 148.74118041992188, 150.0469512939453, 152.5192413330078, 152.79769897460938, 153.6842498779297, 156.49551391601562, 156.6336669921875]
2026-09-12 14:58:26 [debug    ] Decision loop completed        action=MAINTAIN latency_ms=102.75 p99=99.53994082840238
2026-09-12 14:58:41 [debug    ] GRU prediction received        confidence=0.6 latency_ms=4.2 predicted=155
2026-09-12 14:58:41 [debug    ] Using GRU prediction           confidence=0.6 forecast_capacity_signal=90.6 predicted=155 required_steps=5
2026-09-12 14:58:42 [info     ] algorithm2_scaling_decision    action=MAINTAIN alpha=0.060060060060060066 beta=0.0 buffer=1.0 current_replicas=6 predicted_load=76.99556312561035 required_resources=4.624 target_replicas=5
2026-09-12 14:58:42 [info     ] algorithm2_decision            action=MAINTAIN applied_target=5 current_replicas=6 hold_until=1789200012.1 observed_load=48.86 observed_target=3 point_forecasts=[75.03509521484375, 82.4688720703125, 87.0904541015625, 88.19852447509766, 90.58301544189453, 90.80276489257812, 91.93814086914062, 94.67542266845703, 94.43757629394531] prediction_age_sec=0.06 predictive_target=5 proactive=True scenario=s4-hybrid-predictive target_replicas=5 upper_forecasts=[129.9317169189453, 142.19276428222656, 146.18826293945312, 147.41595458984375, 150.2593994140625, 150.54415893554688, 152.07046508789062, 154.5803985595703, 154.5169677734375]
2026-09-12 14:58:42 [debug    ] Decision loop completed        action=MAINTAIN latency_ms=98.72 p99=99.46439628482973
2026-09-12 14:58:57 [debug    ] GRU prediction received        confidence=0.6 latency_ms=2.99 predicted=153
2026-09-12 14:58:57 [debug    ] Using GRU prediction           confidence=0.6 forecast_capacity_signal=89.3 predicted=153 required_steps=5
2026-09-12 14:58:57 [info     ] algorithm2_scaling_decision    action=MAINTAIN alpha=0.060060060060060066 beta=0.0 buffer=1.0 current_replicas=6 predicted_load=75.91449661254883 required_resources=4.559 target_replicas=5
2026-09-12 14:58:57 [info     ] algorithm2_decision            action=MAINTAIN applied_target=5 current_replicas=6 hold_until=1789200027.2 observed_load=48.16 observed_target=3 point_forecasts=[74.16616821289062, 81.07486724853516, 85.66088104248047, 86.60904693603516, 89.31117248535156, 89.77471923828125, 91.10562133789062, 93.50784301757812, 93.11859130859375] prediction_age_sec=0.06 predictive_target=5 proactive=True scenario=s4-hybrid-predictive target_replicas=5 upper_forecasts=[129.0627899169922, 140.7987518310547, 144.75869750976562, 145.82647705078125, 148.987548828125, 149.51611328125, 151.23794555664062, 153.41282653808594, 153.19796752929688]
2026-09-12 14:58:57 [debug    ] Decision loop completed        action=MAINTAIN latency_ms=100.44 p99=99.46931659693166
2026-09-12 14:59:12 [debug    ] GRU prediction received        confidence=0.6 latency_ms=4.08 predicted=154
2026-09-12 14:59:12 [debug    ] Using GRU prediction           confidence=0.6 forecast_capacity_signal=89.9 predicted=154 required_steps=5
2026-09-12 14:59:12 [info     ] algorithm2_scaling_decision    action=MAINTAIN alpha=0.060060060060060066 beta=0.0 buffer=1.0 current_replicas=6 predicted_load=76.43300361633301 required_resources=4.591 target_replicas=5
2026-09-12 14:59:12 [info     ] algorithm2_decision            action=MAINTAIN applied_target=5 current_replicas=6 hold_until=1789200042.3 observed_load=51.94 observed_target=4 point_forecasts=[76.55606842041016, 82.27941131591797, 86.42105102539062, 87.09294128417969, 89.92118072509766, 90.55831146240234, 91.96581268310547, 93.8374252319336, 93.33909606933594] prediction_age_sec=0.06 predictive_target=5 proactive=True scenario=s4-hybrid-predictive target_replicas=5 upper_forecasts=[131.4526824951172, 142.0032958984375, 145.51885986328125, 146.3103790283203, 149.59756469726562, 150.29971313476562, 152.09814453125, 153.74240112304688, 153.41848754882812]
2026-09-12 14:59:12 [debug    ] Decision loop completed        action=MAINTAIN latency_ms=103.2 p99=99.57565130260521
2026-09-12 14:59:27 [debug    ] GRU prediction received        confidence=0.6 latency_ms=3.76 predicted=155
2026-09-12 14:59:27 [debug    ] Using GRU prediction           confidence=0.6 forecast_capacity_signal=92.0 predicted=155 required_steps=5
2026-09-12 14:59:27 [info     ] algorithm2_scaling_decision    action=MAINTAIN alpha=0.060060060060060066 beta=0.0 buffer=1.0 current_replicas=6 predicted_load=78.1722312927246 required_resources=4.695 target_replicas=5
2026-09-12 14:59:27 [info     ] algorithm2_decision            action=MAINTAIN applied_target=5 current_replicas=6 hold_until=1789200057.4 observed_load=59.94 observed_target=4 point_forecasts=[80.3309326171875, 85.06302642822266, 88.9437484741211, 89.21240997314453, 91.96733093261719, 92.65079498291016, 93.95561981201172, 95.48614501953125, 94.99365234375] prediction_age_sec=0.06 predictive_target=5 proactive=True scenario=s4-hybrid-predictive target_replicas=5 upper_forecasts=[135.22755432128906, 144.7869110107422, 148.04156494140625, 148.42984008789062, 151.64370727539062, 152.39219665527344, 154.08795166015625, 155.39112854003906, 155.07302856445312]
2026-09-12 14:59:27 [debug    ] Decision loop completed        action=MAINTAIN latency_ms=102.71 p99=99.47940613026822
2026-09-12 14:59:42 [debug    ] GRU prediction received        confidence=0.6 latency_ms=4.19 predicted=157
2026-09-12 14:59:42 [debug    ] Using GRU prediction           confidence=0.6 forecast_capacity_signal=93.9 predicted=157 required_steps=5
2026-09-12 14:59:42 [info     ] algorithm2_scaling_decision    action=MAINTAIN alpha=0.060060060060060066 beta=0.0 buffer=1.0 current_replicas=6 predicted_load=68.15555555555554 required_resources=4.093 target_replicas=5
2026-09-12 14:59:42 [info     ] algorithm2_decision            action=MAINTAIN applied_target=5 current_replicas=6 hold_until=1789200057.4 observed_load=68.16 observed_target=5 point_forecasts=[84.00152587890625, 87.80298614501953, 91.32417297363281, 91.59957122802734, 93.94612121582031, 94.58706665039062, 95.51580047607422, 96.98226165771484, 96.51739501953125] prediction_age_sec=0.06 predictive_target=5 proactive=False scenario=s4-hybrid-predictive target_replicas=5 upper_forecasts=[138.8981475830078, 147.52687072753906, 150.4219970703125, 150.8170166015625, 153.62249755859375, 154.32846069335938, 155.64813232421875, 156.88723754882812, 156.59677124023438]
2026-09-12 14:59:42 [debug    ] Decision loop completed        action=MAINTAIN latency_ms=104.72 p99=99.80732635585157
2026-09-12 14:59:57 [debug    ] GRU prediction received        confidence=0.6 latency_ms=4.71 predicted=156
2026-09-12 14:59:57 [debug    ] Using GRU prediction           confidence=0.6 forecast_capacity_signal=94.2 predicted=156 required_steps=5
2026-09-12 14:59:57 [info     ] algorithm2_scaling_decision    action=MAINTAIN alpha=0.060060060060060066 beta=0.0 buffer=1.0 current_replicas=6 predicted_load=72.2222222222222 required_resources=4.338 target_replicas=5
2026-09-12 14:59:57 [info     ] algorithm2_decision            action=MAINTAIN applied_target=5 current_replicas=6 hold_until=1789200057.4 observed_load=72.22 observed_target=5 point_forecasts=[84.58734893798828, 88.20098876953125, 91.54533386230469, 92.0755615234375, 94.18682861328125, 94.49839782714844, 94.92082214355469, 96.54190826416016, 96.32390594482422] prediction_age_sec=0.06 predictive_target=5 proactive=False scenario=s4-hybrid-predictive target_replicas=5 upper_forecasts=[139.4839630126953, 147.9248809814453, 150.64315795898438, 151.29299926757812, 153.8632049560547, 154.23980712890625, 155.0531463623047, 156.44688415527344, 156.40328979492188]
2026-09-12 14:59:57 [debug    ] Decision loop completed        action=MAINTAIN latency_ms=104.06 p99=99.67270058708417
2026-09-12 15:00:12 [debug    ] GRU prediction received        confidence=0.6 latency_ms=4.11 predicted=156
2026-09-12 15:00:12 [debug    ] Using GRU prediction           confidence=0.6 forecast_capacity_signal=93.8 predicted=156 required_steps=5
2026-09-12 15:00:12 [info     ] algorithm2_scaling_decision    action=MAINTAIN alpha=0.060060060060060066 beta=0.0 buffer=1.0 current_replicas=6 predicted_load=72.98888888888888 required_resources=4.384 target_replicas=5
2026-09-12 15:00:12 [info     ] algorithm2_decision            action=MAINTAIN applied_target=5 current_replicas=6 hold_until=1789200057.4 observed_load=72.99 observed_target=5 point_forecasts=[84.8409194946289, 88.01081085205078, 91.18163299560547, 91.8719482421875, 93.80904388427734, 93.5254898071289, 93.67625427246094, 95.31503295898438, 95.50220489501953] prediction_age_sec=0.06 predictive_target=5 proactive=False scenario=s4-hybrid-predictive target_replicas=5 upper_forecasts=[139.73753356933594, 147.7346954345703, 150.27944946289062, 151.08938598632812, 153.48541259765625, 153.2668914794922, 153.80857849121094, 155.2200164794922, 155.5815887451172]
2026-09-12 15:00:12 [debug    ] Decision loop completed        action=MAINTAIN latency_ms=102.65 p99=99.75231053604438
2026-09-12 15:00:27 [debug    ] GRU prediction received        confidence=0.6 latency_ms=3.85 predicted=155
2026-09-12 15:00:27 [debug    ] Using GRU prediction           confidence=0.6 forecast_capacity_signal=94.0 predicted=155 required_steps=5
2026-09-12 15:00:27 [info     ] algorithm2_scaling_decision    action=MAINTAIN alpha=0.060060060060060066 beta=0.0 buffer=1.0 current_replicas=6 predicted_load=76.2222222222222 required_resources=4.578 target_replicas=5
2026-09-12 15:00:27 [info     ] algorithm2_decision            action=MAINTAIN applied_target=5 current_replicas=6 hold_until=1789200057.4 observed_load=76.22 observed_target=5 point_forecasts=[86.75163269042969, 88.97726440429688, 91.6745376586914, 92.45800018310547, 93.95523834228516, 93.21182250976562, 93.4023666381836, 94.804443359375, 95.17562103271484] prediction_age_sec=0.06 predictive_target=5 proactive=False scenario=s4-hybrid-predictive target_replicas=5 upper_forecasts=[141.64825439453125, 148.70115661621094, 150.77235412597656, 151.67544555664062, 153.63162231445312, 152.95321655273438, 153.53469848632812, 154.7094268798828, 155.2550048828125]
2026-09-12 15:00:27 [debug    ] Decision loop completed        action=MAINTAIN latency_ms=103.51 p99=99.75019245573519
2026-09-12 15:00:42 [debug    ] GRU prediction received        confidence=0.6 latency_ms=3.41 predicted=156
2026-09-12 15:00:42 [debug    ] Using GRU prediction           confidence=0.6 forecast_capacity_signal=95.6 predicted=156 required_steps=5
2026-09-12 15:00:42 [debug    ] Proactive amplification        amplified=156 approach_ratio=0.9 load_trend=4.4 raw_pred=156
2026-09-12 15:00:42 [info     ] algorithm2_scaling_decision    action=MAINTAIN alpha=0.060060060060060066 beta=0.0 buffer=1.0 current_replicas=6 predicted_load=84.33333333333331 required_resources=5.065 target_replicas=6
2026-09-12 15:00:42 [info     ] algorithm2_decision            action=MAINTAIN applied_target=6 current_replicas=6 hold_until=1789200057.4 observed_load=84.33 observed_target=6 point_forecasts=[91.41064453125, 92.10279083251953, 94.18467712402344, 94.84152221679688, 95.55682373046875, 94.62763977050781, 94.87555694580078, 96.14984130859375, 96.1929702758789] prediction_age_sec=0.06 predictive_target=5 proactive=False scenario=s4-hybrid-predictive target_replicas=6 upper_forecasts=[146.30726623535156, 151.82667541503906, 153.28250122070312, 154.0589599609375, 155.2332000732422, 154.36904907226562, 155.0078887939453, 156.05482482910156, 156.27235412597656]
2026-09-12 15:00:42 [debug    ] Decision loop completed        action=MAINTAIN latency_ms=96.9 p99=99.98221476510068
2026-09-12 15:00:57 [debug    ] GRU prediction received        confidence=0.6 latency_ms=3.22 predicted=159
2026-09-12 15:00:57 [debug    ] Using GRU prediction           confidence=0.6 forecast_capacity_signal=98.5 predicted=159 required_steps=5
2026-09-12 15:00:57 [debug    ] Proactive amplification        amplified=163.7 approach_ratio=1.01 load_trend=7.0 raw_pred=159
2026-09-12 15:00:57 [warning  ] Knative pre-warm non-200       status=404
2026-09-12 15:00:57 [info     ] controller_decision_v3         action=PREDICTIVE available_replicas=6 budget_remaining=994 burn_adjustment=0 burst_ratio=0.0063 capacity_deficit=False confidence=0.6 current_load=100.53333333333333 decision_id=d8228e09 k8s_capacity=99.9 k8s_weight=99 knative_weight=1 p99=104.6 predicted_load=159 r_effective=16.6 serverless_enabled=True total_load=100.5 weights_after={'k3s': 99, 'knative': 1} weights_before={'k3s': 100, 'knative': 0}
2026-09-12 15:00:57 [info     ] Weights updated                k3s=99 knative=1
2026-09-12 15:00:57 [info     ] Weights updated                action=PREDICTIVE reason='load=101RPS | k8s_cap=100RPS | (prediction-driven)' weights={'k3s': 99, 'knative': 1}
2026-09-12 15:00:57 [info     ] algorithm2_scaling_decision    action=MAINTAIN alpha=0.060060060060060066 beta=0.0 buffer=1.0 current_replicas=6 predicted_load=95.13333333333331 required_resources=5.714 target_replicas=6
2026-09-12 15:00:57 [info     ] algorithm2_decision            action=MAINTAIN applied_target=6 current_replicas=6 hold_until=1789200057.4 observed_load=95.13 observed_target=6 point_forecasts=[97.31104278564453, 96.4804916381836, 97.57698059082031, 98.69485473632812, 98.4710922241211, 97.66012573242188, 97.68070983886719, 98.96844482421875, 98.33185577392578] prediction_age_sec=0.07 predictive_target=6 proactive=False scenario=s4-hybrid-predictive target_replicas=6 upper_forecasts=[152.20765686035156, 156.20437622070312, 156.6748046875, 157.91229248046875, 158.1474609375, 157.40151977539062, 157.8130340576172, 158.87342834472656, 158.41123962402344]
2026-09-12 15:00:57 [debug    ] Decision loop completed        action=PREDICTIVE latency_ms=106.07 p99=104.58823529411703
2026-09-12 15:01:13 [debug    ] GRU prediction received        confidence=0.6 latency_ms=4.48 predicted=161
2026-09-12 15:01:13 [debug    ] Using GRU prediction           confidence=0.6 forecast_capacity_signal=100.7 predicted=161 required_steps=5
2026-09-12 15:01:13 [debug    ] Proactive amplification        amplified=164.8 approach_ratio=1.02 load_trend=7.0 raw_pred=161
2026-09-12 15:01:13 [info     ] controller_decision_v3         action=PREDICTIVE available_replicas=6 budget_remaining=994 burn_adjustment=0 burst_ratio=0.0167 capacity_deficit=False confidence=0.6 current_load=101.59999999999995 decision_id=44631522 k8s_capacity=99.9 k8s_weight=98 knative_weight=2 p99=99.8 predicted_load=161 r_effective=16.6 serverless_enabled=True total_load=101.6 weights_after={'k3s': 98, 'knative': 2} weights_before={'k3s': 99, 'knative': 1}
2026-09-12 15:01:13 [info     ] Weights updated                k3s=98 knative=2
2026-09-12 15:01:13 [info     ] Weights updated                action=PREDICTIVE reason='load=102RPS | k8s_cap=100RPS | (prediction-driven)' weights={'k3s': 98, 'knative': 2}
2026-09-12 15:01:13 [info     ] algorithm2_scaling_decision    action=MAINTAIN alpha=0.060060060060060066 beta=0.0 buffer=1.0 current_replicas=6 predicted_load=101.06666666666663 required_resources=6.07 target_replicas=6
2026-09-12 15:01:13 [info     ] algorithm2_decision            action=MAINTAIN applied_target=6 current_replicas=6 hold_until=1789200057.4 observed_load=101.07 observed_target=6 point_forecasts=[99.911376953125, 99.34928131103516, 99.89164733886719, 101.24699401855469, 100.73078155517578, 99.93488311767578, 99.39969635009766, 100.76019287109375, 99.8607406616211] prediction_age_sec=0.06 predictive_target=6 proactive=False scenario=s4-hybrid-predictive target_replicas=6 upper_forecasts=[154.80799865722656, 159.0731658935547, 158.98947143554688, 160.4644317626953, 160.40716552734375, 159.67628479003906, 159.5320281982422, 160.66517639160156, 159.94012451171875]
2026-09-12 15:01:13 [debug    ] Decision loop completed        action=PREDICTIVE latency_ms=103.36 p99=99.77757078986588
2026-09-12 15:01:28 [debug    ] GRU prediction received        confidence=0.6 latency_ms=3.09 predicted=160
2026-09-12 15:01:28 [debug    ] Using GRU prediction           confidence=0.6 forecast_capacity_signal=100.8 predicted=160 required_steps=5
2026-09-12 15:01:28 [debug    ] Proactive amplification        amplified=160 approach_ratio=0.92 load_trend=3.3 raw_pred=160
2026-09-12 15:01:28 [info     ] controller_decision_v3         action=RECOVERY available_replicas=6 budget_remaining=994 burn_adjustment=0 burst_ratio=0 capacity_deficit=False confidence=0.6 current_load=91.95555555555555 decision_id=caf588e7 k8s_capacity=99.9 k8s_weight=100 knative_weight=0 p99=99.5 predicted_load=160 r_effective=16.6 serverless_enabled=False total_load=92.0 weights_after={'k3s': 100, 'knative': 0} weights_before={'k3s': 98, 'knative': 2}
2026-09-12 15:01:28 [info     ] Weights updated                k3s=100 knative=0
2026-09-12 15:01:28 [info     ] Weights updated                action=RECOVERY reason='load=92RPS | k8s_cap=100RPS | (reducing-serverless)' weights={'k3s': 100, 'knative': 0}
2026-09-12 15:01:28 [info     ] algorithm2_scaling_decision    action=MAINTAIN alpha=0.060060060060060066 beta=0.0 buffer=1.0 current_replicas=6 predicted_load=96.77777777777774 required_resources=5.812 target_replicas=6
2026-09-12 15:01:28 [info     ] algorithm2_decision            action=MAINTAIN applied_target=6 current_replicas=6 hold_until=1789200057.4 observed_load=96.78 observed_target=6 point_forecasts=[97.68793487548828, 98.94499206542969, 100.15444946289062, 100.81067657470703, 100.76627349853516, 100.01929473876953, 98.85763549804688, 100.40573120117188, 99.88430786132812] prediction_age_sec=0.09 predictive_target=6 proactive=False scenario=s4-hybrid-predictive target_replicas=6 upper_forecasts=[152.5845489501953, 158.66888427734375, 159.25225830078125, 160.02810668945312, 160.44265747070312, 159.7606964111328, 158.98995971679688, 160.3107147216797, 159.96368408203125]
2026-09-12 15:01:28 [debug    ] Decision loop completed        action=RECOVERY latency_ms=133.52 p99=99.52560521415272
2026-09-12 15:01:43 [debug    ] GRU prediction received        confidence=0.6 latency_ms=4.39 predicted=158
2026-09-12 15:01:43 [debug    ] Using GRU prediction           confidence=0.6 forecast_capacity_signal=97.2 predicted=158 required_steps=5
2026-09-12 15:01:43 [info     ] algorithm2_scaling_decision    action=MAINTAIN alpha=0.060060060060060066 beta=0.0 buffer=1.0 current_replicas=6 predicted_load=82.42222222222222 required_resources=4.95 target_replicas=5
2026-09-12 15:01:43 [info     ] algorithm2_decision            action=MAINTAIN applied_target=5 current_replicas=6 hold_until=1789200057.4 observed_load=82.42 observed_target=5 point_forecasts=[89.40555572509766, 93.72704315185547, 95.9763412475586, 96.57139587402344, 97.21297454833984, 96.55084228515625, 95.03837585449219, 97.18643188476562, 97.78282165527344] prediction_age_sec=0.06 predictive_target=5 proactive=False scenario=s4-hybrid-predictive target_replicas=5 upper_forecasts=[144.3021697998047, 153.450927734375, 155.07415771484375, 155.78883361816406, 156.88934326171875, 156.292236328125, 155.1707000732422, 157.09141540527344, 157.86221313476562]
2026-09-12 15:01:43 [debug    ] Decision loop completed        action=MAINTAIN latency_ms=97.33 p99=99.6750700280112
2026-09-12 15:01:58 [debug    ] GRU prediction received        confidence=0.6 latency_ms=3.37 predicted=153
2026-09-12 15:01:58 [debug    ] Using GRU prediction           confidence=0.6 forecast_capacity_signal=91.5 predicted=153 required_steps=5
2026-09-12 15:01:58 [info     ] algorithm2_scaling_decision    action=MAINTAIN alpha=0.060060060060060066 beta=0.0 buffer=1.0 current_replicas=6 predicted_load=77.77357330322265 required_resources=4.671 target_replicas=5
2026-09-12 15:01:58 [info     ] algorithm2_decision            action=MAINTAIN applied_target=5 current_replicas=6 hold_until=1789200208.4 observed_load=64.82 observed_target=4 point_forecasts=[80.60493469238281, 86.00130462646484, 89.22175598144531, 90.57940673828125, 91.49832153320312, 90.63319396972656, 89.8158950805664, 92.8392105102539, 93.37230682373047] prediction_age_sec=0.06 predictive_target=5 proactive=True scenario=s4-hybrid-predictive target_replicas=5 upper_forecasts=[135.50155639648438, 145.72518920898438, 148.319580078125, 149.79684448242188, 151.17469787597656, 150.37460327148438, 149.94822692871094, 152.7441864013672, 153.45169067382812]
2026-09-12 15:01:58 [debug    ] Decision loop completed        action=MAINTAIN latency_ms=104.1 p99=99.46661367249602
2026-09-12 15:02:13 [debug    ] GRU prediction received        confidence=0.6 latency_ms=3.6 predicted=149
2026-09-12 15:02:13 [debug    ] Using GRU prediction           confidence=0.6 forecast_capacity_signal=85.6 predicted=149 required_steps=5
2026-09-12 15:02:13 [info     ] algorithm2_scaling_decision    action=MAINTAIN alpha=0.060060060060060066 beta=0.0 buffer=1.0 current_replicas=6 predicted_load=72.76637344360351 required_resources=4.37 target_replicas=5
2026-09-12 15:02:13 [info     ] algorithm2_decision            action=MAINTAIN applied_target=5 current_replicas=6 hold_until=1789200223.5 observed_load=52.06 observed_target=4 point_forecasts=[73.88548278808594, 79.39839935302734, 82.95036315917969, 84.38419342041016, 85.60749816894531, 85.24982452392578, 85.4936294555664, 87.99608612060547, 88.4642105102539] prediction_age_sec=0.07 predictive_target=5 proactive=True scenario=s4-hybrid-predictive target_replicas=5 upper_forecasts=[128.7821044921875, 139.12228393554688, 142.04818725585938, 143.60162353515625, 145.28387451171875, 144.99122619628906, 145.62596130371094, 147.90106201171875, 148.54359436035156]
2026-09-12 15:02:13 [debug    ] Decision loop completed        action=MAINTAIN latency_ms=108.19 p99=99.46296296296298
2026-09-12 15:02:28 [debug    ] GRU prediction received        confidence=0.6 latency_ms=3.46 predicted=145
2026-09-12 15:02:28 [debug    ] Using GRU prediction           confidence=0.6 forecast_capacity_signal=81.0 predicted=145 required_steps=5
2026-09-12 15:02:28 [info     ] algorithm2_scaling_decision    action=MAINTAIN alpha=0.060060060060060066 beta=0.0 buffer=1.0 current_replicas=6 predicted_load=68.82521438598633 required_resources=4.134 target_replicas=5
2026-09-12 15:02:28 [info     ] algorithm2_decision            action=MAINTAIN applied_target=5 current_replicas=6 hold_until=1789200238.6 observed_load=46.89 observed_target=3 point_forecasts=[70.55238342285156, 75.07283782958984, 78.17179107666016, 79.59718322753906, 80.97084045410156, 81.16918182373047, 82.33100891113281, 83.97711944580078, 84.74322509765625] prediction_age_sec=0.06 predictive_target=5 proactive=True scenario=s4-hybrid-predictive target_replicas=5 upper_forecasts=[125.44900512695312, 134.79672241210938, 137.2696075439453, 138.8146209716797, 140.647216796875, 140.91058349609375, 142.4633331298828, 143.88209533691406, 144.82260131835938]
2026-09-12 15:02:28 [debug    ] Decision loop completed        action=MAINTAIN latency_ms=98.42 p99=99.46833578792342
2026-09-12 15:02:43 [debug    ] GRU prediction received        confidence=0.6 latency_ms=3.48 predicted=142
2026-09-12 15:02:43 [debug    ] Using GRU prediction           confidence=0.6 forecast_capacity_signal=78.2 predicted=142 required_steps=5
2026-09-12 15:02:43 [info     ] algorithm2_scaling_decision    action=SCALE_DOWN alpha=0.060060060060060066 beta=0.0 buffer=1.0 current_replicas=6 predicted_load=66.45533485412598 required_resources=3.991 target_replicas=4
2026-09-12 15:02:43 [info     ] algorithm2_decision            action=SCALE_DOWN applied_target=4 current_replicas=6 hold_until=1789200253.7 observed_load=49.06 observed_target=3 point_forecasts=[69.74829864501953, 73.00112915039062, 75.54102325439453, 76.73837280273438, 78.18274688720703, 78.50680541992188, 80.0977783203125, 81.11572265625, 82.03533935546875] prediction_age_sec=0.06 predictive_target=4 proactive=True scenario=s4-hybrid-predictive target_replicas=4 upper_forecasts=[124.64491271972656, 132.7250213623047, 134.6388397216797, 135.955810546875, 137.859130859375, 138.24819946289062, 140.2301025390625, 141.0207061767578, 142.11471557617188]
2026-09-12 15:02:43 [info     ] k8s_scale_executed             deployment=test-app-warm replicas=4
2026-09-12 15:02:43 [debug    ] Decision loop completed        action=MAINTAIN latency_ms=133.58 p99=99.53077816492451
2026-09-12 15:02:58 [debug    ] GRU prediction received        confidence=0.6 latency_ms=2.95 predicted=139
2026-09-12 15:02:58 [debug    ] Using GRU prediction           confidence=0.6 forecast_capacity_signal=75.9 predicted=139 required_steps=5
2026-09-12 15:02:58 [info     ] algorithm2_scaling_decision    action=MAINTAIN alpha=0.060060060060060066 beta=0.0 buffer=1.0 current_replicas=4 predicted_load=53.60025 required_resources=3.219 target_replicas=4
2026-09-12 15:02:58 [info     ] algorithm2_decision            action=MAINTAIN applied_target=4 current_replicas=4 hold_until=1789200253.7 observed_load=53.6 observed_target=4 point_forecasts=[68.46947479248047, 71.25076293945312, 73.43402862548828, 74.36873626708984, 75.86194610595703, 76.07333374023438, 77.62835693359375, 78.22639465332031, 79.2271728515625] prediction_age_sec=0.06 predictive_target=4 proactive=False scenario=s4-hybrid-predictive target_replicas=4 upper_forecasts=[123.3660888671875, 130.9746551513672, 132.53184509277344, 133.586181640625, 135.538330078125, 135.81472778320312, 137.76068115234375, 138.13137817382812, 139.30654907226562]
2026-09-12 15:02:58 [debug    ] Decision loop completed        action=MAINTAIN latency_ms=101.57 p99=99.71905339805825
2026-09-12 15:03:13 [debug    ] GRU prediction received        confidence=0.6 latency_ms=3.85 predicted=136
2026-09-12 15:03:13 [debug    ] Using GRU prediction           confidence=0.6 forecast_capacity_signal=73.6 predicted=136 required_steps=5
2026-09-12 15:03:13 [info     ] algorithm2_scaling_decision    action=MAINTAIN alpha=0.060060060060060066 beta=0.0 buffer=1.0 current_replicas=4 predicted_load=55.687625555555556 required_resources=3.345 target_replicas=4
2026-09-12 15:03:13 [info     ] algorithm2_decision            action=MAINTAIN applied_target=4 current_replicas=4 hold_until=1789200253.7 observed_load=55.69 observed_target=4 point_forecasts=[66.49565124511719, 69.30730438232422, 71.17228698730469, 72.02465057373047, 73.60871887207031, 73.56654357910156, 74.81901550292969, 75.3975830078125, 76.3325424194336] prediction_age_sec=0.06 predictive_target=4 proactive=False scenario=s4-hybrid-predictive target_replicas=4 upper_forecasts=[121.39227294921875, 129.03118896484375, 130.27011108398438, 131.24209594726562, 133.28509521484375, 133.30795288085938, 134.9513397216797, 135.3025665283203, 136.41192626953125]
2026-09-12 15:03:13 [debug    ] Decision loop completed        action=MAINTAIN latency_ms=98.98 p99=99.615329512894
2026-09-12 15:03:29 [debug    ] GRU prediction received        confidence=0.6 latency_ms=3.24 predicted=133
2026-09-12 15:03:29 [debug    ] Using GRU prediction           confidence=0.6 forecast_capacity_signal=70.3 predicted=133 required_steps=5
2026-09-12 15:03:29 [info     ] algorithm2_scaling_decision    action=MAINTAIN alpha=0.060060060060060066 beta=0.0 buffer=1.0 current_replicas=4 predicted_load=52.67626444444444 required_resources=3.164 target_replicas=4
2026-09-12 15:03:29 [info     ] algorithm2_decision            action=MAINTAIN applied_target=4 current_replicas=4 hold_until=1789200253.7 observed_load=52.68 observed_target=4 point_forecasts=[62.209293365478516, 65.88328552246094, 67.61154174804688, 68.49691772460938, 70.34693145751953, 69.99700164794922, 70.83257293701172, 71.66165924072266, 72.67672729492188] prediction_age_sec=0.06 predictive_target=4 proactive=False scenario=s4-hybrid-predictive target_replicas=4 upper_forecasts=[117.10591125488281, 125.607177734375, 126.70935821533203, 127.71435546875, 130.0233154296875, 129.7384033203125, 130.96490478515625, 131.56663513183594, 132.756103515625]
2026-09-12 15:03:29 [debug    ] Decision loop completed        action=MAINTAIN latency_ms=100.54 p99=99.47133220910624
2026-09-12 15:03:44 [debug    ] GRU prediction received        confidence=0.6 latency_ms=3.83 predicted=129
2026-09-12 15:03:44 [debug    ] Using GRU prediction           confidence=0.6 forecast_capacity_signal=66.9 predicted=129 required_steps=5
2026-09-12 15:03:44 [info     ] algorithm2_scaling_decision    action=MAINTAIN alpha=0.060060060060060066 beta=0.0 buffer=1.0 current_replicas=4 predicted_load=56.90323677062988 required_resources=3.418 target_replicas=4
2026-09-12 15:03:44 [info     ] algorithm2_decision            action=MAINTAIN applied_target=4 current_replicas=4 hold_until=1789200314.2 observed_load=46.91 observed_target=3 point_forecasts=[58.32909393310547, 62.39954376220703, 64.02078247070312, 64.90377807617188, 66.94498443603516, 66.27481079101562, 67.08235168457031, 68.1124267578125, 69.25316619873047] prediction_age_sec=0.06 predictive_target=4 proactive=True scenario=s4-hybrid-predictive target_replicas=4 upper_forecasts=[113.2257080078125, 122.12342834472656, 123.11859893798828, 124.1212158203125, 126.6213607788086, 126.0162124633789, 127.21467590332031, 128.0174102783203, 129.33255004882812]
2026-09-12 15:03:44 [debug    ] Decision loop completed        action=MAINTAIN latency_ms=96.33 p99=99.46706081081082
2026-09-12 15:03:59 [debug    ] GRU prediction received        confidence=0.6 latency_ms=3.38 predicted=126
2026-09-12 15:03:59 [debug    ] Using GRU prediction           confidence=0.6 forecast_capacity_signal=63.8 predicted=126 required_steps=5
2026-09-12 15:03:59 [info     ] algorithm2_scaling_decision    action=MAINTAIN alpha=0.060060060060060066 beta=0.0 buffer=1.0 current_replicas=4 predicted_load=54.24372158050537 required_resources=3.258 target_replicas=4
2026-09-12 15:03:59 [info     ] algorithm2_decision            action=MAINTAIN applied_target=4 current_replicas=4 hold_until=1789200329.3 observed_load=43.09 observed_target=3 point_forecasts=[55.42222595214844, 59.35857009887695, 60.89558029174805, 61.67884826660156, 63.81614303588867, 62.997840881347656, 63.949012756347656, 65.06211853027344, 66.28106689453125] prediction_age_sec=0.06 predictive_target=4 proactive=True scenario=s4-hybrid-predictive target_replicas=4 upper_forecasts=[110.31884765625, 119.08245849609375, 119.99339294433594, 120.89628601074219, 123.49252319335938, 122.73924255371094, 124.08134460449219, 124.96710205078125, 126.3604507446289]
2026-09-12 15:03:59 [debug    ] Decision loop completed        action=MAINTAIN latency_ms=101.58 p99=99.47123519458545
2026-09-12 15:04:14 [debug    ] GRU prediction received        confidence=0.6 latency_ms=4.6 predicted=124
2026-09-12 15:04:14 [debug    ] Using GRU prediction           confidence=0.6 forecast_capacity_signal=61.8 predicted=124 required_steps=5
2026-09-12 15:04:14 [info     ] algorithm2_scaling_decision    action=MAINTAIN alpha=0.060060060060060066 beta=0.0 buffer=1.0 current_replicas=4 predicted_load=52.57160053253174 required_resources=3.157 target_replicas=4
2026-09-12 15:04:14 [info     ] algorithm2_decision            action=MAINTAIN applied_target=4 current_replicas=4 hold_until=1789200344.4 observed_load=42.37 observed_target=3 point_forecasts=[54.223915100097656, 57.6452522277832, 59.0950927734375, 59.70907974243164, 61.848941802978516, 61.01703643798828, 62.166038513183594, 63.199825286865234, 64.41734313964844] prediction_age_sec=0.06 predictive_target=4 proactive=True scenario=s4-hybrid-predictive target_replicas=4 upper_forecasts=[109.12052917480469, 117.369140625, 118.19290924072266, 118.926513671875, 121.52531433105469, 120.75843811035156, 122.29837036132812, 123.10480499267578, 124.4967269897461]
2026-09-12 15:04:14 [debug    ] Decision loop completed        action=MAINTAIN latency_ms=101.72 p99=99.47095761381476
2026-09-12 15:04:29 [debug    ] GRU prediction received        confidence=0.6 latency_ms=2.94 predicted=123
2026-09-12 15:04:29 [debug    ] Using GRU prediction           confidence=0.6 forecast_capacity_signal=60.8 predicted=123 required_steps=5
2026-09-12 15:04:29 [info     ] algorithm2_scaling_decision    action=MAINTAIN alpha=0.060060060060060066 beta=0.0 buffer=1.0 current_replicas=4 predicted_load=51.662917900085446 required_resources=3.103 target_replicas=4
2026-09-12 15:04:29 [info     ] algorithm2_decision            action=MAINTAIN applied_target=4 current_replicas=4 hold_until=1789200359.5 observed_load=43.79 observed_target=3 point_forecasts=[53.807254791259766, 56.83289337158203, 58.1898307800293, 58.644535064697266, 60.779903411865234, 59.983802795410156, 61.18423843383789, 62.09857177734375, 63.27716064453125] prediction_age_sec=0.06 predictive_target=4 proactive=True scenario=s4-hybrid-predictive target_replicas=4 upper_forecasts=[108.70387268066406, 116.55677795410156, 117.28764343261719, 117.86196899414062, 120.45628356933594, 119.72520446777344, 121.31656646728516, 122.00355529785156, 123.3565444946289]
2026-09-12 15:04:29 [debug    ] Decision loop completed        action=MAINTAIN latency_ms=99.12 p99=99.47415066469719
2026-09-12 15:04:44 [debug    ] GRU prediction received        confidence=0.6 latency_ms=3.68 predicted=123
2026-09-12 15:04:44 [debug    ] Using GRU prediction           confidence=0.6 forecast_capacity_signal=60.3 predicted=123 required_steps=5
2026-09-12 15:04:44 [info     ] algorithm2_scaling_decision    action=MAINTAIN alpha=0.060060060060060066 beta=0.0 buffer=1.0 current_replicas=4 predicted_load=51.29548511505127 required_resources=3.081 target_replicas=4
2026-09-12 15:04:44 [info     ] algorithm2_decision            action=MAINTAIN applied_target=4 current_replicas=4 hold_until=1789200374.6 observed_load=45.96 observed_target=3 point_forecasts=[54.109004974365234, 56.75556564331055, 57.96944808959961, 58.24882125854492, 60.34762954711914, 59.53144836425781, 60.727874755859375, 61.50578689575195, 62.62818145751953] prediction_age_sec=0.06 predictive_target=4 proactive=True scenario=s4-hybrid-predictive target_replicas=4 upper_forecasts=[109.00562286376953, 116.47945404052734, 117.0672607421875, 117.46626281738281, 120.02400207519531, 119.2728500366211, 120.86019897460938, 121.4107666015625, 122.70756530761719]
2026-09-12 15:04:44 [debug    ] Decision loop completed        action=MAINTAIN latency_ms=102.15 p99=99.54357142857144
2026-09-12 15:04:59 [debug    ] GRU prediction received        confidence=0.6 latency_ms=3.26 predicted=121
2026-09-12 15:04:59 [debug    ] Using GRU prediction           confidence=0.6 forecast_capacity_signal=58.3 predicted=121 required_steps=5
2026-09-12 15:04:59 [info     ] algorithm2_scaling_decision    action=MAINTAIN alpha=0.060060060060060066 beta=0.0 buffer=1.0 current_replicas=4 predicted_load=51.29548511505127 required_resources=3.081 target_replicas=4
2026-09-12 15:04:59 [info     ] algorithm2_decision            action=MAINTAIN applied_target=4 current_replicas=4 hold_until=1789200374.6 observed_load=41.64 observed_target=3 point_forecasts=[49.39435958862305, 53.71190643310547, 55.138427734375, 55.78658676147461, 58.2797966003418, 57.42729568481445, 58.00782775878906, 59.2231559753418, 60.504493713378906] prediction_age_sec=0.06 predictive_target=3 proactive=True scenario=s4-hybrid-predictive target_replicas=4 upper_forecasts=[104.29097747802734, 113.435791015625, 114.23624420166016, 115.0040283203125, 117.9561767578125, 117.168701171875, 118.14015197753906, 119.12813568115234, 120.58387756347656]
2026-09-12 15:04:59 [debug    ] Decision loop completed        action=MAINTAIN latency_ms=104.11 p99=99.3812949640288
2026-09-12 15:05:14 [debug    ] GRU prediction received        confidence=0.6 latency_ms=4.25 predicted=117
2026-09-12 15:05:14 [debug    ] Using GRU prediction           confidence=0.6 forecast_capacity_signal=54.5 predicted=117 required_steps=5
2026-09-12 15:05:14 [info     ] algorithm2_scaling_decision    action=MAINTAIN alpha=0.060060060060060066 beta=0.0 buffer=1.0 current_replicas=4 predicted_load=51.29548511505127 required_resources=3.081 target_replicas=4
2026-09-12 15:05:14 [info     ] algorithm2_decision            action=MAINTAIN applied_target=4 current_replicas=4 hold_until=1789200374.6 observed_load=28.58 observed_target=3 point_forecasts=[42.45262145996094, 48.518489837646484, 50.26047134399414, 51.550167083740234, 54.545135498046875, 53.377357482910156, 53.78306579589844, 55.60273742675781, 57.19839859008789] prediction_age_sec=0.06 predictive_target=3 proactive=True scenario=s4-hybrid-predictive target_replicas=4 upper_forecasts=[97.3492431640625, 108.24237823486328, 109.35829162597656, 110.76760864257812, 114.22151184082031, 113.11875915527344, 113.91539001464844, 115.50772094726562, 117.27778625488281]
2026-09-12 15:05:14 [debug    ] Decision loop completed        action=MAINTAIN latency_ms=102.41 p99=0.9900000000000002
2026-09-12 15:05:29 [debug    ] GRU prediction received        confidence=0.6 latency_ms=4.59 predicted=113
2026-09-12 15:05:29 [debug    ] Using GRU prediction           confidence=0.6 forecast_capacity_signal=49.8 predicted=113 required_steps=5
2026-09-12 15:05:29 [info     ] algorithm2_scaling_decision    action=MAINTAIN alpha=0.060060060060060066 beta=0.0 buffer=1.0 current_replicas=4 predicted_load=51.29548511505127 required_resources=3.081 target_replicas=4
2026-09-12 15:05:29 [info     ] algorithm2_decision            action=MAINTAIN applied_target=4 current_replicas=4 hold_until=1789200374.6 observed_load=13.27 observed_target=3 point_forecasts=[34.56477737426758, 41.93881607055664, 44.14110565185547, 46.11074447631836, 49.762203216552734, 48.31047058105469, 48.711612701416016, 51.365718841552734, 53.07750701904297] prediction_age_sec=0.06 predictive_target=3 proactive=True scenario=s4-hybrid-predictive target_replicas=4 upper_forecasts=[89.46139526367188, 101.66270446777344, 103.23892211914062, 105.32818603515625, 109.43858337402344, 108.05187225341797, 108.84394073486328, 111.27069854736328, 113.15689086914062]
2026-09-12 15:05:29 [debug    ] Decision loop completed        action=MAINTAIN latency_ms=104.14 p99=0.99
2026-09-12 15:05:37 [info     ] Received shutdown signal
2026-09-12 15:05:37 [info     ] Stopping routing daemon...
2026-09-12 15:05:37 [info     ] Routing daemon stopped
