2026-07-12 21:01:49 [info     ] SLOMonitor initialized         threshold_ms=200.0 violation_window=30
2026-07-12 21:01:49 [info     ] Algorithm1ControllerV3 initialized max_knative=50 r_saturation=33.3 target_cpu_util=0.5 total_budget=1000
2026-07-12 21:01:49 [info     ] Using V3 controller (Capacity-Driven) scenario=s4-hybrid-predictive version=v3
2026-07-12 21:01:49 [info     ] HAProxyWeightAdjuster initialized backend=servers host=localhost port=19999
2026-07-12 21:01:49 [info     ] GRUClient initialized          base_url=http://localhost:8090
2026-07-12 21:01:49 [info     ] K8sScaler initialized          deployment=test-app-warm namespace=default
2026-07-12 21:01:49 [info     ] RoutingDaemon initialized      decision_interval=15 description='Algorithm 1 with GRU predictions (Algorithm 2)' scenario=s4-hybrid-predictive use_algorithm=True use_predictions=True
2026-07-12 21:01:49 [info     ] Starting routing daemon        interval=15 scenario=s4-hybrid-predictive
2026-07-12 21:01:49 [info     ] Weights updated                k3s=80 knative=20
2026-07-12 21:01:49 [info     ] Initial weights applied        k3s=80 knative=20
2026-07-12 21:01:49 [debug    ] HAProxy fallback primed        total_requests=0
2026-07-12 21:01:49 [info     ] Model status validated         prediction_horizon=5 sample_interval_sec=15 sequence_length=30
2026-07-12 21:01:49 [info     ] Model status validated on first eligible cycle prediction_horizon=5 sequence_length=30
2026-07-12 21:01:49 [info     ] algorithm2_scaling_decision    action=MAINTAIN alpha=0.060060060060060066 beta=0.0 buffer=1.0 current_replicas=3 predicted_load=0.0 required_resources=0.0 target_replicas=3
2026-07-12 21:01:49 [info     ] algorithm2_decision            action=MAINTAIN applied_target=3 current_replicas=3 hold_until=0.0 observed_load=0.0 observed_target=3 point_forecasts=None prediction_age_sec=None predictive_target=3 proactive=False scenario=s4-hybrid-predictive target_replicas=3 upper_forecasts=None
2026-07-12 21:01:49 [debug    ] Decision loop completed        action=MAINTAIN latency_ms=114.33 p99=0.0
2026-07-12 21:02:04 [info     ] algorithm2_scaling_decision    action=MAINTAIN alpha=0.060060060060060066 beta=0.0 buffer=1.0 current_replicas=3 predicted_load=0.0 required_resources=0.0 target_replicas=3
2026-07-12 21:02:04 [info     ] algorithm2_decision            action=MAINTAIN applied_target=3 current_replicas=3 hold_until=0.0 observed_load=0.0 observed_target=3 point_forecasts=None prediction_age_sec=None predictive_target=3 proactive=False scenario=s4-hybrid-predictive target_replicas=3 upper_forecasts=None
2026-07-12 21:02:04 [debug    ] Decision loop completed        action=MAINTAIN latency_ms=107.78 p99=0.0
2026-07-12 21:02:20 [info     ] algorithm2_scaling_decision    action=MAINTAIN alpha=0.060060060060060066 beta=0.0 buffer=1.0 current_replicas=3 predicted_load=0.0 required_resources=0.0 target_replicas=3
2026-07-12 21:02:20 [info     ] algorithm2_decision            action=MAINTAIN applied_target=3 current_replicas=3 hold_until=0.0 observed_load=0.0 observed_target=3 point_forecasts=None prediction_age_sec=None predictive_target=3 proactive=False scenario=s4-hybrid-predictive target_replicas=3 upper_forecasts=None
2026-07-12 21:02:20 [debug    ] Decision loop completed        action=MAINTAIN latency_ms=109.45 p99=0.0
2026-07-12 21:02:35 [debug    ] HAProxy fallback latency       delta_requests=639 interval_avg_ms=64.0 max_rtime_ms=83.0 p99_est=83.0
2026-07-12 21:02:35 [info     ] controller_decision_v3         action=RECOVERY available_replicas=3 budget_remaining=1000 burn_adjustment=0 burst_ratio=0 capacity_deficit=False confidence=0 current_load=42.228405399301714 decision_id=3712db3c k8s_capacity=49.9 k8s_weight=100 knative_weight=0 p99=83.0 predicted_load=0 r_effective=16.6 serverless_enabled=False total_load=42.2 weights_after={'k3s': 100, 'knative': 0} weights_before={'k3s': 80, 'knative': 20}
2026-07-12 21:02:35 [info     ] Weights updated                k3s=100 knative=0
2026-07-12 21:02:35 [info     ] Weights updated                action=RECOVERY reason='load=42RPS | k8s_cap=50RPS | (reducing-serverless)' weights={'k3s': 100, 'knative': 0}
2026-07-12 21:02:35 [info     ] algorithm2_scaling_decision    action=MAINTAIN alpha=0.060060060060060066 beta=0.0 buffer=1.0 current_replicas=3 predicted_load=21.114202699650857 required_resources=1.268 target_replicas=3
2026-07-12 21:02:35 [info     ] algorithm2_decision            action=MAINTAIN applied_target=3 current_replicas=3 hold_until=0.0 observed_load=21.11 observed_target=3 point_forecasts=None prediction_age_sec=None predictive_target=3 proactive=False scenario=s4-hybrid-predictive target_replicas=3 upper_forecasts=None
2026-07-12 21:02:35 [debug    ] Decision loop completed        action=RECOVERY latency_ms=144.45 p99=83.0
2026-07-12 21:02:50 [debug    ] HAProxy fallback latency       delta_requests=667 interval_avg_ms=64.0 max_rtime_ms=113.0 p99_est=113.0
2026-07-12 21:02:50 [info     ] algorithm2_scaling_decision    action=MAINTAIN alpha=0.060060060060060066 beta=0.0 buffer=1.0 current_replicas=3 predicted_load=43.100097412125464 required_resources=2.589 target_replicas=3
2026-07-12 21:02:50 [info     ] algorithm2_decision            action=MAINTAIN applied_target=3 current_replicas=3 hold_until=0.0 observed_load=43.1 observed_target=3 point_forecasts=None prediction_age_sec=None predictive_target=3 proactive=False scenario=s4-hybrid-predictive target_replicas=3 upper_forecasts=None
2026-07-12 21:02:50 [debug    ] Decision loop completed        action=MAINTAIN latency_ms=107.71 p99=113.0
2026-07-12 21:03:05 [debug    ] HAProxy fallback latency       delta_requests=715 interval_avg_ms=69.65 max_rtime_ms=119.0 p99_est=119.0
2026-07-12 21:03:05 [info     ] algorithm2_scaling_decision    action=MAINTAIN alpha=0.060060060060060066 beta=0.0 buffer=1.0 current_replicas=3 predicted_load=45.68293623105523 required_resources=2.744 target_replicas=3
2026-07-12 21:03:05 [info     ] algorithm2_decision            action=MAINTAIN applied_target=3 current_replicas=3 hold_until=0.0 observed_load=45.68 observed_target=3 point_forecasts=None prediction_age_sec=None predictive_target=3 proactive=False scenario=s4-hybrid-predictive target_replicas=3 upper_forecasts=None
2026-07-12 21:03:05 [debug    ] Decision loop completed        action=MAINTAIN latency_ms=106.2 p99=119.0
2026-07-12 21:03:20 [debug    ] HAProxy fallback latency       delta_requests=823 interval_avg_ms=66.0 max_rtime_ms=119.0 p99_est=119.0
2026-07-12 21:03:20 [info     ] Knative pre-warm OK            cold_start_ms=2.6
2026-07-12 21:03:20 [info     ] controller_decision_v3         action=REACTIVE available_replicas=3 budget_remaining=1000 burn_adjustment=0 burst_ratio=0.0821 capacity_deficit=False confidence=0 current_load=54.415760548284275 decision_id=49838609 k8s_capacity=49.9 k8s_weight=91 knative_weight=9 p99=119.0 predicted_load=0 r_effective=16.6 serverless_enabled=True total_load=54.4 weights_after={'k3s': 91, 'knative': 9} weights_before={'k3s': 100, 'knative': 0}
2026-07-12 21:03:20 [info     ] Weights updated                k3s=91 knative=9
2026-07-12 21:03:20 [info     ] Weights updated                action=REACTIVE reason='load=54RPS | k8s_cap=50RPS | (burst-routing)' weights={'k3s': 91, 'knative': 9}
2026-07-12 21:03:20 [info     ] algorithm2_scaling_decision    action=SCALE_UP alpha=0.060060060060060066 beta=0.0 buffer=1.0 current_replicas=3 predicted_load=50.90492179272276 required_resources=3.057 target_replicas=4
2026-07-12 21:03:20 [info     ] algorithm2_decision            action=SCALE_UP applied_target=4 current_replicas=3 hold_until=0.0 observed_load=50.9 observed_target=4 point_forecasts=None prediction_age_sec=None predictive_target=3 proactive=False scenario=s4-hybrid-predictive target_replicas=4 upper_forecasts=None
2026-07-12 21:03:20 [info     ] k8s_scale_executed             deployment=test-app-warm replicas=4
2026-07-12 21:03:20 [debug    ] Decision loop completed        action=REACTIVE latency_ms=150.58 p99=119.0
2026-07-12 21:03:35 [debug    ] HAProxy fallback latency       delta_requests=769 interval_avg_ms=61.3 max_rtime_ms=143.0 p99_est=122.6
2026-07-12 21:03:35 [info     ] controller_decision_v3         action=RECOVERY available_replicas=4 budget_remaining=1000 burn_adjustment=0 burst_ratio=0 capacity_deficit=False confidence=0 current_load=50.82352253944786 decision_id=d21d1f12 k8s_capacity=66.6 k8s_weight=100 knative_weight=0 p99=122.6 predicted_load=0 r_effective=16.6 serverless_enabled=False total_load=50.8 weights_after={'k3s': 100, 'knative': 0} weights_before={'k3s': 91, 'knative': 9}
2026-07-12 21:03:35 [info     ] Weights updated                k3s=100 knative=0
2026-07-12 21:03:35 [info     ] Weights updated                action=RECOVERY reason='load=51RPS | k8s_cap=67RPS | (reducing-serverless)' weights={'k3s': 100, 'knative': 0}
2026-07-12 21:03:35 [info     ] Scale readiness observed       elapsed_sec=15.1 ewma_delay=46.5 samples=1 target=4
2026-07-12 21:03:35 [info     ] algorithm2_scaling_decision    action=MAINTAIN alpha=0.060060060060060066 beta=0.0 buffer=1.0 current_replicas=4 predicted_load=52.61964154386607 required_resources=3.16 target_replicas=4
2026-07-12 21:03:35 [info     ] algorithm2_decision            action=MAINTAIN applied_target=4 current_replicas=4 hold_until=0.0 observed_load=52.62 observed_target=4 point_forecasts=None prediction_age_sec=None predictive_target=3 proactive=False scenario=s4-hybrid-predictive target_replicas=4 upper_forecasts=None
2026-07-12 21:03:35 [debug    ] Decision loop completed        action=RECOVERY latency_ms=143.46 p99=122.60338101430429
2026-07-12 21:03:50 [debug    ] HAProxy fallback latency       delta_requests=548 interval_avg_ms=65.0 max_rtime_ms=143.0 p99_est=130.0
2026-07-12 21:03:50 [info     ] algorithm2_scaling_decision    action=MAINTAIN alpha=0.060060060060060066 beta=0.0 buffer=1.0 current_replicas=4 predicted_load=43.50560015353409 required_resources=2.613 target_replicas=3
2026-07-12 21:03:50 [info     ] algorithm2_decision            action=MAINTAIN applied_target=3 current_replicas=4 hold_until=0.0 observed_load=43.51 observed_target=3 point_forecasts=None prediction_age_sec=None predictive_target=3 proactive=False scenario=s4-hybrid-predictive target_replicas=3 upper_forecasts=None
2026-07-12 21:03:50 [debug    ] Decision loop completed        action=MAINTAIN latency_ms=106.08 p99=130.0
2026-07-12 21:04:05 [debug    ] HAProxy fallback latency       delta_requests=410 interval_avg_ms=65.0 max_rtime_ms=143.0 p99_est=130.0
2026-07-12 21:04:05 [info     ] algorithm2_scaling_decision    action=MAINTAIN alpha=0.060060060060060066 beta=0.0 buffer=1.0 current_replicas=4 predicted_load=31.66445515634032 required_resources=1.902 target_replicas=3
2026-07-12 21:04:05 [info     ] algorithm2_decision            action=MAINTAIN applied_target=3 current_replicas=4 hold_until=0.0 observed_load=31.66 observed_target=3 point_forecasts=None prediction_age_sec=None predictive_target=3 proactive=False scenario=s4-hybrid-predictive target_replicas=3 upper_forecasts=None
2026-07-12 21:04:05 [debug    ] Decision loop completed        action=MAINTAIN latency_ms=108.55 p99=130.0
2026-07-12 21:04:20 [debug    ] HAProxy fallback latency       delta_requests=358 interval_avg_ms=78.77 max_rtime_ms=143.0 p99_est=143.0
2026-07-12 21:04:21 [info     ] algorithm2_scaling_decision    action=MAINTAIN alpha=0.060060060060060066 beta=0.0 buffer=1.0 current_replicas=4 predicted_load=25.417559618300263 required_resources=1.527 target_replicas=3
2026-07-12 21:04:21 [info     ] algorithm2_decision            action=MAINTAIN applied_target=3 current_replicas=4 hold_until=0.0 observed_load=25.42 observed_target=3 point_forecasts=None prediction_age_sec=None predictive_target=3 proactive=False scenario=s4-hybrid-predictive target_replicas=3 upper_forecasts=None
2026-07-12 21:04:21 [debug    ] Decision loop completed        action=MAINTAIN latency_ms=113.59 p99=143.0
2026-07-12 21:04:36 [debug    ] HAProxy fallback latency       delta_requests=485 interval_avg_ms=66.0 max_rtime_ms=143.0 p99_est=132.0
2026-07-12 21:04:36 [info     ] algorithm2_scaling_decision    action=MAINTAIN alpha=0.060060060060060066 beta=0.0 buffer=1.0 current_replicas=4 predicted_load=27.859287007092792 required_resources=1.673 target_replicas=3
2026-07-12 21:04:36 [info     ] algorithm2_decision            action=MAINTAIN applied_target=3 current_replicas=4 hold_until=0.0 observed_load=27.86 observed_target=3 point_forecasts=None prediction_age_sec=None predictive_target=3 proactive=False scenario=s4-hybrid-predictive target_replicas=3 upper_forecasts=None
2026-07-12 21:04:36 [debug    ] Decision loop completed        action=MAINTAIN latency_ms=110.23 p99=132.0
2026-07-12 21:04:51 [debug    ] HAProxy fallback latency       delta_requests=773 interval_avg_ms=58.0 max_rtime_ms=143.0 p99_est=115.99
2026-07-12 21:04:51 [info     ] algorithm2_scaling_decision    action=MAINTAIN alpha=0.060060060060060066 beta=0.0 buffer=1.0 current_replicas=4 predicted_load=41.59057975732319 required_resources=2.498 target_replicas=3
2026-07-12 21:04:51 [info     ] algorithm2_decision            action=MAINTAIN applied_target=3 current_replicas=4 hold_until=0.0 observed_load=41.59 observed_target=3 point_forecasts=None prediction_age_sec=None predictive_target=3 proactive=False scenario=s4-hybrid-predictive target_replicas=3 upper_forecasts=None
2026-07-12 21:04:51 [debug    ] Decision loop completed        action=MAINTAIN latency_ms=106.99 p99=115.99223803363519
2026-07-12 21:05:06 [debug    ] HAProxy fallback latency       delta_requests=812 interval_avg_ms=73.62 max_rtime_ms=143.0 p99_est=143.0
2026-07-12 21:05:06 [info     ] algorithm2_scaling_decision    action=MAINTAIN alpha=0.060060060060060066 beta=0.0 buffer=1.0 current_replicas=4 predicted_load=52.45280516899021 required_resources=3.15 target_replicas=4
2026-07-12 21:05:06 [info     ] algorithm2_decision            action=MAINTAIN applied_target=4 current_replicas=4 hold_until=0.0 observed_load=52.45 observed_target=4 point_forecasts=None prediction_age_sec=None predictive_target=3 proactive=False scenario=s4-hybrid-predictive target_replicas=4 upper_forecasts=None
2026-07-12 21:05:06 [debug    ] Decision loop completed        action=MAINTAIN latency_ms=105.29 p99=143.0
2026-07-12 21:05:21 [debug    ] HAProxy fallback latency       delta_requests=637 interval_avg_ms=54.01 max_rtime_ms=143.0 p99_est=108.03
2026-07-12 21:05:21 [info     ] algorithm2_scaling_decision    action=MAINTAIN alpha=0.060060060060060066 beta=0.0 buffer=1.0 current_replicas=4 predicted_load=47.992622212464205 required_resources=2.882 target_replicas=3
2026-07-12 21:05:21 [info     ] algorithm2_decision            action=MAINTAIN applied_target=3 current_replicas=4 hold_until=0.0 observed_load=47.99 observed_target=3 point_forecasts=None prediction_age_sec=None predictive_target=3 proactive=False scenario=s4-hybrid-predictive target_replicas=3 upper_forecasts=None
2026-07-12 21:05:21 [debug    ] Decision loop completed        action=MAINTAIN latency_ms=111.01 p99=108.02511773940346
2026-07-12 21:05:36 [debug    ] HAProxy fallback latency       delta_requests=657 interval_avg_ms=65.0 max_rtime_ms=143.0 p99_est=130.0
2026-07-12 21:05:36 [info     ] algorithm2_scaling_decision    action=MAINTAIN alpha=0.060060060060060066 beta=0.0 buffer=1.0 current_replicas=4 predicted_load=42.824457008978996 required_resources=2.572 target_replicas=3
2026-07-12 21:05:36 [info     ] algorithm2_decision            action=MAINTAIN applied_target=3 current_replicas=4 hold_until=0.0 observed_load=42.82 observed_target=3 point_forecasts=None prediction_age_sec=None predictive_target=3 proactive=False scenario=s4-hybrid-predictive target_replicas=3 upper_forecasts=None
2026-07-12 21:05:36 [debug    ] Decision loop completed        action=MAINTAIN latency_ms=109.23 p99=130.0
2026-07-12 21:05:51 [debug    ] HAProxy fallback latency       delta_requests=830 interval_avg_ms=65.0 max_rtime_ms=143.0 p99_est=130.0
2026-07-12 21:05:51 [info     ] algorithm2_scaling_decision    action=MAINTAIN alpha=0.060060060060060066 beta=0.0 buffer=1.0 current_replicas=4 predicted_load=49.1726292089963 required_resources=2.953 target_replicas=3
2026-07-12 21:05:51 [info     ] algorithm2_decision            action=MAINTAIN applied_target=3 current_replicas=4 hold_until=0.0 observed_load=49.17 observed_target=3 point_forecasts=None prediction_age_sec=None predictive_target=3 proactive=False scenario=s4-hybrid-predictive target_replicas=3 upper_forecasts=None
2026-07-12 21:05:51 [debug    ] Decision loop completed        action=MAINTAIN latency_ms=106.1 p99=130.0
2026-07-12 21:06:06 [debug    ] HAProxy fallback latency       delta_requests=915 interval_avg_ms=65.0 max_rtime_ms=144.0 p99_est=130.0
2026-07-12 21:06:06 [info     ] algorithm2_scaling_decision    action=MAINTAIN alpha=0.060060060060060066 beta=0.0 buffer=1.0 current_replicas=4 predicted_load=57.75189669577766 required_resources=3.469 target_replicas=4
2026-07-12 21:06:06 [info     ] algorithm2_decision            action=MAINTAIN applied_target=4 current_replicas=4 hold_until=0.0 observed_load=57.75 observed_target=4 point_forecasts=None prediction_age_sec=None predictive_target=3 proactive=False scenario=s4-hybrid-predictive target_replicas=4 upper_forecasts=None
2026-07-12 21:06:06 [debug    ] Decision loop completed        action=MAINTAIN latency_ms=106.14 p99=130.0
2026-07-12 21:06:21 [debug    ] HAProxy fallback latency       delta_requests=931 interval_avg_ms=53.22 max_rtime_ms=144.0 p99_est=106.44
2026-07-12 21:06:21 [info     ] algorithm2_scaling_decision    action=MAINTAIN alpha=0.060060060060060066 beta=0.0 buffer=1.0 current_replicas=4 predicted_load=61.10038011204632 required_resources=3.67 target_replicas=4
2026-07-12 21:06:21 [info     ] algorithm2_decision            action=MAINTAIN applied_target=4 current_replicas=4 hold_until=0.0 observed_load=61.1 observed_target=4 point_forecasts=None prediction_age_sec=None predictive_target=3 proactive=False scenario=s4-hybrid-predictive target_replicas=4 upper_forecasts=None
2026-07-12 21:06:21 [debug    ] Decision loop completed        action=MAINTAIN latency_ms=104.68 p99=106.43609022556392
2026-07-12 21:06:36 [debug    ] HAProxy fallback latency       delta_requests=1003 interval_avg_ms=87.87 max_rtime_ms=144.0 p99_est=144.0
2026-07-12 21:06:37 [info     ] algorithm2_scaling_decision    action=MAINTAIN alpha=0.060060060060060066 beta=0.0 buffer=1.0 current_replicas=4 predicted_load=64.01607681201317 required_resources=3.845 target_replicas=4
2026-07-12 21:06:37 [info     ] algorithm2_decision            action=MAINTAIN applied_target=4 current_replicas=4 hold_until=0.0 observed_load=64.02 observed_target=4 point_forecasts=None prediction_age_sec=None predictive_target=3 proactive=False scenario=s4-hybrid-predictive target_replicas=4 upper_forecasts=None
2026-07-12 21:06:37 [debug    ] Decision loop completed        action=MAINTAIN latency_ms=103.39 p99=144.0
2026-07-12 21:06:52 [debug    ] HAProxy fallback latency       delta_requests=1118 interval_avg_ms=54.29 max_rtime_ms=144.0 p99_est=108.58
2026-07-12 21:06:52 [info     ] Knative pre-warm OK            cold_start_ms=11.7
2026-07-12 21:06:52 [info     ] controller_decision_v3         action=REACTIVE available_replicas=4 budget_remaining=1000 burn_adjustment=0 burst_ratio=0.0994 capacity_deficit=False confidence=0 current_load=73.95440117107474 decision_id=00411d51 k8s_capacity=66.6 k8s_weight=90 knative_weight=10 p99=108.6 predicted_load=0 r_effective=16.6 serverless_enabled=True total_load=74.0 weights_after={'k3s': 90, 'knative': 10} weights_before={'k3s': 100, 'knative': 0}
2026-07-12 21:06:52 [info     ] Weights updated                k3s=90 knative=10
2026-07-12 21:06:52 [info     ] Weights updated                action=REACTIVE reason='load=74RPS | k8s_cap=67RPS | (burst-routing)' weights={'k3s': 90, 'knative': 10}
2026-07-12 21:06:52 [info     ] algorithm2_scaling_decision    action=SCALE_UP alpha=0.060060060060060066 beta=0.0 buffer=1.0 current_replicas=4 predicted_load=70.17856864179006 required_resources=4.215 target_replicas=5
2026-07-12 21:06:52 [info     ] algorithm2_decision            action=SCALE_UP applied_target=5 current_replicas=4 hold_until=0.0 observed_load=70.18 observed_target=5 point_forecasts=None prediction_age_sec=None predictive_target=3 proactive=False scenario=s4-hybrid-predictive target_replicas=5 upper_forecasts=None
2026-07-12 21:06:52 [info     ] k8s_scale_executed             deployment=test-app-warm replicas=5
2026-07-12 21:06:52 [debug    ] Decision loop completed        action=REACTIVE latency_ms=153.81 p99=108.58318425760287
2026-07-12 21:07:07 [debug    ] HAProxy fallback latency       delta_requests=1276 interval_avg_ms=76.26 max_rtime_ms=144.0 p99_est=144.0
2026-07-12 21:07:07 [info     ] controller_decision_v3         action=RECOVERY available_replicas=5 budget_remaining=1000 burn_adjustment=0 burst_ratio=0.0114 capacity_deficit=False confidence=0 current_load=84.20637041255101 decision_id=befe75f9 k8s_capacity=83.2 k8s_weight=98 knative_weight=2 p99=144.0 predicted_load=0 r_effective=16.6 serverless_enabled=True total_load=84.2 weights_after={'k3s': 98, 'knative': 2} weights_before={'k3s': 90, 'knative': 10}
2026-07-12 21:07:07 [info     ] Weights updated                k3s=98 knative=2
2026-07-12 21:07:07 [info     ] Weights updated                action=RECOVERY reason='load=84RPS | k8s_cap=83RPS | (reducing-serverless)' weights={'k3s': 98, 'knative': 2}
2026-07-12 21:07:07 [info     ] Scale readiness observed       elapsed_sec=15.1 ewma_delay=37.1 samples=2 target=5
2026-07-12 21:07:07 [info     ] algorithm2_scaling_decision    action=MAINTAIN alpha=0.060060060060060066 beta=0.0 buffer=1.0 current_replicas=5 predicted_load=79.08038579181287 required_resources=4.75 target_replicas=5
2026-07-12 21:07:07 [info     ] algorithm2_decision            action=MAINTAIN applied_target=5 current_replicas=5 hold_until=0.0 observed_load=79.08 observed_target=5 point_forecasts=None prediction_age_sec=None predictive_target=3 proactive=False scenario=s4-hybrid-predictive target_replicas=5 upper_forecasts=None
2026-07-12 21:07:07 [debug    ] Decision loop completed        action=RECOVERY latency_ms=142.91 p99=144.0
2026-07-12 21:07:22 [debug    ] HAProxy fallback latency       delta_requests=1460 interval_avg_ms=87.68 max_rtime_ms=162.0 p99_est=162.0
2026-07-12 21:07:22 [info     ] controller_decision_v3         action=REACTIVE available_replicas=5 budget_remaining=1000 burn_adjustment=0 burst_ratio=0.1359 capacity_deficit=False confidence=0 current_load=96.34564850462151 decision_id=055e1581 k8s_capacity=83.2 k8s_weight=86 knative_weight=14 p99=162.0 predicted_load=0 r_effective=16.6 serverless_enabled=True total_load=96.3 weights_after={'k3s': 86, 'knative': 14} weights_before={'k3s': 98, 'knative': 2}
2026-07-12 21:07:22 [info     ] Weights updated                k3s=86 knative=14
2026-07-12 21:07:22 [info     ] Weights updated                action=REACTIVE reason='load=96RPS | k8s_cap=83RPS | (burst-routing)' weights={'k3s': 86, 'knative': 14}
2026-07-12 21:07:22 [info     ] algorithm2_scaling_decision    action=SCALE_UP alpha=0.060060060060060066 beta=0.0 buffer=1.0 current_replicas=5 predicted_load=90.27600945858626 required_resources=5.422 target_replicas=6
2026-07-12 21:07:22 [info     ] algorithm2_decision            action=SCALE_UP applied_target=6 current_replicas=5 hold_until=0.0 observed_load=90.28 observed_target=6 point_forecasts=None prediction_age_sec=None predictive_target=3 proactive=False scenario=s4-hybrid-predictive target_replicas=6 upper_forecasts=None
2026-07-12 21:07:22 [info     ] k8s_scale_executed             deployment=test-app-warm replicas=6
2026-07-12 21:07:22 [debug    ] Decision loop completed        action=REACTIVE latency_ms=155.63 p99=162.0
2026-07-12 21:07:37 [debug    ] HAProxy fallback latency       delta_requests=1672 interval_avg_ms=68.0 max_rtime_ms=171.0 p99_est=136.0
2026-07-12 21:07:37 [info     ] controller_decision_v3         action=RECOVERY available_replicas=6 budget_remaining=1000 burn_adjustment=0 burst_ratio=0.0939 capacity_deficit=False confidence=0 current_load=110.25291479916565 decision_id=3951d6d3 k8s_capacity=99.9 k8s_weight=90 knative_weight=10 p99=136.0 predicted_load=0 r_effective=16.6 serverless_enabled=True total_load=110.3 weights_after={'k3s': 90, 'knative': 10} weights_before={'k3s': 86, 'knative': 14}
2026-07-12 21:07:37 [info     ] Weights updated                k3s=90 knative=10
2026-07-12 21:07:37 [info     ] Weights updated                action=RECOVERY reason='load=110RPS | k8s_cap=100RPS | (reducing-serverless)' weights={'k3s': 90, 'knative': 10}
2026-07-12 21:07:37 [info     ] Scale readiness observed       elapsed_sec=15.2 ewma_delay=30.5 samples=3 target=6
2026-07-12 21:07:37 [info     ] algorithm2_scaling_decision    action=MAINTAIN alpha=0.060060060060060066 beta=0.0 buffer=1.0 current_replicas=6 predicted_load=103.29928165189358 required_resources=6.204 target_replicas=6
2026-07-12 21:07:37 [info     ] algorithm2_decision            action=MAINTAIN applied_target=6 current_replicas=6 hold_until=0.0 observed_load=103.3 observed_target=6 point_forecasts=None prediction_age_sec=None predictive_target=3 proactive=False scenario=s4-hybrid-predictive target_replicas=6 upper_forecasts=None
2026-07-12 21:07:37 [debug    ] Decision loop completed        action=RECOVERY latency_ms=151.46 p99=136.0
2026-07-12 21:07:52 [debug    ] HAProxy fallback latency       delta_requests=1895 interval_avg_ms=98.7 max_rtime_ms=317.0 p99_est=197.4
2026-07-12 21:07:52 [info     ] controller_decision_v3         action=REACTIVE available_replicas=6 budget_remaining=1000 burn_adjustment=0 burst_ratio=0.2017 capacity_deficit=False confidence=0 current_load=125.13620204123502 decision_id=7a8e38b4 k8s_capacity=99.9 k8s_weight=79 knative_weight=21 p99=197.4 predicted_load=0 r_effective=16.6 serverless_enabled=True total_load=125.1 weights_after={'k3s': 79, 'knative': 21} weights_before={'k3s': 90, 'knative': 10}
2026-07-12 21:07:52 [info     ] Weights updated                k3s=79 knative=21
2026-07-12 21:07:52 [info     ] Weights updated                action=REACTIVE reason='load=125RPS | k8s_cap=100RPS | (burst-routing)' weights={'k3s': 79, 'knative': 21}
2026-07-12 21:07:52 [info     ] algorithm2_scaling_decision    action=MAINTAIN alpha=0.060060060060060066 beta=0.0 buffer=1.0 current_replicas=6 predicted_load=117.69455842020034 required_resources=7.069 target_replicas=6
2026-07-12 21:07:52 [info     ] algorithm2_decision            action=MAINTAIN applied_target=6 current_replicas=6 hold_until=0.0 observed_load=117.69 observed_target=6 point_forecasts=None prediction_age_sec=None predictive_target=3 proactive=False scenario=s4-hybrid-predictive target_replicas=6 upper_forecasts=None
2026-07-12 21:07:52 [debug    ] Decision loop completed        action=REACTIVE latency_ms=106.62 p99=197.40263852242745
2026-07-12 21:08:07 [debug    ] HAProxy fallback latency       delta_requests=1717 interval_avg_ms=9.53 max_rtime_ms=317.0 p99_est=19.05
2026-07-12 21:08:07 [info     ] controller_decision_v3         action=RECOVERY available_replicas=6 budget_remaining=1000 burn_adjustment=0 burst_ratio=0.1216 capacity_deficit=False confidence=0 current_load=113.72863188158028 decision_id=8b9fcaa9 k8s_capacity=99.9 k8s_weight=87 knative_weight=13 p99=19.1 predicted_load=0 r_effective=16.6 serverless_enabled=True total_load=113.7 weights_after={'k3s': 87, 'knative': 13} weights_before={'k3s': 79, 'knative': 21}
2026-07-12 21:08:07 [info     ] Weights updated                k3s=87 knative=13
2026-07-12 21:08:07 [info     ] Weights updated                action=RECOVERY reason='load=114RPS | k8s_cap=100RPS | (reducing-serverless)' weights={'k3s': 87, 'knative': 13}
2026-07-12 21:08:07 [info     ] algorithm2_scaling_decision    action=MAINTAIN alpha=0.060060060060060066 beta=0.0 buffer=1.0 current_replicas=6 predicted_load=119.43241696140765 required_resources=7.173 target_replicas=6
2026-07-12 21:08:07 [info     ] algorithm2_decision            action=MAINTAIN applied_target=6 current_replicas=6 hold_until=0.0 observed_load=119.43 observed_target=6 point_forecasts=None prediction_age_sec=None predictive_target=3 proactive=False scenario=s4-hybrid-predictive target_replicas=6 upper_forecasts=None
2026-07-12 21:08:07 [debug    ] Decision loop completed        action=RECOVERY latency_ms=145.35 p99=19.05299941758882
2026-07-12 21:08:22 [debug    ] HAProxy fallback latency       delta_requests=1314 interval_avg_ms=48.93 max_rtime_ms=317.0 p99_est=97.87
2026-07-12 21:08:22 [info     ] controller_decision_v3         action=RECOVERY available_replicas=6 budget_remaining=1000 burn_adjustment=0 burst_ratio=0 capacity_deficit=False confidence=0 current_load=86.75484211018768 decision_id=5cfc3b75 k8s_capacity=99.9 k8s_weight=100 knative_weight=0 p99=97.9 predicted_load=0 r_effective=16.6 serverless_enabled=False total_load=86.8 weights_after={'k3s': 100, 'knative': 0} weights_before={'k3s': 87, 'knative': 13}
2026-07-12 21:08:22 [info     ] Weights updated                k3s=100 knative=0
2026-07-12 21:08:22 [info     ] Weights updated                action=RECOVERY reason='load=87RPS | k8s_cap=100RPS | (reducing-serverless)' weights={'k3s': 100, 'knative': 0}
2026-07-12 21:08:23 [info     ] algorithm2_scaling_decision    action=MAINTAIN alpha=0.060060060060060066 beta=0.0 buffer=1.0 current_replicas=6 predicted_load=100.24173699588398 required_resources=6.021 target_replicas=6
2026-07-12 21:08:23 [info     ] algorithm2_decision            action=MAINTAIN applied_target=6 current_replicas=6 hold_until=0.0 observed_load=100.24 observed_target=6 point_forecasts=None prediction_age_sec=None predictive_target=3 proactive=False scenario=s4-hybrid-predictive target_replicas=6 upper_forecasts=None
2026-07-12 21:08:23 [debug    ] Decision loop completed        action=RECOVERY latency_ms=138.77 p99=97.86910197869102
2026-07-12 21:08:38 [debug    ] HAProxy fallback latency       delta_requests=1131 interval_avg_ms=65.0 max_rtime_ms=317.0 p99_est=130.0
2026-07-12 21:08:38 [info     ] algorithm2_scaling_decision    action=MAINTAIN alpha=0.060060060060060066 beta=0.0 buffer=1.0 current_replicas=6 predicted_load=80.73357459861299 required_resources=4.849 target_replicas=5
2026-07-12 21:08:38 [info     ] algorithm2_decision            action=MAINTAIN applied_target=5 current_replicas=6 hold_until=0.0 observed_load=80.73 observed_target=5 point_forecasts=None prediction_age_sec=None predictive_target=3 proactive=False scenario=s4-hybrid-predictive target_replicas=5 upper_forecasts=None
2026-07-12 21:08:38 [debug    ] Decision loop completed        action=MAINTAIN latency_ms=106.06 p99=130.0
2026-07-12 21:08:53 [debug    ] HAProxy fallback latency       delta_requests=1073 interval_avg_ms=87.95 max_rtime_ms=317.0 p99_est=175.9
2026-07-12 21:08:53 [info     ] algorithm2_scaling_decision    action=MAINTAIN alpha=0.060060060060060066 beta=0.0 buffer=1.0 current_replicas=6 predicted_load=72.90368940956526 required_resources=4.379 target_replicas=5
2026-07-12 21:08:53 [info     ] algorithm2_decision            action=MAINTAIN applied_target=5 current_replicas=6 hold_until=0.0 observed_load=72.9 observed_target=5 point_forecasts=None prediction_age_sec=None predictive_target=3 proactive=False scenario=s4-hybrid-predictive target_replicas=5 upper_forecasts=None
2026-07-12 21:08:53 [debug    ] Decision loop completed        action=MAINTAIN latency_ms=113.62 p99=175.9049394221808
2026-07-12 21:09:08 [debug    ] HAProxy fallback latency       delta_requests=946 interval_avg_ms=38.97 max_rtime_ms=317.0 p99_est=77.93
2026-07-12 21:09:08 [info     ] algorithm2_scaling_decision    action=MAINTAIN alpha=0.060060060060060066 beta=0.0 buffer=1.0 current_replicas=6 predicted_load=66.84181188851565 required_resources=4.015 target_replicas=5
2026-07-12 21:09:08 [info     ] algorithm2_decision            action=MAINTAIN applied_target=5 current_replicas=6 hold_until=0.0 observed_load=66.84 observed_target=5 point_forecasts=None prediction_age_sec=None predictive_target=3 proactive=False scenario=s4-hybrid-predictive target_replicas=5 upper_forecasts=None
2026-07-12 21:09:08 [debug    ] Decision loop completed        action=MAINTAIN latency_ms=122.06 p99=77.9323467230444
2026-07-12 21:09:23 [debug    ] HAProxy fallback latency       delta_requests=793 interval_avg_ms=65.0 max_rtime_ms=317.0 p99_est=130.0
2026-07-12 21:09:23 [debug    ] GRU prediction received        confidence=0.8 latency_ms=5.69 predicted=88
2026-07-12 21:09:23 [debug    ] Using GRU prediction           confidence=0.8 forecast_capacity_signal=88.4 predicted=88 required_steps=4
2026-07-12 21:09:23 [info     ] algorithm2_scaling_decision    action=MAINTAIN alpha=0.060060060060060066 beta=0.0 buffer=1.0 current_replicas=6 predicted_load=88.38644409179688 required_resources=5.308 target_replicas=6
2026-07-12 21:09:23 [info     ] algorithm2_decision            action=MAINTAIN applied_target=6 current_replicas=6 hold_until=1783865453.5 observed_load=57.52 observed_target=4 point_forecasts=[74.34256744384766, 73.34606170654297, 73.06368255615234, 74.01830291748047, 72.27487182617188] prediction_age_sec=0.07 predictive_target=6 proactive=True scenario=s4-hybrid-predictive target_replicas=6 upper_forecasts=[88.41023254394531, 86.97156524658203, 87.21632385253906, 88.38644409179688, 86.95398712158203]
2026-07-12 21:09:23 [debug    ] Decision loop completed        action=MAINTAIN latency_ms=115.84 p99=130.0
2026-07-12 21:09:38 [debug    ] HAProxy fallback latency       delta_requests=1201 interval_avg_ms=110.91 max_rtime_ms=317.0 p99_est=221.82
2026-07-12 21:09:38 [debug    ] GRU prediction received        confidence=0.8 latency_ms=6.1 predicted=88
2026-07-12 21:09:38 [debug    ] Using GRU prediction           confidence=0.8 forecast_capacity_signal=88.2 predicted=88 required_steps=4
2026-07-12 21:09:38 [info     ] algorithm2_scaling_decision    action=MAINTAIN alpha=0.060060060060060066 beta=0.0 buffer=1.0 current_replicas=6 predicted_load=88.15162658691406 required_resources=5.294 target_replicas=6
2026-07-12 21:09:38 [info     ] algorithm2_decision            action=MAINTAIN applied_target=6 current_replicas=6 hold_until=1783865468.6 observed_load=65.88 observed_target=4 point_forecasts=[73.68009948730469, 73.28327941894531, 73.1393051147461, 73.78348541259766, 72.64415740966797] prediction_age_sec=0.07 predictive_target=6 proactive=True scenario=s4-hybrid-predictive target_replicas=6 upper_forecasts=[87.74776458740234, 86.90878295898438, 87.29194641113281, 88.15162658691406, 87.32327270507812]
2026-07-12 21:09:38 [debug    ] Decision loop completed        action=MAINTAIN latency_ms=121.03 p99=221.81681931723563
2026-07-12 21:09:53 [debug    ] HAProxy fallback latency       delta_requests=1872 interval_avg_ms=869.05 max_rtime_ms=588.0 p99_est=588.0
2026-07-12 21:09:53 [debug    ] GRU prediction received        confidence=0.8 latency_ms=5.57 predicted=101
2026-07-12 21:09:53 [debug    ] Using GRU prediction           confidence=0.8 forecast_capacity_signal=101.0 predicted=101 required_steps=4
2026-07-12 21:09:53 [debug    ] Proactive amplification        amplified=189.5 approach_ratio=1.24 load_trend=13.2 raw_pred=101
2026-07-12 21:09:53 [info     ] Knative pre-warm OK            cold_start_ms=2.6
2026-07-12 21:09:53 [info     ] controller_decision_v3         action=PREDICTIVE available_replicas=6 budget_remaining=998 burn_adjustment=0 burst_ratio=0.1926 capacity_deficit=False confidence=0.8 current_load=123.73159697053725 decision_id=3f43edd6 k8s_capacity=99.9 k8s_weight=80 knative_weight=20 p99=588.0 predicted_load=101 r_effective=16.6 serverless_enabled=True total_load=123.7 weights_after={'k3s': 80, 'knative': 20} weights_before={'k3s': 100, 'knative': 0}
2026-07-12 21:09:53 [info     ] Weights updated                k3s=80 knative=20
2026-07-12 21:09:53 [info     ] Weights updated                action=PREDICTIVE reason='load=124RPS | k8s_cap=100RPS | (prediction-driven)' weights={'k3s': 80, 'knative': 20}
2026-07-12 21:09:53 [info     ] algorithm2_scaling_decision    action=MAINTAIN alpha=0.060060060060060066 beta=0.0 buffer=1.0 current_replicas=6 predicted_load=101.52631834254544 required_resources=6.098 target_replicas=6
2026-07-12 21:09:53 [info     ] algorithm2_decision            action=MAINTAIN applied_target=6 current_replicas=6 hold_until=1783865468.6 observed_load=101.53 observed_target=6 point_forecasts=[85.61515808105469, 85.7328872680664, 85.5992431640625, 85.25928497314453, 86.0661392211914] prediction_age_sec=0.07 predictive_target=6 proactive=False scenario=s4-hybrid-predictive target_replicas=6 upper_forecasts=[99.68282318115234, 99.35839080810547, 99.75189208984375, 99.62742614746094, 100.74525451660156]
2026-07-12 21:09:53 [debug    ] Decision loop completed        action=PREDICTIVE latency_ms=118.72 p99=588.0
2026-07-12 21:10:08 [debug    ] GRU prediction received        confidence=0.8 latency_ms=5.74 predicted=110
2026-07-12 21:10:08 [debug    ] Using GRU prediction           confidence=0.8 forecast_capacity_signal=110.0 predicted=110 required_steps=4
2026-07-12 21:10:08 [debug    ] Proactive amplification        amplified=192.6 approach_ratio=1.21 load_trend=14.4 raw_pred=110
2026-07-12 21:10:08 [info     ] controller_decision_v3         action=RECOVERY available_replicas=6 budget_remaining=997 burn_adjustment=0 burst_ratio=0.1701 capacity_deficit=False confidence=0.8 current_load=120.38058176450613 decision_id=6adca74d k8s_capacity=99.9 k8s_weight=82 knative_weight=18 p99=588.0 predicted_load=110 r_effective=16.6 serverless_enabled=True total_load=120.4 weights_after={'k3s': 82, 'knative': 18} weights_before={'k3s': 80, 'knative': 20}
2026-07-12 21:10:08 [info     ] Weights updated                k3s=82 knative=18
2026-07-12 21:10:08 [info     ] Weights updated                action=RECOVERY reason='load=120RPS | k8s_cap=100RPS | (reducing-serverless)' weights={'k3s': 82, 'knative': 18}
2026-07-12 21:10:08 [info     ] algorithm2_scaling_decision    action=MAINTAIN alpha=0.060060060060060066 beta=0.0 buffer=1.0 current_replicas=6 predicted_load=122.0560893675217 required_resources=7.331 target_replicas=6
2026-07-12 21:10:08 [info     ] algorithm2_decision            action=MAINTAIN applied_target=6 current_replicas=6 hold_until=1783865468.6 observed_load=122.06 observed_target=6 point_forecasts=[96.10979461669922, 95.95996856689453, 95.93207550048828, 95.45587158203125, 95.70650482177734] prediction_age_sec=0.1 predictive_target=6 proactive=False scenario=s4-hybrid-predictive target_replicas=6 upper_forecasts=[110.17745971679688, 109.5854721069336, 110.084716796875, 109.82401275634766, 110.3856201171875]
2026-07-12 21:10:08 [debug    ] Decision loop completed        action=RECOVERY latency_ms=150.23 p99=588.0
2026-07-12 21:10:23 [debug    ] GRU prediction received        confidence=0.8 latency_ms=5.7 predicted=112
2026-07-12 21:10:23 [debug    ] Using GRU prediction           confidence=0.8 forecast_capacity_signal=112.0 predicted=112 required_steps=4
2026-07-12 21:10:23 [debug    ] Proactive amplification        amplified=146.1 approach_ratio=0.94 load_trend=10.4 raw_pred=112
2026-07-12 21:10:23 [info     ] controller_decision_v3         action=RECOVERY available_replicas=6 budget_remaining=996 burn_adjustment=0 burst_ratio=0 capacity_deficit=False confidence=0.8 current_load=94.05781708675075 decision_id=e7862b2d k8s_capacity=99.9 k8s_weight=100 knative_weight=0 p99=588.0 predicted_load=112 r_effective=16.6 serverless_enabled=False total_load=94.1 weights_after={'k3s': 100, 'knative': 0} weights_before={'k3s': 82, 'knative': 18}
2026-07-12 21:10:23 [info     ] Weights updated                k3s=100 knative=0
2026-07-12 21:10:23 [info     ] Weights updated                action=RECOVERY reason='load=94RPS | k8s_cap=100RPS | (reducing-serverless)' weights={'k3s': 100, 'knative': 0}
2026-07-12 21:10:24 [info     ] algorithm2_scaling_decision    action=MAINTAIN alpha=0.060060060060060066 beta=0.0 buffer=1.0 current_replicas=6 predicted_load=107.21919942562843 required_resources=6.44 target_replicas=6
2026-07-12 21:10:24 [info     ] algorithm2_decision            action=MAINTAIN applied_target=6 current_replicas=6 hold_until=1783865468.6 observed_load=107.22 observed_target=6 point_forecasts=[97.43708801269531, 97.59391784667969, 97.15158081054688, 96.96208190917969, 96.94540405273438] prediction_age_sec=0.11 predictive_target=6 proactive=False scenario=s4-hybrid-predictive target_replicas=6 upper_forecasts=[111.50475311279297, 111.21942138671875, 111.30422973632812, 111.3302230834961, 111.62451934814453]
2026-07-12 21:10:24 [debug    ] Decision loop completed        action=RECOVERY latency_ms=157.27 p99=588.0
2026-07-12 21:10:39 [debug    ] HAProxy fallback latency       delta_requests=1232 interval_avg_ms=39.47 max_rtime_ms=588.0 p99_est=78.94
2026-07-12 21:10:39 [debug    ] GRU prediction received        confidence=0.8 latency_ms=5.88 predicted=109
2026-07-12 21:10:39 [debug    ] Using GRU prediction           confidence=0.8 forecast_capacity_signal=109.0 predicted=109 required_steps=4
2026-07-12 21:10:39 [info     ] algorithm2_scaling_decision    action=MAINTAIN alpha=0.060060060060060066 beta=0.0 buffer=1.0 current_replicas=6 predicted_load=87.66824010629571 required_resources=5.265 target_replicas=6
2026-07-12 21:10:39 [info     ] algorithm2_decision            action=MAINTAIN applied_target=6 current_replicas=6 hold_until=1783865468.6 observed_load=87.67 observed_target=6 point_forecasts=[94.25978088378906, 94.73452758789062, 93.78962707519531, 93.97254180908203, 93.91840362548828] prediction_age_sec=0.07 predictive_target=6 proactive=False scenario=s4-hybrid-predictive target_replicas=6 upper_forecasts=[108.32744598388672, 108.36003112792969, 107.94227600097656, 108.34068298339844, 108.59751892089844]
2026-07-12 21:10:39 [debug    ] Decision loop completed        action=MAINTAIN latency_ms=116.01 p99=78.94318181818181
2026-07-12 21:10:54 [debug    ] HAProxy fallback latency       delta_requests=1147 interval_avg_ms=35.43 max_rtime_ms=588.0 p99_est=70.86
2026-07-12 21:10:54 [debug    ] GRU prediction received        confidence=0.8 latency_ms=5.4 predicted=104
2026-07-12 21:10:54 [debug    ] Using GRU prediction           confidence=0.8 forecast_capacity_signal=104.0 predicted=104 required_steps=4
2026-07-12 21:10:54 [info     ] algorithm2_scaling_decision    action=MAINTAIN alpha=0.060060060060060066 beta=0.0 buffer=1.0 current_replicas=6 predicted_load=104.0 required_resources=6.246 target_replicas=6
2026-07-12 21:10:54 [info     ] algorithm2_decision            action=MAINTAIN applied_target=6 current_replicas=6 hold_until=1783865544.3 observed_load=78.58 observed_target=5 point_forecasts=[89.78130340576172, 90.40811157226562, 89.20734405517578, 89.56553649902344, 89.65141296386719] prediction_age_sec=0.07 predictive_target=6 proactive=True scenario=s4-hybrid-predictive target_replicas=6 upper_forecasts=[103.84896850585938, 104.03361511230469, 103.3599853515625, 103.93367767333984, 104.33052825927734]
2026-07-12 21:10:54 [debug    ] Decision loop completed        action=MAINTAIN latency_ms=109.01 p99=70.86312118570183
2026-07-12 21:11:09 [debug    ] HAProxy fallback latency       delta_requests=1490 interval_avg_ms=187.66 max_rtime_ms=588.0 p99_est=375.32
2026-07-12 21:11:09 [debug    ] GRU prediction received        confidence=0.8 latency_ms=5.84 predicted=107
2026-07-12 21:11:09 [debug    ] Using GRU prediction           confidence=0.8 forecast_capacity_signal=107.0 predicted=107 required_steps=4
2026-07-12 21:11:09 [info     ] algorithm2_scaling_decision    action=MAINTAIN alpha=0.060060060060060066 beta=0.0 buffer=1.0 current_replicas=6 predicted_load=87.2143800457643 required_resources=5.238 target_replicas=6
2026-07-12 21:11:09 [info     ] algorithm2_decision            action=MAINTAIN applied_target=6 current_replicas=6 hold_until=1783865544.3 observed_load=87.21 observed_target=6 point_forecasts=[92.19357299804688, 92.520751953125, 91.57281494140625, 91.78954315185547, 91.84307861328125] prediction_age_sec=0.07 predictive_target=6 proactive=False scenario=s4-hybrid-predictive target_replicas=6 upper_forecasts=[106.26123809814453, 106.14625549316406, 105.7254638671875, 106.15768432617188, 106.5221939086914]
2026-07-12 21:11:09 [debug    ] Decision loop completed        action=MAINTAIN latency_ms=115.78 p99=375.3154362416107
2026-07-12 21:11:24 [debug    ] HAProxy fallback latency       delta_requests=2005 interval_avg_ms=993.06 max_rtime_ms=588.0 p99_est=588.0
2026-07-12 21:11:24 [debug    ] GRU prediction received        confidence=0.8 latency_ms=5.81 predicted=118
2026-07-12 21:11:24 [debug    ] Using GRU prediction           confidence=0.8 forecast_capacity_signal=118.0 predicted=118 required_steps=4
2026-07-12 21:11:24 [debug    ] Proactive amplification        amplified=180.7 approach_ratio=1.33 load_trend=9.6 raw_pred=118
2026-07-12 21:11:24 [info     ] Knative pre-warm OK            cold_start_ms=2.7
2026-07-12 21:11:24 [info     ] controller_decision_v3         action=PREDICTIVE available_replicas=6 budget_remaining=994 burn_adjustment=0 burst_ratio=0.2465 capacity_deficit=False confidence=0.8 current_load=132.5760543319563 decision_id=7255e326 k8s_capacity=99.9 k8s_weight=75 knative_weight=25 p99=588.0 predicted_load=118 r_effective=16.6 serverless_enabled=True total_load=132.6 weights_after={'k3s': 75, 'knative': 25} weights_before={'k3s': 100, 'knative': 0}
2026-07-12 21:11:24 [info     ] Weights updated                k3s=75 knative=25
2026-07-12 21:11:24 [info     ] Weights updated                action=PREDICTIVE reason='load=133RPS | k8s_cap=100RPS | (prediction-driven)' weights={'k3s': 75, 'knative': 25}
2026-07-12 21:11:24 [info     ] algorithm2_scaling_decision    action=MAINTAIN alpha=0.060060060060060066 beta=0.0 buffer=1.0 current_replicas=6 predicted_load=115.56325556887566 required_resources=6.941 target_replicas=6
2026-07-12 21:11:24 [info     ] algorithm2_decision            action=MAINTAIN applied_target=6 current_replicas=6 hold_until=1783865544.3 observed_load=115.56 observed_target=6 point_forecasts=[103.70733642578125, 103.3179702758789, 103.04428100585938, 102.83765411376953, 102.51671600341797] prediction_age_sec=0.07 predictive_target=6 proactive=False scenario=s4-hybrid-predictive target_replicas=6 upper_forecasts=[117.7750015258789, 116.94347381591797, 117.19692993164062, 117.20579528808594, 117.19583129882812]
2026-07-12 21:11:24 [debug    ] Decision loop completed        action=PREDICTIVE latency_ms=120.31 p99=588.0
2026-07-12 21:11:39 [debug    ] GRU prediction received        confidence=0.8 latency_ms=5.85 predicted=133
2026-07-12 21:11:39 [debug    ] Using GRU prediction           confidence=0.8 forecast_capacity_signal=133.0 predicted=133 required_steps=4
2026-07-12 21:11:39 [debug    ] Proactive amplification        amplified=236.6 approach_ratio=1.5 load_trend=17.3 raw_pred=133
2026-07-12 21:11:39 [info     ] controller_decision_v3         action=PREDICTIVE available_replicas=6 budget_remaining=993 burn_adjustment=0 burst_ratio=0.3354 capacity_deficit=False confidence=0.8 current_load=150.32644830274648 decision_id=453c1b36 k8s_capacity=99.9 k8s_weight=66 knative_weight=34 p99=588.0 predicted_load=133 r_effective=16.6 serverless_enabled=True total_load=150.3 weights_after={'k3s': 66, 'knative': 34} weights_before={'k3s': 75, 'knative': 25}
2026-07-12 21:11:39 [info     ] Weights updated                k3s=66 knative=34
2026-07-12 21:11:39 [info     ] Weights updated                action=PREDICTIVE reason='load=150RPS | k8s_cap=100RPS | (prediction-driven)' weights={'k3s': 66, 'knative': 34}
2026-07-12 21:11:39 [info     ] algorithm2_scaling_decision    action=MAINTAIN alpha=0.060060060060060066 beta=0.0 buffer=1.0 current_replicas=6 predicted_load=141.4512513173514 required_resources=8.496 target_replicas=6
2026-07-12 21:11:39 [info     ] algorithm2_decision            action=MAINTAIN applied_target=6 current_replicas=6 hold_until=1783865544.3 observed_load=141.45 observed_target=6 point_forecasts=[118.87165069580078, 117.8707046508789, 118.09954833984375, 117.54641723632812, 116.60394287109375] prediction_age_sec=0.07 predictive_target=6 proactive=False scenario=s4-hybrid-predictive target_replicas=6 upper_forecasts=[132.93931579589844, 131.49620056152344, 132.252197265625, 131.91455078125, 131.28305053710938]
2026-07-12 21:11:39 [debug    ] Decision loop completed        action=PREDICTIVE latency_ms=121.41 p99=588.0
2026-07-12 21:11:54 [debug    ] HAProxy fallback latency       delta_requests=2421 interval_avg_ms=69.0 max_rtime_ms=588.0 p99_est=138.0
2026-07-12 21:11:54 [debug    ] GRU prediction received        confidence=0.8 latency_ms=5.55 predicted=148
2026-07-12 21:11:54 [debug    ] Using GRU prediction           confidence=0.8 forecast_capacity_signal=148.0 predicted=148 required_steps=4
2026-07-12 21:11:54 [debug    ] Proactive amplification        amplified=265.4 approach_ratio=1.6 load_trend=21.1 raw_pred=148
2026-07-12 21:11:54 [info     ] controller_decision_v3         action=PREDICTIVE available_replicas=6 budget_remaining=993 burn_adjustment=0 burst_ratio=0.376 capacity_deficit=False confidence=0.8 current_load=160.10338382356696 decision_id=1eadd445 k8s_capacity=99.9 k8s_weight=62 knative_weight=38 p99=138.0 predicted_load=148 r_effective=16.6 serverless_enabled=True total_load=160.1 weights_after={'k3s': 62, 'knative': 38} weights_before={'k3s': 66, 'knative': 34}
2026-07-12 21:11:54 [info     ] Weights updated                k3s=62 knative=38
2026-07-12 21:11:54 [info     ] Weights updated                action=PREDICTIVE reason='load=160RPS | k8s_cap=100RPS | (prediction-driven)' weights={'k3s': 62, 'knative': 38}
2026-07-12 21:11:54 [info     ] algorithm2_scaling_decision    action=MAINTAIN alpha=0.060060060060060066 beta=0.0 buffer=1.0 current_replicas=6 predicted_load=155.21491606315672 required_resources=9.322 target_replicas=6
2026-07-12 21:11:54 [info     ] algorithm2_decision            action=MAINTAIN applied_target=6 current_replicas=6 hold_until=1783865544.3 observed_load=155.21 observed_target=6 point_forecasts=[134.210693359375, 132.8338165283203, 133.1979522705078, 132.5263671875, 130.8749237060547] prediction_age_sec=0.08 predictive_target=6 proactive=False scenario=s4-hybrid-predictive target_replicas=6 upper_forecasts=[148.2783660888672, 146.45932006835938, 147.35060119628906, 146.89450073242188, 145.5540313720703]
2026-07-12 21:11:54 [debug    ] Decision loop completed        action=PREDICTIVE latency_ms=122.94 p99=138.0
2026-07-12 21:12:09 [debug    ] HAProxy fallback latency       delta_requests=2199 interval_avg_ms=69.0 max_rtime_ms=588.0 p99_est=138.0
2026-07-12 21:12:09 [debug    ] GRU prediction received        confidence=0.8 latency_ms=6.17 predicted=155
2026-07-12 21:12:09 [debug    ] Using GRU prediction           confidence=0.8 forecast_capacity_signal=155.0 predicted=155 required_steps=4
2026-07-12 21:12:09 [debug    ] Proactive amplification        amplified=204.1 approach_ratio=1.46 load_trend=11.7 raw_pred=155
2026-07-12 21:12:09 [info     ] controller_decision_v3         action=RECOVERY available_replicas=6 budget_remaining=993 burn_adjustment=0 burst_ratio=0.3133 capacity_deficit=False confidence=0.8 current_load=145.47128045901448 decision_id=6e148966 k8s_capacity=99.9 k8s_weight=68 knative_weight=32 p99=138.0 predicted_load=155 r_effective=16.6 serverless_enabled=True total_load=145.5 weights_after={'k3s': 68, 'knative': 32} weights_before={'k3s': 62, 'knative': 38}
2026-07-12 21:12:09 [info     ] Weights updated                k3s=68 knative=32
2026-07-12 21:12:09 [info     ] Weights updated                action=RECOVERY reason='load=145RPS | k8s_cap=100RPS | (reducing-serverless)' weights={'k3s': 68, 'knative': 32}
2026-07-12 21:12:09 [info     ] algorithm2_scaling_decision    action=MAINTAIN alpha=0.060060060060060066 beta=0.0 buffer=1.0 current_replicas=6 predicted_load=152.78733214129073 required_resources=9.176 target_replicas=6
2026-07-12 21:12:09 [info     ] algorithm2_decision            action=MAINTAIN applied_target=6 current_replicas=6 hold_until=1783865544.3 observed_load=152.79 observed_target=6 point_forecasts=[140.85357666015625, 139.68026733398438, 139.55364990234375, 139.17697143554688, 137.11981201171875] prediction_age_sec=0.1 predictive_target=6 proactive=False scenario=s4-hybrid-predictive target_replicas=6 upper_forecasts=[154.92124938964844, 153.30577087402344, 153.706298828125, 153.54510498046875, 151.79891967773438]
2026-07-12 21:12:09 [debug    ] Decision loop completed        action=RECOVERY latency_ms=150.92 p99=138.0
2026-07-12 21:12:24 [debug    ] HAProxy fallback latency       delta_requests=1853 interval_avg_ms=17.94 max_rtime_ms=588.0 p99_est=35.89
2026-07-12 21:12:24 [debug    ] GRU prediction received        confidence=0.8 latency_ms=5.43 predicted=151
2026-07-12 21:12:24 [debug    ] Using GRU prediction           confidence=0.8 forecast_capacity_signal=151.0 predicted=151 required_steps=4
2026-07-12 21:12:24 [info     ] controller_decision_v3         action=RECOVERY available_replicas=6 budget_remaining=993 burn_adjustment=0 burst_ratio=0.1836 capacity_deficit=False confidence=0.8 current_load=122.3703748185391 decision_id=d8fa0dd5 k8s_capacity=99.9 k8s_weight=81 knative_weight=19 p99=35.9 predicted_load=151 r_effective=16.6 serverless_enabled=True total_load=122.4 weights_after={'k3s': 81, 'knative': 19} weights_before={'k3s': 68, 'knative': 32}
2026-07-12 21:12:25 [info     ] Weights updated                k3s=81 knative=19
2026-07-12 21:12:25 [info     ] Weights updated                action=RECOVERY reason='load=122RPS | k8s_cap=100RPS | (reducing-serverless)' weights={'k3s': 81, 'knative': 19}
2026-07-12 21:12:25 [info     ] algorithm2_scaling_decision    action=MAINTAIN alpha=0.060060060060060066 beta=0.0 buffer=1.0 current_replicas=6 predicted_load=133.92082763877679 required_resources=8.043 target_replicas=6
2026-07-12 21:12:25 [info     ] algorithm2_decision            action=MAINTAIN applied_target=6 current_replicas=6 hold_until=1783865544.3 observed_load=133.92 observed_target=6 point_forecasts=[136.78070068359375, 136.0977325439453, 135.233642578125, 135.34652709960938, 133.3815155029297] prediction_age_sec=0.11 predictive_target=6 proactive=False scenario=s4-hybrid-predictive target_replicas=6 upper_forecasts=[150.84837341308594, 149.72323608398438, 149.38629150390625, 149.71466064453125, 148.0606231689453]
2026-07-12 21:12:25 [debug    ] Decision loop completed        action=RECOVERY latency_ms=153.77 p99=35.88667026443605
2026-07-12 21:12:40 [debug    ] HAProxy fallback latency       delta_requests=1788 interval_avg_ms=94.46 max_rtime_ms=588.0 p99_est=188.91
2026-07-12 21:12:40 [debug    ] GRU prediction received        confidence=0.8 latency_ms=6.24 predicted=145
2026-07-12 21:12:40 [debug    ] Using GRU prediction           confidence=0.8 forecast_capacity_signal=145.0 predicted=145 required_steps=4
2026-07-12 21:12:40 [info     ] controller_decision_v3         action=RECOVERY available_replicas=6 budget_remaining=993 burn_adjustment=0 burst_ratio=0.1533 capacity_deficit=False confidence=0.8 current_load=117.98429660807415 decision_id=15eae17e k8s_capacity=99.9 k8s_weight=84 knative_weight=16 p99=188.9 predicted_load=145 r_effective=16.6 serverless_enabled=True total_load=118.0 weights_after={'k3s': 84, 'knative': 16} weights_before={'k3s': 81, 'knative': 19}
2026-07-12 21:12:40 [info     ] Weights updated                k3s=84 knative=16
2026-07-12 21:12:40 [info     ] Weights updated                action=RECOVERY reason='load=118RPS | k8s_cap=100RPS | (reducing-serverless)' weights={'k3s': 84, 'knative': 16}
2026-07-12 21:12:40 [info     ] algorithm2_scaling_decision    action=MAINTAIN alpha=0.060060060060060066 beta=0.0 buffer=1.0 current_replicas=6 predicted_load=120.17733571330663 required_resources=7.218 target_replicas=6
2026-07-12 21:12:40 [info     ] algorithm2_decision            action=MAINTAIN applied_target=6 current_replicas=6 hold_until=1783865544.3 observed_load=120.18 observed_target=6 point_forecasts=[131.1171417236328, 130.59490966796875, 129.43722534179688, 129.71688842773438, 128.0942840576172] prediction_age_sec=0.11 predictive_target=6 proactive=False scenario=s4-hybrid-predictive target_replicas=6 upper_forecasts=[145.184814453125, 144.2204132080078, 143.58987426757812, 144.08502197265625, 142.7733917236328]
2026-07-12 21:12:40 [debug    ] Decision loop completed        action=RECOVERY latency_ms=155.92 p99=188.91275167785236
2026-07-12 21:12:55 [debug    ] HAProxy fallback latency       delta_requests=1824 interval_avg_ms=68.0 max_rtime_ms=588.0 p99_est=136.0
2026-07-12 21:12:55 [debug    ] GRU prediction received        confidence=0.8 latency_ms=5.82 predicted=141
2026-07-12 21:12:55 [debug    ] Using GRU prediction           confidence=0.8 forecast_capacity_signal=141.0 predicted=141 required_steps=4
2026-07-12 21:12:55 [info     ] controller_decision_v3         action=PREDICTIVE available_replicas=6 budget_remaining=993 burn_adjustment=0 burst_ratio=0.1699 capacity_deficit=False confidence=0.8 current_load=120.34626301958717 decision_id=a885be14 k8s_capacity=99.9 k8s_weight=83 knative_weight=17 p99=136.0 predicted_load=141 r_effective=16.6 serverless_enabled=True total_load=120.3 weights_after={'k3s': 83, 'knative': 17} weights_before={'k3s': 84, 'knative': 16}
2026-07-12 21:12:55 [info     ] Weights updated                k3s=83 knative=17
2026-07-12 21:12:55 [info     ] Weights updated                action=PREDICTIVE reason='load=120RPS | k8s_cap=100RPS | (prediction-driven)' weights={'k3s': 83, 'knative': 17}
2026-07-12 21:12:55 [info     ] algorithm2_scaling_decision    action=MAINTAIN alpha=0.060060060060060066 beta=0.0 buffer=1.0 current_replicas=6 predicted_load=119.16527981383067 required_resources=7.157 target_replicas=6
2026-07-12 21:12:55 [info     ] algorithm2_decision            action=MAINTAIN applied_target=6 current_replicas=6 hold_until=1783865544.3 observed_load=119.17 observed_target=6 point_forecasts=[127.33213806152344, 126.81503295898438, 125.66112518310547, 125.87413024902344, 124.58940124511719] prediction_age_sec=0.08 predictive_target=6 proactive=False scenario=s4-hybrid-predictive target_replicas=6 upper_forecasts=[141.39981079101562, 140.44053649902344, 139.8137664794922, 140.24227905273438, 139.2685089111328]
2026-07-12 21:12:55 [debug    ] Decision loop completed        action=PREDICTIVE latency_ms=123.73 p99=136.0
2026-07-12 21:13:10 [debug    ] HAProxy fallback latency       delta_requests=1818 interval_avg_ms=38.99 max_rtime_ms=588.0 p99_est=77.99
2026-07-12 21:13:10 [debug    ] GRU prediction received        confidence=0.8 latency_ms=5.83 predicted=139
2026-07-12 21:13:10 [debug    ] Using GRU prediction           confidence=0.8 forecast_capacity_signal=139.0 predicted=139 required_steps=4
2026-07-12 21:13:10 [info     ] algorithm2_scaling_decision    action=MAINTAIN alpha=0.060060060060060066 beta=0.0 buffer=1.0 current_replicas=6 predicted_load=120.24572520842904 required_resources=7.222 target_replicas=6
2026-07-12 21:13:10 [info     ] algorithm2_decision            action=MAINTAIN applied_target=6 current_replicas=6 hold_until=1783865544.3 observed_load=120.25 observed_target=6 point_forecasts=[124.53610229492188, 124.05554962158203, 122.93588256835938, 123.07313537597656, 122.03388977050781] prediction_age_sec=0.07 predictive_target=6 proactive=False scenario=s4-hybrid-predictive target_replicas=6 upper_forecasts=[138.60377502441406, 137.68104553222656, 137.08853149414062, 137.4412841796875, 136.71299743652344]
2026-07-12 21:13:10 [debug    ] Decision loop completed        action=MAINTAIN latency_ms=118.46 p99=77.98679867986799
2026-07-12 21:13:25 [debug    ] HAProxy fallback latency       delta_requests=1786 interval_avg_ms=67.0 max_rtime_ms=588.0 p99_est=134.0
2026-07-12 21:13:25 [debug    ] GRU prediction received        confidence=0.8 latency_ms=5.78 predicted=136
2026-07-12 21:13:25 [debug    ] Using GRU prediction           confidence=0.8 forecast_capacity_signal=136.0 predicted=136 required_steps=4
2026-07-12 21:13:25 [info     ] controller_decision_v3         action=RECOVERY available_replicas=6 budget_remaining=993 burn_adjustment=0 burst_ratio=0.1548 capacity_deficit=False confidence=0.8 current_load=118.1956295495301 decision_id=8c6787a5 k8s_capacity=99.9 k8s_weight=84 knative_weight=16 p99=134.0 predicted_load=136 r_effective=16.6 serverless_enabled=True total_load=118.2 weights_after={'k3s': 84, 'knative': 16} weights_before={'k3s': 83, 'knative': 17}
2026-07-12 21:13:25 [info     ] Weights updated                k3s=84 knative=16
2026-07-12 21:13:25 [info     ] Weights updated                action=RECOVERY reason='load=118RPS | k8s_cap=100RPS | (reducing-serverless)' weights={'k3s': 84, 'knative': 16}
2026-07-12 21:13:25 [info     ] algorithm2_scaling_decision    action=MAINTAIN alpha=0.060060060060060066 beta=0.0 buffer=1.0 current_replicas=6 predicted_load=119.1704084734005 required_resources=7.157 target_replicas=6
2026-07-12 21:13:25 [info     ] algorithm2_decision            action=MAINTAIN applied_target=6 current_replicas=6 hold_until=1783865544.3 observed_load=119.17 observed_target=6 point_forecasts=[122.02519226074219, 121.61065673828125, 120.49681091308594, 120.607666015625, 119.73258972167969] prediction_age_sec=0.11 predictive_target=6 proactive=False scenario=s4-hybrid-predictive target_replicas=6 upper_forecasts=[136.09286499023438, 135.2361602783203, 134.6494598388672, 134.97579956054688, 134.4116973876953]
2026-07-12 21:13:25 [debug    ] Decision loop completed        action=RECOVERY latency_ms=156.24 p99=134.0
2026-07-12 21:13:40 [debug    ] HAProxy fallback latency       delta_requests=1552 interval_avg_ms=67.0 max_rtime_ms=588.0 p99_est=134.0
2026-07-12 21:13:40 [debug    ] GRU prediction received        confidence=0.8 latency_ms=6.02 predicted=129
2026-07-12 21:13:40 [debug    ] Using GRU prediction           confidence=0.8 forecast_capacity_signal=129.0 predicted=129 required_steps=4
2026-07-12 21:13:40 [info     ] controller_decision_v3         action=RECOVERY available_replicas=6 budget_remaining=993 burn_adjustment=0 burst_ratio=0.0251 capacity_deficit=False confidence=0.8 current_load=102.47195490472274 decision_id=eca99337 k8s_capacity=99.9 k8s_weight=97 knative_weight=3 p99=134.0 predicted_load=129 r_effective=16.6 serverless_enabled=True total_load=102.5 weights_after={'k3s': 97, 'knative': 3} weights_before={'k3s': 84, 'knative': 16}
2026-07-12 21:13:40 [info     ] Weights updated                k3s=97 knative=3
2026-07-12 21:13:40 [info     ] Weights updated                action=RECOVERY reason='load=102RPS | k8s_cap=100RPS | (reducing-serverless)' weights={'k3s': 97, 'knative': 3}
2026-07-12 21:13:40 [info     ] algorithm2_scaling_decision    action=MAINTAIN alpha=0.060060060060060066 beta=0.0 buffer=1.0 current_replicas=6 predicted_load=110.33379222712642 required_resources=6.627 target_replicas=6
2026-07-12 21:13:40 [info     ] algorithm2_decision            action=MAINTAIN applied_target=6 current_replicas=6 hold_until=1783865544.3 observed_load=110.33 observed_target=6 point_forecasts=[115.37551879882812, 115.3078384399414, 113.9166030883789, 114.21943664550781, 113.58053588867188] prediction_age_sec=0.1 predictive_target=6 proactive=False scenario=s4-hybrid-predictive target_replicas=6 upper_forecasts=[129.4431915283203, 128.93333435058594, 128.06924438476562, 128.58758544921875, 128.2596435546875]
2026-07-12 21:13:40 [debug    ] Decision loop completed        action=RECOVERY latency_ms=150.29 p99=134.0
2026-07-12 21:13:55 [debug    ] HAProxy fallback latency       delta_requests=1258 interval_avg_ms=21.43 max_rtime_ms=588.0 p99_est=42.86
2026-07-12 21:13:55 [debug    ] GRU prediction received        confidence=0.8 latency_ms=5.45 predicted=119
2026-07-12 21:13:55 [debug    ] Using GRU prediction           confidence=0.8 forecast_capacity_signal=119.0 predicted=119 required_steps=4
2026-07-12 21:13:55 [info     ] controller_decision_v3         action=RECOVERY available_replicas=6 budget_remaining=993 burn_adjustment=0 burst_ratio=0 capacity_deficit=False confidence=0.8 current_load=83.03031988982866 decision_id=2ba011f8 k8s_capacity=99.9 k8s_weight=100 knative_weight=0 p99=42.9 predicted_load=119 r_effective=16.6 serverless_enabled=False total_load=83.0 weights_after={'k3s': 100, 'knative': 0} weights_before={'k3s': 97, 'knative': 3}
2026-07-12 21:13:55 [info     ] Weights updated                k3s=100 knative=0
2026-07-12 21:13:55 [info     ] Weights updated                action=RECOVERY reason='load=83RPS | k8s_cap=100RPS | (reducing-serverless)' weights={'k3s': 100, 'knative': 0}
2026-07-12 21:13:55 [info     ] algorithm2_scaling_decision    action=MAINTAIN alpha=0.060060060060060066 beta=0.0 buffer=1.0 current_replicas=6 predicted_load=92.7511373972757 required_resources=5.571 target_replicas=6
2026-07-12 21:13:55 [info     ] algorithm2_decision            action=MAINTAIN applied_target=6 current_replicas=6 hold_until=1783865544.3 observed_load=92.75 observed_target=6 point_forecasts=[104.51152038574219, 104.88859558105469, 103.08152770996094, 103.80469512939453, 103.44087219238281] prediction_age_sec=0.11 predictive_target=6 proactive=False scenario=s4-hybrid-predictive target_replicas=6 upper_forecasts=[118.57918548583984, 118.51409912109375, 117.23417663574219, 118.17283630371094, 118.11998748779297]
2026-07-12 21:13:55 [debug    ] Decision loop completed        action=RECOVERY latency_ms=152.14 p99=42.85532591414945
2026-07-12 21:14:10 [debug    ] HAProxy fallback latency       delta_requests=1119 interval_avg_ms=13.77 max_rtime_ms=588.0 p99_est=27.53
2026-07-12 21:14:10 [debug    ] GRU prediction received        confidence=0.8 latency_ms=5.86 predicted=108
2026-07-12 21:14:10 [debug    ] Using GRU prediction           confidence=0.8 forecast_capacity_signal=108.0 predicted=108 required_steps=4
2026-07-12 21:14:11 [info     ] algorithm2_scaling_decision    action=MAINTAIN alpha=0.060060060060060066 beta=0.0 buffer=1.0 current_replicas=6 predicted_load=108.04004669189453 required_resources=6.489 target_replicas=6
2026-07-12 21:14:11 [info     ] algorithm2_decision            action=MAINTAIN applied_target=6 current_replicas=6 hold_until=1783865741.0 observed_load=78.47 observed_target=5 point_forecasts=[94.16099548339844, 94.6473159790039, 92.8036880493164, 93.67190551757812, 93.5693130493164] prediction_age_sec=0.07 predictive_target=6 proactive=True scenario=s4-hybrid-predictive target_replicas=6 upper_forecasts=[108.2286605834961, 108.27281951904297, 106.95632934570312, 108.04004669189453, 108.24842834472656]
2026-07-12 21:14:11 [debug    ] Decision loop completed        action=MAINTAIN latency_ms=110.05 p99=27.533512064343164
2026-07-12 21:14:26 [debug    ] HAProxy fallback latency       delta_requests=1044 interval_avg_ms=65.0 max_rtime_ms=588.0 p99_est=130.0
2026-07-12 21:14:26 [debug    ] GRU prediction received        confidence=0.8 latency_ms=5.42 predicted=100
2026-07-12 21:14:26 [debug    ] Using GRU prediction           confidence=0.8 forecast_capacity_signal=100.0 predicted=100 required_steps=4
2026-07-12 21:14:26 [info     ] algorithm2_scaling_decision    action=MAINTAIN alpha=0.060060060060060066 beta=0.0 buffer=1.0 current_replicas=6 predicted_load=100.0 required_resources=6.006 target_replicas=6
2026-07-12 21:14:26 [info     ] algorithm2_decision            action=MAINTAIN applied_target=6 current_replicas=6 hold_until=1783865756.1 observed_load=71.47 observed_target=5 point_forecasts=[85.9078598022461, 86.1629638671875, 84.67652893066406, 85.19464111328125, 85.41841888427734] prediction_age_sec=0.07 predictive_target=6 proactive=True scenario=s4-hybrid-predictive target_replicas=6 upper_forecasts=[99.97552490234375, 99.78846740722656, 98.82917785644531, 99.56278228759766, 100.0975341796875]
2026-07-12 21:14:26 [debug    ] Decision loop completed        action=MAINTAIN latency_ms=116.25 p99=130.0
2026-07-12 21:14:41 [debug    ] HAProxy fallback latency       delta_requests=1177 interval_avg_ms=116.55 max_rtime_ms=588.0 p99_est=233.09
2026-07-12 21:14:41 [debug    ] GRU prediction received        confidence=0.8 latency_ms=5.7 predicted=97
2026-07-12 21:14:41 [debug    ] Using GRU prediction           confidence=0.8 forecast_capacity_signal=97.0 predicted=97 required_steps=4
2026-07-12 21:14:41 [info     ] algorithm2_scaling_decision    action=MAINTAIN alpha=0.060060060060060066 beta=0.0 buffer=1.0 current_replicas=6 predicted_load=97.0 required_resources=5.826 target_replicas=6
2026-07-12 21:14:41 [info     ] algorithm2_decision            action=MAINTAIN applied_target=6 current_replicas=6 hold_until=1783865771.2 observed_load=73.44 observed_target=5 point_forecasts=[82.60372161865234, 82.67464447021484, 81.8668212890625, 81.82862854003906, 82.14649200439453] prediction_age_sec=0.07 predictive_target=6 proactive=True scenario=s4-hybrid-predictive target_replicas=6 upper_forecasts=[96.67138671875, 96.3001480102539, 96.01947021484375, 96.19676971435547, 96.82560729980469]
2026-07-12 21:14:41 [debug    ] Decision loop completed        action=MAINTAIN latency_ms=116.29 p99=233.09260832625318
2026-07-12 21:14:56 [debug    ] HAProxy fallback latency       delta_requests=1329 interval_avg_ms=112.65 max_rtime_ms=588.0 p99_est=225.3
2026-07-12 21:14:56 [debug    ] GRU prediction received        confidence=0.8 latency_ms=5.49 predicted=98
2026-07-12 21:14:56 [debug    ] Using GRU prediction           confidence=0.8 forecast_capacity_signal=98.0 predicted=98 required_steps=4
2026-07-12 21:14:56 [info     ] algorithm2_scaling_decision    action=MAINTAIN alpha=0.060060060060060066 beta=0.0 buffer=1.0 current_replicas=6 predicted_load=98.0 required_resources=5.886 target_replicas=6
2026-07-12 21:14:56 [info     ] algorithm2_decision            action=MAINTAIN applied_target=6 current_replicas=6 hold_until=1783865786.4 observed_load=82.89 observed_target=5 point_forecasts=[82.85403442382812, 83.155029296875, 82.59584045410156, 82.23255920410156, 82.9461441040039] prediction_age_sec=0.07 predictive_target=6 proactive=True scenario=s4-hybrid-predictive target_replicas=6 upper_forecasts=[96.92169952392578, 96.78053283691406, 96.74848937988281, 96.60070037841797, 97.62525939941406]
2026-07-12 21:14:56 [debug    ] Decision loop completed        action=MAINTAIN latency_ms=119.16 p99=225.3017306245297
2026-07-12 21:15:11 [debug    ] HAProxy fallback latency       delta_requests=1091 interval_avg_ms=9.17 max_rtime_ms=588.0 p99_est=18.34
2026-07-12 21:15:11 [debug    ] GRU prediction received        confidence=0.8 latency_ms=5.73 predicted=94
2026-07-12 21:15:11 [debug    ] Using GRU prediction           confidence=0.8 forecast_capacity_signal=94.0 predicted=94 required_steps=4
2026-07-12 21:15:11 [info     ] algorithm2_scaling_decision    action=MAINTAIN alpha=0.060060060060060066 beta=0.0 buffer=1.0 current_replicas=6 predicted_load=94.0 required_resources=5.646 target_replicas=6
2026-07-12 21:15:11 [info     ] algorithm2_decision            action=MAINTAIN applied_target=6 current_replicas=6 hold_until=1783865801.5 observed_load=80.04 observed_target=5 point_forecasts=[79.61738586425781, 79.70679473876953, 79.74053955078125, 79.4329833984375, 79.60736846923828] prediction_age_sec=0.07 predictive_target=6 proactive=True scenario=s4-hybrid-predictive target_replicas=6 upper_forecasts=[93.68505096435547, 93.3322982788086, 93.8931884765625, 93.8011245727539, 94.28648376464844]
2026-07-12 21:15:11 [debug    ] Decision loop completed        action=MAINTAIN latency_ms=117.84 p99=18.344637946837764
2026-07-12 21:15:26 [debug    ] GRU prediction received        confidence=0.8 latency_ms=5.34 predicted=87
2026-07-12 21:15:26 [debug    ] Using GRU prediction           confidence=0.8 forecast_capacity_signal=87.0 predicted=87 required_steps=4
2026-07-12 21:15:26 [info     ] algorithm2_scaling_decision    action=MAINTAIN alpha=0.060060060060060066 beta=0.0 buffer=1.0 current_replicas=6 predicted_load=87.0 required_resources=5.225 target_replicas=6
2026-07-12 21:15:26 [info     ] algorithm2_decision            action=MAINTAIN applied_target=6 current_replicas=6 hold_until=1783865816.6 observed_load=61.68 observed_target=4 point_forecasts=[72.55126953125, 71.69805908203125, 71.52855682373047, 72.63011169433594, 70.87114715576172] prediction_age_sec=0.07 predictive_target=6 proactive=True scenario=s4-hybrid-predictive target_replicas=6 upper_forecasts=[86.61893463134766, 85.32356262207031, 85.68119812011719, 86.99825286865234, 85.55026245117188]
2026-07-12 21:15:26 [debug    ] Decision loop completed        action=MAINTAIN latency_ms=114.29 p99=18.344637946837764
2026-07-12 21:15:41 [debug    ] HAProxy fallback latency       delta_requests=704 interval_avg_ms=65.0 max_rtime_ms=588.0 p99_est=130.0
2026-07-12 21:15:41 [debug    ] GRU prediction received        confidence=0.8 latency_ms=5.81 predicted=82
2026-07-12 21:15:41 [debug    ] Using GRU prediction           confidence=0.8 forecast_capacity_signal=82.0 predicted=82 required_steps=4
2026-07-12 21:15:41 [info     ] algorithm2_scaling_decision    action=MAINTAIN alpha=0.060060060060060066 beta=0.0 buffer=1.0 current_replicas=6 predicted_load=82.0 required_resources=4.925 target_replicas=5
2026-07-12 21:15:41 [info     ] algorithm2_decision            action=MAINTAIN applied_target=5 current_replicas=6 hold_until=1783865831.7 observed_load=48.89 observed_target=3 point_forecasts=[67.45758819580078, 66.02845764160156, 65.85222625732422, 67.02869415283203, 65.27798461914062] prediction_age_sec=0.07 predictive_target=5 proactive=True scenario=s4-hybrid-predictive target_replicas=5 upper_forecasts=[81.52525329589844, 79.65396118164062, 80.00486755371094, 81.39683532714844, 79.95709991455078]
2026-07-12 21:15:41 [debug    ] Decision loop completed        action=MAINTAIN latency_ms=115.72 p99=130.0
2026-07-12 21:15:56 [debug    ] GRU prediction received        confidence=0.8 latency_ms=5.66 predicted=77
2026-07-12 21:15:56 [debug    ] Using GRU prediction           confidence=0.8 forecast_capacity_signal=77.4 predicted=77 required_steps=4
2026-07-12 21:15:56 [info     ] algorithm2_scaling_decision    action=MAINTAIN alpha=0.060060060060060066 beta=0.0 buffer=1.0 current_replicas=6 predicted_load=77.36107635498047 required_resources=4.646 target_replicas=5
2026-07-12 21:15:56 [info     ] algorithm2_decision            action=MAINTAIN applied_target=5 current_replicas=6 hold_until=1783865846.8 observed_load=46.21 observed_target=3 point_forecasts=[63.28902816772461, 61.96656036376953, 61.85554504394531, 62.99293518066406, 61.29018783569336] prediction_age_sec=0.07 predictive_target=5 proactive=True scenario=s4-hybrid-predictive target_replicas=5 upper_forecasts=[77.35669708251953, 75.5920639038086, 76.00819396972656, 77.36107635498047, 75.96929931640625]
2026-07-12 21:15:56 [debug    ] Decision loop completed        action=MAINTAIN latency_ms=116.6 p99=130.0
2026-07-12 21:16:11 [debug    ] HAProxy fallback latency       delta_requests=654 interval_avg_ms=64.0 max_rtime_ms=588.0 p99_est=128.0
2026-07-12 21:16:11 [debug    ] GRU prediction received        confidence=0.8 latency_ms=6.35 predicted=74
2026-07-12 21:16:11 [debug    ] Using GRU prediction           confidence=0.8 forecast_capacity_signal=74.0 predicted=74 required_steps=4
2026-07-12 21:16:11 [info     ] algorithm2_scaling_decision    action=MAINTAIN alpha=0.060060060060060066 beta=0.0 buffer=1.0 current_replicas=6 predicted_load=74.0 required_resources=4.444 target_replicas=5
2026-07-12 21:16:11 [info     ] algorithm2_decision            action=MAINTAIN applied_target=5 current_replicas=6 hold_until=1783865861.9 observed_load=44.55 observed_target=3 point_forecasts=[59.5264778137207, 58.364341735839844, 58.300384521484375, 59.3680419921875, 57.76018524169922] prediction_age_sec=0.08 predictive_target=5 proactive=True scenario=s4-hybrid-predictive target_replicas=5 upper_forecasts=[73.59414672851562, 71.9898452758789, 72.45303344726562, 73.7361831665039, 72.43930053710938]
2026-07-12 21:16:11 [debug    ] Decision loop completed        action=MAINTAIN latency_ms=126.73 p99=128.0
2026-07-12 21:16:26 [debug    ] HAProxy fallback latency       delta_requests=635 interval_avg_ms=64.0 max_rtime_ms=588.0 p99_est=128.0
2026-07-12 21:16:27 [debug    ] GRU prediction received        confidence=0.8 latency_ms=5.61 predicted=71
2026-07-12 21:16:27 [debug    ] Using GRU prediction           confidence=0.8 forecast_capacity_signal=71.0 predicted=71 required_steps=4
2026-07-12 21:16:27 [info     ] algorithm2_scaling_decision    action=MAINTAIN alpha=0.060060060060060066 beta=0.0 buffer=1.0 current_replicas=6 predicted_load=71.0 required_resources=4.264 target_replicas=5
2026-07-12 21:16:27 [info     ] algorithm2_decision            action=MAINTAIN applied_target=5 current_replicas=6 hold_until=1783865877.1 observed_load=42.62 observed_target=3 point_forecasts=[56.26910400390625, 55.29249572753906, 55.24501037597656, 56.25546646118164, 54.77048873901367] prediction_age_sec=0.07 predictive_target=5 proactive=True scenario=s4-hybrid-predictive target_replicas=5 upper_forecasts=[70.3367691040039, 68.91799926757812, 69.39765930175781, 70.62361145019531, 69.44960021972656]
2026-07-12 21:16:27 [debug    ] Decision loop completed        action=MAINTAIN latency_ms=117.42 p99=128.0
2026-07-12 21:16:42 [debug    ] HAProxy fallback latency       delta_requests=836 interval_avg_ms=64.0 max_rtime_ms=588.0 p99_est=128.0
2026-07-12 21:16:42 [debug    ] GRU prediction received        confidence=0.8 latency_ms=5.64 predicted=70
2026-07-12 21:16:42 [debug    ] Using GRU prediction           confidence=0.8 forecast_capacity_signal=70.0 predicted=70 required_steps=4
2026-07-12 21:16:42 [info     ] algorithm2_scaling_decision    action=MAINTAIN alpha=0.060060060060060066 beta=0.0 buffer=1.0 current_replicas=6 predicted_load=70.0 required_resources=4.204 target_replicas=5
2026-07-12 21:16:42 [info     ] algorithm2_decision            action=MAINTAIN applied_target=5 current_replicas=6 hold_until=1783865892.2 observed_load=48.64 observed_target=3 point_forecasts=[55.301475524902344, 54.70835876464844, 54.58515167236328, 55.51522445678711, 54.26099395751953] prediction_age_sec=0.07 predictive_target=5 proactive=True scenario=s4-hybrid-predictive target_replicas=5 upper_forecasts=[69.369140625, 68.3338623046875, 68.73779296875, 69.88336181640625, 68.94010925292969]
2026-07-12 21:16:42 [debug    ] Decision loop completed        action=MAINTAIN latency_ms=114.78 p99=128.0
2026-07-12 21:16:57 [debug    ] HAProxy fallback latency       delta_requests=1061 interval_avg_ms=64.0 max_rtime_ms=588.0 p99_est=128.0
2026-07-12 21:16:57 [debug    ] GRU prediction received        confidence=0.8 latency_ms=5.39 predicted=72
2026-07-12 21:16:57 [debug    ] Using GRU prediction           confidence=0.8 forecast_capacity_signal=72.0 predicted=72 required_steps=4
2026-07-12 21:16:57 [info     ] algorithm2_scaling_decision    action=MAINTAIN alpha=0.060060060060060066 beta=0.0 buffer=1.0 current_replicas=6 predicted_load=72.0 required_resources=4.324 target_replicas=5
2026-07-12 21:16:57 [info     ] algorithm2_decision            action=MAINTAIN applied_target=5 current_replicas=6 hold_until=1783865907.3 observed_load=62.74 observed_target=4 point_forecasts=[56.66684341430664, 56.55824279785156, 56.21408462524414, 57.18905258178711, 56.15277099609375] prediction_age_sec=0.07 predictive_target=5 proactive=True scenario=s4-hybrid-predictive target_replicas=5 upper_forecasts=[70.73451232910156, 70.18374633789062, 70.36672973632812, 71.55718994140625, 70.8318862915039]
2026-07-12 21:16:57 [debug    ] Decision loop completed        action=MAINTAIN latency_ms=119.61 p99=128.0
2026-07-12 21:17:12 [debug    ] HAProxy fallback latency       delta_requests=1075 interval_avg_ms=64.0 max_rtime_ms=588.0 p99_est=128.0
2026-07-12 21:17:12 [debug    ] GRU prediction received        confidence=0.8 latency_ms=6.27 predicted=73
2026-07-12 21:17:12 [debug    ] Using GRU prediction           confidence=0.8 forecast_capacity_signal=73.4 predicted=73 required_steps=4
2026-07-12 21:17:12 [info     ] algorithm2_scaling_decision    action=MAINTAIN alpha=0.060060060060060066 beta=0.0 buffer=1.0 current_replicas=6 predicted_load=70.64599193862384 required_resources=4.243 target_replicas=5
2026-07-12 21:17:12 [info     ] algorithm2_decision            action=MAINTAIN applied_target=5 current_replicas=6 hold_until=1783865907.3 observed_load=70.65 observed_target=5 point_forecasts=[58.49833297729492, 58.661712646484375, 58.27662658691406, 59.0810546875, 58.22797393798828] prediction_age_sec=0.07 predictive_target=5 proactive=False scenario=s4-hybrid-predictive target_replicas=5 upper_forecasts=[72.56600189208984, 72.28721618652344, 72.42927551269531, 73.4491958618164, 72.90708923339844]
2026-07-12 21:17:12 [debug    ] Decision loop completed        action=MAINTAIN latency_ms=119.43 p99=128.0
2026-07-12 21:17:27 [debug    ] HAProxy fallback latency       delta_requests=1052 interval_avg_ms=131.08 max_rtime_ms=588.0 p99_est=262.17
2026-07-12 21:17:27 [debug    ] GRU prediction received        confidence=0.8 latency_ms=6.36 predicted=75
2026-07-12 21:17:27 [debug    ] Using GRU prediction           confidence=0.8 forecast_capacity_signal=75.3 predicted=75 required_steps=4
2026-07-12 21:17:27 [info     ] algorithm2_scaling_decision    action=MAINTAIN alpha=0.060060060060060066 beta=0.0 buffer=1.0 current_replicas=6 predicted_load=70.30882081698651 required_resources=4.223 target_replicas=5
2026-07-12 21:17:27 [info     ] algorithm2_decision            action=MAINTAIN applied_target=5 current_replicas=6 hold_until=1783865907.3 observed_load=70.31 observed_target=5 point_forecasts=[60.16918182373047, 60.565635681152344, 60.20976257324219, 60.944854736328125, 60.14114761352539] prediction_age_sec=0.07 predictive_target=5 proactive=False scenario=s4-hybrid-predictive target_replicas=5 upper_forecasts=[74.23684692382812, 74.1911392211914, 74.36241149902344, 75.31299591064453, 74.82025909423828]
2026-07-12 21:17:27 [debug    ] Decision loop completed        action=MAINTAIN latency_ms=124.64 p99=262.16920152091257
2026-07-12 21:17:42 [debug    ] HAProxy fallback latency       delta_requests=1072 interval_avg_ms=65.0 max_rtime_ms=588.0 p99_est=130.0
2026-07-12 21:17:42 [debug    ] GRU prediction received        confidence=0.8 latency_ms=5.75 predicted=77
2026-07-12 21:17:42 [debug    ] Using GRU prediction           confidence=0.8 forecast_capacity_signal=77.4 predicted=77 required_steps=4
2026-07-12 21:17:42 [info     ] algorithm2_scaling_decision    action=MAINTAIN alpha=0.060060060060060066 beta=0.0 buffer=1.0 current_replicas=6 predicted_load=70.19517512458151 required_resources=4.216 target_replicas=5
2026-07-12 21:17:42 [info     ] algorithm2_decision            action=MAINTAIN applied_target=5 current_replicas=6 hold_until=1783865907.3 observed_load=70.2 observed_target=5 point_forecasts=[61.99477005004883, 62.63127899169922, 62.32246780395508, 63.031227111816406, 62.21799850463867] prediction_age_sec=0.07 predictive_target=5 proactive=False scenario=s4-hybrid-predictive target_replicas=5 upper_forecasts=[76.06243896484375, 76.25678253173828, 76.47511291503906, 77.39936828613281, 76.89710998535156]
2026-07-12 21:17:42 [debug    ] Decision loop completed        action=MAINTAIN latency_ms=115.98 p99=130.0
2026-07-12 21:17:57 [debug    ] HAProxy fallback latency       delta_requests=1133 interval_avg_ms=129.23 max_rtime_ms=588.0 p99_est=258.47
2026-07-12 21:17:57 [debug    ] GRU prediction received        confidence=0.8 latency_ms=6.51 predicted=80
2026-07-12 21:17:57 [debug    ] Using GRU prediction           confidence=0.8 forecast_capacity_signal=80.2 predicted=80 required_steps=4
2026-07-12 21:17:57 [info     ] algorithm2_scaling_decision    action=MAINTAIN alpha=0.060060060060060066 beta=0.0 buffer=1.0 current_replicas=6 predicted_load=72.91508886969618 required_resources=4.379 target_replicas=5
2026-07-12 21:17:57 [info     ] algorithm2_decision            action=MAINTAIN applied_target=5 current_replicas=6 hold_until=1783865907.3 observed_load=72.92 observed_target=5 point_forecasts=[64.4568862915039, 65.18505096435547, 65.02886199951172, 65.84381103515625, 64.84449768066406] prediction_age_sec=0.07 predictive_target=5 proactive=False scenario=s4-hybrid-predictive target_replicas=5 upper_forecasts=[78.52455139160156, 78.81055450439453, 79.18150329589844, 80.21195220947266, 79.52361297607422]
2026-07-12 21:17:57 [debug    ] Decision loop completed        action=MAINTAIN latency_ms=115.65 p99=258.4695498676081
2026-07-12 21:18:12 [debug    ] HAProxy fallback latency       delta_requests=1399 interval_avg_ms=490.17 max_rtime_ms=588.0 p99_est=588.0
2026-07-12 21:18:12 [debug    ] GRU prediction received        confidence=0.8 latency_ms=6.2 predicted=87
2026-07-12 21:18:12 [debug    ] Using GRU prediction           confidence=0.8 forecast_capacity_signal=87.0 predicted=87 required_steps=4
2026-07-12 21:18:12 [debug    ] Proactive amplification        amplified=119.2 approach_ratio=0.93 load_trend=5.3 raw_pred=87
2026-07-12 21:18:12 [info     ] algorithm2_scaling_decision    action=MAINTAIN alpha=0.060060060060060066 beta=0.0 buffer=1.0 current_replicas=6 predicted_load=83.72006403082204 required_resources=5.028 target_replicas=6
2026-07-12 21:18:12 [info     ] algorithm2_decision            action=MAINTAIN applied_target=6 current_replicas=6 hold_until=1783865907.3 observed_load=83.72 observed_target=6 point_forecasts=[70.69744873046875, 71.57330322265625, 72.47987365722656, 72.59001159667969, 72.30325317382812] prediction_age_sec=0.07 predictive_target=6 proactive=False scenario=s4-hybrid-predictive target_replicas=6 upper_forecasts=[84.7651138305664, 85.19880676269531, 86.63252258300781, 86.9581527709961, 86.98236846923828]
2026-07-12 21:18:12 [debug    ] Decision loop completed        action=MAINTAIN latency_ms=118.71 p99=588.0
2026-07-12 21:18:27 [debug    ] HAProxy fallback latency       delta_requests=1637 interval_avg_ms=351.88 max_rtime_ms=588.0 p99_est=588.0
2026-07-12 21:18:27 [debug    ] GRU prediction received        confidence=0.8 latency_ms=5.69 predicted=99
2026-07-12 21:18:27 [debug    ] Using GRU prediction           confidence=0.8 forecast_capacity_signal=99.0 predicted=99 required_steps=4
2026-07-12 21:18:27 [debug    ] Proactive amplification        amplified=156.7 approach_ratio=1.08 load_trend=9.7 raw_pred=99
2026-07-12 21:18:27 [info     ] Knative pre-warm OK            cold_start_ms=3.0
2026-07-12 21:18:27 [info     ] controller_decision_v3         action=PREDICTIVE available_replicas=6 budget_remaining=987 burn_adjustment=0 burst_ratio=0.0774 capacity_deficit=False confidence=0.8 current_load=108.27721367414806 decision_id=5c4ae2cf k8s_capacity=99.9 k8s_weight=92 knative_weight=8 p99=588.0 predicted_load=99 r_effective=16.6 serverless_enabled=True total_load=108.3 weights_after={'k3s': 92, 'knative': 8} weights_before={'k3s': 100, 'knative': 0}
2026-07-12 21:18:27 [info     ] Weights updated                k3s=92 knative=8
2026-07-12 21:18:27 [info     ] Weights updated                action=PREDICTIVE reason='load=108RPS | k8s_cap=100RPS | (prediction-driven)' weights={'k3s': 92, 'knative': 8}
2026-07-12 21:18:28 [info     ] algorithm2_scaling_decision    action=MAINTAIN alpha=0.060060060060060066 beta=0.0 buffer=1.0 current_replicas=6 predicted_load=100.38148568685853 required_resources=6.029 target_replicas=6
2026-07-12 21:18:28 [info     ] algorithm2_decision            action=MAINTAIN applied_target=6 current_replicas=6 hold_until=1783865907.3 observed_load=100.38 observed_target=6 point_forecasts=[82.63723754882812, 83.01349639892578, 84.00337219238281, 83.49508666992188, 84.50019073486328] prediction_age_sec=0.08 predictive_target=6 proactive=False scenario=s4-hybrid-predictive target_replicas=6 upper_forecasts=[96.70490264892578, 96.63899993896484, 98.15602111816406, 97.86322784423828, 99.17930603027344]
2026-07-12 21:18:28 [debug    ] Decision loop completed        action=PREDICTIVE latency_ms=123.17 p99=588.0
2026-07-12 21:18:43 [debug    ] GRU prediction received        confidence=0.8 latency_ms=5.86 predicted=105
2026-07-12 21:18:43 [debug    ] Using GRU prediction           confidence=0.8 forecast_capacity_signal=105.0 predicted=105 required_steps=4
2026-07-12 21:18:43 [debug    ] Proactive amplification        amplified=126.5 approach_ratio=0.96 load_trend=6.2 raw_pred=105
2026-07-12 21:18:43 [info     ] controller_decision_v3         action=RECOVERY available_replicas=6 budget_remaining=986 burn_adjustment=0 burst_ratio=0 capacity_deficit=False confidence=0.8 current_load=95.61480267918542 decision_id=e6388627 k8s_capacity=99.9 k8s_weight=100 knative_weight=0 p99=588.0 predicted_load=105 r_effective=16.6 serverless_enabled=False total_load=95.6 weights_after={'k3s': 100, 'knative': 0} weights_before={'k3s': 92, 'knative': 8}
2026-07-12 21:18:43 [info     ] Weights updated                k3s=100 knative=0
2026-07-12 21:18:43 [info     ] Weights updated                action=RECOVERY reason='load=96RPS | k8s_cap=100RPS | (reducing-serverless)' weights={'k3s': 100, 'knative': 0}
2026-07-12 21:18:43 [info     ] algorithm2_scaling_decision    action=MAINTAIN alpha=0.060060060060060066 beta=0.0 buffer=1.0 current_replicas=6 predicted_load=101.94600817666674 required_resources=6.123 target_replicas=6
2026-07-12 21:18:43 [info     ] algorithm2_decision            action=MAINTAIN applied_target=6 current_replicas=6 hold_until=1783865907.3 observed_load=101.95 observed_target=6 point_forecasts=[89.19468688964844, 89.42559814453125, 89.77549743652344, 89.00187683105469, 89.9625473022461] prediction_age_sec=0.11 predictive_target=6 proactive=False scenario=s4-hybrid-predictive target_replicas=6 upper_forecasts=[103.2623519897461, 103.05110168457031, 103.92814636230469, 103.3700180053711, 104.64166259765625]
2026-07-12 21:18:43 [debug    ] Decision loop completed        action=RECOVERY latency_ms=156.34 p99=588.0
2026-07-12 21:18:58 [debug    ] HAProxy fallback latency       delta_requests=1182 interval_avg_ms=1.64 max_rtime_ms=588.0 p99_est=3.27
2026-07-12 21:18:58 [debug    ] GRU prediction received        confidence=0.8 latency_ms=5.94 predicted=103
2026-07-12 21:18:58 [debug    ] Using GRU prediction           confidence=0.8 forecast_capacity_signal=103.0 predicted=103 required_steps=4
2026-07-12 21:18:58 [info     ] algorithm2_scaling_decision    action=MAINTAIN alpha=0.060060060060060066 beta=0.0 buffer=1.0 current_replicas=6 predicted_load=86.83204335913288 required_resources=5.215 target_replicas=6
2026-07-12 21:18:58 [info     ] algorithm2_decision            action=MAINTAIN applied_target=6 current_replicas=6 hold_until=1783865907.3 observed_load=86.83 observed_target=6 point_forecasts=[88.05299377441406, 88.58456420898438, 88.29574584960938, 87.88521575927734, 88.60398864746094] prediction_age_sec=0.07 predictive_target=6 proactive=False scenario=s4-hybrid-predictive target_replicas=6 upper_forecasts=[102.12065887451172, 102.21006774902344, 102.44839477539062, 102.25335693359375, 103.2831039428711]
2026-07-12 21:18:58 [debug    ] Decision loop completed        action=MAINTAIN latency_ms=119.3 p99=3.272419627749577
2026-07-12 21:19:13 [debug    ] GRU prediction received        confidence=0.8 latency_ms=6.1 predicted=97
2026-07-12 21:19:13 [debug    ] Using GRU prediction           confidence=0.8 forecast_capacity_signal=97.0 predicted=97 required_steps=4
2026-07-12 21:19:13 [info     ] algorithm2_scaling_decision    action=MAINTAIN alpha=0.060060060060060066 beta=0.0 buffer=1.0 current_replicas=6 predicted_load=97.0 required_resources=5.826 target_replicas=6
2026-07-12 21:19:13 [info     ] algorithm2_decision            action=MAINTAIN applied_target=6 current_replicas=6 hold_until=1783866043.4 observed_load=69.45 observed_target=5 point_forecasts=[81.95280456542969, 82.54070281982422, 82.36793518066406, 81.69515991210938, 82.30337524414062] prediction_age_sec=0.07 predictive_target=6 proactive=True scenario=s4-hybrid-predictive target_replicas=6 upper_forecasts=[96.02046966552734, 96.16620635986328, 96.52058410644531, 96.06330108642578, 96.98249053955078]
2026-07-12 21:19:13 [debug    ] Decision loop completed        action=MAINTAIN latency_ms=115.98 p99=3.272419627749577
2026-07-12 21:19:28 [debug    ] GRU prediction received        confidence=0.8 latency_ms=5.73 predicted=88
2026-07-12 21:19:28 [debug    ] Using GRU prediction           confidence=0.8 forecast_capacity_signal=88.0 predicted=88 required_steps=4
2026-07-12 21:19:28 [info     ] algorithm2_scaling_decision    action=MAINTAIN alpha=0.060060060060060066 beta=0.0 buffer=1.0 current_replicas=6 predicted_load=88.0 required_resources=5.285 target_replicas=6
2026-07-12 21:19:28 [info     ] algorithm2_decision            action=MAINTAIN applied_target=6 current_replicas=6 hold_until=1783866058.5 observed_load=53.41 observed_target=4 point_forecasts=[73.18731689453125, 72.47249603271484, 72.35672760009766, 73.21586608886719, 71.58541870117188] prediction_age_sec=0.07 predictive_target=6 proactive=True scenario=s4-hybrid-predictive target_replicas=6 upper_forecasts=[87.2549819946289, 86.0979995727539, 86.50936889648438, 87.5840072631836, 86.26453399658203]
2026-07-12 21:19:28 [debug    ] Decision loop completed        action=MAINTAIN latency_ms=119.44 p99=3.272419627749577
2026-07-12 21:19:43 [debug    ] GRU prediction received        confidence=0.8 latency_ms=5.84 predicted=82
2026-07-12 21:19:43 [debug    ] Using GRU prediction           confidence=0.8 forecast_capacity_signal=82.0 predicted=82 required_steps=4
2026-07-12 21:19:43 [info     ] algorithm2_scaling_decision    action=MAINTAIN alpha=0.060060060060060066 beta=0.0 buffer=1.0 current_replicas=6 predicted_load=82.0 required_resources=4.925 target_replicas=5
2026-07-12 21:19:43 [info     ] algorithm2_decision            action=MAINTAIN applied_target=5 current_replicas=6 hold_until=1783866073.6 observed_load=44.72 observed_target=3 point_forecasts=[67.49076843261719, 65.94102478027344, 65.81725311279297, 66.9535140991211, 65.14799499511719] prediction_age_sec=0.07 predictive_target=5 proactive=True scenario=s4-hybrid-predictive target_replicas=5 upper_forecasts=[81.55843353271484, 79.5665283203125, 79.96989440917969, 81.3216552734375, 79.82711029052734]
2026-07-12 21:19:43 [debug    ] Decision loop completed        action=MAINTAIN latency_ms=114.64 p99=3.272419627749577
2026-07-12 21:19:58 [debug    ] HAProxy fallback latency       delta_requests=668 interval_avg_ms=64.0 max_rtime_ms=588.0 p99_est=128.0
2026-07-12 21:19:58 [debug    ] GRU prediction received        confidence=0.8 latency_ms=5.48 predicted=77
2026-07-12 21:19:58 [debug    ] Using GRU prediction           confidence=0.8 forecast_capacity_signal=77.0 predicted=77 required_steps=4
2026-07-12 21:19:58 [info     ] algorithm2_scaling_decision    action=MAINTAIN alpha=0.060060060060060066 beta=0.0 buffer=1.0 current_replicas=6 predicted_load=77.03593444824219 required_resources=4.627 target_replicas=5
2026-07-12 21:19:58 [info     ] algorithm2_decision            action=MAINTAIN applied_target=5 current_replicas=6 hold_until=1783866088.8 observed_load=43.82 observed_target=3 point_forecasts=[63.05244445800781, 61.617679595947266, 61.55091857910156, 62.66779327392578, 60.9140625] prediction_age_sec=0.07 predictive_target=5 proactive=True scenario=s4-hybrid-predictive target_replicas=5 upper_forecasts=[77.12010955810547, 75.24317932128906, 75.70356750488281, 77.03593444824219, 75.59317779541016]
2026-07-12 21:19:58 [debug    ] Decision loop completed        action=MAINTAIN latency_ms=112.92 p99=128.0
2026-07-12 21:20:13 [debug    ] HAProxy fallback latency       delta_requests=776 interval_avg_ms=64.0 max_rtime_ms=588.0 p99_est=128.0
2026-07-12 21:20:13 [debug    ] GRU prediction received        confidence=0.8 latency_ms=5.93 predicted=75
2026-07-12 21:20:13 [debug    ] Using GRU prediction           confidence=0.8 forecast_capacity_signal=75.0 predicted=75 required_steps=4
2026-07-12 21:20:13 [info     ] algorithm2_scaling_decision    action=MAINTAIN alpha=0.060060060060060066 beta=0.0 buffer=1.0 current_replicas=6 predicted_load=75.0 required_resources=4.505 target_replicas=5
2026-07-12 21:20:13 [info     ] algorithm2_decision            action=MAINTAIN applied_target=5 current_replicas=6 hold_until=1783866103.9 observed_load=47.77 observed_target=3 point_forecasts=[60.34685134887695, 59.26171112060547, 59.14848327636719, 60.16797637939453, 58.62506866455078] prediction_age_sec=0.07 predictive_target=5 proactive=True scenario=s4-hybrid-predictive target_replicas=5 upper_forecasts=[74.41452026367188, 72.88721466064453, 73.30113220214844, 74.53611755371094, 73.30418395996094]
2026-07-12 21:20:13 [debug    ] Decision loop completed        action=MAINTAIN latency_ms=119.58 p99=128.0
2026-07-12 21:20:28 [debug    ] HAProxy fallback latency       delta_requests=854 interval_avg_ms=64.0 max_rtime_ms=588.0 p99_est=128.0
2026-07-12 21:20:28 [debug    ] GRU prediction received        confidence=0.8 latency_ms=5.83 predicted=73
2026-07-12 21:20:28 [debug    ] Using GRU prediction           confidence=0.8 forecast_capacity_signal=73.3 predicted=73 required_steps=4
2026-07-12 21:20:28 [info     ] algorithm2_scaling_decision    action=MAINTAIN alpha=0.060060060060060066 beta=0.0 buffer=1.0 current_replicas=6 predicted_load=73.34070587158203 required_resources=4.405 target_replicas=5
2026-07-12 21:20:28 [info     ] algorithm2_decision            action=MAINTAIN applied_target=5 current_replicas=6 hold_until=1783866119.0 observed_load=53.91 observed_target=4 point_forecasts=[58.926658630371094, 58.1978874206543, 58.0148811340332, 58.972564697265625, 57.64086151123047] prediction_age_sec=0.07 predictive_target=5 proactive=True scenario=s4-hybrid-predictive target_replicas=5 upper_forecasts=[72.99432373046875, 71.8233871459961, 72.16752624511719, 73.34070587158203, 72.31997680664062]
2026-07-12 21:20:28 [debug    ] Decision loop completed        action=MAINTAIN latency_ms=119.78 p99=128.0
2026-07-12 21:20:44 [debug    ] HAProxy fallback latency       delta_requests=716 interval_avg_ms=64.0 max_rtime_ms=588.0 p99_est=128.0
2026-07-12 21:20:44 [debug    ] GRU prediction received        confidence=0.8 latency_ms=5.68 predicted=71
2026-07-12 21:20:44 [debug    ] Using GRU prediction           confidence=0.8 forecast_capacity_signal=71.3 predicted=71 required_steps=4
2026-07-12 21:20:44 [info     ] algorithm2_scaling_decision    action=MAINTAIN alpha=0.060060060060060066 beta=0.0 buffer=1.0 current_replicas=6 predicted_load=71.27922821044922 required_resources=4.281 target_replicas=5
2026-07-12 21:20:44 [info     ] algorithm2_decision            action=MAINTAIN applied_target=5 current_replicas=6 hold_until=1783866134.1 observed_load=51.95 observed_target=4 point_forecasts=[56.73329162597656, 56.1041259765625, 55.9650764465332, 56.91108703613281, 55.638099670410156] prediction_age_sec=0.07 predictive_target=5 proactive=True scenario=s4-hybrid-predictive target_replicas=5 upper_forecasts=[70.80095672607422, 69.72962951660156, 70.11772155761719, 71.27922821044922, 70.31721496582031]
2026-07-12 21:20:44 [debug    ] Decision loop completed        action=MAINTAIN latency_ms=118.65 p99=128.0
2026-07-12 21:20:59 [debug    ] HAProxy fallback latency       delta_requests=579 interval_avg_ms=64.0 max_rtime_ms=588.0 p99_est=128.0
2026-07-12 21:20:59 [debug    ] GRU prediction received        confidence=0.8 latency_ms=5.65 predicted=68
2026-07-12 21:20:59 [debug    ] Using GRU prediction           confidence=0.8 forecast_capacity_signal=68.4 predicted=68 required_steps=4
2026-07-12 21:20:59 [info     ] algorithm2_scaling_decision    action=MAINTAIN alpha=0.060060060060060066 beta=0.0 buffer=1.0 current_replicas=6 predicted_load=68.35653686523438 required_resources=4.105 target_replicas=5
2026-07-12 21:20:59 [info     ] algorithm2_decision            action=MAINTAIN applied_target=5 current_replicas=6 hold_until=1783866149.2 observed_load=42.86 observed_target=3 point_forecasts=[53.738487243652344, 53.08793258666992, 53.03724670410156, 53.98839569091797, 52.71229553222656] prediction_age_sec=0.07 predictive_target=5 proactive=True scenario=s4-hybrid-predictive target_replicas=5 upper_forecasts=[67.80615234375, 66.71343231201172, 67.18989562988281, 68.35653686523438, 67.39141082763672]
2026-07-12 21:20:59 [debug    ] Decision loop completed        action=MAINTAIN latency_ms=112.5 p99=128.0
2026-07-12 21:21:14 [debug    ] HAProxy fallback latency       delta_requests=583 interval_avg_ms=64.0 max_rtime_ms=588.0 p99_est=128.0
2026-07-12 21:21:14 [debug    ] GRU prediction received        confidence=0.8 latency_ms=5.82 predicted=66
2026-07-12 21:21:14 [debug    ] Using GRU prediction           confidence=0.8 forecast_capacity_signal=66.0 predicted=66 required_steps=4
2026-07-12 21:21:14 [info     ] algorithm2_scaling_decision    action=MAINTAIN alpha=0.060060060060060066 beta=0.0 buffer=1.0 current_replicas=6 predicted_load=66.0 required_resources=3.964 target_replicas=4
2026-07-12 21:21:14 [info     ] algorithm2_decision            action=MAINTAIN applied_target=4 current_replicas=6 hold_until=1783866164.3 observed_load=38.44 observed_target=3 point_forecasts=[51.205421447753906, 50.65243148803711, 50.59796905517578, 51.529747009277344, 50.3482780456543] prediction_age_sec=0.07 predictive_target=4 proactive=True scenario=s4-hybrid-predictive target_replicas=4 upper_forecasts=[65.27308654785156, 64.2779312133789, 64.7506103515625, 65.89788818359375, 65.02738952636719]
2026-07-12 21:21:14 [debug    ] Decision loop completed        action=MAINTAIN latency_ms=109.84 p99=128.0
2026-07-12 21:21:29 [debug    ] HAProxy fallback latency       delta_requests=607 interval_avg_ms=64.0 max_rtime_ms=588.0 p99_est=128.0
2026-07-12 21:21:29 [debug    ] GRU prediction received        confidence=0.8 latency_ms=5.46 predicted=64
2026-07-12 21:21:29 [debug    ] Using GRU prediction           confidence=0.8 forecast_capacity_signal=64.0 predicted=64 required_steps=4
2026-07-12 21:21:29 [info     ] algorithm2_scaling_decision    action=MAINTAIN alpha=0.060060060060060066 beta=0.0 buffer=1.0 current_replicas=6 predicted_load=64.03129577636719 required_resources=3.846 target_replicas=4
2026-07-12 21:21:29 [info     ] algorithm2_decision            action=MAINTAIN applied_target=4 current_replicas=6 hold_until=1783866179.5 observed_load=39.34 observed_target=3 point_forecasts=[49.241661071777344, 48.82452392578125, 48.77337646484375, 49.66315841674805, 48.58953857421875] prediction_age_sec=0.07 predictive_target=4 proactive=True scenario=s4-hybrid-predictive target_replicas=4 upper_forecasts=[63.309326171875, 62.45002746582031, 62.926021575927734, 64.03129577636719, 63.268653869628906]
2026-07-12 21:21:29 [debug    ] Decision loop completed        action=MAINTAIN latency_ms=117.15 p99=128.0
2026-07-12 21:21:44 [debug    ] HAProxy fallback latency       delta_requests=629 interval_avg_ms=64.0 max_rtime_ms=588.0 p99_est=128.0
2026-07-12 21:21:44 [debug    ] GRU prediction received        confidence=0.8 latency_ms=5.86 predicted=63
2026-07-12 21:21:44 [debug    ] Using GRU prediction           confidence=0.8 forecast_capacity_signal=63.0 predicted=63 required_steps=4
2026-07-12 21:21:44 [info     ] algorithm2_scaling_decision    action=MAINTAIN alpha=0.060060060060060066 beta=0.0 buffer=1.0 current_replicas=6 predicted_load=63.0 required_resources=3.784 target_replicas=4
2026-07-12 21:21:44 [info     ] algorithm2_decision            action=MAINTAIN applied_target=4 current_replicas=6 hold_until=1783866194.6 observed_load=40.89 observed_target=3 point_forecasts=[47.786922454833984, 47.512027740478516, 47.469940185546875, 48.31907272338867, 47.34360122680664] prediction_age_sec=0.07 predictive_target=4 proactive=True scenario=s4-hybrid-predictive target_replicas=4 upper_forecasts=[61.854591369628906, 61.13752746582031, 61.62258529663086, 62.68721389770508, 62.02271270751953]
2026-07-12 21:21:44 [debug    ] Decision loop completed        action=MAINTAIN latency_ms=114.48 p99=128.0
2026-07-12 21:21:59 [debug    ] HAProxy fallback latency       delta_requests=663 interval_avg_ms=194.9 max_rtime_ms=588.0 p99_est=389.8
2026-07-12 21:21:59 [debug    ] GRU prediction received        confidence=0.8 latency_ms=5.55 predicted=62
2026-07-12 21:21:59 [debug    ] Using GRU prediction           confidence=0.8 forecast_capacity_signal=62.0 predicted=62 required_steps=4
2026-07-12 21:21:59 [info     ] algorithm2_scaling_decision    action=MAINTAIN alpha=0.060060060060060066 beta=0.0 buffer=1.0 current_replicas=6 predicted_load=62.0 required_resources=3.724 target_replicas=4
2026-07-12 21:21:59 [info     ] algorithm2_decision            action=MAINTAIN applied_target=4 current_replicas=6 hold_until=1783866209.7 observed_load=42.74 observed_target=3 point_forecasts=[46.8382568359375, 46.6939582824707, 46.65684127807617, 47.513694763183594, 46.588134765625] prediction_age_sec=0.07 predictive_target=4 proactive=True scenario=s4-hybrid-predictive target_replicas=4 upper_forecasts=[60.905921936035156, 60.3194580078125, 60.809486389160156, 61.8818359375, 61.267250061035156]
2026-07-12 21:21:59 [debug    ] Decision loop completed        action=MAINTAIN latency_ms=121.62 p99=389.80392156862746
2026-07-12 21:22:14 [debug    ] HAProxy fallback latency       delta_requests=742 interval_avg_ms=65.0 max_rtime_ms=588.0 p99_est=130.0
2026-07-12 21:22:14 [debug    ] GRU prediction received        confidence=0.8 latency_ms=5.55 predicted=62
2026-07-12 21:22:14 [debug    ] Using GRU prediction           confidence=0.8 forecast_capacity_signal=62.0 predicted=62 required_steps=4
2026-07-12 21:22:14 [info     ] algorithm2_scaling_decision    action=MAINTAIN alpha=0.060060060060060066 beta=0.0 buffer=1.0 current_replicas=6 predicted_load=62.0 required_resources=3.724 target_replicas=4
2026-07-12 21:22:14 [info     ] algorithm2_decision            action=MAINTAIN applied_target=4 current_replicas=6 hold_until=1783866224.8 observed_load=46.43 observed_target=3 point_forecasts=[46.751285552978516, 46.767913818359375, 46.71162796020508, 47.59244918823242, 46.71186065673828] prediction_age_sec=0.07 predictive_target=4 proactive=True scenario=s4-hybrid-predictive target_replicas=4 upper_forecasts=[60.81895446777344, 60.39341735839844, 60.86427307128906, 61.96059036254883, 61.39097595214844]
2026-07-12 21:22:14 [debug    ] Decision loop completed        action=MAINTAIN latency_ms=114.27 p99=130.0
2026-07-12 21:22:29 [debug    ] HAProxy fallback latency       delta_requests=310 interval_avg_ms=65.0 max_rtime_ms=588.0 p99_est=130.0
2026-07-12 21:22:29 [debug    ] GRU prediction received        confidence=0.8 latency_ms=5.61 predicted=58
2026-07-12 21:22:29 [debug    ] Using GRU prediction           confidence=0.8 forecast_capacity_signal=58.3 predicted=58 required_steps=4
2026-07-12 21:22:29 [info     ] algorithm2_scaling_decision    action=MAINTAIN alpha=0.060060060060060066 beta=0.0 buffer=1.0 current_replicas=6 predicted_load=58.341026306152344 required_resources=3.504 target_replicas=4
2026-07-12 21:22:29 [info     ] algorithm2_decision            action=MAINTAIN applied_target=4 current_replicas=6 hold_until=1783866239.9 observed_load=34.86 observed_target=3 point_forecasts=[43.301544189453125, 43.146697998046875, 43.1587028503418, 43.97288513183594, 43.162200927734375] prediction_age_sec=0.07 predictive_target=4 proactive=True scenario=s4-hybrid-predictive target_replicas=4 upper_forecasts=[57.36920928955078, 56.77220153808594, 57.31134796142578, 58.341026306152344, 57.84131622314453]
2026-07-12 21:22:29 [debug    ] Decision loop completed        action=MAINTAIN latency_ms=115.54 p99=130.0
2026-07-12 21:22:44 [debug    ] GRU prediction received        confidence=0.8 latency_ms=5.84 predicted=53
2026-07-12 21:22:44 [debug    ] Using GRU prediction           confidence=0.8 forecast_capacity_signal=53.0 predicted=53 required_steps=4
2026-07-12 21:22:45 [info     ] algorithm2_scaling_decision    action=MAINTAIN alpha=0.060060060060060066 beta=0.0 buffer=1.0 current_replicas=6 predicted_load=53.0 required_resources=3.183 target_replicas=4
2026-07-12 21:22:45 [info     ] algorithm2_decision            action=MAINTAIN applied_target=4 current_replicas=6 hold_until=1783866255.0 observed_load=10.32 observed_target=3 point_forecasts=[37.901939392089844, 37.52123260498047, 37.53032302856445, 38.40570068359375, 37.6038703918457] prediction_age_sec=0.07 predictive_target=4 proactive=True scenario=s4-hybrid-predictive target_replicas=4 upper_forecasts=[51.9696044921875, 51.14673614501953, 51.68296813964844, 52.773841857910156, 52.282981872558594]
2026-07-12 21:22:45 [debug    ] Decision loop completed        action=MAINTAIN latency_ms=115.11 p99=130.0
2026-07-12 21:23:00 [debug    ] GRU prediction received        confidence=0.8 latency_ms=5.25 predicted=48
2026-07-12 21:23:00 [debug    ] Using GRU prediction           confidence=0.8 forecast_capacity_signal=48.1 predicted=48 required_steps=4
2026-07-12 21:23:00 [info     ] algorithm2_scaling_decision    action=MAINTAIN alpha=0.060060060060060066 beta=0.0 buffer=1.0 current_replicas=6 predicted_load=53.0 required_resources=3.183 target_replicas=4
2026-07-12 21:23:00 [info     ] algorithm2_decision            action=MAINTAIN applied_target=4 current_replicas=6 hold_until=1783866255.0 observed_load=0.0 observed_target=3 point_forecasts=[33.29845428466797, 32.885990142822266, 32.884124755859375, 33.756675720214844, 33.02573776245117] prediction_age_sec=0.07 predictive_target=3 proactive=True scenario=s4-hybrid-predictive target_replicas=4 upper_forecasts=[47.366119384765625, 46.51148986816406, 47.03676986694336, 48.12481689453125, 47.70484924316406]
2026-07-12 21:23:00 [debug    ] Decision loop completed        action=MAINTAIN latency_ms=120.13 p99=130.0
2026-07-12 21:23:15 [debug    ] GRU prediction received        confidence=0.8 latency_ms=5.7 predicted=44
2026-07-12 21:23:15 [debug    ] Using GRU prediction           confidence=0.8 forecast_capacity_signal=44.2 predicted=44 required_steps=4
2026-07-12 21:23:15 [info     ] algorithm2_scaling_decision    action=MAINTAIN alpha=0.060060060060060066 beta=0.0 buffer=1.0 current_replicas=6 predicted_load=53.0 required_resources=3.183 target_replicas=4
2026-07-12 21:23:15 [info     ] algorithm2_decision            action=MAINTAIN applied_target=4 current_replicas=6 hold_until=1783866255.0 observed_load=0.0 observed_target=3 point_forecasts=[29.397727966308594, 29.031600952148438, 29.033008575439453, 29.854106903076172, 29.232410430908203] prediction_age_sec=0.07 predictive_target=3 proactive=True scenario=s4-hybrid-predictive target_replicas=4 upper_forecasts=[43.46539306640625, 42.6571044921875, 43.18565368652344, 44.22224807739258, 43.911521911621094]
2026-07-12 21:23:15 [debug    ] Decision loop completed        action=MAINTAIN latency_ms=109.56 p99=130.0
2026-07-12 21:23:21 [info     ] Received shutdown signal
2026-07-12 21:23:21 [info     ] Stopping routing daemon...
2026-07-12 21:23:21 [info     ] Routing daemon stopped
