2026-09-13 18:34:21 [info     ] SLOMonitor initialized         threshold_ms=200.0 violation_window=30
2026-09-13 18:34:21 [info     ] Algorithm1ControllerV3 initialized max_knative=50 r_saturation=33.3 target_cpu_util=0.5 total_budget=1000
2026-09-13 18:34:21 [info     ] controller_selected            kind=Algorithm1ControllerV3 scenario=s4-hybrid-predictive version=v3
2026-09-13 18:34:21 [info     ] HAProxyWeightAdjuster initialized backend=servers host=localhost port=19999
2026-09-13 18:34:21 [info     ] GRUClient initialized          base_url=http://localhost:8090
2026-09-13 18:34:21 [info     ] K8sScaler initialized          deployment=test-app-warm namespace=default
2026-09-13 18:34:21 [info     ] RoutingDaemon initialized      decision_interval=15 description='Algorithm 1 with GRU predictions (Algorithm 2)' scenario=s4-hybrid-predictive use_algorithm=True use_predictions=True
2026-09-13 18:34:21 [info     ] Starting routing daemon        interval=15 scenario=s4-hybrid-predictive
2026-09-13 18:34:21 [info     ] Weights updated                k3s=80 knative=20
2026-09-13 18:34:21 [info     ] Initial weights applied        k3s=80 knative=20
2026-09-13 18:34:21 [info     ] Model status validated         prediction_horizon=9 sample_interval_sec=15 sequence_length=30
2026-09-13 18:34:21 [info     ] Model status validated on first eligible cycle prediction_horizon=9 sequence_length=30
2026-09-13 18:34:21 [info     ] controller_decision_v3         action=RECOVERY available_replicas=3 budget_remaining=1000 burn_adjustment=0 burst_ratio=0 capacity_deficit=False confidence=0 current_load=2.394695555555556 decision_id=0a93c0ed k8s_capacity=49.9 k8s_weight=100 knative_weight=0 p99=86.0 predicted_load=0 r_effective=16.6 serverless_enabled=False total_load=2.4 weights_after={'k3s': 100, 'knative': 0} weights_before={'k3s': 80, 'knative': 20}
2026-09-13 18:34:22 [info     ] Weights updated                k3s=100 knative=0
2026-09-13 18:34:22 [info     ] Weights updated                action=RECOVERY reason='load=2RPS | k8s_cap=50RPS | (reducing-serverless)' weights={'k3s': 100, 'knative': 0}
2026-09-13 18:34:22 [info     ] algorithm2_scaling_decision    action=MAINTAIN alpha=0.060060060060060066 beta=0.0 buffer=1.0 current_replicas=3 predicted_load=2.394695555555556 required_resources=0.144 target_replicas=3
2026-09-13 18:34:22 [info     ] algorithm2_decision            action=MAINTAIN applied_target=3 current_replicas=3 hold_until=0.0 observed_load=2.39 observed_target=3 point_forecasts=None prediction_age_sec=None predictive_target=3 proactive=False scenario=s4-hybrid-predictive target_replicas=3 upper_forecasts=None
2026-09-13 18:34:22 [debug    ] Decision loop completed        action=RECOVERY latency_ms=154.23 p99=86.00000000000004
2026-09-13 18:34:37 [info     ] algorithm2_scaling_decision    action=MAINTAIN alpha=0.060060060060060066 beta=0.0 buffer=1.0 current_replicas=3 predicted_load=2.2818377777777776 required_resources=0.137 target_replicas=3
2026-09-13 18:34:37 [info     ] algorithm2_decision            action=MAINTAIN applied_target=3 current_replicas=3 hold_until=0.0 observed_load=2.28 observed_target=3 point_forecasts=None prediction_age_sec=None predictive_target=3 proactive=False scenario=s4-hybrid-predictive target_replicas=3 upper_forecasts=None
2026-09-13 18:34:37 [debug    ] Decision loop completed        action=MAINTAIN latency_ms=106.72 p99=86.00000000000004
2026-09-13 18:34:52 [info     ] algorithm2_scaling_decision    action=MAINTAIN alpha=0.060060060060060066 beta=0.0 buffer=1.0 current_replicas=3 predicted_load=2.083673333333333 required_resources=0.125 target_replicas=3
2026-09-13 18:34:52 [info     ] algorithm2_decision            action=MAINTAIN applied_target=3 current_replicas=3 hold_until=0.0 observed_load=2.08 observed_target=3 point_forecasts=None prediction_age_sec=None predictive_target=3 proactive=False scenario=s4-hybrid-predictive target_replicas=3 upper_forecasts=None
2026-09-13 18:34:52 [debug    ] Decision loop completed        action=MAINTAIN latency_ms=101.4 p99=0.99
2026-09-13 18:35:07 [info     ] algorithm2_scaling_decision    action=MAINTAIN alpha=0.060060060060060066 beta=0.0 buffer=1.0 current_replicas=3 predicted_load=5.039095555555555 required_resources=0.303 target_replicas=3
2026-09-13 18:35:07 [info     ] algorithm2_decision            action=MAINTAIN applied_target=3 current_replicas=3 hold_until=0.0 observed_load=5.04 observed_target=3 point_forecasts=None prediction_age_sec=None predictive_target=3 proactive=False scenario=s4-hybrid-predictive target_replicas=3 upper_forecasts=None
2026-09-13 18:35:07 [debug    ] Decision loop completed        action=MAINTAIN latency_ms=112.05 p99=99.99440298507464
2026-09-13 18:35:22 [info     ] algorithm2_scaling_decision    action=MAINTAIN alpha=0.060060060060060066 beta=0.0 buffer=1.0 current_replicas=3 predicted_load=16.871050555555552 required_resources=1.013 target_replicas=3
2026-09-13 18:35:22 [info     ] algorithm2_decision            action=MAINTAIN applied_target=3 current_replicas=3 hold_until=0.0 observed_load=16.87 observed_target=3 point_forecasts=None prediction_age_sec=None predictive_target=3 proactive=False scenario=s4-hybrid-predictive target_replicas=3 upper_forecasts=None
2026-09-13 18:35:22 [debug    ] Decision loop completed        action=MAINTAIN latency_ms=109.31 p99=99.85844166745898
2026-09-13 18:35:37 [info     ] algorithm2_scaling_decision    action=MAINTAIN alpha=0.060060060060060066 beta=0.0 buffer=1.0 current_replicas=3 predicted_load=32.29562527777778 required_resources=1.94 target_replicas=3
2026-09-13 18:35:37 [info     ] algorithm2_decision            action=MAINTAIN applied_target=3 current_replicas=3 hold_until=0.0 observed_load=32.3 observed_target=3 point_forecasts=None prediction_age_sec=None predictive_target=3 proactive=False scenario=s4-hybrid-predictive target_replicas=3 upper_forecasts=None
2026-09-13 18:35:37 [debug    ] Decision loop completed        action=MAINTAIN latency_ms=109.42 p99=99.92770167427702
2026-09-13 18:35:52 [info     ] algorithm2_scaling_decision    action=MAINTAIN alpha=0.060060060060060066 beta=0.0 buffer=1.0 current_replicas=3 predicted_load=43.70199546296297 required_resources=2.625 target_replicas=3
2026-09-13 18:35:52 [info     ] algorithm2_decision            action=MAINTAIN applied_target=3 current_replicas=3 hold_until=0.0 observed_load=43.7 observed_target=3 point_forecasts=None prediction_age_sec=None predictive_target=3 proactive=False scenario=s4-hybrid-predictive target_replicas=3 upper_forecasts=None
2026-09-13 18:35:52 [debug    ] Decision loop completed        action=MAINTAIN latency_ms=108.5 p99=109.99999999999929
2026-09-13 18:36:07 [warning  ] Knative pre-warm non-200       status=404
2026-09-13 18:36:07 [info     ] controller_decision_v3         action=REACTIVE available_replicas=3 budget_remaining=1000 burn_adjustment=0 burst_ratio=0.0496 capacity_deficit=False confidence=0 current_load=52.55555555555555 decision_id=936e737e k8s_capacity=49.9 k8s_weight=95 knative_weight=5 p99=159.0 predicted_load=0 r_effective=16.6 serverless_enabled=True total_load=52.6 weights_after={'k3s': 95, 'knative': 5} weights_before={'k3s': 100, 'knative': 0}
2026-09-13 18:36:07 [info     ] Weights updated                k3s=95 knative=5
2026-09-13 18:36:07 [info     ] Weights updated                action=REACTIVE reason='load=53RPS | k8s_cap=50RPS | (burst-routing)' weights={'k3s': 95, 'knative': 5}
2026-09-13 18:36:07 [info     ] algorithm2_scaling_decision    action=SCALE_UP alpha=0.060060060060060066 beta=0.0 buffer=1.0 current_replicas=3 predicted_load=50.515286296296296 required_resources=3.034 target_replicas=4
2026-09-13 18:36:07 [info     ] algorithm2_decision            action=SCALE_UP applied_target=4 current_replicas=3 hold_until=0.0 observed_load=50.52 observed_target=4 point_forecasts=None prediction_age_sec=None predictive_target=3 proactive=False scenario=s4-hybrid-predictive target_replicas=4 upper_forecasts=None
2026-09-13 18:36:07 [info     ] k8s_scale_executed             deployment=test-app-warm replicas=4
2026-09-13 18:36:07 [debug    ] Decision loop completed        action=REACTIVE latency_ms=144.39 p99=159.04761904761943
2026-09-13 18:36:22 [info     ] controller_decision_v3         action=RECOVERY available_replicas=3 budget_remaining=1000 burn_adjustment=0 burst_ratio=0.0197 capacity_deficit=False confidence=0 current_load=50.95555555555557 decision_id=4c8b2f58 k8s_capacity=49.9 k8s_weight=98 knative_weight=2 p99=100.0 predicted_load=0 r_effective=16.6 serverless_enabled=True total_load=51.0 weights_after={'k3s': 98, 'knative': 2} weights_before={'k3s': 95, 'knative': 5}
2026-09-13 18:36:22 [info     ] Weights updated                k3s=98 knative=2
2026-09-13 18:36:22 [info     ] Weights updated                action=RECOVERY reason='load=51RPS | k8s_cap=50RPS | (reducing-serverless)' weights={'k3s': 98, 'knative': 2}
2026-09-13 18:36:22 [info     ] algorithm2_scaling_decision    action=MAINTAIN alpha=0.060060060060060066 beta=0.0 buffer=1.0 current_replicas=4 predicted_load=51.75555555555556 required_resources=3.108 target_replicas=4
2026-09-13 18:36:22 [info     ] algorithm2_decision            action=MAINTAIN applied_target=4 current_replicas=4 hold_until=0.0 observed_load=51.76 observed_target=4 point_forecasts=None prediction_age_sec=None predictive_target=3 proactive=False scenario=s4-hybrid-predictive target_replicas=4 upper_forecasts=None
2026-09-13 18:36:22 [debug    ] Decision loop completed        action=RECOVERY latency_ms=145.58 p99=99.98037542662117
2026-09-13 18:36:38 [info     ] controller_decision_v3         action=RECOVERY available_replicas=3 budget_remaining=1000 burn_adjustment=0 burst_ratio=0 capacity_deficit=False confidence=0 current_load=43.73333333333335 decision_id=9dbd9f28 k8s_capacity=49.9 k8s_weight=100 knative_weight=0 p99=99.5 predicted_load=0 r_effective=16.6 serverless_enabled=False total_load=43.7 weights_after={'k3s': 100, 'knative': 0} weights_before={'k3s': 98, 'knative': 2}
2026-09-13 18:36:38 [info     ] Weights updated                k3s=100 knative=0
2026-09-13 18:36:38 [info     ] Weights updated                action=RECOVERY reason='load=44RPS | k8s_cap=50RPS | (reducing-serverless)' weights={'k3s': 100, 'knative': 0}
2026-09-13 18:36:38 [info     ] algorithm2_scaling_decision    action=MAINTAIN alpha=0.060060060060060066 beta=0.0 buffer=1.0 current_replicas=4 predicted_load=47.34444444444446 required_resources=2.844 target_replicas=3
2026-09-13 18:36:38 [info     ] algorithm2_decision            action=MAINTAIN applied_target=3 current_replicas=4 hold_until=0.0 observed_load=47.34 observed_target=3 point_forecasts=None prediction_age_sec=None predictive_target=3 proactive=False scenario=s4-hybrid-predictive target_replicas=3 upper_forecasts=None
2026-09-13 18:36:38 [debug    ] Decision loop completed        action=RECOVERY latency_ms=138.89 p99=99.46467991169979
2026-09-13 18:36:53 [info     ] algorithm2_scaling_decision    action=MAINTAIN alpha=0.060060060060060066 beta=0.0 buffer=1.0 current_replicas=4 predicted_load=38.83333333333334 required_resources=2.332 target_replicas=3
2026-09-13 18:36:53 [info     ] algorithm2_decision            action=MAINTAIN applied_target=3 current_replicas=4 hold_until=0.0 observed_load=38.83 observed_target=3 point_forecasts=None prediction_age_sec=None predictive_target=3 proactive=False scenario=s4-hybrid-predictive target_replicas=3 upper_forecasts=None
2026-09-13 18:36:53 [debug    ] Decision loop completed        action=MAINTAIN latency_ms=114.93 p99=99.58785529715763
2026-09-13 18:37:08 [info     ] algorithm2_scaling_decision    action=MAINTAIN alpha=0.060060060060060066 beta=0.0 buffer=1.0 current_replicas=4 predicted_load=31.499999999999996 required_resources=1.892 target_replicas=3
2026-09-13 18:37:08 [info     ] algorithm2_decision            action=MAINTAIN applied_target=3 current_replicas=4 hold_until=0.0 observed_load=31.5 observed_target=3 point_forecasts=None prediction_age_sec=None predictive_target=3 proactive=False scenario=s4-hybrid-predictive target_replicas=3 upper_forecasts=None
2026-09-13 18:37:08 [debug    ] Decision loop completed        action=MAINTAIN latency_ms=118.52 p99=99.72432432432433
2026-09-13 18:37:23 [info     ] algorithm2_scaling_decision    action=MAINTAIN alpha=0.060060060060060066 beta=0.0 buffer=1.0 current_replicas=4 predicted_load=31.722222222222218 required_resources=1.905 target_replicas=3
2026-09-13 18:37:23 [info     ] algorithm2_decision            action=MAINTAIN applied_target=3 current_replicas=4 hold_until=0.0 observed_load=31.72 observed_target=3 point_forecasts=None prediction_age_sec=None predictive_target=3 proactive=False scenario=s4-hybrid-predictive target_replicas=3 upper_forecasts=None
2026-09-13 18:37:23 [debug    ] Decision loop completed        action=MAINTAIN latency_ms=115.02 p99=99.83697234352258
2026-09-13 18:37:38 [info     ] algorithm2_scaling_decision    action=MAINTAIN alpha=0.060060060060060066 beta=0.0 buffer=1.0 current_replicas=4 predicted_load=39.66666666666667 required_resources=2.382 target_replicas=3
2026-09-13 18:37:38 [info     ] algorithm2_decision            action=MAINTAIN applied_target=3 current_replicas=4 hold_until=0.0 observed_load=39.67 observed_target=3 point_forecasts=None prediction_age_sec=None predictive_target=3 proactive=False scenario=s4-hybrid-predictive target_replicas=3 upper_forecasts=None
2026-09-13 18:37:38 [debug    ] Decision loop completed        action=MAINTAIN latency_ms=115.55 p99=161.08695652173927
2026-09-13 18:37:53 [warning  ] Knative pre-warm non-200       status=404
2026-09-13 18:37:53 [info     ] controller_decision_v3         action=REACTIVE available_replicas=3 budget_remaining=1000 burn_adjustment=0 burst_ratio=0.0415 capacity_deficit=False confidence=0 current_load=52.111111111111114 decision_id=44db57e3 k8s_capacity=49.9 k8s_weight=95 knative_weight=5 p99=99.8 predicted_load=0 r_effective=16.6 serverless_enabled=True total_load=52.1 weights_after={'k3s': 95, 'knative': 5} weights_before={'k3s': 100, 'knative': 0}
2026-09-13 18:37:53 [info     ] Weights updated                k3s=95 knative=5
2026-09-13 18:37:53 [info     ] Weights updated                action=REACTIVE reason='load=52RPS | k8s_cap=50RPS | (burst-routing)' weights={'k3s': 95, 'knative': 5}
2026-09-13 18:37:53 [info     ] algorithm2_scaling_decision    action=MAINTAIN alpha=0.060060060060060066 beta=0.0 buffer=1.0 current_replicas=4 predicted_load=48.53333333333334 required_resources=2.915 target_replicas=3
2026-09-13 18:37:53 [info     ] algorithm2_decision            action=MAINTAIN applied_target=3 current_replicas=4 hold_until=0.0 observed_load=48.53 observed_target=3 point_forecasts=None prediction_age_sec=None predictive_target=3 proactive=False scenario=s4-hybrid-predictive target_replicas=3 upper_forecasts=None
2026-09-13 18:37:53 [debug    ] Decision loop completed        action=REACTIVE latency_ms=116.42 p99=99.83623188405797
2026-09-13 18:38:08 [info     ] controller_decision_v3         action=RECOVERY available_replicas=3 budget_remaining=1000 burn_adjustment=0 burst_ratio=0.0006 capacity_deficit=False confidence=0 current_load=49.97777777777778 decision_id=463882c6 k8s_capacity=49.9 k8s_weight=99 knative_weight=1 p99=99.6 predicted_load=0 r_effective=16.6 serverless_enabled=True total_load=50.0 weights_after={'k3s': 99, 'knative': 1} weights_before={'k3s': 95, 'knative': 5}
2026-09-13 18:38:08 [info     ] Weights updated                k3s=99 knative=1
2026-09-13 18:38:08 [info     ] Weights updated                action=RECOVERY reason='load=50RPS | k8s_cap=50RPS | (reducing-serverless)' weights={'k3s': 99, 'knative': 1}
2026-09-13 18:38:08 [info     ] algorithm2_scaling_decision    action=MAINTAIN alpha=0.060060060060060066 beta=0.0 buffer=1.0 current_replicas=4 predicted_load=51.04444444444445 required_resources=3.066 target_replicas=4
2026-09-13 18:38:08 [info     ] algorithm2_decision            action=MAINTAIN applied_target=4 current_replicas=4 hold_until=0.0 observed_load=51.04 observed_target=4 point_forecasts=None prediction_age_sec=None predictive_target=3 proactive=False scenario=s4-hybrid-predictive target_replicas=4 upper_forecasts=None
2026-09-13 18:38:08 [debug    ] Decision loop completed        action=RECOVERY latency_ms=151.26 p99=99.55704697986577
2026-09-13 18:38:23 [info     ] controller_decision_v3         action=RECOVERY available_replicas=3 budget_remaining=1000 burn_adjustment=0 burst_ratio=0 capacity_deficit=False confidence=0 current_load=47.111111111111114 decision_id=1d436b00 k8s_capacity=49.9 k8s_weight=100 knative_weight=0 p99=100.0 predicted_load=0 r_effective=16.6 serverless_enabled=False total_load=47.1 weights_after={'k3s': 100, 'knative': 0} weights_before={'k3s': 99, 'knative': 1}
2026-09-13 18:38:23 [info     ] Weights updated                k3s=100 knative=0
2026-09-13 18:38:23 [info     ] Weights updated                action=RECOVERY reason='load=47RPS | k8s_cap=50RPS | (reducing-serverless)' weights={'k3s': 100, 'knative': 0}
2026-09-13 18:38:23 [info     ] algorithm2_scaling_decision    action=MAINTAIN alpha=0.060060060060060066 beta=0.0 buffer=1.0 current_replicas=4 predicted_load=48.54444444444445 required_resources=2.916 target_replicas=3
2026-09-13 18:38:23 [info     ] algorithm2_decision            action=MAINTAIN applied_target=3 current_replicas=4 hold_until=0.0 observed_load=48.54 observed_target=3 point_forecasts=None prediction_age_sec=None predictive_target=3 proactive=False scenario=s4-hybrid-predictive target_replicas=3 upper_forecasts=None
2026-09-13 18:38:23 [debug    ] Decision loop completed        action=RECOVERY latency_ms=150.16 p99=99.95460797799174
2026-09-13 18:38:39 [info     ] Scale readiness observed       elapsed_sec=151.3 ewma_delay=60.0 samples=0 target=4
2026-09-13 18:38:39 [info     ] algorithm2_scaling_decision    action=MAINTAIN alpha=0.060060060060060066 beta=0.0 buffer=1.0 current_replicas=4 predicted_load=49.63333333333334 required_resources=2.981 target_replicas=3
2026-09-13 18:38:39 [info     ] algorithm2_decision            action=MAINTAIN applied_target=3 current_replicas=4 hold_until=0.0 observed_load=49.63 observed_target=3 point_forecasts=None prediction_age_sec=None predictive_target=3 proactive=False scenario=s4-hybrid-predictive target_replicas=3 upper_forecasts=None
2026-09-13 18:38:39 [debug    ] Decision loop completed        action=MAINTAIN latency_ms=112.89 p99=176.17499999999998
2026-09-13 18:38:54 [info     ] algorithm2_scaling_decision    action=MAINTAIN alpha=0.060060060060060066 beta=0.0 buffer=1.0 current_replicas=4 predicted_load=55.6 required_resources=3.339 target_replicas=4
2026-09-13 18:38:54 [info     ] algorithm2_decision            action=MAINTAIN applied_target=4 current_replicas=4 hold_until=0.0 observed_load=55.6 observed_target=4 point_forecasts=None prediction_age_sec=None predictive_target=3 proactive=False scenario=s4-hybrid-predictive target_replicas=4 upper_forecasts=None
2026-09-13 18:38:54 [debug    ] Decision loop completed        action=MAINTAIN latency_ms=116.97 p99=172.0666666666663
2026-09-13 18:39:09 [info     ] algorithm2_scaling_decision    action=MAINTAIN alpha=0.060060060060060066 beta=0.0 buffer=1.0 current_replicas=4 predicted_load=59.89134666666667 required_resources=3.597 target_replicas=4
2026-09-13 18:39:09 [info     ] algorithm2_decision            action=MAINTAIN applied_target=4 current_replicas=4 hold_until=0.0 observed_load=59.89 observed_target=4 point_forecasts=None prediction_age_sec=None predictive_target=3 proactive=False scenario=s4-hybrid-predictive target_replicas=4 upper_forecasts=None
2026-09-13 18:39:09 [debug    ] Decision loop completed        action=MAINTAIN latency_ms=105.71 p99=140.0714285714282
2026-09-13 18:39:24 [warning  ] Knative pre-warm non-200       status=404
2026-09-13 18:39:24 [info     ] controller_decision_v3         action=REACTIVE available_replicas=4 budget_remaining=1000 burn_adjustment=0 burst_ratio=0.0177 capacity_deficit=False confidence=0 current_load=67.80158222222221 decision_id=187f8634 k8s_capacity=66.6 k8s_weight=98 knative_weight=2 p99=173.2 predicted_load=0 r_effective=16.6 serverless_enabled=True total_load=67.8 weights_after={'k3s': 98, 'knative': 2} weights_before={'k3s': 100, 'knative': 0}
2026-09-13 18:39:24 [info     ] Weights updated                k3s=98 knative=2
2026-09-13 18:39:24 [info     ] Weights updated                action=REACTIVE reason='load=68RPS | k8s_cap=67RPS | (burst-routing)' weights={'k3s': 98, 'knative': 2}
2026-09-13 18:39:24 [info     ] algorithm2_scaling_decision    action=MAINTAIN alpha=0.060060060060060066 beta=0.0 buffer=1.0 current_replicas=4 predicted_load=64.26991555555556 required_resources=3.86 target_replicas=4
2026-09-13 18:39:24 [info     ] algorithm2_decision            action=MAINTAIN applied_target=4 current_replicas=4 hold_until=0.0 observed_load=64.27 observed_target=4 point_forecasts=None prediction_age_sec=None predictive_target=3 proactive=False scenario=s4-hybrid-predictive target_replicas=4 upper_forecasts=None
2026-09-13 18:39:24 [debug    ] Decision loop completed        action=REACTIVE latency_ms=112.14 p99=173.15789473684168
2026-09-13 18:39:39 [info     ] controller_decision_v3         action=REACTIVE available_replicas=4 budget_remaining=999 burn_adjustment=0 burst_ratio=0.0674 capacity_deficit=False confidence=0 current_load=71.4111111111111 decision_id=08dbc4ac k8s_capacity=66.6 k8s_weight=93 knative_weight=7 p99=214.2 predicted_load=0 r_effective=16.6 serverless_enabled=True total_load=71.4 weights_after={'k3s': 93, 'knative': 7} weights_before={'k3s': 98, 'knative': 2}
2026-09-13 18:39:39 [info     ] Weights updated                k3s=93 knative=7
2026-09-13 18:39:39 [info     ] Weights updated                action=REACTIVE reason='load=71RPS | k8s_cap=67RPS | (burst-routing)' weights={'k3s': 93, 'knative': 7}
2026-09-13 18:39:39 [info     ] algorithm2_scaling_decision    action=SCALE_UP alpha=0.060060060060060066 beta=0.0 buffer=1.0 current_replicas=4 predicted_load=69.60634666666665 required_resources=4.181 target_replicas=5
2026-09-13 18:39:39 [info     ] algorithm2_decision            action=SCALE_UP applied_target=5 current_replicas=4 hold_until=0.0 observed_load=69.61 observed_target=5 point_forecasts=None prediction_age_sec=None predictive_target=3 proactive=False scenario=s4-hybrid-predictive target_replicas=5 upper_forecasts=None
2026-09-13 18:39:39 [info     ] k8s_scale_executed             deployment=test-app-warm replicas=5
2026-09-13 18:39:39 [debug    ] Decision loop completed        action=REACTIVE latency_ms=146.55 p99=214.24999999999883
2026-09-13 18:39:54 [info     ] controller_decision_v3         action=RECOVERY available_replicas=5 budget_remaining=998 burn_adjustment=0 burst_ratio=0 capacity_deficit=False confidence=0 current_load=79.15555555555552 decision_id=d47f3504 k8s_capacity=83.2 k8s_weight=100 knative_weight=0 p99=314.4 predicted_load=0 r_effective=16.6 serverless_enabled=False total_load=79.2 weights_after={'k3s': 100, 'knative': 0} weights_before={'k3s': 93, 'knative': 7}
2026-09-13 18:39:54 [info     ] Weights updated                k3s=100 knative=0
2026-09-13 18:39:54 [info     ] Weights updated                action=RECOVERY reason='load=79RPS | k8s_cap=83RPS | (reducing-serverless)' weights={'k3s': 100, 'knative': 0}
2026-09-13 18:39:54 [info     ] Scale readiness observed       elapsed_sec=15.1 ewma_delay=60.0 samples=0 target=5
2026-09-13 18:39:54 [info     ] algorithm2_scaling_decision    action=MAINTAIN alpha=0.060060060060060066 beta=0.0 buffer=1.0 current_replicas=5 predicted_load=75.2833333333333 required_resources=4.522 target_replicas=5
2026-09-13 18:39:54 [info     ] algorithm2_decision            action=MAINTAIN applied_target=5 current_replicas=5 hold_until=0.0 observed_load=75.28 observed_target=5 point_forecasts=None prediction_age_sec=None predictive_target=3 proactive=False scenario=s4-hybrid-predictive target_replicas=5 upper_forecasts=None
2026-09-13 18:39:54 [debug    ] Decision loop completed        action=RECOVERY latency_ms=134.13 p99=314.4285714285723
2026-09-13 18:40:09 [warning  ] Knative pre-warm non-200       status=404
2026-09-13 18:40:09 [info     ] controller_decision_v3         action=REACTIVE available_replicas=5 budget_remaining=997 burn_adjustment=0 burst_ratio=0.0462 capacity_deficit=False confidence=0 current_load=87.28556666666665 decision_id=46320577 k8s_capacity=83.2 k8s_weight=95 knative_weight=5 p99=439.6 predicted_load=0 r_effective=16.6 serverless_enabled=True total_load=87.3 weights_after={'k3s': 95, 'knative': 5} weights_before={'k3s': 100, 'knative': 0}
2026-09-13 18:40:09 [info     ] Weights updated                k3s=95 knative=5
2026-09-13 18:40:09 [info     ] Weights updated                action=REACTIVE reason='load=87RPS | k8s_cap=83RPS | (burst-routing)' weights={'k3s': 95, 'knative': 5}
2026-09-13 18:40:09 [info     ] algorithm2_scaling_decision    action=MAINTAIN alpha=0.060060060060060066 beta=0.0 buffer=1.0 current_replicas=5 predicted_load=83.2205611111111 required_resources=4.998 target_replicas=5
2026-09-13 18:40:09 [info     ] algorithm2_decision            action=MAINTAIN applied_target=5 current_replicas=5 hold_until=0.0 observed_load=83.22 observed_target=5 point_forecasts=None prediction_age_sec=None predictive_target=3 proactive=False scenario=s4-hybrid-predictive target_replicas=5 upper_forecasts=None
2026-09-13 18:40:09 [debug    ] Decision loop completed        action=REACTIVE latency_ms=102.99 p99=439.60110833333323
2026-09-13 18:40:24 [info     ] controller_decision_v3         action=REACTIVE available_replicas=5 budget_remaining=996 burn_adjustment=0 burst_ratio=0.1874 capacity_deficit=False confidence=0 current_load=102.45320611111109 decision_id=f3a07d27 k8s_capacity=83.2 k8s_weight=81 knative_weight=19 p99=436.9 predicted_load=0 r_effective=16.6 serverless_enabled=True total_load=102.5 weights_after={'k3s': 81, 'knative': 19} weights_before={'k3s': 95, 'knative': 5}
2026-09-13 18:40:24 [info     ] Weights updated                k3s=81 knative=19
2026-09-13 18:40:24 [info     ] Weights updated                action=REACTIVE reason='load=102RPS | k8s_cap=83RPS | (burst-routing)' weights={'k3s': 81, 'knative': 19}
2026-09-13 18:40:24 [info     ] algorithm2_scaling_decision    action=SCALE_UP alpha=0.060060060060060066 beta=0.0 buffer=1.0 current_replicas=5 predicted_load=94.86938638888887 required_resources=5.698 target_replicas=6
2026-09-13 18:40:24 [info     ] algorithm2_decision            action=SCALE_UP applied_target=6 current_replicas=5 hold_until=0.0 observed_load=94.87 observed_target=6 point_forecasts=None prediction_age_sec=None predictive_target=3 proactive=False scenario=s4-hybrid-predictive target_replicas=6 upper_forecasts=None
2026-09-13 18:40:24 [info     ] k8s_scale_executed             deployment=test-app-warm replicas=6
2026-09-13 18:40:24 [debug    ] Decision loop completed        action=REACTIVE latency_ms=144.64 p99=436.945826506024
2026-09-13 18:40:40 [info     ] controller_decision_v3         action=RECOVERY available_replicas=6 budget_remaining=995 burn_adjustment=0 burst_ratio=0.134 capacity_deficit=False confidence=0 current_load=115.36338666666666 decision_id=7d547c1e k8s_capacity=99.9 k8s_weight=86 knative_weight=14 p99=434.9 predicted_load=0 r_effective=16.6 serverless_enabled=True total_load=115.4 weights_after={'k3s': 86, 'knative': 14} weights_before={'k3s': 81, 'knative': 19}
2026-09-13 18:40:40 [info     ] Weights updated                k3s=86 knative=14
2026-09-13 18:40:40 [info     ] Weights updated                action=RECOVERY reason='load=115RPS | k8s_cap=100RPS | (reducing-serverless)' weights={'k3s': 86, 'knative': 14}
2026-09-13 18:40:40 [info     ] Scale readiness observed       elapsed_sec=15.1 ewma_delay=60.0 samples=0 target=6
2026-09-13 18:40:40 [info     ] algorithm2_scaling_decision    action=MAINTAIN alpha=0.060060060060060066 beta=0.0 buffer=1.0 current_replicas=6 predicted_load=108.90829638888887 required_resources=6.541 target_replicas=6
2026-09-13 18:40:40 [info     ] algorithm2_decision            action=MAINTAIN applied_target=6 current_replicas=6 hold_until=0.0 observed_load=108.91 observed_target=6 point_forecasts=None prediction_age_sec=None predictive_target=3 proactive=False scenario=s4-hybrid-predictive target_replicas=6 upper_forecasts=None
2026-09-13 18:40:40 [debug    ] Decision loop completed        action=RECOVERY latency_ms=143.04 p99=434.93333333333385
2026-09-13 18:40:55 [info     ] controller_decision_v3         action=REACTIVE available_replicas=6 budget_remaining=995 burn_adjustment=0 burst_ratio=0.15 capacity_deficit=False confidence=0 current_load=117.52847999999996 decision_id=73257ffe k8s_capacity=99.9 k8s_weight=85 knative_weight=15 p99=174.3 predicted_load=0 r_effective=16.6 serverless_enabled=True total_load=117.5 weights_after={'k3s': 85, 'knative': 15} weights_before={'k3s': 86, 'knative': 14}
2026-09-13 18:40:55 [info     ] Weights updated                k3s=85 knative=15
2026-09-13 18:40:55 [info     ] Weights updated                action=REACTIVE reason='load=118RPS | k8s_cap=100RPS | (burst-routing)' weights={'k3s': 85, 'knative': 15}
2026-09-13 18:40:55 [info     ] algorithm2_scaling_decision    action=MAINTAIN alpha=0.060060060060060066 beta=0.0 buffer=1.0 current_replicas=6 predicted_load=116.4459333333333 required_resources=6.994 target_replicas=6
2026-09-13 18:40:55 [info     ] algorithm2_decision            action=MAINTAIN applied_target=6 current_replicas=6 hold_until=0.0 observed_load=116.45 observed_target=6 point_forecasts=None prediction_age_sec=None predictive_target=3 proactive=False scenario=s4-hybrid-predictive target_replicas=6 upper_forecasts=None
2026-09-13 18:40:55 [debug    ] Decision loop completed        action=REACTIVE latency_ms=107.64 p99=174.3428106666665
2026-09-13 18:41:10 [info     ] controller_decision_v3         action=RECOVERY available_replicas=6 budget_remaining=995 burn_adjustment=0 burst_ratio=0.0497 capacity_deficit=False confidence=0 current_load=105.12494111111108 decision_id=0a304b6c k8s_capacity=99.9 k8s_weight=95 knative_weight=5 p99=99.9 predicted_load=0 r_effective=16.6 serverless_enabled=True total_load=105.1 weights_after={'k3s': 95, 'knative': 5} weights_before={'k3s': 85, 'knative': 15}
2026-09-13 18:41:10 [info     ] Weights updated                k3s=95 knative=5
2026-09-13 18:41:10 [info     ] Weights updated                action=RECOVERY reason='load=105RPS | k8s_cap=100RPS | (reducing-serverless)' weights={'k3s': 95, 'knative': 5}
2026-09-13 18:41:10 [info     ] algorithm2_scaling_decision    action=MAINTAIN alpha=0.060060060060060066 beta=0.0 buffer=1.0 current_replicas=6 predicted_load=111.32671055555552 required_resources=6.686 target_replicas=6
2026-09-13 18:41:10 [info     ] algorithm2_decision            action=MAINTAIN applied_target=6 current_replicas=6 hold_until=0.0 observed_load=111.33 observed_target=6 point_forecasts=None prediction_age_sec=None predictive_target=3 proactive=False scenario=s4-hybrid-predictive target_replicas=6 upper_forecasts=None
2026-09-13 18:41:10 [debug    ] Decision loop completed        action=RECOVERY latency_ms=147.49 p99=99.91432337434097
2026-09-13 18:41:25 [info     ] controller_decision_v3         action=RECOVERY available_replicas=6 budget_remaining=995 burn_adjustment=0 burst_ratio=0 capacity_deficit=False confidence=0 current_load=88.05847 decision_id=9dadef63 k8s_capacity=99.9 k8s_weight=100 knative_weight=0 p99=99.8 predicted_load=0 r_effective=16.6 serverless_enabled=False total_load=88.1 weights_after={'k3s': 100, 'knative': 0} weights_before={'k3s': 95, 'knative': 5}
2026-09-13 18:41:25 [info     ] Weights updated                k3s=100 knative=0
2026-09-13 18:41:25 [info     ] Weights updated                action=RECOVERY reason='load=88RPS | k8s_cap=100RPS | (reducing-serverless)' weights={'k3s': 100, 'knative': 0}
2026-09-13 18:41:25 [info     ] algorithm2_scaling_decision    action=MAINTAIN alpha=0.060060060060060066 beta=0.0 buffer=1.0 current_replicas=6 predicted_load=96.59170555555554 required_resources=5.801 target_replicas=6
2026-09-13 18:41:25 [info     ] algorithm2_decision            action=MAINTAIN applied_target=6 current_replicas=6 hold_until=0.0 observed_load=96.59 observed_target=6 point_forecasts=None prediction_age_sec=None predictive_target=3 proactive=False scenario=s4-hybrid-predictive target_replicas=6 upper_forecasts=None
2026-09-13 18:41:25 [debug    ] Decision loop completed        action=RECOVERY latency_ms=146.6 p99=99.83024691358025
2026-09-13 18:41:40 [debug    ] GRU prediction received        confidence=0.6 latency_ms=9.35 predicted=123
2026-09-13 18:41:40 [debug    ] Using GRU prediction           confidence=0.6 forecast_capacity_signal=123.0 predicted=123 required_steps=9
2026-09-13 18:41:40 [info     ] algorithm2_scaling_decision    action=MAINTAIN alpha=0.060060060060060066 beta=0.0 buffer=1.0 current_replicas=6 predicted_load=123.0 required_resources=7.387 target_replicas=6
2026-09-13 18:41:40 [info     ] algorithm2_decision            action=MAINTAIN applied_target=6 current_replicas=6 hold_until=1789299790.6 observed_load=82.86 observed_target=5 point_forecasts=[67.17501068115234, 63.3870735168457, 59.302547454833984, 56.72412872314453, 55.98341751098633, 52.59457015991211, 52.19329071044922, 51.582576751708984, 51.89238357543945] prediction_age_sec=0.07 predictive_target=6 proactive=True scenario=s4-hybrid-predictive target_replicas=6 upper_forecasts=[122.07162475585938, 123.1109619140625, 118.40036010742188, 115.94156646728516, 115.6597900390625, 112.33596801757812, 112.32562255859375, 111.48755645751953, 111.97177124023438]
2026-09-13 18:41:40 [debug    ] Decision loop completed        action=MAINTAIN latency_ms=118.68 p99=99.61772983114447
2026-09-13 18:41:55 [debug    ] GRU prediction received        confidence=0.6 latency_ms=9.19 predicted=123
2026-09-13 18:41:55 [debug    ] Using GRU prediction           confidence=0.6 forecast_capacity_signal=123.0 predicted=123 required_steps=9
2026-09-13 18:41:55 [info     ] algorithm2_scaling_decision    action=MAINTAIN alpha=0.060060060060060066 beta=0.0 buffer=1.0 current_replicas=6 predicted_load=123.0 required_resources=7.387 target_replicas=6
2026-09-13 18:41:55 [info     ] algorithm2_decision            action=MAINTAIN applied_target=6 current_replicas=6 hold_until=1789299805.8 observed_load=74.36 observed_target=5 point_forecasts=[65.69527435302734, 63.465087890625, 60.662193298339844, 57.59736633300781, 57.17705154418945, 54.84341812133789, 54.97183609008789, 54.715415954589844, 55.04334259033203] prediction_age_sec=0.07 predictive_target=6 proactive=True scenario=s4-hybrid-predictive target_replicas=6 upper_forecasts=[120.59188842773438, 123.18898010253906, 119.760009765625, 116.81480407714844, 116.85342407226562, 114.58482360839844, 115.10416412353516, 114.62039184570312, 115.12272644042969]
2026-09-13 18:41:55 [debug    ] Decision loop completed        action=MAINTAIN latency_ms=116.21 p99=99.53100775193799
2026-09-13 18:42:10 [debug    ] GRU prediction received        confidence=0.6 latency_ms=8.94 predicted=124
2026-09-13 18:42:10 [debug    ] Using GRU prediction           confidence=0.6 forecast_capacity_signal=124.0 predicted=124 required_steps=9
2026-09-13 18:42:10 [info     ] algorithm2_scaling_decision    action=MAINTAIN alpha=0.060060060060060066 beta=0.0 buffer=1.0 current_replicas=6 predicted_load=124.0 required_resources=7.447 target_replicas=6
2026-09-13 18:42:10 [info     ] algorithm2_decision            action=MAINTAIN applied_target=6 current_replicas=6 hold_until=1789299820.9 observed_load=69.16 observed_target=5 point_forecasts=[65.17691040039062, 64.08917999267578, 62.14384078979492, 59.145503997802734, 59.0778923034668, 57.404232025146484, 57.627628326416016, 57.8149299621582, 58.133934020996094] prediction_age_sec=0.07 predictive_target=6 proactive=True scenario=s4-hybrid-predictive target_replicas=6 upper_forecasts=[120.07353210449219, 123.81306457519531, 121.24165344238281, 118.36294555664062, 118.7542724609375, 117.1456298828125, 117.75995635986328, 117.71990966796875, 118.21331787109375]
2026-09-13 18:42:10 [debug    ] Decision loop completed        action=MAINTAIN latency_ms=128.32 p99=99.80730337078653
2026-09-13 18:42:25 [debug    ] GRU prediction received        confidence=0.6 latency_ms=9.45 predicted=127
2026-09-13 18:42:25 [debug    ] Using GRU prediction           confidence=0.6 forecast_capacity_signal=127.0 predicted=127 required_steps=9
2026-09-13 18:42:26 [info     ] algorithm2_scaling_decision    action=MAINTAIN alpha=0.060060060060060066 beta=0.0 buffer=1.0 current_replicas=6 predicted_load=127.0 required_resources=7.628 target_replicas=6
2026-09-13 18:42:26 [info     ] algorithm2_decision            action=MAINTAIN applied_target=6 current_replicas=6 hold_until=1789299836.0 observed_load=71.63 observed_target=5 point_forecasts=[69.60365295410156, 67.45591735839844, 65.67669677734375, 63.044395446777344, 62.816410064697266, 61.41214370727539, 61.966678619384766, 62.01313018798828, 62.2427864074707] prediction_age_sec=0.07 predictive_target=6 proactive=True scenario=s4-hybrid-predictive target_replicas=6 upper_forecasts=[124.50027465820312, 127.1798095703125, 124.7745132446289, 122.26183319091797, 122.49278259277344, 121.15354919433594, 122.09900665283203, 121.91810607910156, 122.32217407226562]
2026-09-13 18:42:26 [debug    ] Decision loop completed        action=MAINTAIN latency_ms=124.38 p99=186.00000000000017
2026-09-13 18:42:41 [debug    ] GRU prediction received        confidence=0.6 latency_ms=10.23 predicted=136
2026-09-13 18:42:41 [debug    ] Using GRU prediction           confidence=0.6 forecast_capacity_signal=136.0 predicted=136 required_steps=9
2026-09-13 18:42:41 [debug    ] Proactive amplification        amplified=150.9 approach_ratio=1.0 load_trend=5.6 raw_pred=136
2026-09-13 18:42:41 [warning  ] Knative pre-warm non-200       status=404
2026-09-13 18:42:41 [info     ] controller_decision_v3         action=PREDICTIVE available_replicas=6 budget_remaining=995 burn_adjustment=0 burst_ratio=0.003 capacity_deficit=False confidence=0.6 current_load=100.20025777777775 decision_id=2b4e949d k8s_capacity=99.9 k8s_weight=99 knative_weight=1 p99=198.9 predicted_load=136 r_effective=16.6 serverless_enabled=True total_load=100.2 weights_after={'k3s': 99, 'knative': 1} weights_before={'k3s': 100, 'knative': 0}
2026-09-13 18:42:41 [info     ] Weights updated                k3s=99 knative=1
2026-09-13 18:42:41 [info     ] Weights updated                action=PREDICTIVE reason='load=100RPS | k8s_cap=100RPS | (prediction-driven)' weights={'k3s': 99, 'knative': 1}
2026-09-13 18:42:41 [info     ] algorithm2_scaling_decision    action=MAINTAIN alpha=0.060060060060060066 beta=0.0 buffer=1.0 current_replicas=6 predicted_load=88.10012888888886 required_resources=5.291 target_replicas=6
2026-09-13 18:42:41 [info     ] algorithm2_decision            action=MAINTAIN applied_target=6 current_replicas=6 hold_until=1789299836.0 observed_load=88.1 observed_target=6 point_forecasts=[80.74578857421875, 75.14930725097656, 72.70702362060547, 70.52291870117188, 69.75874328613281, 68.35697937011719, 68.7300033569336, 67.90144348144531, 67.97737121582031] prediction_age_sec=0.08 predictive_target=6 proactive=False scenario=s4-hybrid-predictive target_replicas=6 upper_forecasts=[135.6424102783203, 134.87319946289062, 131.80484008789062, 129.7403564453125, 129.43511962890625, 128.098388671875, 128.86233520507812, 127.80642700195312, 128.0567626953125]
2026-09-13 18:42:41 [debug    ] Decision loop completed        action=PREDICTIVE latency_ms=140.66 p99=198.9410988591845
2026-09-13 18:42:56 [debug    ] GRU prediction received        confidence=0.6 latency_ms=9.51 predicted=144
2026-09-13 18:42:56 [debug    ] Using GRU prediction           confidence=0.6 forecast_capacity_signal=144.0 predicted=144 required_steps=9
2026-09-13 18:42:56 [debug    ] Proactive amplification        amplified=209.4 approach_ratio=1.14 load_trend=10.6 raw_pred=144
2026-09-13 18:42:56 [info     ] controller_decision_v3         action=PREDICTIVE available_replicas=6 budget_remaining=995 burn_adjustment=0 burst_ratio=0.1206 capacity_deficit=False confidence=0.6 current_load=113.6044582728234 decision_id=3bae3f97 k8s_capacity=99.9 k8s_weight=87 knative_weight=13 p99=165.7 predicted_load=144 r_effective=16.6 serverless_enabled=True total_load=113.6 weights_after={'k3s': 87, 'knative': 13} weights_before={'k3s': 99, 'knative': 1}
2026-09-13 18:42:56 [info     ] Weights updated                k3s=87 knative=13
2026-09-13 18:42:56 [info     ] Weights updated                action=PREDICTIVE reason='load=114RPS | k8s_cap=100RPS | (prediction-driven)' weights={'k3s': 87, 'knative': 13}
2026-09-13 18:42:56 [info     ] algorithm2_scaling_decision    action=MAINTAIN alpha=0.060060060060060066 beta=0.0 buffer=1.0 current_replicas=6 predicted_load=106.90235802530057 required_resources=6.421 target_replicas=6
2026-09-13 18:42:56 [info     ] algorithm2_decision            action=MAINTAIN applied_target=6 current_replicas=6 hold_until=1789299836.0 observed_load=106.9 observed_target=6 point_forecasts=[89.24098205566406, 82.08345794677734, 79.05561828613281, 77.40386199951172, 76.45664978027344, 74.50469207763672, 74.60734558105469, 73.50617218017578, 73.09506225585938] prediction_age_sec=0.08 predictive_target=6 proactive=False scenario=s4-hybrid-predictive target_replicas=6 upper_forecasts=[144.13760375976562, 141.80734252929688, 138.1534423828125, 136.62130737304688, 136.13302612304688, 134.24609375, 134.7396697998047, 133.41114807128906, 133.1744384765625]
2026-09-13 18:42:56 [debug    ] Decision loop completed        action=PREDICTIVE latency_ms=210.0 p99=165.7119820125728
2026-09-13 18:43:11 [debug    ] GRU prediction received        confidence=0.6 latency_ms=9.22 predicted=146
2026-09-13 18:43:11 [debug    ] Using GRU prediction           confidence=0.6 forecast_capacity_signal=146.0 predicted=146 required_steps=9
2026-09-13 18:43:11 [debug    ] Proactive amplification        amplified=204.6 approach_ratio=1.1 load_trend=10.6 raw_pred=146
2026-09-13 18:43:11 [info     ] controller_decision_v3         action=RECOVERY available_replicas=6 budget_remaining=995 burn_adjustment=0 burst_ratio=0.0878 capacity_deficit=False confidence=0.6 current_load=109.51677777777775 decision_id=7699601e k8s_capacity=99.9 k8s_weight=91 knative_weight=9 p99=189.2 predicted_load=146 r_effective=16.6 serverless_enabled=True total_load=109.5 weights_after={'k3s': 91, 'knative': 9} weights_before={'k3s': 87, 'knative': 13}
2026-09-13 18:43:11 [info     ] Weights updated                k3s=91 knative=9
2026-09-13 18:43:11 [info     ] Weights updated                action=RECOVERY reason='load=110RPS | k8s_cap=100RPS | (reducing-serverless)' weights={'k3s': 91, 'knative': 9}
2026-09-13 18:43:11 [info     ] algorithm2_scaling_decision    action=MAINTAIN alpha=0.060060060060060066 beta=0.0 buffer=1.0 current_replicas=6 predicted_load=111.56061802530057 required_resources=6.7 target_replicas=6
2026-09-13 18:43:11 [info     ] algorithm2_decision            action=MAINTAIN applied_target=6 current_replicas=6 hold_until=1789299836.0 observed_load=111.56 observed_target=6 point_forecasts=[91.16995239257812, 85.28634643554688, 82.49634552001953, 81.25068664550781, 80.07722473144531, 77.80288696289062, 77.87232971191406, 77.44856262207031, 76.26927185058594] prediction_age_sec=0.11 predictive_target=6 proactive=False scenario=s4-hybrid-predictive target_replicas=6 upper_forecasts=[146.0665740966797, 145.01023864746094, 141.5941619873047, 140.46812438964844, 139.75360107421875, 137.54428100585938, 138.00465393066406, 137.35354614257812, 136.34866333007812]
2026-09-13 18:43:11 [debug    ] Decision loop completed        action=RECOVERY latency_ms=155.84 p99=189.2479635539402
2026-09-13 18:43:26 [debug    ] GRU prediction received        confidence=0.6 latency_ms=9.46 predicted=144
2026-09-13 18:43:26 [debug    ] Using GRU prediction           confidence=0.6 forecast_capacity_signal=144.0 predicted=144 required_steps=9
2026-09-13 18:43:26 [debug    ] Proactive amplification        amplified=144 approach_ratio=0.91 load_trend=3.6 raw_pred=144
2026-09-13 18:43:26 [info     ] controller_decision_v3         action=RECOVERY available_replicas=6 budget_remaining=995 burn_adjustment=0 burst_ratio=0 capacity_deficit=False confidence=0.6 current_load=90.48888888888887 decision_id=ac96209e k8s_capacity=99.9 k8s_weight=100 knative_weight=0 p99=99.5 predicted_load=144 r_effective=16.6 serverless_enabled=False total_load=90.5 weights_after={'k3s': 100, 'knative': 0} weights_before={'k3s': 91, 'knative': 9}
2026-09-13 18:43:26 [info     ] Weights updated                k3s=100 knative=0
2026-09-13 18:43:26 [info     ] Weights updated                action=RECOVERY reason='load=90RPS | k8s_cap=100RPS | (reducing-serverless)' weights={'k3s': 100, 'knative': 0}
2026-09-13 18:43:26 [info     ] algorithm2_scaling_decision    action=MAINTAIN alpha=0.060060060060060066 beta=0.0 buffer=1.0 current_replicas=6 predicted_load=100.00283333333331 required_resources=6.006 target_replicas=6
2026-09-13 18:43:26 [info     ] algorithm2_decision            action=MAINTAIN applied_target=6 current_replicas=6 hold_until=1789299836.0 observed_load=100.0 observed_target=6 point_forecasts=[85.73624420166016, 84.27802276611328, 82.6687240600586, 80.84432983398438, 80.10210418701172, 77.98397064208984, 77.98261260986328, 77.99757385253906, 77.40766143798828] prediction_age_sec=0.11 predictive_target=6 proactive=False scenario=s4-hybrid-predictive target_replicas=6 upper_forecasts=[140.6328582763672, 144.0019073486328, 141.76654052734375, 140.061767578125, 139.77847290039062, 137.72537231445312, 138.1149444580078, 137.90255737304688, 137.48704528808594]
2026-09-13 18:43:26 [debug    ] Decision loop completed        action=RECOVERY latency_ms=151.62 p99=99.52722063037248
2026-09-13 18:43:41 [debug    ] GRU prediction received        confidence=0.6 latency_ms=8.94 predicted=144
2026-09-13 18:43:41 [debug    ] Using GRU prediction           confidence=0.6 forecast_capacity_signal=144.0 predicted=144 required_steps=9
2026-09-13 18:43:41 [info     ] algorithm2_scaling_decision    action=MAINTAIN alpha=0.060060060060060066 beta=0.0 buffer=1.0 current_replicas=6 predicted_load=87.64673212682706 required_resources=5.264 target_replicas=6
2026-09-13 18:43:41 [info     ] algorithm2_decision            action=MAINTAIN applied_target=6 current_replicas=6 hold_until=1789299836.0 observed_load=87.65 observed_target=6 point_forecasts=[84.79226684570312, 84.01704406738281, 82.45938110351562, 80.57862854003906, 79.8276596069336, 77.97709655761719, 78.27313995361328, 78.23986053466797, 78.3106918334961] prediction_age_sec=0.08 predictive_target=6 proactive=False scenario=s4-hybrid-predictive target_replicas=6 upper_forecasts=[139.6888885498047, 143.74093627929688, 141.55718994140625, 139.7960662841797, 139.5040283203125, 137.718505859375, 138.4054718017578, 138.14483642578125, 138.39007568359375]
2026-09-13 18:43:41 [debug    ] Decision loop completed        action=MAINTAIN latency_ms=125.2 p99=99.8715524034673
2026-09-13 18:43:56 [debug    ] GRU prediction received        confidence=0.6 latency_ms=9.84 predicted=146
2026-09-13 18:43:56 [debug    ] Using GRU prediction           confidence=0.6 forecast_capacity_signal=146.0 predicted=146 required_steps=9
2026-09-13 18:43:56 [info     ] algorithm2_scaling_decision    action=MAINTAIN alpha=0.060060060060060066 beta=0.0 buffer=1.0 current_replicas=6 predicted_load=90.4800654601604 required_resources=5.434 target_replicas=6
2026-09-13 18:43:56 [info     ] algorithm2_decision            action=MAINTAIN applied_target=6 current_replicas=6 hold_until=1789299836.0 observed_load=90.48 observed_target=6 point_forecasts=[89.75896453857422, 86.4831771850586, 83.94815826416016, 82.23653411865234, 81.30033874511719, 79.64749908447266, 80.24943542480469, 79.6609878540039, 80.01158142089844] prediction_age_sec=0.07 predictive_target=6 proactive=False scenario=s4-hybrid-predictive target_replicas=6 upper_forecasts=[144.65557861328125, 146.20706176757812, 143.0459747314453, 141.4539794921875, 140.97671508789062, 139.38890075683594, 140.3817596435547, 139.5659637451172, 140.09097290039062]
2026-09-13 18:43:56 [debug    ] Decision loop completed        action=MAINTAIN latency_ms=118.53 p99=195.54621848739546
2026-09-13 18:44:11 [debug    ] GRU prediction received        confidence=0.6 latency_ms=9.36 predicted=153
2026-09-13 18:44:11 [debug    ] Using GRU prediction           confidence=0.6 forecast_capacity_signal=153.0 predicted=153 required_steps=9
2026-09-13 18:44:12 [warning  ] Knative pre-warm non-200       status=404
2026-09-13 18:44:12 [info     ] controller_decision_v3         action=PREDICTIVE available_replicas=6 budget_remaining=994 burn_adjustment=0 burst_ratio=0.1389 capacity_deficit=False confidence=0.6 current_load=116.01111111111109 decision_id=8d586dba k8s_capacity=99.9 k8s_weight=86 knative_weight=14 p99=1475.2 predicted_load=153 r_effective=16.6 serverless_enabled=True total_load=116.0 weights_after={'k3s': 86, 'knative': 14} weights_before={'k3s': 100, 'knative': 0}
2026-09-13 18:44:12 [info     ] Weights updated                k3s=86 knative=14
2026-09-13 18:44:12 [info     ] Weights updated                action=PREDICTIVE reason='load=116RPS | k8s_cap=100RPS | (prediction-driven)' weights={'k3s': 86, 'knative': 14}
2026-09-13 18:44:12 [info     ] algorithm2_scaling_decision    action=MAINTAIN alpha=0.060060060060060066 beta=0.0 buffer=1.0 current_replicas=6 predicted_load=106.08333333333331 required_resources=6.371 target_replicas=6
2026-09-13 18:44:12 [info     ] algorithm2_decision            action=MAINTAIN applied_target=6 current_replicas=6 hold_until=1789299836.0 observed_load=106.08 observed_target=6 point_forecasts=[97.98323059082031, 91.1637954711914, 87.86724090576172, 86.1936264038086, 85.25472259521484, 83.80951690673828, 83.8085708618164, 82.86006164550781, 82.61619567871094] prediction_age_sec=0.08 predictive_target=6 proactive=False scenario=s4-hybrid-predictive target_replicas=6 upper_forecasts=[152.87985229492188, 150.88768005371094, 146.96505737304688, 145.41107177734375, 144.93109130859375, 143.55091857910156, 143.94090270996094, 142.76504516601562, 142.69558715820312]
2026-09-13 18:44:12 [debug    ] Decision loop completed        action=PREDICTIVE latency_ms=141.71 p99=1475.1515151515139
2026-09-13 18:44:27 [debug    ] GRU prediction received        confidence=0.6 latency_ms=9.76 predicted=164
2026-09-13 18:44:27 [debug    ] Using GRU prediction           confidence=0.6 forecast_capacity_signal=164.0 predicted=164 required_steps=9
2026-09-13 18:44:27 [debug    ] Proactive amplification        amplified=273.5 approach_ratio=1.47 load_trend=14.1 raw_pred=164
2026-09-13 18:44:27 [info     ] controller_decision_v3         action=PREDICTIVE available_replicas=6 budget_remaining=993 burn_adjustment=0 burst_ratio=0.3194 capacity_deficit=False confidence=0.6 current_load=146.78888888888892 decision_id=184bc49e k8s_capacity=99.9 k8s_weight=68 knative_weight=32 p99=2994.7 predicted_load=164 r_effective=16.6 serverless_enabled=True total_load=146.8 weights_after={'k3s': 68, 'knative': 32} weights_before={'k3s': 86, 'knative': 14}
2026-09-13 18:44:27 [info     ] Weights updated                k3s=68 knative=32
2026-09-13 18:44:27 [info     ] Weights updated                action=PREDICTIVE reason='load=147RPS | k8s_cap=100RPS | (prediction-driven)' weights={'k3s': 68, 'knative': 32}
2026-09-13 18:44:27 [info     ] algorithm2_scaling_decision    action=MAINTAIN alpha=0.060060060060060066 beta=0.0 buffer=1.0 current_replicas=6 predicted_load=131.4 required_resources=7.892 target_replicas=6
2026-09-13 18:44:27 [info     ] algorithm2_decision            action=MAINTAIN applied_target=6 current_replicas=6 hold_until=1789299836.0 observed_load=131.4 observed_target=6 point_forecasts=[109.26061248779297, 97.883056640625, 93.60750579833984, 92.03887176513672, 90.86988830566406, 89.59510040283203, 88.10945892333984, 88.00090026855469, 86.19001007080078] prediction_age_sec=0.09 predictive_target=6 proactive=False scenario=s4-hybrid-predictive target_replicas=6 upper_forecasts=[164.1572265625, 157.60694885253906, 152.705322265625, 151.25631713867188, 150.5462646484375, 149.3365020751953, 148.24179077148438, 147.9058837890625, 146.26939392089844]
2026-09-13 18:44:27 [debug    ] Decision loop completed        action=PREDICTIVE latency_ms=139.07 p99=2994.687500000037
2026-09-13 18:44:42 [debug    ] GRU prediction received        confidence=0.6 latency_ms=9.32 predicted=171
2026-09-13 18:44:42 [debug    ] Using GRU prediction           confidence=0.6 forecast_capacity_signal=171.0 predicted=171 required_steps=9
2026-09-13 18:44:42 [debug    ] Proactive amplification        amplified=329.2 approach_ratio=1.6 load_trend=18.8 raw_pred=171
2026-09-13 18:44:42 [info     ] controller_decision_v3         action=PREDICTIVE available_replicas=6 budget_remaining=992 burn_adjustment=0 burst_ratio=0.3756 capacity_deficit=False confidence=0.6 current_load=160.00000000000003 decision_id=c2086ead k8s_capacity=99.9 k8s_weight=62 knative_weight=38 p99=3681.6 predicted_load=171 r_effective=16.6 serverless_enabled=True total_load=160.0 weights_after={'k3s': 62, 'knative': 38} weights_before={'k3s': 68, 'knative': 32}
2026-09-13 18:44:42 [info     ] Weights updated                k3s=62 knative=38
2026-09-13 18:44:42 [info     ] Weights updated                action=PREDICTIVE reason='load=160RPS | k8s_cap=100RPS | (prediction-driven)' weights={'k3s': 62, 'knative': 38}
2026-09-13 18:44:42 [info     ] algorithm2_scaling_decision    action=MAINTAIN alpha=0.060060060060060066 beta=0.0 buffer=1.0 current_replicas=6 predicted_load=153.39444444444447 required_resources=9.213 target_replicas=6
2026-09-13 18:44:42 [info     ] algorithm2_decision            action=MAINTAIN applied_target=6 current_replicas=6 hold_until=1789299836.0 observed_load=153.39 observed_target=6 point_forecasts=[116.30501556396484, 104.09138488769531, 99.98497009277344, 98.4896011352539, 96.30271911621094, 95.80805969238281, 93.33924865722656, 93.44001770019531, 90.71884155273438] prediction_age_sec=0.08 predictive_target=6 proactive=False scenario=s4-hybrid-predictive target_replicas=6 upper_forecasts=[171.20162963867188, 163.81527709960938, 159.08279418945312, 157.70703125, 155.97909545898438, 155.54946899414062, 153.47157287597656, 153.34500122070312, 150.7982177734375]
2026-09-13 18:44:42 [debug    ] Decision loop completed        action=PREDICTIVE latency_ms=127.92 p99=3681.578947368425
2026-09-13 18:44:57 [debug    ] GRU prediction received        confidence=0.6 latency_ms=9.92 predicted=173
2026-09-13 18:44:57 [debug    ] Using GRU prediction           confidence=0.6 forecast_capacity_signal=173.0 predicted=173 required_steps=9
2026-09-13 18:44:57 [debug    ] Proactive amplification        amplified=288.4 approach_ratio=1.55 load_trend=14.8 raw_pred=173
2026-09-13 18:44:57 [info     ] controller_decision_v3         action=RECOVERY available_replicas=6 budget_remaining=991 burn_adjustment=0 burst_ratio=0.3568 capacity_deficit=False confidence=0.6 current_load=155.31111111111113 decision_id=37995d3d k8s_capacity=99.9 k8s_weight=64 knative_weight=36 p99=474.0 predicted_load=173 r_effective=16.6 serverless_enabled=True total_load=155.3 weights_after={'k3s': 64, 'knative': 36} weights_before={'k3s': 62, 'knative': 38}
2026-09-13 18:44:57 [info     ] Weights updated                k3s=64 knative=36
2026-09-13 18:44:57 [info     ] Weights updated                action=RECOVERY reason='load=155RPS | k8s_cap=100RPS | (reducing-serverless)' weights={'k3s': 64, 'knative': 36}
2026-09-13 18:44:57 [info     ] algorithm2_scaling_decision    action=MAINTAIN alpha=0.060060060060060066 beta=0.0 buffer=1.0 current_replicas=6 predicted_load=157.65555555555557 required_resources=9.469 target_replicas=6
2026-09-13 18:44:57 [info     ] algorithm2_decision            action=MAINTAIN applied_target=6 current_replicas=6 hold_until=1789299836.0 observed_load=157.66 observed_target=6 point_forecasts=[118.26901245117188, 108.67243194580078, 105.25247192382812, 103.50713348388672, 100.69490051269531, 100.3956069946289, 98.35659790039062, 98.23181915283203, 94.76888275146484] prediction_age_sec=0.11 predictive_target=6 proactive=False scenario=s4-hybrid-predictive target_replicas=6 upper_forecasts=[173.16563415527344, 168.3963165283203, 164.35028076171875, 162.72457885742188, 160.37127685546875, 160.1370086669922, 158.48892211914062, 158.1367950439453, 154.8482666015625]
2026-09-13 18:44:57 [debug    ] Decision loop completed        action=RECOVERY latency_ms=156.99 p99=474.00000000000057
2026-09-13 18:45:12 [debug    ] GRU prediction received        confidence=0.6 latency_ms=9.41 predicted=173
2026-09-13 18:45:12 [debug    ] Using GRU prediction           confidence=0.6 forecast_capacity_signal=173.0 predicted=173 required_steps=9
2026-09-13 18:45:12 [debug    ] Proactive amplification        amplified=200.1 approach_ratio=1.42 load_trend=6.5 raw_pred=173
2026-09-13 18:45:12 [info     ] controller_decision_v3         action=RECOVERY available_replicas=6 budget_remaining=991 burn_adjustment=0 burst_ratio=0.2959 capacity_deficit=False confidence=0.6 current_load=141.88888888888889 decision_id=817c0e1a k8s_capacity=99.9 k8s_weight=70 knative_weight=30 p99=106.2 predicted_load=173 r_effective=16.6 serverless_enabled=True total_load=141.9 weights_after={'k3s': 70, 'knative': 30} weights_before={'k3s': 64, 'knative': 36}
2026-09-13 18:45:12 [info     ] Weights updated                k3s=70 knative=30
2026-09-13 18:45:12 [info     ] Weights updated                action=RECOVERY reason='load=142RPS | k8s_cap=100RPS | (reducing-serverless)' weights={'k3s': 70, 'knative': 30}
2026-09-13 18:45:12 [info     ] algorithm2_scaling_decision    action=MAINTAIN alpha=0.060060060060060066 beta=0.0 buffer=1.0 current_replicas=6 predicted_load=148.60000000000002 required_resources=8.925 target_replicas=6
2026-09-13 18:45:12 [info     ] algorithm2_decision            action=MAINTAIN applied_target=6 current_replicas=6 hold_until=1789299836.0 observed_load=148.6 observed_target=6 point_forecasts=[117.63843536376953, 111.5135269165039, 108.1674575805664, 106.23812866210938, 103.29667663574219, 103.51109313964844, 101.68781280517578, 101.53002166748047, 97.43242645263672] prediction_age_sec=0.11 predictive_target=6 proactive=False scenario=s4-hybrid-predictive target_replicas=6 upper_forecasts=[172.53504943847656, 171.23741149902344, 167.26527404785156, 165.45556640625, 162.97305297851562, 163.25250244140625, 161.8201446533203, 161.43499755859375, 157.51181030273438]
2026-09-13 18:45:12 [debug    ] Decision loop completed        action=RECOVERY latency_ms=156.82 p99=106.20000000000014
2026-09-13 18:45:27 [debug    ] GRU prediction received        confidence=0.6 latency_ms=9.77 predicted=171
2026-09-13 18:45:27 [debug    ] Using GRU prediction           confidence=0.6 forecast_capacity_signal=171.0 predicted=171 required_steps=9
2026-09-13 18:45:27 [info     ] controller_decision_v3         action=RECOVERY available_replicas=6 budget_remaining=991 burn_adjustment=0 burst_ratio=0.1974 capacity_deficit=False confidence=0.6 current_load=124.46666666666665 decision_id=f4cad399 k8s_capacity=99.9 k8s_weight=80 knative_weight=20 p99=99.6 predicted_load=171 r_effective=16.6 serverless_enabled=True total_load=124.5 weights_after={'k3s': 80, 'knative': 20} weights_before={'k3s': 70, 'knative': 30}
2026-09-13 18:45:27 [info     ] Weights updated                k3s=80 knative=20
2026-09-13 18:45:27 [info     ] Weights updated                action=RECOVERY reason='load=124RPS | k8s_cap=100RPS | (reducing-serverless)' weights={'k3s': 80, 'knative': 20}
2026-09-13 18:45:27 [info     ] algorithm2_scaling_decision    action=MAINTAIN alpha=0.060060060060060066 beta=0.0 buffer=1.0 current_replicas=6 predicted_load=133.17777777777778 required_resources=7.999 target_replicas=6
2026-09-13 18:45:27 [info     ] algorithm2_decision            action=MAINTAIN applied_target=6 current_replicas=6 hold_until=1789299836.0 observed_load=133.18 observed_target=6 point_forecasts=[114.7479248046875, 111.52944946289062, 108.71078491210938, 106.19094848632812, 103.62811279296875, 104.08956909179688, 102.48668670654297, 102.10614776611328, 97.92109680175781] prediction_age_sec=0.11 predictive_target=6 proactive=False scenario=s4-hybrid-predictive target_replicas=6 upper_forecasts=[169.64454650878906, 171.2533416748047, 167.80859375, 165.40838623046875, 163.3044891357422, 163.83096313476562, 162.6190185546875, 162.01112365722656, 158.00048828125]
2026-09-13 18:45:27 [debug    ] Decision loop completed        action=RECOVERY latency_ms=168.74 p99=99.63508667065153
2026-09-13 18:45:42 [debug    ] GRU prediction received        confidence=0.6 latency_ms=9.4 predicted=171
2026-09-13 18:45:42 [debug    ] Using GRU prediction           confidence=0.6 forecast_capacity_signal=171.0 predicted=171 required_steps=9
2026-09-13 18:45:42 [info     ] controller_decision_v3         action=RECOVERY available_replicas=6 budget_remaining=991 burn_adjustment=0 burst_ratio=0.1719 capacity_deficit=False confidence=0.6 current_load=120.64444444444443 decision_id=0e5ea541 k8s_capacity=99.9 k8s_weight=82 knative_weight=18 p99=99.9 predicted_load=171 r_effective=16.6 serverless_enabled=True total_load=120.6 weights_after={'k3s': 82, 'knative': 18} weights_before={'k3s': 80, 'knative': 20}
2026-09-13 18:45:42 [info     ] Weights updated                k3s=82 knative=18
2026-09-13 18:45:42 [info     ] Weights updated                action=RECOVERY reason='load=121RPS | k8s_cap=100RPS | (reducing-serverless)' weights={'k3s': 82, 'knative': 18}
2026-09-13 18:45:42 [info     ] algorithm2_scaling_decision    action=MAINTAIN alpha=0.060060060060060066 beta=0.0 buffer=1.0 current_replicas=6 predicted_load=122.55555555555554 required_resources=7.361 target_replicas=6
2026-09-13 18:45:42 [info     ] algorithm2_decision            action=MAINTAIN applied_target=6 current_replicas=6 hold_until=1789299836.0 observed_load=122.56 observed_target=6 point_forecasts=[114.68772888183594, 111.5324935913086, 108.63363647460938, 106.36610412597656, 103.91885375976562, 104.50314331054688, 102.86054229736328, 102.59782409667969, 98.5787124633789] prediction_age_sec=0.11 predictive_target=6 proactive=False scenario=s4-hybrid-predictive target_replicas=6 upper_forecasts=[169.5843505859375, 171.25637817382812, 167.7314453125, 165.5835418701172, 163.59523010253906, 164.24453735351562, 162.9928741455078, 162.5028076171875, 158.65809631347656]
2026-09-13 18:45:42 [debug    ] Decision loop completed        action=RECOVERY latency_ms=165.1 p99=99.87810383747178
2026-09-13 18:45:58 [debug    ] GRU prediction received        confidence=0.6 latency_ms=9.32 predicted=171
2026-09-13 18:45:58 [debug    ] Using GRU prediction           confidence=0.6 forecast_capacity_signal=171.0 predicted=171 required_steps=9
2026-09-13 18:45:58 [info     ] controller_decision_v3         action=RECOVERY available_replicas=6 budget_remaining=991 burn_adjustment=0 burst_ratio=0.1675 capacity_deficit=False confidence=0.6 current_load=119.99999999999999 decision_id=95ce6626 k8s_capacity=99.9 k8s_weight=83 knative_weight=17 p99=119.7 predicted_load=171 r_effective=16.6 serverless_enabled=True total_load=120.0 weights_after={'k3s': 83, 'knative': 17} weights_before={'k3s': 82, 'knative': 18}
2026-09-13 18:45:58 [info     ] Weights updated                k3s=83 knative=17
2026-09-13 18:45:58 [info     ] Weights updated                action=RECOVERY reason='load=120RPS | k8s_cap=100RPS | (reducing-serverless)' weights={'k3s': 83, 'knative': 17}
2026-09-13 18:45:58 [info     ] algorithm2_scaling_decision    action=MAINTAIN alpha=0.060060060060060066 beta=0.0 buffer=1.0 current_replicas=6 predicted_load=120.32222222222221 required_resources=7.227 target_replicas=6
2026-09-13 18:45:58 [info     ] algorithm2_decision            action=MAINTAIN applied_target=6 current_replicas=6 hold_until=1789299836.0 observed_load=120.32 observed_target=6 point_forecasts=[114.23843383789062, 111.28244018554688, 108.3790054321289, 106.88288879394531, 104.47697448730469, 104.98811340332031, 103.45484161376953, 103.24949645996094, 99.6671371459961] prediction_age_sec=0.11 predictive_target=6 proactive=False scenario=s4-hybrid-predictive target_replicas=6 upper_forecasts=[169.1350555419922, 171.00633239746094, 167.47682189941406, 166.10032653808594, 164.15335083007812, 164.72952270507812, 163.58717346191406, 163.15447998046875, 159.74652099609375]
2026-09-13 18:45:58 [debug    ] Decision loop completed        action=RECOVERY latency_ms=155.34 p99=119.69565217391259
2026-09-13 18:46:13 [debug    ] GRU prediction received        confidence=0.6 latency_ms=9.24 predicted=171
2026-09-13 18:46:13 [debug    ] Using GRU prediction           confidence=0.6 forecast_capacity_signal=171.0 predicted=171 required_steps=9
2026-09-13 18:46:13 [info     ] algorithm2_scaling_decision    action=MAINTAIN alpha=0.060060060060060066 beta=0.0 buffer=1.0 current_replicas=6 predicted_load=119.54444444444442 required_resources=7.18 target_replicas=6
2026-09-13 18:46:13 [info     ] algorithm2_decision            action=MAINTAIN applied_target=6 current_replicas=6 hold_until=1789299836.0 observed_load=119.54 observed_target=6 point_forecasts=[113.8557357788086, 111.04178619384766, 108.51289367675781, 107.48828125, 105.2733383178711, 105.6133804321289, 104.26173400878906, 104.31511688232422, 100.9578857421875] prediction_age_sec=0.07 predictive_target=6 proactive=False scenario=s4-hybrid-predictive target_replicas=6 upper_forecasts=[168.75234985351562, 170.7656707763672, 167.6107177734375, 166.70571899414062, 164.94970703125, 165.3547821044922, 164.39405822753906, 164.2200927734375, 161.03726196289062]
2026-09-13 18:46:13 [debug    ] Decision loop completed        action=MAINTAIN latency_ms=126.17 p99=135.3846153846157
2026-09-13 18:46:28 [debug    ] GRU prediction received        confidence=0.6 latency_ms=9.92 predicted=169
2026-09-13 18:46:28 [debug    ] Using GRU prediction           confidence=0.6 forecast_capacity_signal=169.0 predicted=169 required_steps=9
2026-09-13 18:46:28 [info     ] controller_decision_v3         action=RECOVERY available_replicas=6 budget_remaining=991 burn_adjustment=0 burst_ratio=0.0812 capacity_deficit=False confidence=0.6 current_load=108.7333333333333 decision_id=2250770d k8s_capacity=99.9 k8s_weight=91 knative_weight=9 p99=99.7 predicted_load=169 r_effective=16.6 serverless_enabled=True total_load=108.7 weights_after={'k3s': 91, 'knative': 9} weights_before={'k3s': 83, 'knative': 17}
2026-09-13 18:46:28 [info     ] Weights updated                k3s=91 knative=9
2026-09-13 18:46:28 [info     ] Weights updated                action=RECOVERY reason='load=109RPS | k8s_cap=100RPS | (reducing-serverless)' weights={'k3s': 91, 'knative': 9}
2026-09-13 18:46:28 [info     ] algorithm2_scaling_decision    action=MAINTAIN alpha=0.060060060060060066 beta=0.0 buffer=1.0 current_replicas=6 predicted_load=113.91111111111108 required_resources=6.842 target_replicas=6
2026-09-13 18:46:28 [info     ] algorithm2_decision            action=MAINTAIN applied_target=6 current_replicas=6 hold_until=1789299836.0 observed_load=113.91 observed_target=6 point_forecasts=[109.91301727294922, 109.43463134765625, 108.03225708007812, 107.07030487060547, 105.42182922363281, 105.57390594482422, 104.60871124267578, 104.9988021850586, 101.65104675292969] prediction_age_sec=0.11 predictive_target=6 proactive=False scenario=s4-hybrid-predictive target_replicas=6 upper_forecasts=[164.80963134765625, 169.1585235595703, 167.13006591796875, 166.28775024414062, 165.09820556640625, 165.3153076171875, 164.7410430908203, 164.90377807617188, 161.73043823242188]
2026-09-13 18:46:28 [debug    ] Decision loop completed        action=RECOVERY latency_ms=164.51 p99=99.67122247532272
2026-09-13 18:46:43 [debug    ] GRU prediction received        confidence=0.6 latency_ms=9.34 predicted=166
2026-09-13 18:46:43 [debug    ] Using GRU prediction           confidence=0.6 forecast_capacity_signal=166.0 predicted=166 required_steps=9
2026-09-13 18:46:43 [info     ] controller_decision_v3         action=RECOVERY available_replicas=6 budget_remaining=991 burn_adjustment=0 burst_ratio=0 capacity_deficit=False confidence=0.6 current_load=93.39999999999998 decision_id=41cabb71 k8s_capacity=99.9 k8s_weight=100 knative_weight=0 p99=99.7 predicted_load=166 r_effective=16.6 serverless_enabled=False total_load=93.4 weights_after={'k3s': 100, 'knative': 0} weights_before={'k3s': 91, 'knative': 9}
2026-09-13 18:46:43 [info     ] Weights updated                k3s=100 knative=0
2026-09-13 18:46:43 [info     ] Weights updated                action=RECOVERY reason='load=93RPS | k8s_cap=100RPS | (reducing-serverless)' weights={'k3s': 100, 'knative': 0}
2026-09-13 18:46:43 [info     ] algorithm2_scaling_decision    action=MAINTAIN alpha=0.060060060060060066 beta=0.0 buffer=1.0 current_replicas=6 predicted_load=101.06666666666663 required_resources=6.07 target_replicas=6
2026-09-13 18:46:43 [info     ] algorithm2_decision            action=MAINTAIN applied_target=6 current_replicas=6 hold_until=1789299836.0 observed_load=101.07 observed_target=6 point_forecasts=[103.90015411376953, 106.5171127319336, 106.83432006835938, 105.8925552368164, 104.76680755615234, 104.67154693603516, 104.66612243652344, 104.62093353271484, 102.63739776611328] prediction_age_sec=0.12 predictive_target=6 proactive=False scenario=s4-hybrid-predictive target_replicas=6 upper_forecasts=[158.79676818847656, 166.24099731445312, 165.93212890625, 165.1099853515625, 164.44317626953125, 164.41294860839844, 164.79844665527344, 164.52590942382812, 162.71678161621094]
2026-09-13 18:46:43 [debug    ] Decision loop completed        action=RECOVERY latency_ms=176.75 p99=99.70271493212671
2026-09-13 18:46:58 [debug    ] GRU prediction received        confidence=0.6 latency_ms=9.56 predicted=164
2026-09-13 18:46:58 [debug    ] Using GRU prediction           confidence=0.6 forecast_capacity_signal=164.0 predicted=164 required_steps=9
2026-09-13 18:46:58 [info     ] algorithm2_scaling_decision    action=MAINTAIN alpha=0.060060060060060066 beta=0.0 buffer=1.0 current_replicas=6 predicted_load=86.69999999999999 required_resources=5.207 target_replicas=6
2026-09-13 18:46:58 [info     ] algorithm2_decision            action=MAINTAIN applied_target=6 current_replicas=6 hold_until=1789299836.0 observed_load=86.7 observed_target=6 point_forecasts=[96.57929229736328, 101.92972564697266, 103.563232421875, 103.4419937133789, 102.99484252929688, 103.04049682617188, 102.82247161865234, 103.77308654785156, 103.02516174316406] prediction_age_sec=0.08 predictive_target=6 proactive=False scenario=s4-hybrid-predictive target_replicas=6 upper_forecasts=[151.4759063720703, 161.6536102294922, 162.66104125976562, 162.659423828125, 162.6712188720703, 162.78189086914062, 162.95480346679688, 163.67807006835938, 163.10455322265625]
2026-09-13 18:46:58 [debug    ] Decision loop completed        action=MAINTAIN latency_ms=129.48 p99=99.6231813773036
2026-09-13 18:47:13 [debug    ] GRU prediction received        confidence=0.6 latency_ms=9.23 predicted=164
2026-09-13 18:47:13 [debug    ] Using GRU prediction           confidence=0.6 forecast_capacity_signal=164.0 predicted=164 required_steps=9
2026-09-13 18:47:13 [info     ] algorithm2_scaling_decision    action=MAINTAIN alpha=0.060060060060060066 beta=0.0 buffer=1.0 current_replicas=6 predicted_load=164.0 required_resources=9.85 target_replicas=6
2026-09-13 18:47:13 [info     ] algorithm2_decision            action=MAINTAIN applied_target=6 current_replicas=6 hold_until=1789300123.8 observed_load=77.06 observed_target=5 point_forecasts=[91.9093246459961, 98.30032348632812, 100.60588073730469, 101.28461456298828, 101.3878402709961, 101.70113372802734, 101.89271545410156, 103.73523712158203, 103.07874298095703] prediction_age_sec=0.08 predictive_target=6 proactive=True scenario=s4-hybrid-predictive target_replicas=6 upper_forecasts=[146.80593872070312, 158.0242156982422, 159.70370483398438, 160.50204467773438, 161.064208984375, 161.44253540039062, 162.02503967285156, 163.6402130126953, 163.1581268310547]
2026-09-13 18:47:13 [debug    ] Decision loop completed        action=MAINTAIN latency_ms=127.02 p99=99.71326335877865
2026-09-13 18:47:28 [debug    ] GRU prediction received        confidence=0.6 latency_ms=9.68 predicted=164
2026-09-13 18:47:28 [debug    ] Using GRU prediction           confidence=0.6 forecast_capacity_signal=164.0 predicted=164 required_steps=9
2026-09-13 18:47:28 [info     ] algorithm2_scaling_decision    action=MAINTAIN alpha=0.060060060060060066 beta=0.0 buffer=1.0 current_replicas=6 predicted_load=164.0 required_resources=9.85 target_replicas=6
2026-09-13 18:47:28 [info     ] algorithm2_decision            action=MAINTAIN applied_target=6 current_replicas=6 hold_until=1789300139.0 observed_load=75.3 observed_target=5 point_forecasts=[91.24626922607422, 97.02896881103516, 99.16232299804688, 100.46212005615234, 100.6856460571289, 101.37906646728516, 102.14144897460938, 103.81333923339844, 103.20417785644531] prediction_age_sec=0.07 predictive_target=6 proactive=True scenario=s4-hybrid-predictive target_replicas=6 upper_forecasts=[146.14288330078125, 156.7528533935547, 158.2601318359375, 159.6795654296875, 160.36203002929688, 161.12046813964844, 162.27377319335938, 163.71832275390625, 163.2835693359375]
2026-09-13 18:47:28 [debug    ] Decision loop completed        action=MAINTAIN latency_ms=125.65 p99=99.80889621087314
2026-09-13 18:47:44 [debug    ] GRU prediction received        confidence=0.6 latency_ms=9.35 predicted=164
2026-09-13 18:47:44 [debug    ] Using GRU prediction           confidence=0.6 forecast_capacity_signal=164.0 predicted=164 required_steps=9
2026-09-13 18:47:44 [info     ] algorithm2_scaling_decision    action=MAINTAIN alpha=0.060060060060060066 beta=0.0 buffer=1.0 current_replicas=6 predicted_load=164.0 required_resources=9.85 target_replicas=6
2026-09-13 18:47:44 [info     ] algorithm2_decision            action=MAINTAIN applied_target=6 current_replicas=6 hold_until=1789300154.1 observed_load=79.4 observed_target=5 point_forecasts=[93.05143737792969, 97.33184814453125, 99.12945556640625, 100.66133117675781, 100.79289245605469, 101.910888671875, 102.8686752319336, 104.28994750976562, 103.47004699707031] prediction_age_sec=0.08 predictive_target=6 proactive=True scenario=s4-hybrid-predictive target_replicas=6 upper_forecasts=[147.94805908203125, 157.0557403564453, 158.22726440429688, 159.87876892089844, 160.46926879882812, 161.65228271484375, 163.00100708007812, 164.19493103027344, 163.5494384765625]
2026-09-13 18:47:44 [debug    ] Decision loop completed        action=MAINTAIN latency_ms=127.97 p99=99.82891660171472
2026-09-13 18:47:59 [debug    ] GRU prediction received        confidence=0.6 latency_ms=9.66 predicted=163
2026-09-13 18:47:59 [debug    ] Using GRU prediction           confidence=0.6 forecast_capacity_signal=163.0 predicted=163 required_steps=9
2026-09-13 18:47:59 [info     ] algorithm2_scaling_decision    action=MAINTAIN alpha=0.060060060060060066 beta=0.0 buffer=1.0 current_replicas=6 predicted_load=163.0 required_resources=9.79 target_replicas=6
2026-09-13 18:47:59 [info     ] algorithm2_decision            action=MAINTAIN applied_target=6 current_replicas=6 hold_until=1789300169.2 observed_load=80.98 observed_target=5 point_forecasts=[91.56304931640625, 96.16187286376953, 98.19115447998047, 99.64842987060547, 100.00343322753906, 101.08157348632812, 101.88270568847656, 103.23638916015625, 102.78392791748047] prediction_age_sec=0.08 predictive_target=6 proactive=True scenario=s4-hybrid-predictive target_replicas=6 upper_forecasts=[146.4596710205078, 155.88575744628906, 157.28897094726562, 158.86587524414062, 159.6798095703125, 160.82296752929688, 162.01502990722656, 163.14137268066406, 162.86331176757812]
2026-09-13 18:47:59 [debug    ] Decision loop completed        action=MAINTAIN latency_ms=139.48 p99=99.7422293676313
2026-09-13 18:48:14 [debug    ] GRU prediction received        confidence=0.6 latency_ms=9.14 predicted=161
2026-09-13 18:48:14 [debug    ] Using GRU prediction           confidence=0.6 forecast_capacity_signal=161.0 predicted=161 required_steps=9
2026-09-13 18:48:14 [info     ] algorithm2_scaling_decision    action=MAINTAIN alpha=0.060060060060060066 beta=0.0 buffer=1.0 current_replicas=6 predicted_load=161.0 required_resources=9.67 target_replicas=6
2026-09-13 18:48:14 [info     ] algorithm2_decision            action=MAINTAIN applied_target=6 current_replicas=6 hold_until=1789300184.4 observed_load=73.94 observed_target=5 point_forecasts=[86.6221923828125, 92.5626220703125, 95.63680267333984, 96.8722152709961, 97.96534729003906, 98.37946319580078, 98.97576141357422, 100.75431823730469, 100.91973876953125] prediction_age_sec=0.08 predictive_target=6 proactive=True scenario=s4-hybrid-predictive target_replicas=6 upper_forecasts=[141.51881408691406, 152.28651428222656, 154.734619140625, 156.08966064453125, 157.6417236328125, 158.12086486816406, 159.10809326171875, 160.6593017578125, 160.99911499023438]
2026-09-13 18:48:14 [debug    ] Decision loop completed        action=MAINTAIN latency_ms=133.31 p99=99.53698435277383
2026-09-13 18:48:29 [debug    ] GRU prediction received        confidence=0.6 latency_ms=9.38 predicted=159
2026-09-13 18:48:29 [debug    ] Using GRU prediction           confidence=0.6 forecast_capacity_signal=159.0 predicted=159 required_steps=9
2026-09-13 18:48:29 [info     ] algorithm2_scaling_decision    action=MAINTAIN alpha=0.060060060060060066 beta=0.0 buffer=1.0 current_replicas=6 predicted_load=159.0 required_resources=9.55 target_replicas=6
2026-09-13 18:48:29 [info     ] algorithm2_decision            action=MAINTAIN applied_target=6 current_replicas=6 hold_until=1789300199.5 observed_load=61.92 observed_target=4 point_forecasts=[80.80199432373047, 87.99972534179688, 92.0594482421875, 93.61943054199219, 95.18634033203125, 95.38422393798828, 95.48217010498047, 98.35858154296875, 98.50475311279297] prediction_age_sec=0.07 predictive_target=6 proactive=True scenario=s4-hybrid-predictive target_replicas=6 upper_forecasts=[135.6986083984375, 147.72361755371094, 151.15725708007812, 152.8368682861328, 154.8627166748047, 155.12562561035156, 155.614501953125, 158.26356506347656, 158.58413696289062]
2026-09-13 18:48:29 [debug    ] Decision loop completed        action=MAINTAIN latency_ms=126.25 p99=99.47042640990372
2026-09-13 18:48:44 [debug    ] GRU prediction received        confidence=0.6 latency_ms=9.45 predicted=156
2026-09-13 18:48:44 [debug    ] Using GRU prediction           confidence=0.6 forecast_capacity_signal=156.1 predicted=156 required_steps=9
2026-09-13 18:48:44 [info     ] algorithm2_scaling_decision    action=MAINTAIN alpha=0.060060060060060066 beta=0.0 buffer=1.0 current_replicas=6 predicted_load=156.09649658203125 required_resources=9.375 target_replicas=6
2026-09-13 18:48:44 [info     ] algorithm2_decision            action=MAINTAIN applied_target=6 current_replicas=6 hold_until=1789300214.6 observed_load=52.77 observed_target=4 point_forecasts=[76.9295654296875, 84.48983001708984, 88.99937438964844, 90.19788360595703, 92.27742004394531, 92.41309356689453, 93.10084533691406, 96.05731964111328, 96.01712036132812] prediction_age_sec=0.08 predictive_target=6 proactive=True scenario=s4-hybrid-predictive target_replicas=6 upper_forecasts=[131.82618713378906, 144.21371459960938, 148.09719848632812, 149.41531372070312, 151.95379638671875, 152.1544952392578, 153.23316955566406, 155.96229553222656, 156.09649658203125]
2026-09-13 18:48:44 [debug    ] Decision loop completed        action=MAINTAIN latency_ms=133.67 p99=99.75923190546528
2026-09-13 18:48:59 [debug    ] GRU prediction received        confidence=0.6 latency_ms=9.85 predicted=154
2026-09-13 18:48:59 [debug    ] Using GRU prediction           confidence=0.6 forecast_capacity_signal=154.0 predicted=154 required_steps=9
2026-09-13 18:48:59 [info     ] algorithm2_scaling_decision    action=MAINTAIN alpha=0.060060060060060066 beta=0.0 buffer=1.0 current_replicas=6 predicted_load=154.0 required_resources=9.249 target_replicas=6
2026-09-13 18:48:59 [info     ] algorithm2_decision            action=MAINTAIN applied_target=6 current_replicas=6 hold_until=1789300229.8 observed_load=48.73 observed_target=3 point_forecasts=[74.531494140625, 81.7611312866211, 86.41075134277344, 87.51506805419922, 90.00035095214844, 90.22480010986328, 91.3608169555664, 94.04574584960938, 93.81460571289062] prediction_age_sec=0.08 predictive_target=6 proactive=True scenario=s4-hybrid-predictive target_replicas=6 upper_forecasts=[129.42811584472656, 141.48501586914062, 145.50857543945312, 146.73251342773438, 149.67672729492188, 149.96620178222656, 151.49314880371094, 153.9507293701172, 153.89398193359375]
2026-09-13 18:48:59 [debug    ] Decision loop completed        action=MAINTAIN latency_ms=128.53 p99=99.54530201342283
2026-09-13 18:49:14 [debug    ] GRU prediction received        confidence=0.6 latency_ms=9.33 predicted=153
2026-09-13 18:49:14 [debug    ] Using GRU prediction           confidence=0.6 forecast_capacity_signal=153.0 predicted=153 required_steps=9
2026-09-13 18:49:14 [info     ] algorithm2_scaling_decision    action=MAINTAIN alpha=0.060060060060060066 beta=0.0 buffer=1.0 current_replicas=6 predicted_load=153.0 required_resources=9.189 target_replicas=6
2026-09-13 18:49:14 [info     ] algorithm2_decision            action=MAINTAIN applied_target=6 current_replicas=6 hold_until=1789300244.9 observed_load=46.97 observed_target=3 point_forecasts=[73.09329986572266, 80.02509307861328, 84.75055694580078, 85.74691009521484, 88.55728149414062, 89.0020523071289, 90.3275146484375, 92.75912475585938, 92.43484497070312] prediction_age_sec=0.08 predictive_target=6 proactive=True scenario=s4-hybrid-predictive target_replicas=6 upper_forecasts=[127.98991394042969, 139.7489776611328, 143.84837341308594, 144.96435546875, 148.23365783691406, 148.7434539794922, 150.4598388671875, 152.6641082763672, 152.51422119140625]
2026-09-13 18:49:14 [debug    ] Decision loop completed        action=MAINTAIN latency_ms=129.29 p99=99.61367013372957
2026-09-13 18:49:29 [debug    ] GRU prediction received        confidence=0.6 latency_ms=9.88 predicted=153
2026-09-13 18:49:29 [debug    ] Using GRU prediction           confidence=0.6 forecast_capacity_signal=153.0 predicted=153 required_steps=9
2026-09-13 18:49:30 [info     ] algorithm2_scaling_decision    action=MAINTAIN alpha=0.060060060060060066 beta=0.0 buffer=1.0 current_replicas=6 predicted_load=153.0 required_resources=9.189 target_replicas=6
2026-09-13 18:49:30 [info     ] algorithm2_decision            action=MAINTAIN applied_target=6 current_replicas=6 hold_until=1789300260.0 observed_load=48.64 observed_target=3 point_forecasts=[74.28848266601562, 80.45435333251953, 84.89129638671875, 85.72252655029297, 88.7112045288086, 89.29561614990234, 90.70915985107422, 92.75788116455078, 92.3360824584961] prediction_age_sec=0.09 predictive_target=6 proactive=True scenario=s4-hybrid-predictive target_replicas=6 upper_forecasts=[129.1851043701172, 140.17823791503906, 143.98910522460938, 144.93997192382812, 148.3875732421875, 149.03701782226562, 150.84149169921875, 152.66285705566406, 152.41546630859375]
2026-09-13 18:49:30 [debug    ] Decision loop completed        action=MAINTAIN latency_ms=144.3 p99=99.81278538812785
2026-09-13 18:49:45 [debug    ] GRU prediction received        confidence=0.6 latency_ms=9.38 predicted=154
2026-09-13 18:49:45 [debug    ] Using GRU prediction           confidence=0.6 forecast_capacity_signal=154.1 predicted=154 required_steps=9
2026-09-13 18:49:45 [info     ] algorithm2_scaling_decision    action=MAINTAIN alpha=0.060060060060060066 beta=0.0 buffer=1.0 current_replicas=6 predicted_load=154.1015625 required_resources=9.255 target_replicas=6
2026-09-13 18:49:45 [info     ] algorithm2_decision            action=MAINTAIN applied_target=6 current_replicas=6 hold_until=1789300275.2 observed_load=56.34 observed_target=4 point_forecasts=[78.7142562866211, 83.60025787353516, 87.62431335449219, 87.96859741210938, 90.8840103149414, 91.54612731933594, 92.94540405273438, 94.54022979736328, 94.02218627929688] prediction_age_sec=0.08 predictive_target=6 proactive=True scenario=s4-hybrid-predictive target_replicas=6 upper_forecasts=[133.61087036132812, 143.3241424560547, 146.72213745117188, 147.18603515625, 150.56039428710938, 151.28753662109375, 153.07772827148438, 154.44520568847656, 154.1015625]
2026-09-13 18:49:45 [debug    ] Decision loop completed        action=MAINTAIN latency_ms=128.68 p99=99.79953703703703
2026-09-13 18:50:00 [debug    ] GRU prediction received        confidence=0.6 latency_ms=9.67 predicted=156
2026-09-13 18:50:00 [debug    ] Using GRU prediction           confidence=0.6 forecast_capacity_signal=156.0 predicted=156 required_steps=9
2026-09-13 18:50:00 [info     ] algorithm2_scaling_decision    action=MAINTAIN alpha=0.060060060060060066 beta=0.0 buffer=1.0 current_replicas=6 predicted_load=156.0 required_resources=9.369 target_replicas=6
2026-09-13 18:50:00 [info     ] algorithm2_decision            action=MAINTAIN applied_target=6 current_replicas=6 hold_until=1789300290.3 observed_load=65.94 observed_target=4 point_forecasts=[82.64842224121094, 86.55738830566406, 90.21903991699219, 90.39317321777344, 93.02702331542969, 93.61282348632812, 94.6844253540039, 96.07122039794922, 95.64884948730469] prediction_age_sec=0.08 predictive_target=6 proactive=True scenario=s4-hybrid-predictive target_replicas=6 upper_forecasts=[137.5450439453125, 146.28128051757812, 149.31686401367188, 149.61061096191406, 152.70339965820312, 153.35421752929688, 154.81675720214844, 155.9761962890625, 155.72824096679688]
2026-09-13 18:50:00 [debug    ] Decision loop completed        action=MAINTAIN latency_ms=140.59 p99=99.81160115052732
2026-09-13 18:50:15 [debug    ] GRU prediction received        confidence=0.6 latency_ms=9.58 predicted=156
2026-09-13 18:50:15 [debug    ] Using GRU prediction           confidence=0.6 forecast_capacity_signal=156.0 predicted=156 required_steps=9
2026-09-13 18:50:15 [info     ] algorithm2_scaling_decision    action=MAINTAIN alpha=0.060060060060060066 beta=0.0 buffer=1.0 current_replicas=6 predicted_load=156.0 required_resources=9.369 target_replicas=6
2026-09-13 18:50:15 [info     ] algorithm2_decision            action=MAINTAIN applied_target=6 current_replicas=6 hold_until=1789300305.4 observed_load=72.58 observed_target=5 point_forecasts=[84.80561828613281, 87.82672119140625, 91.14289093017578, 91.47066497802734, 93.6668930053711, 93.83541107177734, 94.53956604003906, 95.83853149414062, 95.68760681152344] prediction_age_sec=0.08 predictive_target=6 proactive=True scenario=s4-hybrid-predictive target_replicas=6 upper_forecasts=[139.70223999023438, 147.5506134033203, 150.24070739746094, 150.6881103515625, 153.34326171875, 153.57681274414062, 154.67189025878906, 155.74351501464844, 155.76699829101562]
2026-09-13 18:50:15 [debug    ] Decision loop completed        action=MAINTAIN latency_ms=131.37 p99=99.79435850773432
2026-09-13 18:50:30 [debug    ] GRU prediction received        confidence=0.6 latency_ms=9.9 predicted=155
2026-09-13 18:50:30 [debug    ] Using GRU prediction           confidence=0.6 forecast_capacity_signal=155.2 predicted=155 required_steps=9
2026-09-13 18:50:30 [info     ] algorithm2_scaling_decision    action=MAINTAIN alpha=0.060060060060060066 beta=0.0 buffer=1.0 current_replicas=6 predicted_load=155.19415283203125 required_resources=9.321 target_replicas=6
2026-09-13 18:50:30 [info     ] algorithm2_decision            action=MAINTAIN applied_target=6 current_replicas=6 hold_until=1789300320.6 observed_load=76.91 observed_target=5 point_forecasts=[86.2533187866211, 88.47187042236328, 91.40798950195312, 91.94081115722656, 93.74285125732422, 93.2903060913086, 93.7002944946289, 94.90038299560547, 95.1147689819336] prediction_age_sec=0.08 predictive_target=6 proactive=True scenario=s4-hybrid-predictive target_replicas=6 upper_forecasts=[141.14993286132812, 148.1957550048828, 150.50579833984375, 151.1582489013672, 153.41921997070312, 153.03170776367188, 153.83262634277344, 154.80535888671875, 155.19415283203125]
2026-09-13 18:50:30 [debug    ] Decision loop completed        action=MAINTAIN latency_ms=131.79 p99=99.8798231511254
2026-09-13 18:50:45 [debug    ] GRU prediction received        confidence=0.6 latency_ms=9.22 predicted=155
2026-09-13 18:50:45 [debug    ] Using GRU prediction           confidence=0.6 forecast_capacity_signal=155.1 predicted=155 required_steps=9
2026-09-13 18:50:45 [debug    ] Proactive amplification        amplified=155 approach_ratio=0.84 load_trend=5.6 raw_pred=155
2026-09-13 18:50:45 [info     ] algorithm2_scaling_decision    action=MAINTAIN alpha=0.060060060060060066 beta=0.0 buffer=1.0 current_replicas=6 predicted_load=155.0848388671875 required_resources=9.314 target_replicas=6
2026-09-13 18:50:45 [info     ] algorithm2_decision            action=MAINTAIN applied_target=6 current_replicas=6 hold_until=1789300335.7 observed_load=81.52 observed_target=5 point_forecasts=[88.62651824951172, 89.957763671875, 92.36646270751953, 93.03401184082031, 94.23844146728516, 93.40785217285156, 93.57803344726562, 94.72860717773438, 95.00546264648438] prediction_age_sec=0.08 predictive_target=6 proactive=True scenario=s4-hybrid-predictive target_replicas=6 upper_forecasts=[143.52313232421875, 149.68165588378906, 151.4642791748047, 152.25144958496094, 153.91482543945312, 153.14926147460938, 153.71035766601562, 154.6335906982422, 155.0848388671875]
2026-09-13 18:50:45 [debug    ] Decision loop completed        action=MAINTAIN latency_ms=130.56 p99=136.09523809523844
2026-09-13 18:51:00 [debug    ] GRU prediction received        confidence=0.6 latency_ms=9.55 predicted=157
2026-09-13 18:51:00 [debug    ] Using GRU prediction           confidence=0.6 forecast_capacity_signal=157.0 predicted=157 required_steps=9
2026-09-13 18:51:00 [debug    ] Proactive amplification        amplified=157 approach_ratio=0.93 load_trend=5.8 raw_pred=157
2026-09-13 18:51:00 [info     ] algorithm2_scaling_decision    action=MAINTAIN alpha=0.060060060060060066 beta=0.0 buffer=1.0 current_replicas=6 predicted_load=88.8222222222222 required_resources=5.335 target_replicas=6
2026-09-13 18:51:00 [info     ] algorithm2_decision            action=MAINTAIN applied_target=6 current_replicas=6 hold_until=1789300335.7 observed_load=88.82 observed_target=6 point_forecasts=[93.24783325195312, 93.36431121826172, 95.18035888671875, 95.8875732421875, 96.2750015258789, 95.2984848022461, 95.2939224243164, 96.5353775024414, 96.46336364746094] prediction_age_sec=0.08 predictive_target=6 proactive=False scenario=s4-hybrid-predictive target_replicas=6 upper_forecasts=[148.1444549560547, 153.08819580078125, 154.27816772460938, 155.10501098632812, 155.95138549804688, 155.03988647460938, 155.42625427246094, 156.4403533935547, 156.54275512695312]
2026-09-13 18:51:00 [debug    ] Decision loop completed        action=MAINTAIN latency_ms=137.73 p99=187.99999999999972
2026-09-13 18:51:15 [debug    ] GRU prediction received        confidence=0.6 latency_ms=9.18 predicted=159
2026-09-13 18:51:15 [debug    ] Using GRU prediction           confidence=0.6 forecast_capacity_signal=159.0 predicted=159 required_steps=9
2026-09-13 18:51:15 [debug    ] Proactive amplification        amplified=159 approach_ratio=1.01 load_trend=6.4 raw_pred=159
2026-09-13 18:51:15 [warning  ] Knative pre-warm non-200       status=404
2026-09-13 18:51:15 [info     ] controller_decision_v3         action=PREDICTIVE available_replicas=6 budget_remaining=991 burn_adjustment=0 burst_ratio=0.0076 capacity_deficit=False confidence=0.6 current_load=100.66666666666664 decision_id=6107c589 k8s_capacity=99.9 k8s_weight=99 knative_weight=1 p99=174.2 predicted_load=159 r_effective=16.6 serverless_enabled=True total_load=100.7 weights_after={'k3s': 99, 'knative': 1} weights_before={'k3s': 100, 'knative': 0}
2026-09-13 18:51:15 [info     ] Weights updated                k3s=99 knative=1
2026-09-13 18:51:15 [info     ] Weights updated                action=PREDICTIVE reason='load=101RPS | k8s_cap=100RPS | (prediction-driven)' weights={'k3s': 99, 'knative': 1}
2026-09-13 18:51:15 [info     ] algorithm2_scaling_decision    action=MAINTAIN alpha=0.060060060060060066 beta=0.0 buffer=1.0 current_replicas=6 predicted_load=97.01111111111109 required_resources=5.826 target_replicas=6
2026-09-13 18:51:15 [info     ] algorithm2_decision            action=MAINTAIN applied_target=6 current_replicas=6 hold_until=1789300335.7 observed_load=97.01 observed_target=6 point_forecasts=[98.00501251220703, 97.24998474121094, 98.18549346923828, 99.38552856445312, 99.05921173095703, 98.22734069824219, 97.78582763671875, 99.12257385253906, 98.45903778076172] prediction_age_sec=0.08 predictive_target=6 proactive=False scenario=s4-hybrid-predictive target_replicas=6 upper_forecasts=[152.90162658691406, 156.973876953125, 157.28330993652344, 158.60296630859375, 158.735595703125, 157.96875, 157.91815185546875, 159.02755737304688, 158.53842163085938]
2026-09-13 18:51:15 [debug    ] Decision loop completed        action=PREDICTIVE latency_ms=134.64 p99=174.15873015873007
2026-09-13 18:51:31 [debug    ] GRU prediction received        confidence=0.6 latency_ms=9.19 predicted=161
2026-09-13 18:51:31 [debug    ] Using GRU prediction           confidence=0.6 forecast_capacity_signal=161.0 predicted=161 required_steps=9
2026-09-13 18:51:31 [debug    ] Proactive amplification        amplified=161 approach_ratio=0.99 load_trend=5.0 raw_pred=161
2026-09-13 18:51:31 [info     ] controller_decision_v3         action=RECOVERY available_replicas=6 budget_remaining=991 burn_adjustment=0 burst_ratio=0 capacity_deficit=False confidence=0.6 current_load=98.86666666666665 decision_id=9bab56aa k8s_capacity=99.9 k8s_weight=100 knative_weight=0 p99=103.0 predicted_load=161 r_effective=16.6 serverless_enabled=False total_load=98.9 weights_after={'k3s': 100, 'knative': 0} weights_before={'k3s': 99, 'knative': 1}
2026-09-13 18:51:31 [info     ] Weights updated                k3s=100 knative=0
2026-09-13 18:51:31 [info     ] Weights updated                action=RECOVERY reason='load=99RPS | k8s_cap=100RPS | (reducing-serverless)' weights={'k3s': 100, 'knative': 0}
2026-09-13 18:51:31 [info     ] algorithm2_scaling_decision    action=MAINTAIN alpha=0.060060060060060066 beta=0.0 buffer=1.0 current_replicas=6 predicted_load=99.76666666666665 required_resources=5.992 target_replicas=6
2026-09-13 18:51:31 [info     ] algorithm2_decision            action=MAINTAIN applied_target=6 current_replicas=6 hold_until=1789300335.7 observed_load=99.77 observed_target=6 point_forecasts=[99.388427734375, 99.33263397216797, 100.11149597167969, 101.19195556640625, 100.83483123779297, 99.92341613769531, 99.06786346435547, 100.47108459472656, 99.67140197753906] prediction_age_sec=0.11 predictive_target=6 proactive=False scenario=s4-hybrid-predictive target_replicas=6 upper_forecasts=[154.28504943847656, 159.0565185546875, 159.20932006835938, 160.40939331054688, 160.51119995117188, 159.66482543945312, 159.2001953125, 160.37606811523438, 159.75079345703125]
2026-09-13 18:51:31 [debug    ] Decision loop completed        action=RECOVERY latency_ms=181.54 p99=102.99999999999959
2026-09-13 18:51:46 [debug    ] GRU prediction received        confidence=0.6 latency_ms=9.03 predicted=160
2026-09-13 18:51:46 [debug    ] Using GRU prediction           confidence=0.6 forecast_capacity_signal=160.0 predicted=160 required_steps=9
2026-09-13 18:51:46 [info     ] algorithm2_scaling_decision    action=MAINTAIN alpha=0.060060060060060066 beta=0.0 buffer=1.0 current_replicas=6 predicted_load=94.6222222222222 required_resources=5.683 target_replicas=6
2026-09-13 18:51:46 [info     ] algorithm2_decision            action=MAINTAIN applied_target=6 current_replicas=6 hold_until=1789300335.7 observed_load=94.62 observed_target=6 point_forecasts=[97.24092102050781, 98.74662780761719, 99.97712707519531, 100.58586883544922, 100.49718475341797, 99.81111907958984, 98.47249603271484, 100.06372833251953, 99.57720184326172] prediction_age_sec=0.08 predictive_target=6 proactive=False scenario=s4-hybrid-predictive target_replicas=6 upper_forecasts=[152.13754272460938, 158.47052001953125, 159.074951171875, 159.80331420898438, 160.17355346679688, 159.55252075195312, 158.60482788085938, 159.9687042236328, 159.65658569335938]
2026-09-13 18:51:46 [debug    ] Decision loop completed        action=MAINTAIN latency_ms=132.82 p99=99.65544729849425
2026-09-13 18:52:01 [debug    ] GRU prediction received        confidence=0.6 latency_ms=9.6 predicted=157
2026-09-13 18:52:01 [debug    ] Using GRU prediction           confidence=0.6 forecast_capacity_signal=157.4 predicted=157 required_steps=9
2026-09-13 18:52:01 [info     ] algorithm2_scaling_decision    action=MAINTAIN alpha=0.060060060060060066 beta=0.0 buffer=1.0 current_replicas=6 predicted_load=157.36138916015625 required_resources=9.451 target_replicas=6
2026-09-13 18:52:01 [info     ] algorithm2_decision            action=MAINTAIN applied_target=6 current_replicas=6 hold_until=1789300411.4 observed_load=81.47 observed_target=5 point_forecasts=[89.01388549804688, 93.30867004394531, 95.570556640625, 96.0499038696289, 96.66156768798828, 95.97569274902344, 94.51744842529297, 96.68714904785156, 97.2820053100586] prediction_age_sec=0.08 predictive_target=6 proactive=True scenario=s4-hybrid-predictive target_replicas=6 upper_forecasts=[143.91050720214844, 153.03256225585938, 154.66836547851562, 155.267333984375, 156.33795166015625, 155.71710205078125, 154.6497802734375, 156.59213256835938, 157.36138916015625]
2026-09-13 18:52:01 [debug    ] Decision loop completed        action=MAINTAIN latency_ms=134.76 p99=99.47119078104994
2026-09-13 18:52:16 [debug    ] GRU prediction received        confidence=0.6 latency_ms=9.44 predicted=153
2026-09-13 18:52:16 [debug    ] Using GRU prediction           confidence=0.6 forecast_capacity_signal=153.0 predicted=153 required_steps=9
2026-09-13 18:52:16 [info     ] algorithm2_scaling_decision    action=MAINTAIN alpha=0.060060060060060066 beta=0.0 buffer=1.0 current_replicas=6 predicted_load=153.0 required_resources=9.189 target_replicas=6
2026-09-13 18:52:16 [info     ] algorithm2_decision            action=MAINTAIN applied_target=6 current_replicas=6 hold_until=1789300426.6 observed_load=65.96 observed_target=4 point_forecasts=[81.3680419921875, 86.22201538085938, 89.1293716430664, 90.25630187988281, 91.02458953857422, 90.3385009765625, 89.53485107421875, 92.26616668701172, 92.72468566894531] prediction_age_sec=0.08 predictive_target=6 proactive=True scenario=s4-hybrid-predictive target_replicas=6 upper_forecasts=[136.26466369628906, 145.94590759277344, 148.22718811035156, 149.47373962402344, 150.70095825195312, 150.07989501953125, 149.66717529296875, 152.171142578125, 152.8040771484375]
2026-09-13 18:52:16 [debug    ] Decision loop completed        action=MAINTAIN latency_ms=132.8 p99=99.46382636655949
2026-09-13 18:52:31 [debug    ] GRU prediction received        confidence=0.6 latency_ms=9.46 predicted=148
2026-09-13 18:52:31 [debug    ] Using GRU prediction           confidence=0.6 forecast_capacity_signal=148.0 predicted=148 required_steps=9
2026-09-13 18:52:31 [info     ] algorithm2_scaling_decision    action=MAINTAIN alpha=0.060060060060060066 beta=0.0 buffer=1.0 current_replicas=6 predicted_load=148.0 required_resources=8.889 target_replicas=6
2026-09-13 18:52:31 [info     ] algorithm2_decision            action=MAINTAIN applied_target=6 current_replicas=6 hold_until=1789300441.7 observed_load=53.42 observed_target=4 point_forecasts=[73.71289825439453, 79.06430053710938, 82.43305206298828, 83.7958984375, 84.86329650878906, 84.58901977539062, 84.83866882324219, 87.0926742553711, 87.6534652709961] prediction_age_sec=0.07 predictive_target=6 proactive=True scenario=s4-hybrid-predictive target_replicas=6 upper_forecasts=[128.60951232910156, 138.78819274902344, 141.53086853027344, 143.01333618164062, 144.5396728515625, 144.33041381835938, 144.9709930419922, 146.99765014648438, 147.73284912109375]
2026-09-13 18:52:31 [debug    ] Decision loop completed        action=MAINTAIN latency_ms=123.97 p99=99.54590984974959
2026-09-13 18:52:46 [debug    ] GRU prediction received        confidence=0.6 latency_ms=8.88 predicted=144
2026-09-13 18:52:46 [debug    ] Using GRU prediction           confidence=0.6 forecast_capacity_signal=144.0 predicted=144 required_steps=9
2026-09-13 18:52:46 [info     ] algorithm2_scaling_decision    action=MAINTAIN alpha=0.060060060060060066 beta=0.0 buffer=1.0 current_replicas=6 predicted_load=144.0 required_resources=8.649 target_replicas=6
2026-09-13 18:52:46 [info     ] algorithm2_decision            action=MAINTAIN applied_target=6 current_replicas=6 hold_until=1789300456.8 observed_load=46.77 observed_target=3 point_forecasts=[69.897705078125, 74.29515838623047, 77.1655044555664, 78.54971313476562, 79.88660430908203, 80.0002212524414, 81.03958892822266, 82.69459533691406, 83.53633880615234] prediction_age_sec=0.07 predictive_target=6 proactive=True scenario=s4-hybrid-predictive target_replicas=6 upper_forecasts=[124.79432678222656, 134.01904296875, 136.26332092285156, 137.76715087890625, 139.56298828125, 139.7416229248047, 141.1719207763672, 142.59957885742188, 143.61572265625]
2026-09-13 18:52:46 [debug    ] Decision loop completed        action=MAINTAIN latency_ms=115.89 p99=99.53776223776224
2026-09-13 18:53:01 [debug    ] GRU prediction received        confidence=0.6 latency_ms=9.43 predicted=140
2026-09-13 18:53:01 [debug    ] Using GRU prediction           confidence=0.6 forecast_capacity_signal=140.5 predicted=140 required_steps=9
2026-09-13 18:53:01 [info     ] algorithm2_scaling_decision    action=MAINTAIN alpha=0.060060060060060066 beta=0.0 buffer=1.0 current_replicas=6 predicted_load=140.46795654296875 required_resources=8.437 target_replicas=6
2026-09-13 18:53:01 [info     ] algorithm2_decision            action=MAINTAIN applied_target=6 current_replicas=6 hold_until=1789300471.9 observed_load=48.06 observed_target=3 point_forecasts=[68.22021484375, 71.58011627197266, 74.04444885253906, 75.11947631835938, 76.59941101074219, 76.80073547363281, 78.28582000732422, 79.34687042236328, 80.38856506347656] prediction_age_sec=0.06 predictive_target=6 proactive=True scenario=s4-hybrid-predictive target_replicas=6 upper_forecasts=[123.11683654785156, 131.3040008544922, 133.14227294921875, 134.3369140625, 136.27578735351562, 136.54214477539062, 138.41815185546875, 139.25184631347656, 140.46795654296875]
2026-09-13 18:53:01 [debug    ] Decision loop completed        action=MAINTAIN latency_ms=110.36 p99=99.71964956195245
2026-09-13 18:53:16 [debug    ] GRU prediction received        confidence=0.6 latency_ms=9.33 predicted=137
2026-09-13 18:53:16 [debug    ] Using GRU prediction           confidence=0.6 forecast_capacity_signal=137.5 predicted=137 required_steps=9
2026-09-13 18:53:17 [info     ] algorithm2_scaling_decision    action=MAINTAIN alpha=0.060060060060060066 beta=0.0 buffer=1.0 current_replicas=6 predicted_load=137.4908447265625 required_resources=8.258 target_replicas=6
2026-09-13 18:53:17 [info     ] algorithm2_decision            action=MAINTAIN applied_target=6 current_replicas=6 hold_until=1789300487.0 observed_load=51.88 observed_target=4 point_forecasts=[66.68611145019531, 69.5428695678711, 71.65240478515625, 72.52625274658203, 74.06121063232422, 74.20665740966797, 75.72200775146484, 76.42268371582031, 77.41146087646484] prediction_age_sec=0.07 predictive_target=6 proactive=True scenario=s4-hybrid-predictive target_replicas=6 upper_forecasts=[121.58273315429688, 129.26675415039062, 130.75021362304688, 131.74368286132812, 133.73757934570312, 133.94805908203125, 135.85433959960938, 136.32766723632812, 137.4908447265625]
2026-09-13 18:53:17 [debug    ] Decision loop completed        action=MAINTAIN latency_ms=121.07 p99=99.73153034300792
2026-09-13 18:53:32 [debug    ] GRU prediction received        confidence=0.6 latency_ms=9.94 predicted=134
2026-09-13 18:53:32 [debug    ] Using GRU prediction           confidence=0.6 forecast_capacity_signal=134.4 predicted=134 required_steps=9
2026-09-13 18:53:32 [info     ] algorithm2_scaling_decision    action=MAINTAIN alpha=0.060060060060060066 beta=0.0 buffer=1.0 current_replicas=6 predicted_load=134.404052734375 required_resources=8.072 target_replicas=6
2026-09-13 18:53:32 [info     ] algorithm2_decision            action=MAINTAIN applied_target=6 current_replicas=6 hold_until=1789300502.2 observed_load=53.39 observed_target=4 point_forecasts=[64.2665023803711, 67.25422668457031, 69.07439422607422, 69.87520599365234, 71.54367065429688, 71.47120666503906, 72.69364166259766, 73.36419677734375, 74.32466888427734] prediction_age_sec=0.13 predictive_target=6 proactive=True scenario=s4-hybrid-predictive target_replicas=6 upper_forecasts=[119.16311645507812, 126.97811889648438, 128.17221069335938, 129.0926513671875, 131.2200469970703, 131.21261596679688, 132.8259735107422, 133.26918029785156, 134.404052734375]
2026-09-13 18:53:32 [debug    ] Decision loop completed        action=MAINTAIN latency_ms=193.38 p99=99.61191860465117
2026-09-13 18:53:47 [debug    ] GRU prediction received        confidence=0.6 latency_ms=9.65 predicted=131
2026-09-13 18:53:47 [debug    ] Using GRU prediction           confidence=0.6 forecast_capacity_signal=131.0 predicted=131 required_steps=9
2026-09-13 18:53:47 [info     ] algorithm2_scaling_decision    action=MAINTAIN alpha=0.060060060060060066 beta=0.0 buffer=1.0 current_replicas=6 predicted_load=131.0 required_resources=7.868 target_replicas=6
2026-09-13 18:53:47 [info     ] algorithm2_decision            action=MAINTAIN applied_target=6 current_replicas=6 hold_until=1789300517.8 observed_load=50.31 observed_target=4 point_forecasts=[60.22648239135742, 63.916099548339844, 65.57982635498047, 66.39722442626953, 68.31858825683594, 67.93709564208984, 68.82586669921875, 69.6938705444336, 70.74066162109375] prediction_age_sec=0.56 predictive_target=6 proactive=True scenario=s4-hybrid-predictive target_replicas=6 upper_forecasts=[115.12310028076172, 123.63998413085938, 124.67764282226562, 125.61466217041016, 127.99496459960938, 127.67849731445312, 128.95819091796875, 129.59884643554688, 130.82003784179688]
2026-09-13 18:53:47 [debug    ] Decision loop completed        action=MAINTAIN latency_ms=617.53 p99=99.54809437386571
2026-09-13 18:54:03 [debug    ] GRU prediction received        confidence=0.6 latency_ms=11.31 predicted=128
2026-09-13 18:54:03 [debug    ] Using GRU prediction           confidence=0.6 forecast_capacity_signal=128.0 predicted=128 required_steps=9
2026-09-13 18:54:03 [info     ] algorithm2_scaling_decision    action=MAINTAIN alpha=0.060060060060060066 beta=0.0 buffer=1.0 current_replicas=6 predicted_load=128.0 required_resources=7.688 target_replicas=6
2026-09-13 18:54:03 [info     ] algorithm2_decision            action=MAINTAIN applied_target=6 current_replicas=6 hold_until=1789300533.1 observed_load=45.57 observed_target=3 point_forecasts=[56.8316535949707, 60.73588943481445, 62.26628494262695, 63.05039978027344, 65.13368225097656, 64.44577026367188, 65.32965087890625, 66.35173034667969, 67.50142669677734] prediction_age_sec=0.12 predictive_target=6 proactive=True scenario=s4-hybrid-predictive target_replicas=6 upper_forecasts=[111.728271484375, 120.45977783203125, 121.36410522460938, 122.26783752441406, 124.81005859375, 124.18717193603516, 125.46197509765625, 126.2567138671875, 127.580810546875]
2026-09-13 18:54:03 [debug    ] Decision loop completed        action=MAINTAIN latency_ms=294.12 p99=208.14285714286237
2026-09-13 18:54:18 [debug    ] GRU prediction received        confidence=0.6 latency_ms=9.94 predicted=126
2026-09-13 18:54:18 [debug    ] Using GRU prediction           confidence=0.6 forecast_capacity_signal=126.0 predicted=126 required_steps=9
2026-09-13 18:54:18 [info     ] algorithm2_scaling_decision    action=MAINTAIN alpha=0.060060060060060066 beta=0.0 buffer=1.0 current_replicas=6 predicted_load=126.0 required_resources=7.568 target_replicas=6
2026-09-13 18:54:18 [info     ] algorithm2_decision            action=MAINTAIN applied_target=6 current_replicas=6 hold_until=1789300548.3 observed_load=44.69 observed_target=3 point_forecasts=[56.02362060546875, 59.19389343261719, 60.52676010131836, 61.056304931640625, 63.08452224731445, 62.259700775146484, 63.41230392456055, 64.33197021484375, 65.47935485839844] prediction_age_sec=0.09 predictive_target=6 proactive=True scenario=s4-hybrid-predictive target_replicas=6 upper_forecasts=[110.92024230957031, 118.91778564453125, 119.62457275390625, 120.27374267578125, 122.76089477539062, 122.0010986328125, 123.54463195800781, 124.23695373535156, 125.5587387084961]
2026-09-13 18:54:18 [debug    ] Decision loop completed        action=MAINTAIN latency_ms=159.18 p99=106.99999999999983
2026-09-13 18:54:33 [debug    ] GRU prediction received        confidence=0.6 latency_ms=9.51 predicted=125
2026-09-13 18:54:33 [debug    ] Using GRU prediction           confidence=0.6 forecast_capacity_signal=125.0 predicted=125 required_steps=9
2026-09-13 18:54:33 [info     ] algorithm2_scaling_decision    action=MAINTAIN alpha=0.060060060060060066 beta=0.0 buffer=1.0 current_replicas=6 predicted_load=125.0 required_resources=7.508 target_replicas=6
2026-09-13 18:54:33 [info     ] algorithm2_decision            action=MAINTAIN applied_target=6 current_replicas=6 hold_until=1789300563.4 observed_load=46.77 observed_target=3 point_forecasts=[55.81554412841797, 58.568668365478516, 59.79740905761719, 60.12827682495117, 62.1282844543457, 61.35456085205078, 62.524234771728516, 63.33323669433594, 64.43524932861328] prediction_age_sec=0.08 predictive_target=6 proactive=True scenario=s4-hybrid-predictive target_replicas=6 upper_forecasts=[110.712158203125, 118.29255676269531, 118.89522552490234, 119.34571838378906, 121.80465698242188, 121.09596252441406, 122.65656280517578, 123.23822021484375, 124.51463317871094]
2026-09-13 18:54:33 [debug    ] Decision loop completed        action=MAINTAIN latency_ms=137.61 p99=99.84162895927602
2026-09-13 18:54:48 [debug    ] GRU prediction received        confidence=0.6 latency_ms=9.91 predicted=124
2026-09-13 18:54:48 [debug    ] Using GRU prediction           confidence=0.6 forecast_capacity_signal=124.0 predicted=124 required_steps=9
2026-09-13 18:54:48 [info     ] algorithm2_scaling_decision    action=MAINTAIN alpha=0.060060060060060066 beta=0.0 buffer=1.0 current_replicas=6 predicted_load=124.02570343017578 required_resources=7.449 target_replicas=6
2026-09-13 18:54:48 [info     ] algorithm2_decision            action=MAINTAIN applied_target=6 current_replicas=6 hold_until=1789300578.6 observed_load=48.17 observed_target=3 point_forecasts=[55.70598602294922, 58.37944030761719, 59.54603576660156, 59.79910659790039, 61.814666748046875, 61.0317497253418, 62.11671447753906, 62.87356185913086, 63.946319580078125] prediction_age_sec=0.08 predictive_target=6 proactive=True scenario=s4-hybrid-predictive target_replicas=6 upper_forecasts=[110.60260009765625, 118.10333251953125, 118.64385223388672, 119.01654052734375, 121.49104309082031, 120.77314758300781, 122.24903869628906, 122.7785415649414, 124.02570343017578]
2026-09-13 18:54:48 [debug    ] Decision loop completed        action=MAINTAIN latency_ms=141.3 p99=110.24999999999925
2026-09-13 18:55:03 [debug    ] GRU prediction received        confidence=0.6 latency_ms=9.59 predicted=123
2026-09-13 18:55:03 [debug    ] Using GRU prediction           confidence=0.6 forecast_capacity_signal=123.0 predicted=123 required_steps=9
2026-09-13 18:55:03 [info     ] algorithm2_scaling_decision    action=MAINTAIN alpha=0.060060060060060066 beta=0.0 buffer=1.0 current_replicas=6 predicted_load=123.0 required_resources=7.387 target_replicas=6
2026-09-13 18:55:03 [info     ] algorithm2_decision            action=MAINTAIN applied_target=6 current_replicas=6 hold_until=1789300593.7 observed_load=46.32 observed_target=3 point_forecasts=[53.675296783447266, 57.043453216552734, 58.27931213378906, 58.677574157714844, 60.8626594543457, 60.016395568847656, 60.831607818603516, 61.76765823364258, 62.91038513183594] prediction_age_sec=0.08 predictive_target=6 proactive=True scenario=s4-hybrid-predictive target_replicas=6 upper_forecasts=[108.57191467285156, 116.76734161376953, 117.37712860107422, 117.89501190185547, 120.53903198242188, 119.75779724121094, 120.96393585205078, 121.67263793945312, 122.9897689819336]
2026-09-13 18:55:03 [debug    ] Decision loop completed        action=MAINTAIN latency_ms=134.43 p99=99.74950884086445
2026-09-13 18:55:18 [debug    ] GRU prediction received        confidence=0.6 latency_ms=9.5 predicted=120
2026-09-13 18:55:18 [debug    ] Using GRU prediction           confidence=0.6 forecast_capacity_signal=120.2 predicted=120 required_steps=9
2026-09-13 18:55:18 [info     ] algorithm2_scaling_decision    action=MAINTAIN alpha=0.060060060060060066 beta=0.0 buffer=1.0 current_replicas=6 predicted_load=120.21424102783203 required_resources=7.22 target_replicas=6
2026-09-13 18:55:18 [info     ] algorithm2_decision            action=MAINTAIN applied_target=6 current_replicas=6 hold_until=1789300608.8 observed_load=37.12 observed_target=3 point_forecasts=[47.51512145996094, 52.702518463134766, 54.243438720703125, 55.17844009399414, 57.82811737060547, 56.82539367675781, 57.23582077026367, 58.73112106323242, 60.134857177734375] prediction_age_sec=0.08 predictive_target=6 proactive=True scenario=s4-hybrid-predictive target_replicas=6 upper_forecasts=[102.4117431640625, 112.42640686035156, 113.34125518798828, 114.3958740234375, 117.5044937133789, 116.5667953491211, 117.36814880371094, 118.63610076904297, 120.21424102783203]
2026-09-13 18:55:18 [debug    ] Decision loop completed        action=MAINTAIN latency_ms=133.43 p99=98.88157894736842
2026-09-13 18:55:33 [debug    ] GRU prediction received        confidence=0.6 latency_ms=9.42 predicted=116
2026-09-13 18:55:33 [debug    ] Using GRU prediction           confidence=0.6 forecast_capacity_signal=116.3 predicted=116 required_steps=9
2026-09-13 18:55:33 [info     ] algorithm2_scaling_decision    action=MAINTAIN alpha=0.060060060060060066 beta=0.0 buffer=1.0 current_replicas=6 predicted_load=116.26811218261719 required_resources=6.983 target_replicas=6
2026-09-13 18:55:33 [info     ] algorithm2_decision            action=MAINTAIN applied_target=6 current_replicas=6 hold_until=1789300624.0 observed_load=22.68 observed_target=3 point_forecasts=[39.947479248046875, 46.570987701416016, 48.48521423339844, 50.051788330078125, 53.25433349609375, 51.958984375, 52.36180114746094, 54.529293060302734, 56.1887321472168] prediction_age_sec=0.07 predictive_target=6 proactive=True scenario=s4-hybrid-predictive target_replicas=6 upper_forecasts=[94.84410095214844, 106.29487609863281, 107.5830307006836, 109.26922607421875, 112.93070983886719, 111.70038604736328, 112.49412536621094, 114.43427276611328, 116.26811218261719]
2026-09-13 18:55:33 [debug    ] Decision loop completed        action=MAINTAIN latency_ms=125.7 p99=0.99
2026-09-13 18:55:49 [debug    ] GRU prediction received        confidence=0.6 latency_ms=9.07 predicted=112
2026-09-13 18:55:49 [debug    ] Using GRU prediction           confidence=0.6 forecast_capacity_signal=112.1 predicted=112 required_steps=9
2026-09-13 18:55:49 [info     ] algorithm2_scaling_decision    action=MAINTAIN alpha=0.060060060060060066 beta=0.0 buffer=1.0 current_replicas=6 predicted_load=112.12162780761719 required_resources=6.734 target_replicas=6
2026-09-13 18:55:49 [info     ] algorithm2_decision            action=MAINTAIN applied_target=6 current_replicas=6 hold_until=1789300639.1 observed_load=9.52 observed_target=3 point_forecasts=[33.15045166015625, 40.36129379272461, 42.623260498046875, 44.71699523925781, 48.40530014038086, 46.98473358154297, 47.636966705322266, 50.330387115478516, 52.04224395751953] prediction_age_sec=0.07 predictive_target=6 proactive=True scenario=s4-hybrid-predictive target_replicas=6 upper_forecasts=[88.04707336425781, 100.0851821899414, 101.72107696533203, 103.93443298339844, 108.08168029785156, 106.72613525390625, 107.76929473876953, 110.23536682128906, 112.12162780761719]
2026-09-13 18:55:49 [debug    ] Decision loop completed        action=MAINTAIN latency_ms=129.07 p99=0.99
2026-09-13 18:55:53 [info     ] Received shutdown signal
2026-09-13 18:55:53 [info     ] Stopping routing daemon...
2026-09-13 18:55:53 [info     ] Routing daemon stopped
