<frozen runpy>:128: RuntimeWarning: 'daemon.routing_daemon' found in sys.modules after import of package 'daemon', but prior to execution of 'daemon.routing_daemon'; this may result in unpredictable behaviour
2026-02-14 19:58:49 [info     ] SLOMonitor initialized         threshold_ms=200.0 violation_window=30
2026-02-14 19:58:49 [info     ] Algorithm1Controller initialized cooldown=15 weight_step=10
2026-02-14 19:58:49 [info     ] HAProxyWeightAdjuster initialized backend=servers socket_path=/tmp/haproxy.sock tcp_socket=localhost:19999 tcp_socket_available=True unix_socket_available=False
2026-02-14 19:58:49 [info     ] GRUClient initialized          base_url=http://localhost:8090
2026-02-14 19:58:49 [info     ] K8sScaler initialized          deployment=test-app-warm namespace=default
2026-02-14 19:58:49 [info     ] RoutingDaemon initialized      decision_interval=15 description='Algorithm 1 with GRU predictions (Algorithm 2)' scenario=s4-hybrid-predictive use_algorithm=True use_predictions=True
2026-02-14 19:58:49 [info     ] Starting routing daemon        interval=15 scenario=s4-hybrid-predictive
2026-02-14 19:58:49 [debug    ] HAProxy TCP command sent       command='show stat' response_length=2898
2026-02-14 19:58:49 [debug    ] Current weights retrieved via socket weights={'k3s': 50, 'knative': 20}
2026-02-14 19:58:49 [debug    ] HAProxy TCP command sent       command='show stat' response_length=2898
2026-02-14 19:58:49 [debug    ] HAProxy TCP command sent       command='set server servers/k3s weight 80' response_length=0
2026-02-14 19:58:49 [debug    ] HAProxy TCP command sent       command='show stat' response_length=2900
2026-02-14 19:58:49 [debug    ] HAProxy TCP command sent       command='set server servers/knative weight 20' response_length=0
2026-02-14 19:58:49 [debug    ] Weight commands sent via socket successfully k3s=80 knative=20
2026-02-14 19:58:49 [debug    ] HAProxy TCP command sent       command='show stat' response_length=2900
2026-02-14 19:58:49 [debug    ] Current weights retrieved via socket weights={'k3s': 80, 'knative': 20}
2026-02-14 19:58:49 [info     ] Weights updated successfully via HTTP new={'k3s': 80, 'knative': 20} previous={'k3s': 50, 'knative': 20}
2026-02-14 19:58:49 [info     ] Initial weights applied        k3s=80 knative=20
2026-02-14 19:58:49 [debug    ] HAProxy latency                avg_rtime=6 max_rtime=59997 p99_est=12
2026-02-14 19:58:49 [info     ] Algorithm 1: OPTIMIZE_COST     new_weights={'k3s': 100, 'knative': 0} p99=12.0 serverless_enabled=False
ERROR:    [Errno 98] error while attempting to bind on address ('0.0.0.0', 9104): [errno 98] address already in use
2026-02-14 19:58:49 [debug    ] HAProxy TCP command sent       command='show stat' response_length=2900
2026-02-14 19:58:49 [debug    ] Current weights retrieved via socket weights={'k3s': 80, 'knative': 20}
2026-02-14 19:58:49 [debug    ] HAProxy TCP command sent       command='show stat' response_length=2900
2026-02-14 19:58:49 [debug    ] HAProxy TCP command sent       command='set server servers/k3s weight 100' response_length=0
2026-02-14 19:58:49 [debug    ] HAProxy TCP command sent       command='show stat' response_length=2902
2026-02-14 19:58:49 [debug    ] HAProxy TCP command sent       command='set server servers/knative weight 0' response_length=0
2026-02-14 19:58:49 [debug    ] Weight commands sent via socket successfully k3s=100 knative=0
2026-02-14 19:58:50 [debug    ] HAProxy TCP command sent       command='show stat' response_length=2900
2026-02-14 19:58:50 [debug    ] Current weights retrieved via socket weights={'k3s': 100, 'knative': 0}
2026-02-14 19:58:50 [info     ] Weights updated successfully via HTTP new={'k3s': 100, 'knative': 0} previous={'k3s': 80, 'knative': 20}
2026-02-14 19:58:50 [info     ] Weights updated                action=OPTIMIZE_COST reason='Healthy state (12ms < 140ms), optimizing cost' weights={'k3s': 100, 'knative': 0}
2026-02-14 19:58:50 [info     ] algorithm2_scaling_decision    action=MAINTAIN alpha=0.0069 beta=0.0 buffer=1.2 current_replicas=1 predicted_load=1.618447777777778 required_resources=0.011 target_replicas=1
2026-02-14 19:58:50 [debug    ] Decision loop completed        action=OPTIMIZE_COST latency_ms=595.52 p99=12.0
2026-02-14 19:59:05 [debug    ] HAProxy latency                avg_rtime=6 max_rtime=59997 p99_est=12
2026-02-14 19:59:05 [info     ] Algorithm 1: OPTIMIZE_COST     new_weights={'k3s': 100, 'knative': 0} p99=12.0 serverless_enabled=False
2026-02-14 19:59:05 [info     ] algorithm2_scaling_decision    action=MAINTAIN alpha=0.0069 beta=0.0 buffer=1.2 current_replicas=1 predicted_load=1.1758905555555557 required_resources=0.008 target_replicas=1
2026-02-14 19:59:05 [debug    ] Decision loop completed        action=OPTIMIZE_COST latency_ms=69.68 p99=12.0
2026-02-14 19:59:20 [debug    ] HAProxy latency                avg_rtime=6 max_rtime=59997 p99_est=12
2026-02-14 19:59:20 [info     ] Algorithm 1: OPTIMIZE_COST     new_weights={'k3s': 100, 'knative': 0} p99=12.0 serverless_enabled=False
2026-02-14 19:59:20 [info     ] algorithm2_scaling_decision    action=MAINTAIN alpha=0.0069 beta=0.0 buffer=1.2 current_replicas=1 predicted_load=1.0505937037037036 required_resources=0.007 target_replicas=1
2026-02-14 19:59:20 [debug    ] Decision loop completed        action=OPTIMIZE_COST latency_ms=71.07 p99=12.0
2026-02-14 19:59:35 [debug    ] HAProxy latency                avg_rtime=5 max_rtime=59997 p99_est=10
2026-02-14 19:59:35 [info     ] Algorithm 1: OPTIMIZE_COST     new_weights={'k3s': 100, 'knative': 0} p99=10.0 serverless_enabled=False
2026-02-14 19:59:35 [info     ] algorithm2_scaling_decision    action=MAINTAIN alpha=0.0069 beta=0.0 buffer=1.2 current_replicas=1 predicted_load=1.5768341666666665 required_resources=0.011 target_replicas=1
2026-02-14 19:59:35 [debug    ] Decision loop completed        action=OPTIMIZE_COST latency_ms=70.78 p99=10.0
2026-02-14 19:59:50 [debug    ] HAProxy latency                avg_rtime=6 max_rtime=59997 p99_est=12
2026-02-14 19:59:50 [debug    ] GRU prediction received        confidence=0.72 latency_ms=37.65 predicted=63
2026-02-14 19:59:50 [debug    ] Using GRU prediction           confidence=0.72 predicted=63
2026-02-14 19:59:50 [info     ] Algorithm 1: Enabling serverless backend for PREDICTIVE scale out
2026-02-14 19:59:50 [info     ] Pre-warming Knative service    host=test-app.default.localhost url=http://localhost:8081
2026-02-14 19:59:50 [warning  ] Knative pre-warm returned non-200 cold_start_ms=1.7504692077636719 status=404
2026-02-14 19:59:50 [info     ] Algorithm 1: PREDICTIVE scale out current_load=17.866666666666664 load_change=2.5261194029850755 new_weights={'k3s': 90, 'knative': 10} predicted_load=63 serverless_enabled=True
2026-02-14 19:59:50 [debug    ] HAProxy TCP command sent       command='show stat' response_length=2903
2026-02-14 19:59:50 [debug    ] Current weights retrieved via socket weights={'k3s': 100, 'knative': 0}
2026-02-14 19:59:50 [debug    ] HAProxy TCP command sent       command='show stat' response_length=2903
2026-02-14 19:59:50 [debug    ] HAProxy TCP command sent       command='set server servers/k3s weight 90' response_length=0
2026-02-14 19:59:50 [debug    ] HAProxy TCP command sent       command='show stat' response_length=2899
2026-02-14 19:59:50 [debug    ] HAProxy TCP command sent       command='set server servers/knative weight 10' response_length=0
2026-02-14 19:59:50 [debug    ] Weight commands sent via socket successfully k3s=90 knative=10
2026-02-14 19:59:51 [debug    ] HAProxy TCP command sent       command='show stat' response_length=2901
2026-02-14 19:59:51 [debug    ] Current weights retrieved via socket weights={'k3s': 90, 'knative': 10}
2026-02-14 19:59:51 [info     ] Weights updated successfully via HTTP new={'k3s': 90, 'knative': 10} previous={'k3s': 100, 'knative': 0}
2026-02-14 19:59:51 [info     ] Weights updated                action=PREDICTIVE reason='Predicted 253% load increase (confidence: 72%)' weights={'k3s': 90, 'knative': 10}
2026-02-14 19:59:51 [info     ] algorithm2_scaling_decision    action=MAINTAIN alpha=0.0069 beta=0.0 buffer=1.2 current_replicas=1 predicted_load=63.0 required_resources=0.435 target_replicas=1
2026-02-14 19:59:51 [debug    ] Decision loop completed        action=PREDICTIVE latency_ms=584.11 p99=12.0
2026-02-14 20:00:06 [debug    ] HAProxy latency                avg_rtime=6 max_rtime=59997 p99_est=12
2026-02-14 20:00:06 [debug    ] GRU prediction received        confidence=0.72 latency_ms=39.46 predicted=64
2026-02-14 20:00:06 [debug    ] Using GRU prediction           confidence=0.72 predicted=64
2026-02-14 20:00:06 [info     ] Algorithm 1: PREDICTIVE scale out current_load=33.95555555555555 load_change=0.884816753926702 new_weights={'k3s': 80, 'knative': 20} predicted_load=64 serverless_enabled=True
2026-02-14 20:00:06 [debug    ] HAProxy TCP command sent       command='show stat' response_length=2901
2026-02-14 20:00:06 [debug    ] Current weights retrieved via socket weights={'k3s': 90, 'knative': 10}
2026-02-14 20:00:06 [debug    ] HAProxy TCP command sent       command='show stat' response_length=2901
2026-02-14 20:00:06 [debug    ] HAProxy TCP command sent       command='set server servers/k3s weight 80' response_length=0
2026-02-14 20:00:06 [debug    ] HAProxy TCP command sent       command='show stat' response_length=2899
2026-02-14 20:00:06 [debug    ] HAProxy TCP command sent       command='set server servers/knative weight 20' response_length=0
2026-02-14 20:00:06 [debug    ] Weight commands sent via socket successfully k3s=80 knative=20
2026-02-14 20:00:06 [debug    ] HAProxy TCP command sent       command='show stat' response_length=2901
2026-02-14 20:00:06 [debug    ] Current weights retrieved via socket weights={'k3s': 80, 'knative': 20}
2026-02-14 20:00:06 [info     ] Weights updated successfully via HTTP new={'k3s': 80, 'knative': 20} previous={'k3s': 90, 'knative': 10}
2026-02-14 20:00:06 [info     ] Weights updated                action=PREDICTIVE reason='Predicted 88% load increase (confidence: 72%)' weights={'k3s': 80, 'knative': 20}
2026-02-14 20:00:06 [info     ] algorithm2_scaling_decision    action=MAINTAIN alpha=0.0069 beta=0.0 buffer=1.2 current_replicas=1 predicted_load=64.0 required_resources=0.442 target_replicas=1
2026-02-14 20:00:06 [debug    ] Decision loop completed        action=PREDICTIVE latency_ms=579.93 p99=12.0
2026-02-14 20:00:21 [debug    ] HAProxy latency                avg_rtime=6 max_rtime=59997 p99_est=12
2026-02-14 20:00:21 [debug    ] GRU prediction received        confidence=0.72 latency_ms=38.74 predicted=64
2026-02-14 20:00:21 [debug    ] Using GRU prediction           confidence=0.72 predicted=64
2026-02-14 20:00:21 [info     ] Algorithm 1: OPTIMIZE_COST     new_weights={'k3s': 85, 'knative': 15} p99=12.0 serverless_enabled=True
2026-02-14 20:00:21 [debug    ] HAProxy TCP command sent       command='show stat' response_length=2902
2026-02-14 20:00:21 [debug    ] Current weights retrieved via socket weights={'k3s': 55, 'knative': 45}
2026-02-14 20:00:21 [debug    ] HAProxy TCP command sent       command='show stat' response_length=2902
2026-02-14 20:00:21 [debug    ] HAProxy TCP command sent       command='set server servers/k3s weight 85' response_length=0
2026-02-14 20:00:21 [debug    ] HAProxy TCP command sent       command='show stat' response_length=2902
2026-02-14 20:00:21 [debug    ] HAProxy TCP command sent       command='set server servers/knative weight 15' response_length=0
2026-02-14 20:00:21 [debug    ] Weight commands sent via socket successfully k3s=85 knative=15
2026-02-14 20:00:22 [debug    ] HAProxy TCP command sent       command='show stat' response_length=2902
2026-02-14 20:00:22 [debug    ] Current weights retrieved via socket weights={'k3s': 85, 'knative': 15}
2026-02-14 20:00:22 [info     ] Weights updated successfully via HTTP new={'k3s': 85, 'knative': 15} previous={'k3s': 55, 'knative': 45}
2026-02-14 20:00:22 [info     ] Weights updated                action=OPTIMIZE_COST reason='Healthy state (12ms < 140ms), optimizing cost' weights={'k3s': 85, 'knative': 15}
2026-02-14 20:00:22 [info     ] algorithm2_scaling_decision    action=MAINTAIN alpha=0.0069 beta=0.0 buffer=1.2 current_replicas=1 predicted_load=64.0 required_resources=0.442 target_replicas=1
2026-02-14 20:00:22 [debug    ] Decision loop completed        action=OPTIMIZE_COST latency_ms=618.81 p99=12.0
2026-02-14 20:00:37 [debug    ] HAProxy latency                avg_rtime=6 max_rtime=59997 p99_est=12
2026-02-14 20:00:37 [debug    ] GRU prediction received        confidence=0.72 latency_ms=38.05 predicted=65
2026-02-14 20:00:37 [debug    ] Using GRU prediction           confidence=0.72 predicted=65
2026-02-14 20:00:37 [info     ] Algorithm 1: OPTIMIZE_COST     new_weights={'k3s': 90, 'knative': 10} p99=12.0 serverless_enabled=True
2026-02-14 20:00:37 [debug    ] HAProxy TCP command sent       command='show stat' response_length=2902
2026-02-14 20:00:37 [debug    ] Current weights retrieved via socket weights={'k3s': 60, 'knative': 40}
2026-02-14 20:00:37 [debug    ] HAProxy TCP command sent       command='show stat' response_length=2902
2026-02-14 20:00:37 [debug    ] HAProxy TCP command sent       command='set server servers/k3s weight 90' response_length=0
2026-02-14 20:00:37 [debug    ] HAProxy TCP command sent       command='show stat' response_length=2902
2026-02-14 20:00:37 [debug    ] HAProxy TCP command sent       command='set server servers/knative weight 10' response_length=0
2026-02-14 20:00:37 [debug    ] Weight commands sent via socket successfully k3s=90 knative=10
2026-02-14 20:00:37 [debug    ] HAProxy TCP command sent       command='show stat' response_length=2902
2026-02-14 20:00:37 [debug    ] Current weights retrieved via socket weights={'k3s': 90, 'knative': 10}
2026-02-14 20:00:37 [info     ] Weights updated successfully via HTTP new={'k3s': 90, 'knative': 10} previous={'k3s': 60, 'knative': 40}
2026-02-14 20:00:37 [info     ] Weights updated                action=OPTIMIZE_COST reason='Healthy state (12ms < 140ms), optimizing cost' weights={'k3s': 90, 'knative': 10}
2026-02-14 20:00:37 [info     ] algorithm2_scaling_decision    action=MAINTAIN alpha=0.0069 beta=0.0 buffer=1.2 current_replicas=1 predicted_load=65.0 required_resources=0.449 target_replicas=1
2026-02-14 20:00:37 [debug    ] Decision loop completed        action=OPTIMIZE_COST latency_ms=615.61 p99=12.0
2026-02-14 20:00:52 [debug    ] HAProxy latency                avg_rtime=6 max_rtime=59997 p99_est=12
2026-02-14 20:00:52 [debug    ] GRU prediction received        confidence=0.72 latency_ms=38.96 predicted=65
2026-02-14 20:00:52 [debug    ] Using GRU prediction           confidence=0.72 predicted=65
2026-02-14 20:00:52 [info     ] Algorithm 1: PREDICTIVE scale out current_load=46.71111111111111 load_change=0.39153187440532833 new_weights={'k3s': 80, 'knative': 20} predicted_load=65 serverless_enabled=True
2026-02-14 20:00:52 [debug    ] HAProxy TCP command sent       command='show stat' response_length=2901
2026-02-14 20:00:52 [debug    ] Current weights retrieved via socket weights={'k3s': 65, 'knative': 35}
2026-02-14 20:00:52 [debug    ] HAProxy TCP command sent       command='show stat' response_length=2901
2026-02-14 20:00:52 [debug    ] HAProxy TCP command sent       command='set server servers/k3s weight 80' response_length=0
2026-02-14 20:00:52 [debug    ] HAProxy TCP command sent       command='show stat' response_length=2901
2026-02-14 20:00:52 [debug    ] HAProxy TCP command sent       command='set server servers/knative weight 20' response_length=0
2026-02-14 20:00:52 [debug    ] Weight commands sent via socket successfully k3s=80 knative=20
2026-02-14 20:00:53 [debug    ] HAProxy TCP command sent       command='show stat' response_length=2901
2026-02-14 20:00:53 [debug    ] Current weights retrieved via socket weights={'k3s': 80, 'knative': 20}
2026-02-14 20:00:53 [info     ] Weights updated successfully via HTTP new={'k3s': 80, 'knative': 20} previous={'k3s': 65, 'knative': 35}
2026-02-14 20:00:53 [info     ] Weights updated                action=PREDICTIVE reason='Predicted 39% load increase (confidence: 72%)' weights={'k3s': 80, 'knative': 20}
2026-02-14 20:00:53 [info     ] algorithm2_scaling_decision    action=MAINTAIN alpha=0.0069 beta=0.0 buffer=1.2 current_replicas=1 predicted_load=65.0 required_resources=0.449 target_replicas=1
2026-02-14 20:00:53 [debug    ] Decision loop completed        action=PREDICTIVE latency_ms=583.79 p99=12.0
2026-02-14 20:01:08 [debug    ] HAProxy latency                avg_rtime=6 max_rtime=59997 p99_est=12
2026-02-14 20:01:08 [debug    ] GRU prediction received        confidence=0.75 latency_ms=39.21 predicted=65
2026-02-14 20:01:08 [debug    ] Using GRU prediction           confidence=0.75 predicted=65
2026-02-14 20:01:08 [info     ] Algorithm 1: PREDICTIVE scale out current_load=37.044444444444444 load_change=0.7546490701859628 new_weights={'k3s': 70, 'knative': 30} predicted_load=65 serverless_enabled=True
2026-02-14 20:01:08 [debug    ] HAProxy TCP command sent       command='show stat' response_length=2901
2026-02-14 20:01:08 [debug    ] Current weights retrieved via socket weights={'k3s': 55, 'knative': 45}
2026-02-14 20:01:08 [debug    ] HAProxy TCP command sent       command='show stat' response_length=2901
2026-02-14 20:01:08 [debug    ] HAProxy TCP command sent       command='set server servers/k3s weight 70' response_length=0
2026-02-14 20:01:08 [debug    ] HAProxy TCP command sent       command='show stat' response_length=2901
2026-02-14 20:01:08 [debug    ] HAProxy TCP command sent       command='set server servers/knative weight 30' response_length=0
2026-02-14 20:01:08 [debug    ] Weight commands sent via socket successfully k3s=70 knative=30
2026-02-14 20:01:09 [debug    ] HAProxy TCP command sent       command='show stat' response_length=2902
2026-02-14 20:01:09 [debug    ] Current weights retrieved via socket weights={'k3s': 70, 'knative': 30}
2026-02-14 20:01:09 [info     ] Weights updated successfully via HTTP new={'k3s': 70, 'knative': 30} previous={'k3s': 55, 'knative': 45}
2026-02-14 20:01:09 [info     ] Weights updated                action=PREDICTIVE reason='Predicted 75% load increase (confidence: 75%)' weights={'k3s': 70, 'knative': 30}
2026-02-14 20:01:09 [info     ] algorithm2_scaling_decision    action=MAINTAIN alpha=0.0069 beta=0.0 buffer=1.2 current_replicas=1 predicted_load=65.0 required_resources=0.449 target_replicas=1
2026-02-14 20:01:09 [debug    ] Decision loop completed        action=PREDICTIVE latency_ms=586.95 p99=12.0
2026-02-14 20:01:24 [debug    ] HAProxy latency                avg_rtime=6 max_rtime=59997 p99_est=12
2026-02-14 20:01:24 [debug    ] GRU prediction received        confidence=0.72 latency_ms=38.62 predicted=64
2026-02-14 20:01:24 [debug    ] Using GRU prediction           confidence=0.72 predicted=64
2026-02-14 20:01:24 [info     ] Algorithm 1: PREDICTIVE scale out current_load=29.08888888888889 load_change=1.2001527883880825 new_weights={'k3s': 60, 'knative': 40} predicted_load=64 serverless_enabled=True
2026-02-14 20:01:24 [debug    ] HAProxy TCP command sent       command='show stat' response_length=2902
2026-02-14 20:01:24 [debug    ] Current weights retrieved via socket weights={'k3s': 50, 'knative': 50}
2026-02-14 20:01:24 [debug    ] HAProxy TCP command sent       command='show stat' response_length=2902
2026-02-14 20:01:24 [debug    ] HAProxy TCP command sent       command='set server servers/k3s weight 60' response_length=0
2026-02-14 20:01:24 [debug    ] HAProxy TCP command sent       command='show stat' response_length=2902
2026-02-14 20:01:24 [debug    ] HAProxy TCP command sent       command='set server servers/knative weight 40' response_length=0
2026-02-14 20:01:24 [debug    ] Weight commands sent via socket successfully k3s=60 knative=40
2026-02-14 20:01:24 [debug    ] HAProxy TCP command sent       command='show stat' response_length=2902
2026-02-14 20:01:24 [debug    ] Current weights retrieved via socket weights={'k3s': 60, 'knative': 40}
2026-02-14 20:01:24 [info     ] Weights updated successfully via HTTP new={'k3s': 60, 'knative': 40} previous={'k3s': 50, 'knative': 50}
2026-02-14 20:01:24 [info     ] Weights updated                action=PREDICTIVE reason='Predicted 120% load increase (confidence: 72%)' weights={'k3s': 60, 'knative': 40}
2026-02-14 20:01:24 [info     ] algorithm2_scaling_decision    action=MAINTAIN alpha=0.0069 beta=0.0 buffer=1.2 current_replicas=1 predicted_load=64.0 required_resources=0.442 target_replicas=1
2026-02-14 20:01:24 [debug    ] Decision loop completed        action=PREDICTIVE latency_ms=587.64 p99=12.0
2026-02-14 20:01:39 [debug    ] HAProxy latency                avg_rtime=6 max_rtime=59997 p99_est=12
2026-02-14 20:01:39 [debug    ] GRU prediction received        confidence=0.72 latency_ms=37.37 predicted=64
2026-02-14 20:01:39 [debug    ] Using GRU prediction           confidence=0.72 predicted=64
2026-02-14 20:01:39 [info     ] Algorithm 1: PREDICTIVE scale out current_load=28.822222222222216 load_change=1.2205088666152666 new_weights={'k3s': 50, 'knative': 50} predicted_load=64 serverless_enabled=True
2026-02-14 20:01:39 [debug    ] HAProxy TCP command sent       command='show stat' response_length=2902
2026-02-14 20:01:39 [debug    ] Current weights retrieved via socket weights={'k3s': 60, 'knative': 40}
2026-02-14 20:01:39 [debug    ] HAProxy TCP command sent       command='show stat' response_length=2902
2026-02-14 20:01:39 [debug    ] HAProxy TCP command sent       command='set server servers/k3s weight 50' response_length=0
2026-02-14 20:01:39 [debug    ] HAProxy TCP command sent       command='show stat' response_length=2900
2026-02-14 20:01:39 [debug    ] HAProxy TCP command sent       command='set server servers/knative weight 50' response_length=0
2026-02-14 20:01:39 [debug    ] Weight commands sent via socket successfully k3s=50 knative=50
2026-02-14 20:01:40 [debug    ] HAProxy TCP command sent       command='show stat' response_length=2902
2026-02-14 20:01:40 [debug    ] Current weights retrieved via socket weights={'k3s': 50, 'knative': 50}
2026-02-14 20:01:40 [info     ] Weights updated successfully via HTTP new={'k3s': 50, 'knative': 50} previous={'k3s': 60, 'knative': 40}
2026-02-14 20:01:40 [info     ] Weights updated                action=PREDICTIVE reason='Predicted 122% load increase (confidence: 72%)' weights={'k3s': 50, 'knative': 50}
2026-02-14 20:01:40 [info     ] algorithm2_scaling_decision    action=MAINTAIN alpha=0.0069 beta=0.0 buffer=1.2 current_replicas=1 predicted_load=64.0 required_resources=0.442 target_replicas=1
2026-02-14 20:01:40 [debug    ] Decision loop completed        action=PREDICTIVE latency_ms=581.72 p99=12.0
2026-02-14 20:01:55 [debug    ] HAProxy latency                avg_rtime=6 max_rtime=59997 p99_est=12
2026-02-14 20:01:55 [debug    ] GRU prediction received        confidence=0.73 latency_ms=40.32 predicted=64
2026-02-14 20:01:55 [debug    ] Using GRU prediction           confidence=0.73 predicted=64
2026-02-14 20:01:55 [info     ] Algorithm 1: PREDICTIVE scale out current_load=37.71111111111111 load_change=0.6971125515615794 new_weights={'k3s': 50, 'knative': 50} predicted_load=64 serverless_enabled=True
2026-02-14 20:01:55 [info     ] algorithm2_scaling_decision    action=MAINTAIN alpha=0.0069 beta=0.0 buffer=1.2 current_replicas=1 predicted_load=64.0 required_resources=0.442 target_replicas=1
2026-02-14 20:01:55 [debug    ] Decision loop completed        action=PREDICTIVE latency_ms=78.44 p99=12.0
2026-02-14 20:02:10 [debug    ] HAProxy latency                avg_rtime=6 max_rtime=59997 p99_est=12
2026-02-14 20:02:10 [debug    ] GRU prediction received        confidence=0.73 latency_ms=44.47 predicted=65
2026-02-14 20:02:10 [debug    ] Using GRU prediction           confidence=0.73 predicted=65
2026-02-14 20:02:10 [info     ] Algorithm 1: PREDICTIVE scale out current_load=47.08888888888888 load_change=0.3803680981595094 new_weights={'k3s': 50, 'knative': 50} predicted_load=65 serverless_enabled=True
2026-02-14 20:02:10 [info     ] algorithm2_scaling_decision    action=MAINTAIN alpha=0.0069 beta=0.0 buffer=1.2 current_replicas=1 predicted_load=65.0 required_resources=0.449 target_replicas=1
2026-02-14 20:02:10 [debug    ] Decision loop completed        action=PREDICTIVE latency_ms=89.39 p99=12.0
2026-02-14 20:02:25 [debug    ] HAProxy latency                avg_rtime=6 max_rtime=59997 p99_est=12
2026-02-14 20:02:25 [debug    ] GRU prediction received        confidence=0.72 latency_ms=38.46 predicted=65
2026-02-14 20:02:25 [debug    ] Using GRU prediction           confidence=0.72 predicted=65
2026-02-14 20:02:25 [info     ] Algorithm 1: PREDICTIVE scale out current_load=49.73333333333332 load_change=0.3069705093833784 new_weights={'k3s': 50, 'knative': 50} predicted_load=65 serverless_enabled=True
2026-02-14 20:02:25 [info     ] algorithm2_scaling_decision    action=MAINTAIN alpha=0.0069 beta=0.0 buffer=1.2 current_replicas=1 predicted_load=65.0 required_resources=0.449 target_replicas=1
2026-02-14 20:02:25 [debug    ] Decision loop completed        action=PREDICTIVE latency_ms=76.05 p99=12.0
2026-02-14 20:02:40 [debug    ] HAProxy latency                avg_rtime=6 max_rtime=59997 p99_est=12
2026-02-14 20:02:40 [debug    ] GRU prediction received        confidence=0.73 latency_ms=39.85 predicted=65
2026-02-14 20:02:40 [debug    ] Using GRU prediction           confidence=0.73 predicted=65
2026-02-14 20:02:40 [info     ] Algorithm 1: PREDICTIVE scale out current_load=47.3111111111111 load_change=0.37388445279473953 new_weights={'k3s': 50, 'knative': 50} predicted_load=65 serverless_enabled=True
2026-02-14 20:02:40 [info     ] algorithm2_scaling_decision    action=MAINTAIN alpha=0.0069 beta=0.0 buffer=1.2 current_replicas=1 predicted_load=65.0 required_resources=0.449 target_replicas=1
2026-02-14 20:02:40 [debug    ] Decision loop completed        action=PREDICTIVE latency_ms=77.04 p99=12.0
2026-02-14 20:02:55 [debug    ] HAProxy latency                avg_rtime=6 max_rtime=59997 p99_est=12
2026-02-14 20:02:55 [debug    ] GRU prediction received        confidence=0.82 latency_ms=38.75 predicted=65
2026-02-14 20:02:55 [debug    ] Using GRU prediction           confidence=0.82 predicted=65
2026-02-14 20:02:55 [info     ] Algorithm 1: PREDICTIVE scale out current_load=47.9111111111111 load_change=0.35667903525046424 new_weights={'k3s': 50, 'knative': 50} predicted_load=65 serverless_enabled=True
2026-02-14 20:02:55 [info     ] algorithm2_scaling_decision    action=MAINTAIN alpha=0.0069 beta=0.0 buffer=1.2 current_replicas=1 predicted_load=65.0 required_resources=0.449 target_replicas=1
2026-02-14 20:02:55 [debug    ] Decision loop completed        action=PREDICTIVE latency_ms=76.9 p99=12.0
2026-02-14 20:03:10 [debug    ] HAProxy latency                avg_rtime=6 max_rtime=59997 p99_est=12
2026-02-14 20:03:10 [debug    ] GRU prediction received        confidence=0.85 latency_ms=38.68 predicted=66
2026-02-14 20:03:10 [debug    ] Using GRU prediction           confidence=0.85 predicted=66
2026-02-14 20:03:10 [info     ] Algorithm 1: OPTIMIZE_COST     new_weights={'k3s': 55, 'knative': 45} p99=12.0 serverless_enabled=True
2026-02-14 20:03:10 [debug    ] HAProxy TCP command sent       command='show stat' response_length=2902
2026-02-14 20:03:10 [debug    ] Current weights retrieved via socket weights={'k3s': 55, 'knative': 45}
2026-02-14 20:03:10 [debug    ] Weights already set correctly  k3s=55 knative=45
2026-02-14 20:03:10 [info     ] Weights updated                action=OPTIMIZE_COST reason='Healthy state (12ms < 140ms), optimizing cost' weights={'k3s': 55, 'knative': 45}
2026-02-14 20:03:10 [info     ] algorithm2_scaling_decision    action=MAINTAIN alpha=0.0069 beta=0.0 buffer=1.2 current_replicas=1 predicted_load=66.0 required_resources=0.455 target_replicas=1
2026-02-14 20:03:10 [debug    ] Decision loop completed        action=OPTIMIZE_COST latency_ms=110.13 p99=12.0
2026-02-14 20:03:25 [debug    ] HAProxy latency                avg_rtime=6 max_rtime=59997 p99_est=12
2026-02-14 20:03:25 [debug    ] GRU prediction received        confidence=0.82 latency_ms=39.92 predicted=66
2026-02-14 20:03:25 [debug    ] Using GRU prediction           confidence=0.82 predicted=66
2026-02-14 20:03:25 [info     ] Algorithm 1: OPTIMIZE_COST     new_weights={'k3s': 60, 'knative': 40} p99=12.0 serverless_enabled=True
2026-02-14 20:03:25 [debug    ] HAProxy TCP command sent       command='show stat' response_length=2902
2026-02-14 20:03:25 [debug    ] Current weights retrieved via socket weights={'k3s': 60, 'knative': 40}
2026-02-14 20:03:25 [debug    ] Weights already set correctly  k3s=60 knative=40
2026-02-14 20:03:25 [info     ] Weights updated                action=OPTIMIZE_COST reason='Healthy state (12ms < 140ms), optimizing cost' weights={'k3s': 60, 'knative': 40}
2026-02-14 20:03:25 [info     ] algorithm2_scaling_decision    action=MAINTAIN alpha=0.0069 beta=0.0 buffer=1.2 current_replicas=1 predicted_load=66.0 required_resources=0.455 target_replicas=1
2026-02-14 20:03:25 [debug    ] Decision loop completed        action=OPTIMIZE_COST latency_ms=116.85 p99=12.0
2026-02-14 20:03:40 [debug    ] HAProxy latency                avg_rtime=6 max_rtime=59997 p99_est=12
2026-02-14 20:03:40 [debug    ] GRU prediction received        confidence=0.79 latency_ms=38.95 predicted=67
2026-02-14 20:03:40 [debug    ] Using GRU prediction           confidence=0.79 predicted=67
2026-02-14 20:03:40 [info     ] Algorithm 1: OPTIMIZE_COST     new_weights={'k3s': 65, 'knative': 35} p99=12.0 serverless_enabled=True
2026-02-14 20:03:40 [debug    ] HAProxy TCP command sent       command='show stat' response_length=2902
2026-02-14 20:03:40 [debug    ] Current weights retrieved via socket weights={'k3s': 65, 'knative': 35}
2026-02-14 20:03:40 [debug    ] Weights already set correctly  k3s=65 knative=35
2026-02-14 20:03:40 [info     ] Weights updated                action=OPTIMIZE_COST reason='Healthy state (12ms < 140ms), optimizing cost' weights={'k3s': 65, 'knative': 35}
2026-02-14 20:03:40 [info     ] algorithm2_scaling_decision    action=MAINTAIN alpha=0.0069 beta=0.0 buffer=1.2 current_replicas=1 predicted_load=67.0 required_resources=0.462 target_replicas=1
2026-02-14 20:03:40 [debug    ] Decision loop completed        action=OPTIMIZE_COST latency_ms=108.46 p99=12.0
2026-02-14 20:03:55 [debug    ] HAProxy latency                avg_rtime=5 max_rtime=59997 p99_est=10
2026-02-14 20:03:56 [debug    ] GRU prediction received        confidence=0.79 latency_ms=38.16 predicted=67
2026-02-14 20:03:56 [debug    ] Using GRU prediction           confidence=0.79 predicted=67
2026-02-14 20:03:56 [info     ] Algorithm 1: OPTIMIZE_COST     new_weights={'k3s': 70, 'knative': 30} p99=10.0 serverless_enabled=True
2026-02-14 20:03:56 [debug    ] HAProxy TCP command sent       command='show stat' response_length=2902
2026-02-14 20:03:56 [debug    ] Current weights retrieved via socket weights={'k3s': 70, 'knative': 30}
2026-02-14 20:03:56 [debug    ] Weights already set correctly  k3s=70 knative=30
2026-02-14 20:03:56 [info     ] Weights updated                action=OPTIMIZE_COST reason='Healthy state (10ms < 140ms), optimizing cost' weights={'k3s': 70, 'knative': 30}
2026-02-14 20:03:56 [info     ] algorithm2_scaling_decision    action=MAINTAIN alpha=0.0069 beta=0.0 buffer=1.2 current_replicas=1 predicted_load=67.0 required_resources=0.462 target_replicas=1
2026-02-14 20:03:56 [debug    ] Decision loop completed        action=OPTIMIZE_COST latency_ms=108.42 p99=10.0
2026-02-14 20:04:11 [debug    ] HAProxy latency                avg_rtime=5 max_rtime=59997 p99_est=10
2026-02-14 20:04:11 [debug    ] GRU prediction received        confidence=0.79 latency_ms=37.41 predicted=68
2026-02-14 20:04:11 [debug    ] Using GRU prediction           confidence=0.79 predicted=68
2026-02-14 20:04:11 [info     ] Algorithm 1: OPTIMIZE_COST     new_weights={'k3s': 75, 'knative': 25} p99=10.0 serverless_enabled=True
2026-02-14 20:04:11 [debug    ] HAProxy TCP command sent       command='show stat' response_length=2902
2026-02-14 20:04:11 [debug    ] Current weights retrieved via socket weights={'k3s': 75, 'knative': 25}
2026-02-14 20:04:11 [debug    ] Weights already set correctly  k3s=75 knative=25
2026-02-14 20:04:11 [info     ] Weights updated                action=OPTIMIZE_COST reason='Healthy state (10ms < 140ms), optimizing cost' weights={'k3s': 75, 'knative': 25}
2026-02-14 20:04:11 [info     ] algorithm2_scaling_decision    action=MAINTAIN alpha=0.0069 beta=0.0 buffer=1.2 current_replicas=1 predicted_load=68.0 required_resources=0.469 target_replicas=1
2026-02-14 20:04:11 [debug    ] Decision loop completed        action=OPTIMIZE_COST latency_ms=110.24 p99=10.0
2026-02-14 20:04:26 [debug    ] HAProxy latency                avg_rtime=5 max_rtime=59997 p99_est=10
2026-02-14 20:04:26 [debug    ] GRU prediction received        confidence=0.78 latency_ms=38.36 predicted=69
2026-02-14 20:04:26 [debug    ] Using GRU prediction           confidence=0.78 predicted=69
2026-02-14 20:04:26 [info     ] Algorithm 1: OPTIMIZE_COST     new_weights={'k3s': 80, 'knative': 20} p99=10.0 serverless_enabled=True
2026-02-14 20:04:26 [debug    ] HAProxy TCP command sent       command='show stat' response_length=2904
2026-02-14 20:04:26 [debug    ] Current weights retrieved via socket weights={'k3s': 80, 'knative': 20}
2026-02-14 20:04:26 [debug    ] Weights already set correctly  k3s=80 knative=20
2026-02-14 20:04:26 [info     ] Weights updated                action=OPTIMIZE_COST reason='Healthy state (10ms < 140ms), optimizing cost' weights={'k3s': 80, 'knative': 20}
2026-02-14 20:04:26 [info     ] algorithm2_scaling_decision    action=MAINTAIN alpha=0.0069 beta=0.0 buffer=1.2 current_replicas=1 predicted_load=69.0 required_resources=0.476 target_replicas=1
2026-02-14 20:04:26 [debug    ] Decision loop completed        action=OPTIMIZE_COST latency_ms=118.89 p99=10.0
2026-02-14 20:04:41 [debug    ] HAProxy latency                avg_rtime=6 max_rtime=59997 p99_est=12
2026-02-14 20:04:41 [debug    ] GRU prediction received        confidence=0.76 latency_ms=39.31 predicted=71
2026-02-14 20:04:41 [debug    ] Using GRU prediction           confidence=0.76 predicted=71
2026-02-14 20:04:41 [info     ] Algorithm 1: OPTIMIZE_COST     new_weights={'k3s': 85, 'knative': 15} p99=12.0 serverless_enabled=True
2026-02-14 20:04:41 [debug    ] HAProxy TCP command sent       command='show stat' response_length=2905
2026-02-14 20:04:41 [debug    ] Current weights retrieved via socket weights={'k3s': 85, 'knative': 15}
2026-02-14 20:04:41 [debug    ] Weights already set correctly  k3s=85 knative=15
2026-02-14 20:04:41 [info     ] Weights updated                action=OPTIMIZE_COST reason='Healthy state (12ms < 140ms), optimizing cost' weights={'k3s': 85, 'knative': 15}
2026-02-14 20:04:41 [info     ] algorithm2_scaling_decision    action=MAINTAIN alpha=0.0069 beta=0.0 buffer=1.2 current_replicas=1 predicted_load=71.0 required_resources=0.49 target_replicas=1
2026-02-14 20:04:41 [debug    ] Decision loop completed        action=OPTIMIZE_COST latency_ms=109.04 p99=12.0
2026-02-14 20:04:56 [debug    ] HAProxy latency                avg_rtime=426 max_rtime=59997 p99_est=852
2026-02-14 20:04:56 [debug    ] GRU prediction received        confidence=0.74 latency_ms=40.19 predicted=73
2026-02-14 20:04:56 [debug    ] Using GRU prediction           confidence=0.74 predicted=73
2026-02-14 20:04:56 [info     ] algorithm2_scaling_decision    action=MAINTAIN alpha=0.0069 beta=0.0 buffer=1.2 current_replicas=1 predicted_load=73.0 required_resources=0.504 target_replicas=1
2026-02-14 20:04:56 [debug    ] Decision loop completed        action=MAINTAIN latency_ms=81.69 p99=852.0
2026-02-14 20:05:11 [debug    ] HAProxy latency                avg_rtime=38 max_rtime=59997 p99_est=76
2026-02-14 20:05:11 [debug    ] GRU prediction received        confidence=0.76 latency_ms=39.84 predicted=75
2026-02-14 20:05:11 [debug    ] Using GRU prediction           confidence=0.76 predicted=75
2026-02-14 20:05:11 [info     ] Algorithm 1: OPTIMIZE_COST     new_weights={'k3s': 90, 'knative': 10} p99=76.0 serverless_enabled=True
2026-02-14 20:05:11 [debug    ] HAProxy TCP command sent       command='show stat' response_length=2907
2026-02-14 20:05:11 [debug    ] Current weights retrieved via socket weights={'k3s': 90, 'knative': 10}
2026-02-14 20:05:11 [debug    ] Weights already set correctly  k3s=90 knative=10
2026-02-14 20:05:11 [info     ] Weights updated                action=OPTIMIZE_COST reason='Healthy state (76ms < 140ms), optimizing cost' weights={'k3s': 90, 'knative': 10}
2026-02-14 20:05:11 [info     ] algorithm2_scaling_decision    action=MAINTAIN alpha=0.0069 beta=0.0 buffer=1.2 current_replicas=1 predicted_load=75.0 required_resources=0.517 target_replicas=1
2026-02-14 20:05:11 [debug    ] Decision loop completed        action=OPTIMIZE_COST latency_ms=113.77 p99=76.0
2026-02-14 20:05:26 [debug    ] HAProxy latency                avg_rtime=8 max_rtime=59997 p99_est=16
2026-02-14 20:05:26 [debug    ] GRU prediction received        confidence=0.8 latency_ms=39.54 predicted=77
2026-02-14 20:05:26 [debug    ] Using GRU prediction           confidence=0.8 predicted=77
2026-02-14 20:05:26 [info     ] Algorithm 1: OPTIMIZE_COST     new_weights={'k3s': 95, 'knative': 5} p99=16.0 serverless_enabled=True
2026-02-14 20:05:26 [debug    ] HAProxy TCP command sent       command='show stat' response_length=2902
2026-02-14 20:05:26 [debug    ] Current weights retrieved via socket weights={'k3s': 90, 'knative': 10}
2026-02-14 20:05:26 [debug    ] HAProxy TCP command sent       command='show stat' response_length=2902
2026-02-14 20:05:26 [debug    ] HAProxy TCP command sent       command='set server servers/k3s weight 95' response_length=0
2026-02-14 20:05:26 [debug    ] HAProxy TCP command sent       command='show stat' response_length=2902
2026-02-14 20:05:26 [debug    ] HAProxy TCP command sent       command='set server servers/knative weight 5' response_length=0
2026-02-14 20:05:26 [debug    ] Weight commands sent via socket successfully k3s=95 knative=5
2026-02-14 20:05:27 [debug    ] HAProxy TCP command sent       command='show stat' response_length=2900
2026-02-14 20:05:27 [debug    ] Current weights retrieved via socket weights={'k3s': 95, 'knative': 5}
2026-02-14 20:05:27 [info     ] Weights updated successfully via HTTP new={'k3s': 95, 'knative': 5} previous={'k3s': 90, 'knative': 10}
2026-02-14 20:05:27 [info     ] Weights updated                action=OPTIMIZE_COST reason='Healthy state (16ms < 140ms), optimizing cost' weights={'k3s': 95, 'knative': 5}
2026-02-14 20:05:27 [info     ] algorithm2_scaling_decision    action=MAINTAIN alpha=0.0069 beta=0.0 buffer=1.2 current_replicas=1 predicted_load=77.0 required_resources=0.531 target_replicas=1
2026-02-14 20:05:27 [debug    ] Decision loop completed        action=OPTIMIZE_COST latency_ms=617.39 p99=16.0
2026-02-14 20:05:42 [debug    ] HAProxy latency                avg_rtime=6 max_rtime=59997 p99_est=12
2026-02-14 20:05:42 [debug    ] GRU prediction received        confidence=0.82 latency_ms=38.44 predicted=78
2026-02-14 20:05:42 [debug    ] Using GRU prediction           confidence=0.82 predicted=78
2026-02-14 20:05:42 [info     ] Algorithm 1: Disabling serverless backend (weight=0, allow scale-to-zero)
2026-02-14 20:05:42 [info     ] Algorithm 1: OPTIMIZE_COST     new_weights={'k3s': 100, 'knative': 0} p99=12.0 serverless_enabled=False
2026-02-14 20:05:42 [debug    ] HAProxy TCP command sent       command='show stat' response_length=2901
2026-02-14 20:05:42 [debug    ] Current weights retrieved via socket weights={'k3s': 100, 'knative': 0}
2026-02-14 20:05:42 [debug    ] Weights already set correctly  k3s=100 knative=0
2026-02-14 20:05:42 [info     ] Weights updated                action=OPTIMIZE_COST reason='Healthy state (12ms < 140ms), optimizing cost' weights={'k3s': 100, 'knative': 0}
2026-02-14 20:05:42 [info     ] algorithm2_scaling_decision    action=MAINTAIN alpha=0.0069 beta=0.0 buffer=1.2 current_replicas=1 predicted_load=78.0 required_resources=0.538 target_replicas=1
2026-02-14 20:05:42 [debug    ] Decision loop completed        action=OPTIMIZE_COST latency_ms=108.66 p99=12.0
2026-02-14 20:05:57 [debug    ] HAProxy latency                avg_rtime=5 max_rtime=59997 p99_est=10
2026-02-14 20:05:57 [debug    ] GRU prediction received        confidence=0.77 latency_ms=37.69 predicted=78
2026-02-14 20:05:57 [debug    ] Using GRU prediction           confidence=0.77 predicted=78
2026-02-14 20:05:57 [info     ] Algorithm 1: OPTIMIZE_COST     new_weights={'k3s': 100, 'knative': 0} p99=10.0 serverless_enabled=False
2026-02-14 20:05:57 [info     ] algorithm2_scaling_decision    action=MAINTAIN alpha=0.0069 beta=0.0 buffer=1.2 current_replicas=1 predicted_load=78.0 required_resources=0.538 target_replicas=1
2026-02-14 20:05:57 [debug    ] Decision loop completed        action=OPTIMIZE_COST latency_ms=110.64 p99=10.0
2026-02-14 20:06:12 [debug    ] HAProxy latency                avg_rtime=6 max_rtime=59997 p99_est=12
2026-02-14 20:06:12 [debug    ] GRU prediction received        confidence=0.73 latency_ms=39.47 predicted=77
2026-02-14 20:06:12 [debug    ] Using GRU prediction           confidence=0.73 predicted=77
2026-02-14 20:06:12 [info     ] Algorithm 1: OPTIMIZE_COST     new_weights={'k3s': 100, 'knative': 0} p99=12.0 serverless_enabled=False
2026-02-14 20:06:12 [info     ] algorithm2_scaling_decision    action=MAINTAIN alpha=0.0069 beta=0.0 buffer=1.2 current_replicas=1 predicted_load=77.0 required_resources=0.531 target_replicas=1
2026-02-14 20:06:12 [debug    ] Decision loop completed        action=OPTIMIZE_COST latency_ms=110.43 p99=12.0
2026-02-14 20:06:27 [debug    ] HAProxy latency                avg_rtime=5 max_rtime=59997 p99_est=10
2026-02-14 20:06:27 [debug    ] GRU prediction received        confidence=0.72 latency_ms=38.57 predicted=76
2026-02-14 20:06:27 [debug    ] Using GRU prediction           confidence=0.72 predicted=76
2026-02-14 20:06:27 [info     ] Algorithm 1: OPTIMIZE_COST     new_weights={'k3s': 100, 'knative': 0} p99=10.0 serverless_enabled=False
2026-02-14 20:06:27 [info     ] algorithm2_scaling_decision    action=MAINTAIN alpha=0.0069 beta=0.0 buffer=1.2 current_replicas=1 predicted_load=76.0 required_resources=0.524 target_replicas=1
2026-02-14 20:06:27 [debug    ] Decision loop completed        action=OPTIMIZE_COST latency_ms=110.77 p99=10.0
2026-02-14 20:06:42 [debug    ] HAProxy latency                avg_rtime=78 max_rtime=59997 p99_est=156
2026-02-14 20:06:42 [debug    ] GRU prediction received        confidence=0.77 latency_ms=40.96 predicted=76
2026-02-14 20:06:42 [debug    ] Using GRU prediction           confidence=0.77 predicted=76
2026-02-14 20:06:42 [info     ] algorithm2_scaling_decision    action=MAINTAIN alpha=0.0069 beta=0.0 buffer=1.2 current_replicas=1 predicted_load=76.0 required_resources=0.524 target_replicas=1
2026-02-14 20:06:42 [debug    ] Decision loop completed        action=MAINTAIN latency_ms=79.06 p99=156.0
2026-02-14 20:06:57 [debug    ] HAProxy latency                avg_rtime=2024 max_rtime=59997 p99_est=4048
2026-02-14 20:06:57 [debug    ] GRU prediction received        confidence=0.78 latency_ms=38.85 predicted=77
2026-02-14 20:06:57 [debug    ] Using GRU prediction           confidence=0.78 predicted=77
2026-02-14 20:06:57 [info     ] algorithm2_scaling_decision    action=MAINTAIN alpha=0.0069 beta=0.0 buffer=1.2 current_replicas=1 predicted_load=77.0 required_resources=0.531 target_replicas=1
2026-02-14 20:06:57 [debug    ] Decision loop completed        action=MAINTAIN latency_ms=74.95 p99=4048.0
2026-02-14 20:07:12 [debug    ] HAProxy latency                avg_rtime=2858 max_rtime=59997 p99_est=5716
2026-02-14 20:07:12 [debug    ] GRU prediction received        confidence=0.72 latency_ms=40.62 predicted=79
2026-02-14 20:07:12 [debug    ] Using GRU prediction           confidence=0.72 predicted=79
2026-02-14 20:07:12 [info     ] algorithm2_scaling_decision    action=MAINTAIN alpha=0.0069 beta=0.0 buffer=1.2 current_replicas=1 predicted_load=79.0 required_resources=0.545 target_replicas=1
2026-02-14 20:07:12 [debug    ] Decision loop completed        action=MAINTAIN latency_ms=77.88 p99=5716.0
2026-02-14 20:07:27 [debug    ] HAProxy latency                avg_rtime=2805 max_rtime=59997 p99_est=5610
2026-02-14 20:07:27 [debug    ] GRU prediction received        confidence=0.72 latency_ms=38.28 predicted=81
2026-02-14 20:07:27 [debug    ] Using GRU prediction           confidence=0.72 predicted=81
2026-02-14 20:07:27 [info     ] Algorithm 1: Enabling serverless backend for SCALE_OUT
2026-02-14 20:07:27 [info     ] Pre-warming Knative service    host=test-app.default.localhost url=http://localhost:8081
2026-02-14 20:07:27 [warning  ] Knative pre-warm returned non-200 cold_start_ms=1.6565322875976562 status=404
2026-02-14 20:07:27 [info     ] Algorithm 1: SCALE_OUT         new_weights={'k3s': 90, 'knative': 10} p99=5610.0 serverless_enabled=True violation_sec=30
2026-02-14 20:07:27 [debug    ] HAProxy TCP command sent       command='show stat' response_length=2930
2026-02-14 20:07:27 [debug    ] Current weights retrieved via socket weights={'k3s': 100, 'knative': 0}
2026-02-14 20:07:27 [debug    ] HAProxy TCP command sent       command='show stat' response_length=2930
2026-02-14 20:07:27 [debug    ] HAProxy TCP command sent       command='set server servers/k3s weight 90' response_length=0
2026-02-14 20:07:27 [debug    ] HAProxy TCP command sent       command='show stat' response_length=2926
2026-02-14 20:07:27 [debug    ] HAProxy TCP command sent       command='set server servers/knative weight 10' response_length=0
2026-02-14 20:07:27 [debug    ] Weight commands sent via socket successfully k3s=90 knative=10
2026-02-14 20:07:28 [debug    ] HAProxy TCP command sent       command='show stat' response_length=2928
2026-02-14 20:07:28 [debug    ] Current weights retrieved via socket weights={'k3s': 90, 'knative': 10}
2026-02-14 20:07:28 [info     ] Weights updated successfully via HTTP new={'k3s': 90, 'knative': 10} previous={'k3s': 100, 'knative': 0}
2026-02-14 20:07:28 [info     ] Weights updated                action=SCALE_OUT reason='SLO violation (5610ms > 200ms) for 30s' weights={'k3s': 90, 'knative': 10}
2026-02-14 20:07:28 [info     ] algorithm2_scaling_decision    action=MAINTAIN alpha=0.0069 beta=0.0 buffer=1.2 current_replicas=1 predicted_load=81.0 required_resources=0.559 target_replicas=1
2026-02-14 20:07:28 [debug    ] Decision loop completed        action=SCALE_OUT latency_ms=587.0 p99=5610.0
2026-02-14 20:07:43 [debug    ] HAProxy latency                avg_rtime=328 max_rtime=59997 p99_est=656
2026-02-14 20:07:43 [debug    ] GRU prediction received        confidence=0.75 latency_ms=37.97 predicted=80
2026-02-14 20:07:43 [debug    ] Using GRU prediction           confidence=0.75 predicted=80
2026-02-14 20:07:43 [info     ] Algorithm 1: SCALE_OUT         new_weights={'k3s': 80, 'knative': 20} p99=656.0 serverless_enabled=True violation_sec=46
2026-02-14 20:07:43 [debug    ] HAProxy TCP command sent       command='show stat' response_length=2915
2026-02-14 20:07:43 [debug    ] Current weights retrieved via socket weights={'k3s': 80, 'knative': 20}
2026-02-14 20:07:43 [debug    ] Weights already set correctly  k3s=80 knative=20
2026-02-14 20:07:43 [info     ] Weights updated                action=SCALE_OUT reason='SLO violation (656ms > 200ms) for 46s' weights={'k3s': 80, 'knative': 20}
2026-02-14 20:07:43 [info     ] algorithm2_scaling_decision    action=MAINTAIN alpha=0.0069 beta=0.0 buffer=1.2 current_replicas=1 predicted_load=80.0 required_resources=0.552 target_replicas=1
2026-02-14 20:07:43 [debug    ] Decision loop completed        action=SCALE_OUT latency_ms=75.58 p99=656.0
2026-02-14 20:07:58 [debug    ] HAProxy latency                avg_rtime=37 max_rtime=59997 p99_est=74
2026-02-14 20:07:58 [debug    ] GRU prediction received        confidence=0.76 latency_ms=39.63 predicted=79
2026-02-14 20:07:58 [debug    ] Using GRU prediction           confidence=0.76 predicted=79
2026-02-14 20:07:58 [info     ] Algorithm 1: OPTIMIZE_COST     new_weights={'k3s': 85, 'knative': 15} p99=74.0 serverless_enabled=True
2026-02-14 20:07:58 [debug    ] HAProxy TCP command sent       command='show stat' response_length=2909
2026-02-14 20:07:58 [debug    ] Current weights retrieved via socket weights={'k3s': 80, 'knative': 20}
2026-02-14 20:07:58 [debug    ] HAProxy TCP command sent       command='show stat' response_length=2909
2026-02-14 20:07:58 [debug    ] HAProxy TCP command sent       command='set server servers/k3s weight 85' response_length=0
2026-02-14 20:07:58 [debug    ] HAProxy TCP command sent       command='show stat' response_length=2909
2026-02-14 20:07:58 [debug    ] HAProxy TCP command sent       command='set server servers/knative weight 15' response_length=0
2026-02-14 20:07:58 [debug    ] Weight commands sent via socket successfully k3s=85 knative=15
2026-02-14 20:07:59 [debug    ] HAProxy TCP command sent       command='show stat' response_length=2908
2026-02-14 20:07:59 [debug    ] Current weights retrieved via socket weights={'k3s': 85, 'knative': 15}
2026-02-14 20:07:59 [info     ] Weights updated successfully via HTTP new={'k3s': 85, 'knative': 15} previous={'k3s': 80, 'knative': 20}
2026-02-14 20:07:59 [info     ] Weights updated                action=OPTIMIZE_COST reason='Healthy state (74ms < 140ms), optimizing cost' weights={'k3s': 85, 'knative': 15}
2026-02-14 20:07:59 [info     ] algorithm2_scaling_decision    action=MAINTAIN alpha=0.0069 beta=0.0 buffer=1.2 current_replicas=1 predicted_load=79.0 required_resources=0.545 target_replicas=1
2026-02-14 20:07:59 [debug    ] Decision loop completed        action=OPTIMIZE_COST latency_ms=618.18 p99=74.0
2026-02-14 20:08:14 [debug    ] HAProxy latency                avg_rtime=11 max_rtime=59997 p99_est=22
2026-02-14 20:08:14 [debug    ] GRU prediction received        confidence=0.75 latency_ms=38.23 predicted=79
2026-02-14 20:08:14 [debug    ] Using GRU prediction           confidence=0.75 predicted=79
2026-02-14 20:08:14 [info     ] Algorithm 1: OPTIMIZE_COST     new_weights={'k3s': 90, 'knative': 10} p99=22.0 serverless_enabled=True
2026-02-14 20:08:14 [debug    ] HAProxy TCP command sent       command='show stat' response_length=2907
2026-02-14 20:08:14 [debug    ] Current weights retrieved via socket weights={'k3s': 90, 'knative': 10}
2026-02-14 20:08:14 [debug    ] Weights already set correctly  k3s=90 knative=10
2026-02-14 20:08:14 [info     ] Weights updated                action=OPTIMIZE_COST reason='Healthy state (22ms < 140ms), optimizing cost' weights={'k3s': 90, 'knative': 10}
2026-02-14 20:08:14 [info     ] algorithm2_scaling_decision    action=MAINTAIN alpha=0.0069 beta=0.0 buffer=1.2 current_replicas=1 predicted_load=79.0 required_resources=0.545 target_replicas=1
2026-02-14 20:08:14 [debug    ] Decision loop completed        action=OPTIMIZE_COST latency_ms=109.9 p99=22.0
2026-02-14 20:08:29 [debug    ] HAProxy latency                avg_rtime=1494 max_rtime=59997 p99_est=2988
2026-02-14 20:08:29 [debug    ] GRU prediction received        confidence=0.76 latency_ms=37.78 predicted=81
2026-02-14 20:08:29 [debug    ] Using GRU prediction           confidence=0.76 predicted=81
2026-02-14 20:08:29 [info     ] algorithm2_scaling_decision    action=MAINTAIN alpha=0.0069 beta=0.0 buffer=1.2 current_replicas=1 predicted_load=81.0 required_resources=0.559 target_replicas=1
2026-02-14 20:08:29 [debug    ] Decision loop completed        action=MAINTAIN latency_ms=80.25 p99=2988.0
2026-02-14 20:08:44 [debug    ] HAProxy latency                avg_rtime=3329 max_rtime=59997 p99_est=6658
2026-02-14 20:08:44 [debug    ] GRU prediction received        confidence=0.72 latency_ms=38.96 predicted=85
2026-02-14 20:08:44 [debug    ] Using GRU prediction           confidence=0.72 predicted=85
2026-02-14 20:08:44 [info     ] algorithm2_scaling_decision    action=MAINTAIN alpha=0.0069 beta=0.0 buffer=1.2 current_replicas=1 predicted_load=85.0 required_resources=0.587 target_replicas=1
2026-02-14 20:08:44 [debug    ] Decision loop completed        action=MAINTAIN latency_ms=81.37 p99=6658.0
2026-02-14 20:08:59 [debug    ] HAProxy latency                avg_rtime=3185 max_rtime=59997 p99_est=6370
2026-02-14 20:08:59 [debug    ] GRU prediction received        confidence=0.72 latency_ms=37.62 predicted=89
2026-02-14 20:08:59 [debug    ] Using GRU prediction           confidence=0.72 predicted=89
2026-02-14 20:08:59 [info     ] Algorithm 1: SCALE_OUT         new_weights={'k3s': 80, 'knative': 20} p99=6370.0 serverless_enabled=True violation_sec=30
2026-02-14 20:08:59 [debug    ] HAProxy TCP command sent       command='show stat' response_length=2929
2026-02-14 20:08:59 [debug    ] Current weights retrieved via socket weights={'k3s': 90, 'knative': 10}
2026-02-14 20:08:59 [debug    ] HAProxy TCP command sent       command='show stat' response_length=2929
2026-02-14 20:08:59 [debug    ] HAProxy TCP command sent       command='set server servers/k3s weight 80' response_length=0
2026-02-14 20:08:59 [debug    ] HAProxy TCP command sent       command='show stat' response_length=2927
2026-02-14 20:08:59 [debug    ] HAProxy TCP command sent       command='set server servers/knative weight 20' response_length=0
2026-02-14 20:08:59 [debug    ] Weight commands sent via socket successfully k3s=80 knative=20
2026-02-14 20:09:00 [debug    ] HAProxy TCP command sent       command='show stat' response_length=2929
2026-02-14 20:09:00 [debug    ] Current weights retrieved via socket weights={'k3s': 80, 'knative': 20}
2026-02-14 20:09:00 [info     ] Weights updated successfully via HTTP new={'k3s': 80, 'knative': 20} previous={'k3s': 90, 'knative': 10}
2026-02-14 20:09:00 [info     ] Weights updated                action=SCALE_OUT reason='SLO violation (6370ms > 200ms) for 30s' weights={'k3s': 80, 'knative': 20}
2026-02-14 20:09:00 [info     ] algorithm2_scaling_decision    action=MAINTAIN alpha=0.0069 beta=0.0 buffer=1.2 current_replicas=1 predicted_load=89.0 required_resources=0.614 target_replicas=1
2026-02-14 20:09:00 [debug    ] Decision loop completed        action=SCALE_OUT latency_ms=577.07 p99=6370.0
2026-02-14 20:09:15 [debug    ] HAProxy latency                avg_rtime=2873 max_rtime=59997 p99_est=5746
2026-02-14 20:09:15 [debug    ] GRU prediction received        confidence=0.77 latency_ms=40.43 predicted=92
2026-02-14 20:09:15 [debug    ] Using GRU prediction           confidence=0.77 predicted=92
2026-02-14 20:09:15 [info     ] Algorithm 1: SCALE_OUT         new_weights={'k3s': 70, 'knative': 30} p99=5746.0 serverless_enabled=True violation_sec=46
2026-02-14 20:09:15 [debug    ] HAProxy TCP command sent       command='show stat' response_length=2937
2026-02-14 20:09:15 [debug    ] Current weights retrieved via socket weights={'k3s': 70, 'knative': 30}
2026-02-14 20:09:15 [debug    ] Weights already set correctly  k3s=70 knative=30
2026-02-14 20:09:15 [info     ] Weights updated                action=SCALE_OUT reason='SLO violation (5746ms > 200ms) for 46s' weights={'k3s': 70, 'knative': 30}
2026-02-14 20:09:15 [info     ] algorithm2_scaling_decision    action=MAINTAIN alpha=0.0069 beta=0.0 buffer=1.2 current_replicas=1 predicted_load=92.0 required_resources=0.635 target_replicas=1
2026-02-14 20:09:15 [debug    ] Decision loop completed        action=SCALE_OUT latency_ms=109.18 p99=5746.0
2026-02-14 20:09:30 [debug    ] HAProxy latency                avg_rtime=600 max_rtime=59997 p99_est=1200
2026-02-14 20:09:30 [debug    ] GRU prediction received        confidence=0.8 latency_ms=39.71 predicted=92
2026-02-14 20:09:30 [debug    ] Using GRU prediction           confidence=0.8 predicted=92
2026-02-14 20:09:30 [info     ] Algorithm 1: SCALE_OUT         new_weights={'k3s': 60, 'knative': 40} p99=1200.0 serverless_enabled=True violation_sec=61
2026-02-14 20:09:30 [debug    ] HAProxy TCP command sent       command='show stat' response_length=2928
2026-02-14 20:09:30 [debug    ] Current weights retrieved via socket weights={'k3s': 70, 'knative': 30}
2026-02-14 20:09:30 [debug    ] HAProxy TCP command sent       command='show stat' response_length=2928
2026-02-14 20:09:30 [debug    ] HAProxy TCP command sent       command='set server servers/k3s weight 60' response_length=0
2026-02-14 20:09:30 [debug    ] HAProxy TCP command sent       command='show stat' response_length=2928
2026-02-14 20:09:30 [debug    ] HAProxy TCP command sent       command='set server servers/knative weight 40' response_length=0
2026-02-14 20:09:30 [debug    ] Weight commands sent via socket successfully k3s=60 knative=40
2026-02-14 20:09:30 [debug    ] HAProxy TCP command sent       command='show stat' response_length=2928
2026-02-14 20:09:30 [debug    ] Current weights retrieved via socket weights={'k3s': 60, 'knative': 40}
2026-02-14 20:09:30 [info     ] Weights updated successfully via HTTP new={'k3s': 60, 'knative': 40} previous={'k3s': 70, 'knative': 30}
2026-02-14 20:09:30 [info     ] Weights updated                action=SCALE_OUT reason='SLO violation (1200ms > 200ms) for 61s' weights={'k3s': 60, 'knative': 40}
2026-02-14 20:09:30 [info     ] algorithm2_scaling_decision    action=MAINTAIN alpha=0.0069 beta=0.0 buffer=1.2 current_replicas=1 predicted_load=92.0 required_resources=0.635 target_replicas=1
2026-02-14 20:09:30 [debug    ] Decision loop completed        action=SCALE_OUT latency_ms=581.38 p99=1200.0
2026-02-14 20:09:45 [debug    ] HAProxy latency                avg_rtime=21 max_rtime=59997 p99_est=42
2026-02-14 20:09:45 [debug    ] GRU prediction received        confidence=0.8 latency_ms=38.95 predicted=94
2026-02-14 20:09:45 [debug    ] Using GRU prediction           confidence=0.8 predicted=94
2026-02-14 20:09:45 [info     ] Algorithm 1: OPTIMIZE_COST     new_weights={'k3s': 65, 'knative': 35} p99=42.0 serverless_enabled=True
2026-02-14 20:09:45 [debug    ] HAProxy TCP command sent       command='show stat' response_length=2911
2026-02-14 20:09:45 [debug    ] Current weights retrieved via socket weights={'k3s': 65, 'knative': 35}
2026-02-14 20:09:45 [debug    ] Weights already set correctly  k3s=65 knative=35
2026-02-14 20:09:45 [info     ] Weights updated                action=OPTIMIZE_COST reason='Healthy state (42ms < 140ms), optimizing cost' weights={'k3s': 65, 'knative': 35}
2026-02-14 20:09:45 [info     ] algorithm2_scaling_decision    action=MAINTAIN alpha=0.0069 beta=0.0 buffer=1.2 current_replicas=1 predicted_load=94.0 required_resources=0.649 target_replicas=1
2026-02-14 20:09:45 [debug    ] Decision loop completed        action=OPTIMIZE_COST latency_ms=108.78 p99=42.0
2026-02-14 20:10:00 [debug    ] HAProxy latency                avg_rtime=6 max_rtime=59997 p99_est=12
2026-02-14 20:10:00 [debug    ] GRU prediction received        confidence=0.82 latency_ms=38.65 predicted=96
2026-02-14 20:10:00 [debug    ] Using GRU prediction           confidence=0.82 predicted=96
2026-02-14 20:10:00 [info     ] Algorithm 1: OPTIMIZE_COST     new_weights={'k3s': 70, 'knative': 30} p99=12.0 serverless_enabled=True
2026-02-14 20:10:00 [debug    ] HAProxy TCP command sent       command='show stat' response_length=2905
2026-02-14 20:10:00 [debug    ] Current weights retrieved via socket weights={'k3s': 65, 'knative': 35}
2026-02-14 20:10:00 [debug    ] HAProxy TCP command sent       command='show stat' response_length=2905
2026-02-14 20:10:00 [debug    ] HAProxy TCP command sent       command='set server servers/k3s weight 70' response_length=0
2026-02-14 20:10:00 [debug    ] HAProxy TCP command sent       command='show stat' response_length=2905
2026-02-14 20:10:00 [debug    ] HAProxy TCP command sent       command='set server servers/knative weight 30' response_length=0
2026-02-14 20:10:00 [debug    ] Weight commands sent via socket successfully k3s=70 knative=30
2026-02-14 20:10:01 [debug    ] HAProxy TCP command sent       command='show stat' response_length=2905
2026-02-14 20:10:01 [debug    ] Current weights retrieved via socket weights={'k3s': 70, 'knative': 30}
2026-02-14 20:10:01 [info     ] Weights updated successfully via HTTP new={'k3s': 70, 'knative': 30} previous={'k3s': 65, 'knative': 35}
2026-02-14 20:10:01 [info     ] Weights updated                action=OPTIMIZE_COST reason='Healthy state (12ms < 140ms), optimizing cost' weights={'k3s': 70, 'knative': 30}
2026-02-14 20:10:01 [info     ] algorithm2_scaling_decision    action=MAINTAIN alpha=0.0069 beta=0.0 buffer=1.2 current_replicas=1 predicted_load=96.0 required_resources=0.662 target_replicas=1
2026-02-14 20:10:01 [debug    ] Decision loop completed        action=OPTIMIZE_COST latency_ms=615.01 p99=12.0
2026-02-14 20:10:16 [debug    ] HAProxy latency                avg_rtime=5 max_rtime=59997 p99_est=10
2026-02-14 20:10:16 [debug    ] GRU prediction received        confidence=0.82 latency_ms=37.45 predicted=100
2026-02-14 20:10:16 [debug    ] Using GRU prediction           confidence=0.82 predicted=100
2026-02-14 20:10:16 [info     ] Algorithm 1: OPTIMIZE_COST     new_weights={'k3s': 75, 'knative': 25} p99=10.0 serverless_enabled=True
2026-02-14 20:10:16 [debug    ] HAProxy TCP command sent       command='show stat' response_length=2903
2026-02-14 20:10:16 [debug    ] Current weights retrieved via socket weights={'k3s': 75, 'knative': 25}
2026-02-14 20:10:16 [debug    ] Weights already set correctly  k3s=75 knative=25
2026-02-14 20:10:16 [info     ] Weights updated                action=OPTIMIZE_COST reason='Healthy state (10ms < 140ms), optimizing cost' weights={'k3s': 75, 'knative': 25}
2026-02-14 20:10:16 [info     ] algorithm2_scaling_decision    action=MAINTAIN alpha=0.0069 beta=0.0 buffer=1.2 current_replicas=1 predicted_load=100.0 required_resources=0.69 target_replicas=1
2026-02-14 20:10:16 [debug    ] Decision loop completed        action=OPTIMIZE_COST latency_ms=105.83 p99=10.0
2026-02-14 20:10:31 [debug    ] HAProxy latency                avg_rtime=5 max_rtime=59997 p99_est=10
2026-02-14 20:10:31 [debug    ] GRU prediction received        confidence=0.81 latency_ms=38.4 predicted=105
2026-02-14 20:10:31 [debug    ] Using GRU prediction           confidence=0.81 predicted=105
2026-02-14 20:10:31 [info     ] Algorithm 1: OPTIMIZE_COST     new_weights={'k3s': 80, 'knative': 20} p99=10.0 serverless_enabled=True
2026-02-14 20:10:31 [debug    ] HAProxy TCP command sent       command='show stat' response_length=2903
2026-02-14 20:10:31 [debug    ] Current weights retrieved via socket weights={'k3s': 75, 'knative': 25}
2026-02-14 20:10:31 [debug    ] HAProxy TCP command sent       command='show stat' response_length=2903
2026-02-14 20:10:31 [debug    ] HAProxy TCP command sent       command='set server servers/k3s weight 80' response_length=0
2026-02-14 20:10:31 [debug    ] HAProxy TCP command sent       command='show stat' response_length=2903
2026-02-14 20:10:31 [debug    ] HAProxy TCP command sent       command='set server servers/knative weight 20' response_length=0
2026-02-14 20:10:31 [debug    ] Weight commands sent via socket successfully k3s=80 knative=20
2026-02-14 20:10:32 [debug    ] HAProxy TCP command sent       command='show stat' response_length=2903
2026-02-14 20:10:32 [debug    ] Current weights retrieved via socket weights={'k3s': 80, 'knative': 20}
2026-02-14 20:10:32 [info     ] Weights updated successfully via HTTP new={'k3s': 80, 'knative': 20} previous={'k3s': 75, 'knative': 25}
2026-02-14 20:10:32 [info     ] Weights updated                action=OPTIMIZE_COST reason='Healthy state (10ms < 140ms), optimizing cost' weights={'k3s': 80, 'knative': 20}
2026-02-14 20:10:32 [info     ] algorithm2_scaling_decision    action=MAINTAIN alpha=0.0069 beta=0.0 buffer=1.2 current_replicas=1 predicted_load=105.0 required_resources=0.725 target_replicas=1
2026-02-14 20:10:32 [debug    ] Decision loop completed        action=OPTIMIZE_COST latency_ms=613.79 p99=10.0
2026-02-14 20:10:47 [debug    ] HAProxy latency                avg_rtime=6 max_rtime=59997 p99_est=12
2026-02-14 20:10:47 [debug    ] GRU prediction received        confidence=0.85 latency_ms=38.69 predicted=108
2026-02-14 20:10:47 [debug    ] Using GRU prediction           confidence=0.85 predicted=108
2026-02-14 20:10:47 [info     ] Algorithm 1: OPTIMIZE_COST     new_weights={'k3s': 85, 'knative': 15} p99=12.0 serverless_enabled=True
2026-02-14 20:10:47 [debug    ] HAProxy TCP command sent       command='show stat' response_length=2901
2026-02-14 20:10:47 [debug    ] Current weights retrieved via socket weights={'k3s': 85, 'knative': 15}
2026-02-14 20:10:47 [debug    ] Weights already set correctly  k3s=85 knative=15
2026-02-14 20:10:47 [info     ] Weights updated                action=OPTIMIZE_COST reason='Healthy state (12ms < 140ms), optimizing cost' weights={'k3s': 85, 'knative': 15}
2026-02-14 20:10:47 [info     ] algorithm2_scaling_decision    action=MAINTAIN alpha=0.0069 beta=0.0 buffer=1.2 current_replicas=1 predicted_load=108.0 required_resources=0.745 target_replicas=1
2026-02-14 20:10:47 [debug    ] Decision loop completed        action=OPTIMIZE_COST latency_ms=111.06 p99=12.0
2026-02-14 20:11:02 [debug    ] HAProxy latency                avg_rtime=6 max_rtime=59997 p99_est=12
2026-02-14 20:11:02 [debug    ] GRU prediction received        confidence=0.84 latency_ms=37.29 predicted=107
2026-02-14 20:11:02 [debug    ] Using GRU prediction           confidence=0.84 predicted=107
2026-02-14 20:11:02 [info     ] Algorithm 1: OPTIMIZE_COST     new_weights={'k3s': 90, 'knative': 10} p99=12.0 serverless_enabled=True
2026-02-14 20:11:02 [debug    ] HAProxy TCP command sent       command='show stat' response_length=2901
2026-02-14 20:11:02 [debug    ] Current weights retrieved via socket weights={'k3s': 85, 'knative': 15}
2026-02-14 20:11:02 [debug    ] HAProxy TCP command sent       command='show stat' response_length=2901
2026-02-14 20:11:02 [debug    ] HAProxy TCP command sent       command='set server servers/k3s weight 90' response_length=0
2026-02-14 20:11:02 [debug    ] HAProxy TCP command sent       command='show stat' response_length=2901
2026-02-14 20:11:02 [debug    ] HAProxy TCP command sent       command='set server servers/knative weight 10' response_length=0
2026-02-14 20:11:02 [debug    ] Weight commands sent via socket successfully k3s=90 knative=10
2026-02-14 20:11:02 [debug    ] HAProxy TCP command sent       command='show stat' response_length=2900
2026-02-14 20:11:02 [debug    ] Current weights retrieved via socket weights={'k3s': 90, 'knative': 10}
2026-02-14 20:11:02 [info     ] Weights updated successfully via HTTP new={'k3s': 90, 'knative': 10} previous={'k3s': 85, 'knative': 15}
2026-02-14 20:11:02 [info     ] Weights updated                action=OPTIMIZE_COST reason='Healthy state (12ms < 140ms), optimizing cost' weights={'k3s': 90, 'knative': 10}
2026-02-14 20:11:02 [info     ] algorithm2_scaling_decision    action=MAINTAIN alpha=0.0069 beta=0.0 buffer=1.2 current_replicas=1 predicted_load=107.0 required_resources=0.738 target_replicas=1
2026-02-14 20:11:02 [debug    ] Decision loop completed        action=OPTIMIZE_COST latency_ms=613.59 p99=12.0
2026-02-14 20:11:17 [debug    ] HAProxy latency                avg_rtime=6 max_rtime=59997 p99_est=12
2026-02-14 20:11:17 [debug    ] GRU prediction received        confidence=0.81 latency_ms=37.99 predicted=104
2026-02-14 20:11:17 [debug    ] Using GRU prediction           confidence=0.81 predicted=104
2026-02-14 20:11:17 [info     ] Algorithm 1: OPTIMIZE_COST     new_weights={'k3s': 95, 'knative': 5} p99=12.0 serverless_enabled=True
2026-02-14 20:11:17 [debug    ] HAProxy TCP command sent       command='show stat' response_length=2899
2026-02-14 20:11:17 [debug    ] Current weights retrieved via socket weights={'k3s': 95, 'knative': 5}
2026-02-14 20:11:17 [debug    ] Weights already set correctly  k3s=95 knative=5
2026-02-14 20:11:17 [info     ] Weights updated                action=OPTIMIZE_COST reason='Healthy state (12ms < 140ms), optimizing cost' weights={'k3s': 95, 'knative': 5}
2026-02-14 20:11:18 [info     ] algorithm2_scaling_decision    action=MAINTAIN alpha=0.0069 beta=0.0 buffer=1.2 current_replicas=1 predicted_load=104.0 required_resources=0.718 target_replicas=1
2026-02-14 20:11:18 [debug    ] Decision loop completed        action=OPTIMIZE_COST latency_ms=106.08 p99=12.0
2026-02-14 20:11:33 [debug    ] HAProxy latency                avg_rtime=5 max_rtime=59997 p99_est=10
2026-02-14 20:11:33 [debug    ] GRU prediction received        confidence=0.76 latency_ms=38.77 predicted=98
2026-02-14 20:11:33 [debug    ] Using GRU prediction           confidence=0.76 predicted=98
2026-02-14 20:11:33 [info     ] Algorithm 1: Disabling serverless backend (weight=0, allow scale-to-zero)
2026-02-14 20:11:33 [info     ] Algorithm 1: OPTIMIZE_COST     new_weights={'k3s': 100, 'knative': 0} p99=10.0 serverless_enabled=False
2026-02-14 20:11:33 [debug    ] HAProxy TCP command sent       command='show stat' response_length=2899
2026-02-14 20:11:33 [debug    ] Current weights retrieved via socket weights={'k3s': 95, 'knative': 5}
2026-02-14 20:11:33 [debug    ] HAProxy TCP command sent       command='show stat' response_length=2899
2026-02-14 20:11:33 [debug    ] HAProxy TCP command sent       command='set server servers/k3s weight 100' response_length=0
2026-02-14 20:11:33 [debug    ] HAProxy TCP command sent       command='show stat' response_length=2901
2026-02-14 20:11:33 [debug    ] HAProxy TCP command sent       command='set server servers/knative weight 0' response_length=0
2026-02-14 20:11:33 [debug    ] Weight commands sent via socket successfully k3s=100 knative=0
2026-02-14 20:11:33 [debug    ] HAProxy TCP command sent       command='show stat' response_length=2901
2026-02-14 20:11:33 [debug    ] Current weights retrieved via socket weights={'k3s': 100, 'knative': 0}
2026-02-14 20:11:33 [info     ] Weights updated successfully via HTTP new={'k3s': 100, 'knative': 0} previous={'k3s': 95, 'knative': 5}
2026-02-14 20:11:33 [info     ] Weights updated                action=OPTIMIZE_COST reason='Healthy state (10ms < 140ms), optimizing cost' weights={'k3s': 100, 'knative': 0}
2026-02-14 20:11:33 [info     ] algorithm2_scaling_decision    action=MAINTAIN alpha=0.0069 beta=0.0 buffer=1.2 current_replicas=1 predicted_load=98.0 required_resources=0.676 target_replicas=1
2026-02-14 20:11:33 [debug    ] Decision loop completed        action=OPTIMIZE_COST latency_ms=616.99 p99=10.0
2026-02-14 20:11:48 [debug    ] HAProxy latency                avg_rtime=6 max_rtime=59997 p99_est=12
2026-02-14 20:11:48 [debug    ] GRU prediction received        confidence=0.74 latency_ms=39.71 predicted=94
2026-02-14 20:11:48 [debug    ] Using GRU prediction           confidence=0.74 predicted=94
2026-02-14 20:11:48 [info     ] Algorithm 1: OPTIMIZE_COST     new_weights={'k3s': 100, 'knative': 0} p99=12.0 serverless_enabled=False
2026-02-14 20:11:48 [info     ] algorithm2_scaling_decision    action=MAINTAIN alpha=0.0069 beta=0.0 buffer=1.2 current_replicas=1 predicted_load=94.0 required_resources=0.649 target_replicas=1
2026-02-14 20:11:48 [debug    ] Decision loop completed        action=OPTIMIZE_COST latency_ms=109.89 p99=12.0
2026-02-14 20:12:03 [debug    ] HAProxy latency                avg_rtime=5 max_rtime=59997 p99_est=10
2026-02-14 20:12:03 [debug    ] GRU prediction received        confidence=0.78 latency_ms=37.97 predicted=93
2026-02-14 20:12:03 [debug    ] Using GRU prediction           confidence=0.78 predicted=93
2026-02-14 20:12:03 [info     ] Algorithm 1: OPTIMIZE_COST     new_weights={'k3s': 100, 'knative': 0} p99=10.0 serverless_enabled=False
2026-02-14 20:12:03 [info     ] algorithm2_scaling_decision    action=MAINTAIN alpha=0.0069 beta=0.0 buffer=1.2 current_replicas=1 predicted_load=93.0 required_resources=0.642 target_replicas=1
2026-02-14 20:12:03 [debug    ] Decision loop completed        action=OPTIMIZE_COST latency_ms=110.17 p99=10.0
2026-02-14 20:12:18 [debug    ] HAProxy latency                avg_rtime=5 max_rtime=59997 p99_est=10
2026-02-14 20:12:18 [debug    ] GRU prediction received        confidence=0.84 latency_ms=39.5 predicted=91
2026-02-14 20:12:18 [debug    ] Using GRU prediction           confidence=0.84 predicted=91
2026-02-14 20:12:18 [info     ] Algorithm 1: OPTIMIZE_COST     new_weights={'k3s': 100, 'knative': 0} p99=10.0 serverless_enabled=False
2026-02-14 20:12:18 [info     ] algorithm2_scaling_decision    action=MAINTAIN alpha=0.0069 beta=0.0 buffer=1.2 current_replicas=1 predicted_load=91.0 required_resources=0.628 target_replicas=1
2026-02-14 20:12:18 [debug    ] Decision loop completed        action=OPTIMIZE_COST latency_ms=111.83 p99=10.0
2026-02-14 20:12:33 [debug    ] HAProxy latency                avg_rtime=5 max_rtime=59997 p99_est=10
2026-02-14 20:12:34 [debug    ] GRU prediction received        confidence=0.87 latency_ms=39.19 predicted=90
2026-02-14 20:12:34 [debug    ] Using GRU prediction           confidence=0.87 predicted=90
2026-02-14 20:12:34 [info     ] Algorithm 1: OPTIMIZE_COST     new_weights={'k3s': 100, 'knative': 0} p99=10.0 serverless_enabled=False
2026-02-14 20:12:34 [info     ] algorithm2_scaling_decision    action=MAINTAIN alpha=0.0069 beta=0.0 buffer=1.2 current_replicas=1 predicted_load=90.0 required_resources=0.621 target_replicas=1
2026-02-14 20:12:34 [debug    ] Decision loop completed        action=OPTIMIZE_COST latency_ms=108.31 p99=10.0
2026-02-14 20:12:49 [debug    ] HAProxy latency                avg_rtime=6 max_rtime=59997 p99_est=12
2026-02-14 20:12:49 [debug    ] GRU prediction received        confidence=0.81 latency_ms=40.42 predicted=86
2026-02-14 20:12:49 [debug    ] Using GRU prediction           confidence=0.81 predicted=86
2026-02-14 20:12:49 [info     ] Algorithm 1: Enabling serverless backend for PREDICTIVE scale out
2026-02-14 20:12:49 [info     ] Pre-warming Knative service    host=test-app.default.localhost url=http://localhost:8081
2026-02-14 20:12:49 [warning  ] Knative pre-warm returned non-200 cold_start_ms=1.8169879913330078 status=404
2026-02-14 20:12:49 [info     ] Algorithm 1: PREDICTIVE scale out current_load=60.444444444444436 load_change=0.42279411764705904 new_weights={'k3s': 90, 'knative': 10} predicted_load=86 serverless_enabled=True
2026-02-14 20:12:49 [debug    ] HAProxy TCP command sent       command='show stat' response_length=2901
2026-02-14 20:12:49 [debug    ] Current weights retrieved via socket weights={'k3s': 90, 'knative': 10}
2026-02-14 20:12:49 [debug    ] Weights already set correctly  k3s=90 knative=10
2026-02-14 20:12:49 [info     ] Weights updated                action=PREDICTIVE reason='Predicted 42% load increase (confidence: 81%)' weights={'k3s': 90, 'knative': 10}
2026-02-14 20:12:49 [info     ] algorithm2_scaling_decision    action=MAINTAIN alpha=0.0069 beta=0.0 buffer=1.2 current_replicas=1 predicted_load=86.0 required_resources=0.593 target_replicas=1
2026-02-14 20:12:49 [debug    ] Decision loop completed        action=PREDICTIVE latency_ms=79.15 p99=12.0
2026-02-14 20:13:04 [debug    ] HAProxy latency                avg_rtime=6 max_rtime=59997 p99_est=12
2026-02-14 20:13:04 [debug    ] GRU prediction received        confidence=0.75 latency_ms=40.36 predicted=83
2026-02-14 20:13:04 [debug    ] Using GRU prediction           confidence=0.75 predicted=83
2026-02-14 20:13:04 [info     ] Algorithm 1: PREDICTIVE scale out current_load=49.888888888888886 load_change=0.6636971046770602 new_weights={'k3s': 80, 'knative': 20} predicted_load=83 serverless_enabled=True
2026-02-14 20:13:04 [debug    ] HAProxy TCP command sent       command='show stat' response_length=2901
2026-02-14 20:13:04 [debug    ] Current weights retrieved via socket weights={'k3s': 90, 'knative': 10}
2026-02-14 20:13:04 [debug    ] HAProxy TCP command sent       command='show stat' response_length=2901
2026-02-14 20:13:04 [debug    ] HAProxy TCP command sent       command='set server servers/k3s weight 80' response_length=0
2026-02-14 20:13:04 [debug    ] HAProxy TCP command sent       command='show stat' response_length=2899
2026-02-14 20:13:04 [debug    ] HAProxy TCP command sent       command='set server servers/knative weight 20' response_length=0
2026-02-14 20:13:04 [debug    ] Weight commands sent via socket successfully k3s=80 knative=20
2026-02-14 20:13:04 [debug    ] HAProxy TCP command sent       command='show stat' response_length=2901
2026-02-14 20:13:04 [debug    ] Current weights retrieved via socket weights={'k3s': 80, 'knative': 20}
2026-02-14 20:13:04 [info     ] Weights updated successfully via HTTP new={'k3s': 80, 'knative': 20} previous={'k3s': 90, 'knative': 10}
2026-02-14 20:13:04 [info     ] Weights updated                action=PREDICTIVE reason='Predicted 66% load increase (confidence: 75%)' weights={'k3s': 80, 'knative': 20}
2026-02-14 20:13:04 [info     ] algorithm2_scaling_decision    action=MAINTAIN alpha=0.0069 beta=0.0 buffer=1.2 current_replicas=1 predicted_load=83.0 required_resources=0.573 target_replicas=1
2026-02-14 20:13:04 [debug    ] Decision loop completed        action=PREDICTIVE latency_ms=589.47 p99=12.0
2026-02-14 20:13:19 [debug    ] HAProxy latency                avg_rtime=6 max_rtime=59997 p99_est=12
2026-02-14 20:13:19 [debug    ] GRU prediction received        confidence=0.72 latency_ms=38.99 predicted=80
2026-02-14 20:13:19 [debug    ] Using GRU prediction           confidence=0.72 predicted=80
2026-02-14 20:13:19 [info     ] Algorithm 1: PREDICTIVE scale out current_load=46.11111111111111 load_change=0.7349397590361447 new_weights={'k3s': 70, 'knative': 30} predicted_load=80 serverless_enabled=True
2026-02-14 20:13:19 [debug    ] HAProxy TCP command sent       command='show stat' response_length=2901
2026-02-14 20:13:19 [debug    ] Current weights retrieved via socket weights={'k3s': 70, 'knative': 30}
2026-02-14 20:13:19 [debug    ] Weights already set correctly  k3s=70 knative=30
2026-02-14 20:13:19 [info     ] Weights updated                action=PREDICTIVE reason='Predicted 73% load increase (confidence: 72%)' weights={'k3s': 70, 'knative': 30}
2026-02-14 20:13:19 [info     ] algorithm2_scaling_decision    action=MAINTAIN alpha=0.0069 beta=0.0 buffer=1.2 current_replicas=1 predicted_load=80.0 required_resources=0.552 target_replicas=1
2026-02-14 20:13:19 [debug    ] Decision loop completed        action=PREDICTIVE latency_ms=76.47 p99=12.0
2026-02-14 20:13:34 [debug    ] HAProxy latency                avg_rtime=5 max_rtime=59997 p99_est=10
2026-02-14 20:13:34 [debug    ] GRU prediction received        confidence=0.72 latency_ms=37.88 predicted=78
2026-02-14 20:13:34 [debug    ] Using GRU prediction           confidence=0.72 predicted=78
2026-02-14 20:13:34 [info     ] Algorithm 1: PREDICTIVE scale out current_load=44.13333333333333 load_change=0.7673716012084593 new_weights={'k3s': 60, 'knative': 40} predicted_load=78 serverless_enabled=True
2026-02-14 20:13:34 [debug    ] HAProxy TCP command sent       command='show stat' response_length=2902
2026-02-14 20:13:34 [debug    ] Current weights retrieved via socket weights={'k3s': 70, 'knative': 30}
2026-02-14 20:13:34 [debug    ] HAProxy TCP command sent       command='show stat' response_length=2902
2026-02-14 20:13:34 [debug    ] HAProxy TCP command sent       command='set server servers/k3s weight 60' response_length=0
2026-02-14 20:13:34 [debug    ] HAProxy TCP command sent       command='show stat' response_length=2900
2026-02-14 20:13:34 [debug    ] HAProxy TCP command sent       command='set server servers/knative weight 40' response_length=0
2026-02-14 20:13:34 [debug    ] Weight commands sent via socket successfully k3s=60 knative=40
2026-02-14 20:13:35 [debug    ] HAProxy TCP command sent       command='show stat' response_length=2902
2026-02-14 20:13:35 [debug    ] Current weights retrieved via socket weights={'k3s': 60, 'knative': 40}
2026-02-14 20:13:35 [info     ] Weights updated successfully via HTTP new={'k3s': 60, 'knative': 40} previous={'k3s': 70, 'knative': 30}
2026-02-14 20:13:35 [info     ] Weights updated                action=PREDICTIVE reason='Predicted 77% load increase (confidence: 72%)' weights={'k3s': 60, 'knative': 40}
2026-02-14 20:13:35 [info     ] algorithm2_scaling_decision    action=MAINTAIN alpha=0.0069 beta=0.0 buffer=1.2 current_replicas=1 predicted_load=78.0 required_resources=0.538 target_replicas=1
2026-02-14 20:13:35 [debug    ] Decision loop completed        action=PREDICTIVE latency_ms=584.86 p99=10.0
2026-02-14 20:13:50 [debug    ] HAProxy latency                avg_rtime=6 max_rtime=59997 p99_est=12
2026-02-14 20:13:50 [debug    ] GRU prediction received        confidence=0.79 latency_ms=39.14 predicted=77
2026-02-14 20:13:50 [debug    ] Using GRU prediction           confidence=0.79 predicted=77
2026-02-14 20:13:50 [info     ] Algorithm 1: PREDICTIVE scale out current_load=45.511111111111106 load_change=0.6918945312500002 new_weights={'k3s': 50, 'knative': 50} predicted_load=77 serverless_enabled=True
2026-02-14 20:13:50 [debug    ] HAProxy TCP command sent       command='show stat' response_length=2902
2026-02-14 20:13:50 [debug    ] Current weights retrieved via socket weights={'k3s': 50, 'knative': 50}
2026-02-14 20:13:50 [debug    ] Weights already set correctly  k3s=50 knative=50
2026-02-14 20:13:50 [info     ] Weights updated                action=PREDICTIVE reason='Predicted 69% load increase (confidence: 79%)' weights={'k3s': 50, 'knative': 50}
2026-02-14 20:13:50 [info     ] algorithm2_scaling_decision    action=MAINTAIN alpha=0.0069 beta=0.0 buffer=1.2 current_replicas=1 predicted_load=77.0 required_resources=0.531 target_replicas=1
2026-02-14 20:13:50 [debug    ] Decision loop completed        action=PREDICTIVE latency_ms=75.86 p99=12.0
2026-02-14 20:14:05 [debug    ] HAProxy latency                avg_rtime=6 max_rtime=59997 p99_est=12
2026-02-14 20:14:05 [debug    ] GRU prediction received        confidence=0.84 latency_ms=38.42 predicted=76
2026-02-14 20:14:05 [debug    ] Using GRU prediction           confidence=0.84 predicted=76
2026-02-14 20:14:05 [info     ] Algorithm 1: PREDICTIVE scale out current_load=52.822222222222216 load_change=0.43878838872528414 new_weights={'k3s': 50, 'knative': 50} predicted_load=76 serverless_enabled=True
2026-02-14 20:14:05 [info     ] algorithm2_scaling_decision    action=MAINTAIN alpha=0.0069 beta=0.0 buffer=1.2 current_replicas=1 predicted_load=76.0 required_resources=0.524 target_replicas=1
2026-02-14 20:14:05 [debug    ] Decision loop completed        action=PREDICTIVE latency_ms=87.32 p99=12.0
2026-02-14 20:14:20 [debug    ] HAProxy latency                avg_rtime=6 max_rtime=59997 p99_est=12
2026-02-14 20:14:20 [debug    ] GRU prediction received        confidence=0.77 latency_ms=39.02 predicted=77
2026-02-14 20:14:20 [debug    ] Using GRU prediction           confidence=0.77 predicted=77
2026-02-14 20:14:20 [info     ] Algorithm 1: OPTIMIZE_COST     new_weights={'k3s': 55, 'knative': 45} p99=12.0 serverless_enabled=True
2026-02-14 20:14:20 [debug    ] HAProxy TCP command sent       command='show stat' response_length=2902
2026-02-14 20:14:20 [debug    ] Current weights retrieved via socket weights={'k3s': 55, 'knative': 45}
2026-02-14 20:14:20 [debug    ] Weights already set correctly  k3s=55 knative=45
2026-02-14 20:14:20 [info     ] Weights updated                action=OPTIMIZE_COST reason='Healthy state (12ms < 140ms), optimizing cost' weights={'k3s': 55, 'knative': 45}
2026-02-14 20:14:20 [info     ] algorithm2_scaling_decision    action=MAINTAIN alpha=0.0069 beta=0.0 buffer=1.2 current_replicas=1 predicted_load=77.0 required_resources=0.531 target_replicas=1
2026-02-14 20:14:20 [debug    ] Decision loop completed        action=OPTIMIZE_COST latency_ms=111.73 p99=12.0
2026-02-14 20:14:35 [debug    ] HAProxy latency                avg_rtime=6 max_rtime=59997 p99_est=12
2026-02-14 20:14:35 [debug    ] GRU prediction received        confidence=0.73 latency_ms=38.07 predicted=77
2026-02-14 20:14:35 [debug    ] Using GRU prediction           confidence=0.73 predicted=77
2026-02-14 20:14:35 [info     ] Algorithm 1: OPTIMIZE_COST     new_weights={'k3s': 60, 'knative': 40} p99=12.0 serverless_enabled=True
2026-02-14 20:14:35 [debug    ] HAProxy TCP command sent       command='show stat' response_length=2902
2026-02-14 20:14:35 [debug    ] Current weights retrieved via socket weights={'k3s': 60, 'knative': 40}
2026-02-14 20:14:35 [debug    ] Weights already set correctly  k3s=60 knative=40
2026-02-14 20:14:35 [info     ] Weights updated                action=OPTIMIZE_COST reason='Healthy state (12ms < 140ms), optimizing cost' weights={'k3s': 60, 'knative': 40}
2026-02-14 20:14:35 [info     ] algorithm2_scaling_decision    action=MAINTAIN alpha=0.0069 beta=0.0 buffer=1.2 current_replicas=1 predicted_load=77.0 required_resources=0.531 target_replicas=1
2026-02-14 20:14:35 [debug    ] Decision loop completed        action=OPTIMIZE_COST latency_ms=112.4 p99=12.0
2026-02-14 20:14:50 [debug    ] HAProxy latency                avg_rtime=5 max_rtime=59997 p99_est=10
2026-02-14 20:14:50 [debug    ] GRU prediction received        confidence=0.76 latency_ms=39.81 predicted=77
2026-02-14 20:14:50 [debug    ] Using GRU prediction           confidence=0.76 predicted=77
2026-02-14 20:14:50 [info     ] Algorithm 1: OPTIMIZE_COST     new_weights={'k3s': 65, 'knative': 35} p99=10.0 serverless_enabled=True
2026-02-14 20:14:50 [debug    ] HAProxy TCP command sent       command='show stat' response_length=2902
2026-02-14 20:14:50 [debug    ] Current weights retrieved via socket weights={'k3s': 65, 'knative': 35}
2026-02-14 20:14:50 [debug    ] Weights already set correctly  k3s=65 knative=35
2026-02-14 20:14:50 [info     ] Weights updated                action=OPTIMIZE_COST reason='Healthy state (10ms < 140ms), optimizing cost' weights={'k3s': 65, 'knative': 35}
2026-02-14 20:14:50 [info     ] algorithm2_scaling_decision    action=MAINTAIN alpha=0.0069 beta=0.0 buffer=1.2 current_replicas=1 predicted_load=77.0 required_resources=0.531 target_replicas=1
2026-02-14 20:14:50 [debug    ] Decision loop completed        action=OPTIMIZE_COST latency_ms=111.48 p99=10.0
2026-02-14 20:15:05 [debug    ] HAProxy latency                avg_rtime=5 max_rtime=59997 p99_est=10
2026-02-14 20:15:05 [debug    ] GRU prediction received        confidence=0.81 latency_ms=38.83 predicted=77
2026-02-14 20:15:05 [debug    ] Using GRU prediction           confidence=0.81 predicted=77
2026-02-14 20:15:05 [info     ] Algorithm 1: OPTIMIZE_COST     new_weights={'k3s': 70, 'knative': 30} p99=10.0 serverless_enabled=True
2026-02-14 20:15:05 [debug    ] HAProxy TCP command sent       command='show stat' response_length=2902
2026-02-14 20:15:05 [debug    ] Current weights retrieved via socket weights={'k3s': 70, 'knative': 30}
2026-02-14 20:15:05 [debug    ] Weights already set correctly  k3s=70 knative=30
2026-02-14 20:15:05 [info     ] Weights updated                action=OPTIMIZE_COST reason='Healthy state (10ms < 140ms), optimizing cost' weights={'k3s': 70, 'knative': 30}
2026-02-14 20:15:06 [info     ] algorithm2_scaling_decision    action=MAINTAIN alpha=0.0069 beta=0.0 buffer=1.2 current_replicas=1 predicted_load=77.0 required_resources=0.531 target_replicas=1
2026-02-14 20:15:06 [debug    ] Decision loop completed        action=OPTIMIZE_COST latency_ms=109.23 p99=10.0
2026-02-14 20:15:21 [debug    ] HAProxy latency                avg_rtime=5 max_rtime=59997 p99_est=10
2026-02-14 20:15:21 [debug    ] GRU prediction received        confidence=0.84 latency_ms=37.65 predicted=78
2026-02-14 20:15:21 [debug    ] Using GRU prediction           confidence=0.84 predicted=78
2026-02-14 20:15:21 [info     ] Algorithm 1: OPTIMIZE_COST     new_weights={'k3s': 75, 'knative': 25} p99=10.0 serverless_enabled=True
2026-02-14 20:15:21 [debug    ] HAProxy TCP command sent       command='show stat' response_length=2904
2026-02-14 20:15:21 [debug    ] Current weights retrieved via socket weights={'k3s': 75, 'knative': 25}
2026-02-14 20:15:21 [debug    ] Weights already set correctly  k3s=75 knative=25
2026-02-14 20:15:21 [info     ] Weights updated                action=OPTIMIZE_COST reason='Healthy state (10ms < 140ms), optimizing cost' weights={'k3s': 75, 'knative': 25}
2026-02-14 20:15:21 [info     ] algorithm2_scaling_decision    action=MAINTAIN alpha=0.0069 beta=0.0 buffer=1.2 current_replicas=1 predicted_load=78.0 required_resources=0.538 target_replicas=1
2026-02-14 20:15:21 [debug    ] Decision loop completed        action=OPTIMIZE_COST latency_ms=110.17 p99=10.0
2026-02-14 20:15:36 [debug    ] HAProxy latency                avg_rtime=5 max_rtime=59997 p99_est=10
2026-02-14 20:15:36 [debug    ] GRU prediction received        confidence=0.81 latency_ms=37.29 predicted=79
2026-02-14 20:15:36 [debug    ] Using GRU prediction           confidence=0.81 predicted=79
2026-02-14 20:15:36 [info     ] Algorithm 1: OPTIMIZE_COST     new_weights={'k3s': 80, 'knative': 20} p99=10.0 serverless_enabled=True
2026-02-14 20:15:36 [debug    ] HAProxy TCP command sent       command='show stat' response_length=2902
2026-02-14 20:15:36 [debug    ] Current weights retrieved via socket weights={'k3s': 80, 'knative': 20}
2026-02-14 20:15:36 [debug    ] Weights already set correctly  k3s=80 knative=20
2026-02-14 20:15:36 [info     ] Weights updated                action=OPTIMIZE_COST reason='Healthy state (10ms < 140ms), optimizing cost' weights={'k3s': 80, 'knative': 20}
2026-02-14 20:15:36 [info     ] algorithm2_scaling_decision    action=MAINTAIN alpha=0.0069 beta=0.0 buffer=1.2 current_replicas=1 predicted_load=79.0 required_resources=0.545 target_replicas=1
2026-02-14 20:15:36 [debug    ] Decision loop completed        action=OPTIMIZE_COST latency_ms=106.11 p99=10.0
2026-02-14 20:15:51 [debug    ] HAProxy latency                avg_rtime=6 max_rtime=59997 p99_est=12
2026-02-14 20:15:51 [debug    ] GRU prediction received        confidence=0.78 latency_ms=38.67 predicted=81
2026-02-14 20:15:51 [debug    ] Using GRU prediction           confidence=0.78 predicted=81
2026-02-14 20:15:51 [info     ] Algorithm 1: OPTIMIZE_COST     new_weights={'k3s': 85, 'knative': 15} p99=12.0 serverless_enabled=True
2026-02-14 20:15:51 [debug    ] HAProxy TCP command sent       command='show stat' response_length=2902
2026-02-14 20:15:51 [debug    ] Current weights retrieved via socket weights={'k3s': 85, 'knative': 15}
2026-02-14 20:15:51 [debug    ] Weights already set correctly  k3s=85 knative=15
2026-02-14 20:15:51 [info     ] Weights updated                action=OPTIMIZE_COST reason='Healthy state (12ms < 140ms), optimizing cost' weights={'k3s': 85, 'knative': 15}
2026-02-14 20:15:51 [info     ] algorithm2_scaling_decision    action=MAINTAIN alpha=0.0069 beta=0.0 buffer=1.2 current_replicas=1 predicted_load=81.0 required_resources=0.559 target_replicas=1
2026-02-14 20:15:51 [debug    ] Decision loop completed        action=OPTIMIZE_COST latency_ms=109.59 p99=12.0
2026-02-14 20:16:06 [debug    ] HAProxy latency                avg_rtime=6 max_rtime=59997 p99_est=12
2026-02-14 20:16:06 [debug    ] GRU prediction received        confidence=0.8 latency_ms=38.61 predicted=82
2026-02-14 20:16:06 [debug    ] Using GRU prediction           confidence=0.8 predicted=82
2026-02-14 20:16:06 [info     ] Algorithm 1: OPTIMIZE_COST     new_weights={'k3s': 90, 'knative': 10} p99=12.0 serverless_enabled=True
2026-02-14 20:16:06 [debug    ] HAProxy TCP command sent       command='show stat' response_length=2901
2026-02-14 20:16:06 [debug    ] Current weights retrieved via socket weights={'k3s': 90, 'knative': 10}
2026-02-14 20:16:06 [debug    ] Weights already set correctly  k3s=90 knative=10
2026-02-14 20:16:06 [info     ] Weights updated                action=OPTIMIZE_COST reason='Healthy state (12ms < 140ms), optimizing cost' weights={'k3s': 90, 'knative': 10}
2026-02-14 20:16:06 [info     ] algorithm2_scaling_decision    action=MAINTAIN alpha=0.0069 beta=0.0 buffer=1.2 current_replicas=1 predicted_load=82.0 required_resources=0.566 target_replicas=1
2026-02-14 20:16:06 [debug    ] Decision loop completed        action=OPTIMIZE_COST latency_ms=118.84 p99=12.0
2026-02-14 20:16:21 [debug    ] HAProxy latency                avg_rtime=5 max_rtime=59997 p99_est=10
2026-02-14 20:16:21 [debug    ] GRU prediction received        confidence=0.83 latency_ms=38.3 predicted=82
2026-02-14 20:16:21 [debug    ] Using GRU prediction           confidence=0.83 predicted=82
2026-02-14 20:16:21 [info     ] Algorithm 1: OPTIMIZE_COST     new_weights={'k3s': 95, 'knative': 5} p99=10.0 serverless_enabled=True
2026-02-14 20:16:21 [debug    ] HAProxy TCP command sent       command='show stat' response_length=2899
2026-02-14 20:16:21 [debug    ] Current weights retrieved via socket weights={'k3s': 95, 'knative': 5}
2026-02-14 20:16:21 [debug    ] Weights already set correctly  k3s=95 knative=5
2026-02-14 20:16:21 [info     ] Weights updated                action=OPTIMIZE_COST reason='Healthy state (10ms < 140ms), optimizing cost' weights={'k3s': 95, 'knative': 5}
2026-02-14 20:16:21 [info     ] algorithm2_scaling_decision    action=MAINTAIN alpha=0.0069 beta=0.0 buffer=1.2 current_replicas=1 predicted_load=82.0 required_resources=0.566 target_replicas=1
2026-02-14 20:16:21 [debug    ] Decision loop completed        action=OPTIMIZE_COST latency_ms=111.18 p99=10.0
2026-02-14 20:16:36 [debug    ] HAProxy latency                avg_rtime=5 max_rtime=59997 p99_est=10
2026-02-14 20:16:36 [debug    ] GRU prediction received        confidence=0.78 latency_ms=37.77 predicted=80
2026-02-14 20:16:36 [debug    ] Using GRU prediction           confidence=0.78 predicted=80
2026-02-14 20:16:36 [info     ] Algorithm 1: Disabling serverless backend (weight=0, allow scale-to-zero)
2026-02-14 20:16:36 [info     ] Algorithm 1: OPTIMIZE_COST     new_weights={'k3s': 100, 'knative': 0} p99=10.0 serverless_enabled=False
2026-02-14 20:16:36 [debug    ] HAProxy TCP command sent       command='show stat' response_length=2902
2026-02-14 20:16:36 [debug    ] Current weights retrieved via socket weights={'k3s': 100, 'knative': 0}
2026-02-14 20:16:36 [debug    ] Weights already set correctly  k3s=100 knative=0
2026-02-14 20:16:36 [info     ] Weights updated                action=OPTIMIZE_COST reason='Healthy state (10ms < 140ms), optimizing cost' weights={'k3s': 100, 'knative': 0}
2026-02-14 20:16:36 [info     ] algorithm2_scaling_decision    action=MAINTAIN alpha=0.0069 beta=0.0 buffer=1.2 current_replicas=1 predicted_load=80.0 required_resources=0.552 target_replicas=1
2026-02-14 20:16:36 [debug    ] Decision loop completed        action=OPTIMIZE_COST latency_ms=109.08 p99=10.0
2026-02-14 20:16:51 [debug    ] HAProxy latency                avg_rtime=5 max_rtime=59997 p99_est=10
2026-02-14 20:16:51 [debug    ] GRU prediction received        confidence=0.72 latency_ms=39.29 predicted=78
2026-02-14 20:16:51 [debug    ] Using GRU prediction           confidence=0.72 predicted=78
2026-02-14 20:16:51 [info     ] Algorithm 1: Enabling serverless backend for PREDICTIVE scale out
2026-02-14 20:16:51 [info     ] Pre-warming Knative service    host=test-app.default.localhost url=http://localhost:8081
2026-02-14 20:16:51 [warning  ] Knative pre-warm returned non-200 cold_start_ms=1.8265247344970703 status=404
2026-02-14 20:16:51 [info     ] Algorithm 1: PREDICTIVE scale out current_load=52.93333333333333 load_change=0.4735516372795971 new_weights={'k3s': 90, 'knative': 10} predicted_load=78 serverless_enabled=True
2026-02-14 20:16:51 [debug    ] HAProxy TCP command sent       command='show stat' response_length=2901
2026-02-14 20:16:51 [debug    ] Current weights retrieved via socket weights={'k3s': 90, 'knative': 10}
2026-02-14 20:16:51 [debug    ] Weights already set correctly  k3s=90 knative=10
2026-02-14 20:16:51 [info     ] Weights updated                action=PREDICTIVE reason='Predicted 47% load increase (confidence: 72%)' weights={'k3s': 90, 'knative': 10}
2026-02-14 20:16:51 [info     ] algorithm2_scaling_decision    action=MAINTAIN alpha=0.0069 beta=0.0 buffer=1.2 current_replicas=1 predicted_load=78.0 required_resources=0.538 target_replicas=1
2026-02-14 20:16:51 [debug    ] Decision loop completed        action=PREDICTIVE latency_ms=79.04 p99=10.0
2026-02-14 20:17:06 [debug    ] HAProxy latency                avg_rtime=6 max_rtime=59997 p99_est=12
2026-02-14 20:17:06 [debug    ] GRU prediction received        confidence=0.72 latency_ms=37.99 predicted=76
2026-02-14 20:17:06 [debug    ] Using GRU prediction           confidence=0.72 predicted=76
2026-02-14 20:17:06 [info     ] Algorithm 1: PREDICTIVE scale out current_load=47.79999999999999 load_change=0.5899581589958163 new_weights={'k3s': 80, 'knative': 20} predicted_load=76 serverless_enabled=True
2026-02-14 20:17:06 [debug    ] HAProxy TCP command sent       command='show stat' response_length=2902
2026-02-14 20:17:06 [debug    ] Current weights retrieved via socket weights={'k3s': 80, 'knative': 20}
2026-02-14 20:17:06 [debug    ] Weights already set correctly  k3s=80 knative=20
2026-02-14 20:17:06 [info     ] Weights updated                action=PREDICTIVE reason='Predicted 59% load increase (confidence: 72%)' weights={'k3s': 80, 'knative': 20}
2026-02-14 20:17:06 [info     ] algorithm2_scaling_decision    action=MAINTAIN alpha=0.0069 beta=0.0 buffer=1.2 current_replicas=1 predicted_load=76.0 required_resources=0.524 target_replicas=1
2026-02-14 20:17:06 [debug    ] Decision loop completed        action=PREDICTIVE latency_ms=80.52 p99=12.0
2026-02-14 20:17:21 [debug    ] HAProxy latency                avg_rtime=6 max_rtime=59997 p99_est=12
2026-02-14 20:17:21 [debug    ] GRU prediction received        confidence=0.72 latency_ms=38.4 predicted=75
2026-02-14 20:17:21 [debug    ] Using GRU prediction           confidence=0.72 predicted=75
2026-02-14 20:17:21 [info     ] Algorithm 1: PREDICTIVE scale out current_load=50.377777777777766 load_change=0.48875165416850497 new_weights={'k3s': 70, 'knative': 30} predicted_load=75 serverless_enabled=True
2026-02-14 20:17:21 [debug    ] HAProxy TCP command sent       command='show stat' response_length=2902
2026-02-14 20:17:21 [debug    ] Current weights retrieved via socket weights={'k3s': 70, 'knative': 30}
2026-02-14 20:17:21 [debug    ] Weights already set correctly  k3s=70 knative=30
2026-02-14 20:17:21 [info     ] Weights updated                action=PREDICTIVE reason='Predicted 49% load increase (confidence: 72%)' weights={'k3s': 70, 'knative': 30}
2026-02-14 20:17:21 [info     ] algorithm2_scaling_decision    action=MAINTAIN alpha=0.0069 beta=0.0 buffer=1.2 current_replicas=1 predicted_load=75.0 required_resources=0.517 target_replicas=1
2026-02-14 20:17:21 [debug    ] Decision loop completed        action=PREDICTIVE latency_ms=77.79 p99=12.0
2026-02-14 20:17:36 [debug    ] HAProxy latency                avg_rtime=6 max_rtime=59997 p99_est=12
2026-02-14 20:17:36 [debug    ] GRU prediction received        confidence=0.81 latency_ms=38.68 predicted=74
2026-02-14 20:17:36 [debug    ] Using GRU prediction           confidence=0.81 predicted=74
2026-02-14 20:17:36 [info     ] Algorithm 1: PREDICTIVE scale out current_load=54.57777777777777 load_change=0.35586319218241064 new_weights={'k3s': 60, 'knative': 40} predicted_load=74 serverless_enabled=True
2026-02-14 20:17:36 [debug    ] HAProxy TCP command sent       command='show stat' response_length=2902
2026-02-14 20:17:36 [debug    ] Current weights retrieved via socket weights={'k3s': 60, 'knative': 40}
2026-02-14 20:17:36 [debug    ] Weights already set correctly  k3s=60 knative=40
2026-02-14 20:17:36 [info     ] Weights updated                action=PREDICTIVE reason='Predicted 36% load increase (confidence: 81%)' weights={'k3s': 60, 'knative': 40}
2026-02-14 20:17:36 [info     ] algorithm2_scaling_decision    action=MAINTAIN alpha=0.0069 beta=0.0 buffer=1.2 current_replicas=1 predicted_load=74.0 required_resources=0.511 target_replicas=1
2026-02-14 20:17:36 [debug    ] Decision loop completed        action=PREDICTIVE latency_ms=77.85 p99=12.0
2026-02-14 20:17:52 [debug    ] HAProxy latency                avg_rtime=6 max_rtime=59997 p99_est=12
2026-02-14 20:17:52 [debug    ] GRU prediction received        confidence=0.85 latency_ms=38.63 predicted=74
2026-02-14 20:17:52 [debug    ] Using GRU prediction           confidence=0.85 predicted=74
2026-02-14 20:17:52 [info     ] Algorithm 1: PREDICTIVE scale out current_load=56.08888888888888 load_change=0.31933438985736945 new_weights={'k3s': 50, 'knative': 50} predicted_load=74 serverless_enabled=True
2026-02-14 20:17:52 [debug    ] HAProxy TCP command sent       command='show stat' response_length=2902
2026-02-14 20:17:52 [debug    ] Current weights retrieved via socket weights={'k3s': 50, 'knative': 50}
2026-02-14 20:17:52 [debug    ] Weights already set correctly  k3s=50 knative=50
2026-02-14 20:17:52 [info     ] Weights updated                action=PREDICTIVE reason='Predicted 32% load increase (confidence: 85%)' weights={'k3s': 50, 'knative': 50}
2026-02-14 20:17:52 [info     ] algorithm2_scaling_decision    action=MAINTAIN alpha=0.0069 beta=0.0 buffer=1.2 current_replicas=1 predicted_load=74.0 required_resources=0.511 target_replicas=1
2026-02-14 20:17:52 [debug    ] Decision loop completed        action=PREDICTIVE latency_ms=77.29 p99=12.0
2026-02-14 20:18:07 [debug    ] HAProxy latency                avg_rtime=6 max_rtime=59997 p99_est=12
2026-02-14 20:18:07 [debug    ] GRU prediction received        confidence=0.85 latency_ms=40.65 predicted=73
2026-02-14 20:18:07 [debug    ] Using GRU prediction           confidence=0.85 predicted=73
2026-02-14 20:18:07 [info     ] Algorithm 1: PREDICTIVE scale out current_load=51.28888888888888 load_change=0.4233102253032932 new_weights={'k3s': 50, 'knative': 50} predicted_load=73 serverless_enabled=True
2026-02-14 20:18:07 [info     ] algorithm2_scaling_decision    action=MAINTAIN alpha=0.0069 beta=0.0 buffer=1.2 current_replicas=1 predicted_load=73.0 required_resources=0.504 target_replicas=1
2026-02-14 20:18:07 [debug    ] Decision loop completed        action=PREDICTIVE latency_ms=81.43 p99=12.0
2026-02-14 20:18:22 [debug    ] HAProxy latency                avg_rtime=6 max_rtime=59997 p99_est=12
2026-02-14 20:18:22 [debug    ] GRU prediction received        confidence=0.83 latency_ms=40.22 predicted=72
2026-02-14 20:18:22 [debug    ] Using GRU prediction           confidence=0.83 predicted=72
2026-02-14 20:18:22 [info     ] Algorithm 1: PREDICTIVE scale out current_load=44.77777777777777 load_change=0.6079404466501243 new_weights={'k3s': 50, 'knative': 50} predicted_load=72 serverless_enabled=True
2026-02-14 20:18:22 [info     ] algorithm2_scaling_decision    action=MAINTAIN alpha=0.0069 beta=0.0 buffer=1.2 current_replicas=1 predicted_load=72.0 required_resources=0.497 target_replicas=1
2026-02-14 20:18:22 [debug    ] Decision loop completed        action=PREDICTIVE latency_ms=81.83 p99=12.0
2026-02-14 20:18:37 [debug    ] HAProxy latency                avg_rtime=6 max_rtime=59997 p99_est=12
2026-02-14 20:18:37 [debug    ] GRU prediction received        confidence=0.79 latency_ms=39.3 predicted=71
2026-02-14 20:18:37 [debug    ] Using GRU prediction           confidence=0.79 predicted=71
2026-02-14 20:18:37 [info     ] Algorithm 1: PREDICTIVE scale out current_load=40.755555555555546 load_change=0.7420937840785173 new_weights={'k3s': 50, 'knative': 50} predicted_load=71 serverless_enabled=True
2026-02-14 20:18:37 [info     ] algorithm2_scaling_decision    action=MAINTAIN alpha=0.0069 beta=0.0 buffer=1.2 current_replicas=1 predicted_load=71.0 required_resources=0.49 target_replicas=1
2026-02-14 20:18:37 [debug    ] Decision loop completed        action=PREDICTIVE latency_ms=79.03 p99=12.0
2026-02-14 20:18:52 [debug    ] HAProxy latency                avg_rtime=6 max_rtime=59997 p99_est=12
2026-02-14 20:18:52 [debug    ] GRU prediction received        confidence=0.78 latency_ms=39.1 predicted=70
2026-02-14 20:18:52 [debug    ] Using GRU prediction           confidence=0.78 predicted=70
2026-02-14 20:18:52 [info     ] Algorithm 1: PREDICTIVE scale out current_load=40.99999999999999 load_change=0.707317073170732 new_weights={'k3s': 50, 'knative': 50} predicted_load=70 serverless_enabled=True
2026-02-14 20:18:52 [info     ] algorithm2_scaling_decision    action=MAINTAIN alpha=0.0069 beta=0.0 buffer=1.2 current_replicas=1 predicted_load=70.0 required_resources=0.483 target_replicas=1
2026-02-14 20:18:52 [debug    ] Decision loop completed        action=PREDICTIVE latency_ms=75.08 p99=12.0
2026-02-14 20:19:07 [debug    ] HAProxy latency                avg_rtime=6 max_rtime=59997 p99_est=12
2026-02-14 20:19:07 [debug    ] GRU prediction received        confidence=0.82 latency_ms=39.84 predicted=69
2026-02-14 20:19:07 [debug    ] Using GRU prediction           confidence=0.82 predicted=69
2026-02-14 20:19:07 [info     ] Algorithm 1: PREDICTIVE scale out current_load=44.08888888888888 load_change=0.5650201612903228 new_weights={'k3s': 50, 'knative': 50} predicted_load=69 serverless_enabled=True
2026-02-14 20:19:07 [info     ] algorithm2_scaling_decision    action=MAINTAIN alpha=0.0069 beta=0.0 buffer=1.2 current_replicas=1 predicted_load=69.0 required_resources=0.476 target_replicas=1
2026-02-14 20:19:07 [debug    ] Decision loop completed        action=PREDICTIVE latency_ms=77.82 p99=12.0
2026-02-14 20:19:22 [debug    ] HAProxy latency                avg_rtime=6 max_rtime=59997 p99_est=12
2026-02-14 20:19:22 [debug    ] GRU prediction received        confidence=0.86 latency_ms=38.41 predicted=69
2026-02-14 20:19:22 [debug    ] Using GRU prediction           confidence=0.86 predicted=69
2026-02-14 20:19:22 [info     ] Algorithm 1: PREDICTIVE scale out current_load=45.844444444444434 load_change=0.5050896752302475 new_weights={'k3s': 50, 'knative': 50} predicted_load=69 serverless_enabled=True
2026-02-14 20:19:22 [info     ] algorithm2_scaling_decision    action=MAINTAIN alpha=0.0069 beta=0.0 buffer=1.2 current_replicas=1 predicted_load=69.0 required_resources=0.476 target_replicas=1
2026-02-14 20:19:22 [debug    ] Decision loop completed        action=PREDICTIVE latency_ms=75.85 p99=12.0
2026-02-14 20:19:37 [debug    ] HAProxy latency                avg_rtime=6 max_rtime=59997 p99_est=12
2026-02-14 20:19:37 [debug    ] GRU prediction received        confidence=0.79 latency_ms=38.9 predicted=68
2026-02-14 20:19:37 [debug    ] Using GRU prediction           confidence=0.79 predicted=68
2026-02-14 20:19:37 [info     ] Algorithm 1: PREDICTIVE scale out current_load=31.71111111111111 load_change=1.1443587946741418 new_weights={'k3s': 50, 'knative': 50} predicted_load=68 serverless_enabled=True
2026-02-14 20:19:37 [info     ] algorithm2_scaling_decision    action=MAINTAIN alpha=0.0069 beta=0.0 buffer=1.2 current_replicas=1 predicted_load=68.0 required_resources=0.469 target_replicas=1
2026-02-14 20:19:37 [debug    ] Decision loop completed        action=PREDICTIVE latency_ms=80.3 p99=12.0
2026-02-14 20:19:52 [debug    ] HAProxy latency                avg_rtime=6 max_rtime=59997 p99_est=12
2026-02-14 20:19:52 [debug    ] GRU prediction received        confidence=0.72 latency_ms=38.63 predicted=66
2026-02-14 20:19:52 [debug    ] Using GRU prediction           confidence=0.72 predicted=66
2026-02-14 20:19:52 [info     ] Algorithm 1: PREDICTIVE scale out current_load=16.244444444444444 load_change=3.062927496580028 new_weights={'k3s': 50, 'knative': 50} predicted_load=66 serverless_enabled=True
2026-02-14 20:19:52 [info     ] algorithm2_scaling_decision    action=MAINTAIN alpha=0.0069 beta=0.0 buffer=1.2 current_replicas=1 predicted_load=66.0 required_resources=0.455 target_replicas=1
2026-02-14 20:19:52 [debug    ] Decision loop completed        action=PREDICTIVE latency_ms=76.71 p99=12.0
2026-02-14 20:20:07 [debug    ] HAProxy latency                avg_rtime=6 max_rtime=59997 p99_est=12
2026-02-14 20:20:07 [debug    ] GRU prediction received        confidence=0.72 latency_ms=37.65 predicted=64
2026-02-14 20:20:07 [debug    ] Using GRU prediction           confidence=0.72 predicted=64
2026-02-14 20:20:07 [info     ] Algorithm 1: PREDICTIVE scale out current_load=0.8444444444444443 load_change=74.78947368421053 new_weights={'k3s': 50, 'knative': 50} predicted_load=64 serverless_enabled=True
2026-02-14 20:20:07 [info     ] algorithm2_scaling_decision    action=MAINTAIN alpha=0.0069 beta=0.0 buffer=1.2 current_replicas=1 predicted_load=64.0 required_resources=0.442 target_replicas=1
2026-02-14 20:20:07 [debug    ] Decision loop completed        action=PREDICTIVE latency_ms=79.67 p99=12.0
2026-02-14 20:20:20 [info     ] Received shutdown signal
2026-02-14 20:20:20 [info     ] Stopping routing daemon...
2026-02-14 20:20:20 [info     ] Routing daemon stopped
