2026-08-09 07:15:46 [info     ] SLOMonitor initialized         threshold_ms=200.0 violation_window=30
2026-08-09 07:15:46 [info     ] Algorithm1ControllerV3 initialized max_knative=50 r_saturation=33.3 target_cpu_util=0.5 total_budget=1000
2026-08-09 07:15:46 [info     ] Using V3 controller (Capacity-Driven) scenario=s4-hybrid-predictive version=v3
2026-08-09 07:15:46 [info     ] HAProxyWeightAdjuster initialized backend=servers host=localhost port=19999
2026-08-09 07:15:46 [info     ] GRUClient initialized          base_url=http://localhost:8090
2026-08-09 07:15:46 [info     ] K8sScaler initialized          deployment=test-app-warm namespace=default
2026-08-09 07:15:46 [info     ] RoutingDaemon initialized      decision_interval=15 description='Algorithm 1 with GRU predictions (Algorithm 2)' scenario=s4-hybrid-predictive use_algorithm=True use_predictions=True
2026-08-09 07:15:46 [info     ] Starting routing daemon        interval=15 scenario=s4-hybrid-predictive
2026-08-09 07:15:46 [info     ] Weights updated                k3s=80 knative=20
2026-08-09 07:15:46 [info     ] Initial weights applied        k3s=80 knative=20
2026-08-09 07:15:46 [debug    ] HAProxy fallback primed        total_requests=0
2026-08-09 07:15:46 [info     ] Model status validated         prediction_horizon=9 sample_interval_sec=15 sequence_length=30
2026-08-09 07:15:46 [info     ] Model status validated on first eligible cycle prediction_horizon=9 sequence_length=30
2026-08-09 07:15:46 [info     ] algorithm2_scaling_decision    action=MAINTAIN alpha=0.060060060060060066 beta=0.0 buffer=1.0 current_replicas=3 predicted_load=0.0 required_resources=0.0 target_replicas=3
2026-08-09 07:15:46 [info     ] algorithm2_decision            action=MAINTAIN applied_target=3 current_replicas=3 hold_until=0.0 observed_load=0.0 observed_target=3 point_forecasts=None prediction_age_sec=None predictive_target=3 proactive=False scenario=s4-hybrid-predictive target_replicas=3 upper_forecasts=None
2026-08-09 07:15:46 [debug    ] Decision loop completed        action=MAINTAIN latency_ms=106.84 p99=0.0
2026-08-09 07:16:01 [info     ] algorithm2_scaling_decision    action=MAINTAIN alpha=0.060060060060060066 beta=0.0 buffer=1.0 current_replicas=3 predicted_load=0.0 required_resources=0.0 target_replicas=3
2026-08-09 07:16:01 [info     ] algorithm2_decision            action=MAINTAIN applied_target=3 current_replicas=3 hold_until=0.0 observed_load=0.0 observed_target=3 point_forecasts=None prediction_age_sec=None predictive_target=3 proactive=False scenario=s4-hybrid-predictive target_replicas=3 upper_forecasts=None
2026-08-09 07:16:01 [debug    ] Decision loop completed        action=MAINTAIN latency_ms=105.1 p99=0.0
2026-08-09 07:16:16 [info     ] algorithm2_scaling_decision    action=MAINTAIN alpha=0.060060060060060066 beta=0.0 buffer=1.0 current_replicas=3 predicted_load=0.0 required_resources=0.0 target_replicas=3
2026-08-09 07:16:16 [info     ] algorithm2_decision            action=MAINTAIN applied_target=3 current_replicas=3 hold_until=0.0 observed_load=0.0 observed_target=3 point_forecasts=None prediction_age_sec=None predictive_target=3 proactive=False scenario=s4-hybrid-predictive target_replicas=3 upper_forecasts=None
2026-08-09 07:16:16 [debug    ] Decision loop completed        action=MAINTAIN latency_ms=106.47 p99=0.0
2026-08-09 07:16:31 [debug    ] HAProxy fallback latency       delta_requests=638 interval_avg_ms=64.0 max_rtime_ms=89.0 p99_est=89.0
2026-08-09 07:16:31 [info     ] controller_decision_v3         action=RECOVERY available_replicas=3 budget_remaining=1000 burn_adjustment=0 burst_ratio=0 capacity_deficit=False confidence=0 current_load=42.168161715211575 decision_id=24dc4ece k8s_capacity=49.9 k8s_weight=100 knative_weight=0 p99=89.0 predicted_load=0 r_effective=16.6 serverless_enabled=False total_load=42.2 weights_after={'k3s': 100, 'knative': 0} weights_before={'k3s': 80, 'knative': 20}
2026-08-09 07:16:31 [info     ] Weights updated                k3s=100 knative=0
2026-08-09 07:16:31 [info     ] Weights updated                action=RECOVERY reason='load=42RPS | k8s_cap=50RPS | (reducing-serverless)' weights={'k3s': 100, 'knative': 0}
2026-08-09 07:16:31 [info     ] algorithm2_scaling_decision    action=MAINTAIN alpha=0.060060060060060066 beta=0.0 buffer=1.0 current_replicas=3 predicted_load=21.084080857605787 required_resources=1.266 target_replicas=3
2026-08-09 07:16:31 [info     ] algorithm2_decision            action=MAINTAIN applied_target=3 current_replicas=3 hold_until=0.0 observed_load=21.08 observed_target=3 point_forecasts=None prediction_age_sec=None predictive_target=3 proactive=False scenario=s4-hybrid-predictive target_replicas=3 upper_forecasts=None
2026-08-09 07:16:31 [debug    ] Decision loop completed        action=RECOVERY latency_ms=134.6 p99=89.0
2026-08-09 07:16:46 [debug    ] HAProxy fallback latency       delta_requests=666 interval_avg_ms=64.0 max_rtime_ms=117.0 p99_est=117.0
2026-08-09 07:16:46 [info     ] algorithm2_scaling_decision    action=MAINTAIN alpha=0.060060060060060066 beta=0.0 buffer=1.0 current_replicas=3 predicted_load=43.0868567580638 required_resources=2.588 target_replicas=3
2026-08-09 07:16:46 [info     ] algorithm2_decision            action=MAINTAIN applied_target=3 current_replicas=3 hold_until=0.0 observed_load=43.09 observed_target=3 point_forecasts=None prediction_age_sec=None predictive_target=3 proactive=False scenario=s4-hybrid-predictive target_replicas=3 upper_forecasts=None
2026-08-09 07:16:46 [debug    ] Decision loop completed        action=MAINTAIN latency_ms=104.2 p99=117.0
2026-08-09 07:17:01 [debug    ] HAProxy fallback latency       delta_requests=715 interval_avg_ms=66.82 max_rtime_ms=117.0 p99_est=117.0
2026-08-09 07:17:01 [info     ] algorithm2_scaling_decision    action=MAINTAIN alpha=0.060060060060060066 beta=0.0 buffer=1.0 current_replicas=3 predicted_load=45.670575676344804 required_resources=2.743 target_replicas=3
2026-08-09 07:17:01 [info     ] algorithm2_decision            action=MAINTAIN applied_target=3 current_replicas=3 hold_until=0.0 observed_load=45.67 observed_target=3 point_forecasts=None prediction_age_sec=None predictive_target=3 proactive=False scenario=s4-hybrid-predictive target_replicas=3 upper_forecasts=None
2026-08-09 07:17:01 [debug    ] Decision loop completed        action=MAINTAIN latency_ms=103.29 p99=117.0
2026-08-09 07:17:16 [debug    ] HAProxy fallback latency       delta_requests=822 interval_avg_ms=68.46 max_rtime_ms=143.0 p99_est=136.91
2026-08-09 07:17:16 [info     ] Knative pre-warm OK            cold_start_ms=2.9
2026-08-09 07:17:16 [info     ] controller_decision_v3         action=REACTIVE available_replicas=3 budget_remaining=1000 burn_adjustment=0 burst_ratio=0.0811 capacity_deficit=False confidence=0 current_load=54.36079060933601 decision_id=3bcb8e65 k8s_capacity=49.9 k8s_weight=91 knative_weight=9 p99=136.9 predicted_load=0 r_effective=16.6 serverless_enabled=True total_load=54.4 weights_after={'k3s': 91, 'knative': 9} weights_before={'k3s': 100, 'knative': 0}
2026-08-09 07:17:16 [info     ] Weights updated                k3s=91 knative=9
2026-08-09 07:17:16 [info     ] Weights updated                action=REACTIVE reason='load=54RPS | k8s_cap=50RPS | (burst-routing)' weights={'k3s': 91, 'knative': 9}
2026-08-09 07:17:16 [info     ] algorithm2_scaling_decision    action=SCALE_UP alpha=0.060060060060060066 beta=0.0 buffer=1.0 current_replicas=3 predicted_load=50.84819508055479 required_resources=3.054 target_replicas=4
2026-08-09 07:17:16 [info     ] algorithm2_decision            action=SCALE_UP applied_target=4 current_replicas=3 hold_until=0.0 observed_load=50.85 observed_target=4 point_forecasts=None prediction_age_sec=None predictive_target=3 proactive=False scenario=s4-hybrid-predictive target_replicas=4 upper_forecasts=None
2026-08-09 07:17:16 [info     ] k8s_scale_executed             deployment=test-app-warm replicas=4
2026-08-09 07:17:16 [debug    ] Decision loop completed        action=REACTIVE latency_ms=142.02 p99=136.91240875912408
2026-08-09 07:17:31 [debug    ] HAProxy fallback latency       delta_requests=770 interval_avg_ms=66.0 max_rtime_ms=143.0 p99_est=132.0
2026-08-09 07:17:31 [info     ] controller_decision_v3         action=RECOVERY available_replicas=4 budget_remaining=1000 burn_adjustment=0 burst_ratio=0 capacity_deficit=False confidence=0 current_load=50.850453916575546 decision_id=28cd3699 k8s_capacity=66.6 k8s_weight=100 knative_weight=0 p99=132.0 predicted_load=0 r_effective=16.6 serverless_enabled=False total_load=50.9 weights_after={'k3s': 100, 'knative': 0} weights_before={'k3s': 91, 'knative': 9}
2026-08-09 07:17:32 [info     ] Weights updated                k3s=100 knative=0
2026-08-09 07:17:32 [info     ] Weights updated                action=RECOVERY reason='load=51RPS | k8s_cap=67RPS | (reducing-serverless)' weights={'k3s': 100, 'knative': 0}
2026-08-09 07:17:32 [info     ] Scale readiness observed       elapsed_sec=15.1 ewma_delay=46.5 samples=1 target=4
2026-08-09 07:17:32 [info     ] algorithm2_scaling_decision    action=MAINTAIN alpha=0.060060060060060066 beta=0.0 buffer=1.0 current_replicas=4 predicted_load=52.60562226295578 required_resources=3.159 target_replicas=4
2026-08-09 07:17:32 [info     ] algorithm2_decision            action=MAINTAIN applied_target=4 current_replicas=4 hold_until=0.0 observed_load=52.61 observed_target=4 point_forecasts=None prediction_age_sec=None predictive_target=3 proactive=False scenario=s4-hybrid-predictive target_replicas=4 upper_forecasts=None
2026-08-09 07:17:32 [debug    ] Decision loop completed        action=RECOVERY latency_ms=129.77 p99=132.0
2026-08-09 07:17:47 [debug    ] HAProxy fallback latency       delta_requests=548 interval_avg_ms=66.0 max_rtime_ms=143.0 p99_est=132.0
2026-08-09 07:17:47 [info     ] algorithm2_scaling_decision    action=MAINTAIN alpha=0.060060060060060066 beta=0.0 buffer=1.0 current_replicas=4 predicted_load=43.568490157803026 required_resources=2.617 target_replicas=3
2026-08-09 07:17:47 [info     ] algorithm2_decision            action=MAINTAIN applied_target=3 current_replicas=4 hold_until=0.0 observed_load=43.57 observed_target=3 point_forecasts=None prediction_age_sec=None predictive_target=3 proactive=False scenario=s4-hybrid-predictive target_replicas=3 upper_forecasts=None
2026-08-09 07:17:47 [debug    ] Decision loop completed        action=MAINTAIN latency_ms=99.62 p99=132.0
2026-08-09 07:18:02 [debug    ] HAProxy fallback latency       delta_requests=411 interval_avg_ms=66.0 max_rtime_ms=143.0 p99_est=132.0
2026-08-09 07:18:02 [info     ] algorithm2_scaling_decision    action=MAINTAIN alpha=0.060060060060060066 beta=0.0 buffer=1.0 current_replicas=4 predicted_load=31.751823589680292 required_resources=1.907 target_replicas=3
2026-08-09 07:18:02 [info     ] algorithm2_decision            action=MAINTAIN applied_target=3 current_replicas=4 hold_until=0.0 observed_load=31.75 observed_target=3 point_forecasts=None prediction_age_sec=None predictive_target=3 proactive=False scenario=s4-hybrid-predictive target_replicas=3 upper_forecasts=None
2026-08-09 07:18:02 [debug    ] Decision loop completed        action=MAINTAIN latency_ms=105.28 p99=132.0
2026-08-09 07:18:17 [debug    ] HAProxy fallback latency       delta_requests=358 interval_avg_ms=66.0 max_rtime_ms=143.0 p99_est=132.0
2026-08-09 07:18:17 [info     ] algorithm2_scaling_decision    action=MAINTAIN alpha=0.060060060060060066 beta=0.0 buffer=1.0 current_replicas=4 predicted_load=25.45875661799198 required_resources=1.529 target_replicas=3
2026-08-09 07:18:17 [info     ] algorithm2_decision            action=MAINTAIN applied_target=3 current_replicas=4 hold_until=0.0 observed_load=25.46 observed_target=3 point_forecasts=None prediction_age_sec=None predictive_target=3 proactive=False scenario=s4-hybrid-predictive target_replicas=3 upper_forecasts=None
2026-08-09 07:18:17 [debug    ] Decision loop completed        action=MAINTAIN latency_ms=105.82 p99=132.0
2026-08-09 07:18:32 [debug    ] HAProxy fallback latency       delta_requests=482 interval_avg_ms=66.0 max_rtime_ms=143.0 p99_est=132.0
2026-08-09 07:18:32 [info     ] algorithm2_scaling_decision    action=MAINTAIN alpha=0.060060060060060066 beta=0.0 buffer=1.0 current_replicas=4 predicted_load=27.80520318530402 required_resources=1.67 target_replicas=3
2026-08-09 07:18:32 [info     ] algorithm2_decision            action=MAINTAIN applied_target=3 current_replicas=4 hold_until=0.0 observed_load=27.81 observed_target=3 point_forecasts=None prediction_age_sec=None predictive_target=3 proactive=False scenario=s4-hybrid-predictive target_replicas=3 upper_forecasts=None
2026-08-09 07:18:32 [debug    ] Decision loop completed        action=MAINTAIN latency_ms=102.79 p99=132.0
2026-08-09 07:18:47 [debug    ] HAProxy fallback latency       delta_requests=772 interval_avg_ms=57.99 max_rtime_ms=143.0 p99_est=115.98
2026-08-09 07:18:47 [info     ] algorithm2_scaling_decision    action=MAINTAIN alpha=0.060060060060060066 beta=0.0 buffer=1.0 current_replicas=4 predicted_load=41.47976910137726 required_resources=2.491 target_replicas=3
2026-08-09 07:18:47 [info     ] algorithm2_decision            action=MAINTAIN applied_target=3 current_replicas=4 hold_until=0.0 observed_load=41.48 observed_target=3 point_forecasts=None prediction_age_sec=None predictive_target=3 proactive=False scenario=s4-hybrid-predictive target_replicas=3 upper_forecasts=None
2026-08-09 07:18:47 [debug    ] Decision loop completed        action=MAINTAIN latency_ms=105.76 p99=115.98445595854922
2026-08-09 07:19:02 [debug    ] HAProxy fallback latency       delta_requests=813 interval_avg_ms=65.0 max_rtime_ms=143.0 p99_est=130.0
2026-08-09 07:19:02 [info     ] algorithm2_scaling_decision    action=MAINTAIN alpha=0.060060060060060066 beta=0.0 buffer=1.0 current_replicas=4 predicted_load=52.43456668651515 required_resources=3.149 target_replicas=4
2026-08-09 07:19:02 [info     ] algorithm2_decision            action=MAINTAIN applied_target=4 current_replicas=4 hold_until=0.0 observed_load=52.43 observed_target=4 point_forecasts=None prediction_age_sec=None predictive_target=3 proactive=False scenario=s4-hybrid-predictive target_replicas=4 upper_forecasts=None
2026-08-09 07:19:02 [debug    ] Decision loop completed        action=MAINTAIN latency_ms=103.58 p99=130.0
2026-08-09 07:19:17 [debug    ] HAProxy fallback latency       delta_requests=638 interval_avg_ms=65.0 max_rtime_ms=143.0 p99_est=130.0
2026-08-09 07:19:17 [info     ] algorithm2_scaling_decision    action=MAINTAIN alpha=0.060060060060060066 beta=0.0 buffer=1.0 current_replicas=4 predicted_load=48.03020215920617 required_resources=2.885 target_replicas=3
2026-08-09 07:19:17 [info     ] algorithm2_decision            action=MAINTAIN applied_target=3 current_replicas=4 hold_until=0.0 observed_load=48.03 observed_target=3 point_forecasts=None prediction_age_sec=None predictive_target=3 proactive=False scenario=s4-hybrid-predictive target_replicas=3 upper_forecasts=None
2026-08-09 07:19:17 [debug    ] Decision loop completed        action=MAINTAIN latency_ms=97.71 p99=130.0
2026-08-09 07:19:32 [debug    ] HAProxy fallback latency       delta_requests=654 interval_avg_ms=65.0 max_rtime_ms=143.0 p99_est=130.0
2026-08-09 07:19:32 [info     ] algorithm2_scaling_decision    action=MAINTAIN alpha=0.060060060060060066 beta=0.0 buffer=1.0 current_replicas=4 predicted_load=42.81218325806107 required_resources=2.571 target_replicas=3
2026-08-09 07:19:32 [info     ] algorithm2_decision            action=MAINTAIN applied_target=3 current_replicas=4 hold_until=0.0 observed_load=42.81 observed_target=3 point_forecasts=None prediction_age_sec=None predictive_target=3 proactive=False scenario=s4-hybrid-predictive target_replicas=3 upper_forecasts=None
2026-08-09 07:19:32 [debug    ] Decision loop completed        action=MAINTAIN latency_ms=107.08 p99=130.0
2026-08-09 07:19:47 [debug    ] HAProxy fallback latency       delta_requests=830 interval_avg_ms=65.0 max_rtime_ms=143.0 p99_est=130.0
2026-08-09 07:19:47 [info     ] algorithm2_scaling_decision    action=MAINTAIN alpha=0.060060060060060066 beta=0.0 buffer=1.0 current_replicas=4 predicted_load=49.13027403421593 required_resources=2.951 target_replicas=3
2026-08-09 07:19:47 [info     ] algorithm2_decision            action=MAINTAIN applied_target=3 current_replicas=4 hold_until=0.0 observed_load=49.13 observed_target=3 point_forecasts=None prediction_age_sec=None predictive_target=3 proactive=False scenario=s4-hybrid-predictive target_replicas=3 upper_forecasts=None
2026-08-09 07:19:47 [debug    ] Decision loop completed        action=MAINTAIN latency_ms=104.11 p99=130.0
2026-08-09 07:20:03 [debug    ] HAProxy fallback latency       delta_requests=915 interval_avg_ms=65.0 max_rtime_ms=155.0 p99_est=130.0
2026-08-09 07:20:03 [info     ] algorithm2_scaling_decision    action=MAINTAIN alpha=0.060060060060060066 beta=0.0 buffer=1.0 current_replicas=4 predicted_load=57.693763391349165 required_resources=3.465 target_replicas=4
2026-08-09 07:20:03 [info     ] algorithm2_decision            action=MAINTAIN applied_target=4 current_replicas=4 hold_until=0.0 observed_load=57.69 observed_target=4 point_forecasts=None prediction_age_sec=None predictive_target=3 proactive=False scenario=s4-hybrid-predictive target_replicas=4 upper_forecasts=None
2026-08-09 07:20:03 [debug    ] Decision loop completed        action=MAINTAIN latency_ms=104.1 p99=130.0
2026-08-09 07:20:18 [debug    ] HAProxy fallback latency       delta_requests=930 interval_avg_ms=65.0 max_rtime_ms=155.0 p99_est=130.0
2026-08-09 07:20:18 [info     ] algorithm2_scaling_decision    action=MAINTAIN alpha=0.060060060060060066 beta=0.0 buffer=1.0 current_replicas=4 predicted_load=61.0749335058874 required_resources=3.668 target_replicas=4
2026-08-09 07:20:18 [info     ] algorithm2_decision            action=MAINTAIN applied_target=4 current_replicas=4 hold_until=0.0 observed_load=61.07 observed_target=4 point_forecasts=None prediction_age_sec=None predictive_target=3 proactive=False scenario=s4-hybrid-predictive target_replicas=4 upper_forecasts=None
2026-08-09 07:20:18 [debug    ] Decision loop completed        action=MAINTAIN latency_ms=104.84 p99=130.0
2026-08-09 07:20:33 [debug    ] HAProxy fallback latency       delta_requests=1002 interval_avg_ms=88.88 max_rtime_ms=158.0 p99_est=158.0
2026-08-09 07:20:33 [info     ] algorithm2_scaling_decision    action=MAINTAIN alpha=0.060060060060060066 beta=0.0 buffer=1.0 current_replicas=4 predicted_load=63.98773393506303 required_resources=3.843 target_replicas=4
2026-08-09 07:20:33 [info     ] algorithm2_decision            action=MAINTAIN applied_target=4 current_replicas=4 hold_until=0.0 observed_load=63.99 observed_target=4 point_forecasts=None prediction_age_sec=None predictive_target=3 proactive=False scenario=s4-hybrid-predictive target_replicas=4 upper_forecasts=None
2026-08-09 07:20:33 [debug    ] Decision loop completed        action=MAINTAIN latency_ms=98.78 p99=158.0
2026-08-09 07:20:48 [debug    ] HAProxy fallback latency       delta_requests=1116 interval_avg_ms=43.56 max_rtime_ms=158.0 p99_est=87.12
2026-08-09 07:20:48 [info     ] Knative pre-warm OK            cold_start_ms=3.1
2026-08-09 07:20:48 [info     ] controller_decision_v3         action=REACTIVE available_replicas=4 budget_remaining=1000 burn_adjustment=0 burst_ratio=0.0981 capacity_deficit=False confidence=0 current_load=73.84504066408617 decision_id=e6cf45a9 k8s_capacity=66.6 k8s_weight=90 knative_weight=10 p99=87.1 predicted_load=0 r_effective=16.6 serverless_enabled=True total_load=73.8 weights_after={'k3s': 90, 'knative': 10} weights_before={'k3s': 100, 'knative': 0}
2026-08-09 07:20:48 [info     ] Weights updated                k3s=90 knative=10
2026-08-09 07:20:48 [info     ] Weights updated                action=REACTIVE reason='load=74RPS | k8s_cap=67RPS | (burst-routing)' weights={'k3s': 90, 'knative': 10}
2026-08-09 07:20:48 [info     ] algorithm2_scaling_decision    action=SCALE_UP alpha=0.060060060060060066 beta=0.0 buffer=1.0 current_replicas=4 predicted_load=70.09059575982181 required_resources=4.21 target_replicas=5
2026-08-09 07:20:48 [info     ] algorithm2_decision            action=SCALE_UP applied_target=5 current_replicas=4 hold_until=0.0 observed_load=70.09 observed_target=5 point_forecasts=None prediction_age_sec=None predictive_target=3 proactive=False scenario=s4-hybrid-predictive target_replicas=5 upper_forecasts=None
2026-08-09 07:20:48 [info     ] k8s_scale_executed             deployment=test-app-warm replicas=5
2026-08-09 07:20:48 [debug    ] Decision loop completed        action=REACTIVE latency_ms=153.4 p99=87.11827956989248
2026-08-09 07:21:03 [debug    ] HAProxy fallback latency       delta_requests=1275 interval_avg_ms=76.26 max_rtime_ms=158.0 p99_est=152.52
2026-08-09 07:21:03 [info     ] controller_decision_v3         action=RECOVERY available_replicas=5 budget_remaining=1000 burn_adjustment=0 burst_ratio=0.0106 capacity_deficit=False confidence=0 current_load=84.13989078521664 decision_id=9c0065a3 k8s_capacity=83.2 k8s_weight=98 knative_weight=2 p99=152.5 predicted_load=0 r_effective=16.6 serverless_enabled=True total_load=84.1 weights_after={'k3s': 98, 'knative': 2} weights_before={'k3s': 90, 'knative': 10}
2026-08-09 07:21:03 [info     ] Weights updated                k3s=98 knative=2
2026-08-09 07:21:03 [info     ] Weights updated                action=RECOVERY reason='load=84RPS | k8s_cap=83RPS | (reducing-serverless)' weights={'k3s': 98, 'knative': 2}
2026-08-09 07:21:03 [info     ] Scale readiness observed       elapsed_sec=15.1 ewma_delay=37.1 samples=2 target=5
2026-08-09 07:21:03 [info     ] algorithm2_scaling_decision    action=MAINTAIN alpha=0.060060060060060066 beta=0.0 buffer=1.0 current_replicas=5 predicted_load=78.9924657246514 required_resources=4.744 target_replicas=5
2026-08-09 07:21:03 [info     ] algorithm2_decision            action=MAINTAIN applied_target=5 current_replicas=5 hold_until=0.0 observed_load=78.99 observed_target=5 point_forecasts=None prediction_age_sec=None predictive_target=3 proactive=False scenario=s4-hybrid-predictive target_replicas=5 upper_forecasts=None
2026-08-09 07:21:03 [debug    ] Decision loop completed        action=RECOVERY latency_ms=135.97 p99=152.51764705882354
2026-08-09 07:21:18 [debug    ] HAProxy fallback latency       delta_requests=1457 interval_avg_ms=76.85 max_rtime_ms=158.0 p99_est=153.7
2026-08-09 07:21:18 [info     ] controller_decision_v3         action=REACTIVE available_replicas=5 budget_remaining=1000 burn_adjustment=0 burst_ratio=0.1351 capacity_deficit=False confidence=0 current_load=96.25741760152245 decision_id=38e6b120 k8s_capacity=83.2 k8s_weight=86 knative_weight=14 p99=153.7 predicted_load=0 r_effective=16.6 serverless_enabled=True total_load=96.3 weights_after={'k3s': 86, 'knative': 14} weights_before={'k3s': 98, 'knative': 2}
2026-08-09 07:21:18 [info     ] Weights updated                k3s=86 knative=14
2026-08-09 07:21:18 [info     ] Weights updated                action=REACTIVE reason='load=96RPS | k8s_cap=83RPS | (burst-routing)' weights={'k3s': 86, 'knative': 14}
2026-08-09 07:21:18 [info     ] algorithm2_scaling_decision    action=SCALE_UP alpha=0.060060060060060066 beta=0.0 buffer=1.0 current_replicas=5 predicted_load=90.19865419336955 required_resources=5.417 target_replicas=6
2026-08-09 07:21:18 [info     ] algorithm2_decision            action=SCALE_UP applied_target=6 current_replicas=5 hold_until=0.0 observed_load=90.2 observed_target=6 point_forecasts=None prediction_age_sec=None predictive_target=3 proactive=False scenario=s4-hybrid-predictive target_replicas=6 upper_forecasts=None
2026-08-09 07:21:18 [info     ] k8s_scale_executed             deployment=test-app-warm replicas=6
2026-08-09 07:21:18 [debug    ] Decision loop completed        action=REACTIVE latency_ms=135.18 p99=153.70487302676733
2026-08-09 07:21:33 [debug    ] HAProxy fallback latency       delta_requests=1668 interval_avg_ms=77.48 max_rtime_ms=158.0 p99_est=154.96
2026-08-09 07:21:33 [info     ] controller_decision_v3         action=REACTIVE available_replicas=5 budget_remaining=1000 burn_adjustment=0 burst_ratio=0.2442 capacity_deficit=False confidence=0 current_load=110.14456731223574 decision_id=74729958 k8s_capacity=83.2 k8s_weight=75 knative_weight=25 p99=155.0 predicted_load=0 r_effective=16.6 serverless_enabled=True total_load=110.1 weights_after={'k3s': 75, 'knative': 25} weights_before={'k3s': 86, 'knative': 14}
2026-08-09 07:21:33 [info     ] Weights updated                k3s=75 knative=25
2026-08-09 07:21:33 [info     ] Weights updated                action=REACTIVE reason='load=110RPS | k8s_cap=83RPS | (burst-routing)' weights={'k3s': 75, 'knative': 25}
2026-08-09 07:21:33 [info     ] algorithm2_scaling_decision    action=SCALE_UP alpha=0.060060060060060066 beta=0.0 buffer=1.0 current_replicas=6 predicted_load=103.20099245687909 required_resources=6.198 target_replicas=7
2026-08-09 07:21:33 [info     ] algorithm2_decision            action=SCALE_UP applied_target=7 current_replicas=6 hold_until=0.0 observed_load=103.2 observed_target=7 point_forecasts=None prediction_age_sec=None predictive_target=3 proactive=False scenario=s4-hybrid-predictive target_replicas=7 upper_forecasts=None
2026-08-09 07:21:33 [info     ] k8s_scale_executed             deployment=test-app-warm replicas=7
2026-08-09 07:21:33 [debug    ] Decision loop completed        action=REACTIVE latency_ms=142.04 p99=154.95923261390888
2026-08-09 07:21:48 [debug    ] HAProxy fallback latency       delta_requests=1893 interval_avg_ms=78.23 max_rtime_ms=158.0 p99_est=156.47
2026-08-09 07:21:48 [info     ] controller_decision_v3         action=REACTIVE available_replicas=5 budget_remaining=1000 burn_adjustment=0 burst_ratio=0.334 capacity_deficit=False confidence=0 current_load=125.00716126440943 decision_id=e06619c6 k8s_capacity=83.2 k8s_weight=66 knative_weight=34 p99=156.5 predicted_load=0 r_effective=16.6 serverless_enabled=True total_load=125.0 weights_after={'k3s': 66, 'knative': 34} weights_before={'k3s': 75, 'knative': 25}
2026-08-09 07:21:48 [info     ] Weights updated                k3s=66 knative=34
2026-08-09 07:21:48 [info     ] Weights updated                action=REACTIVE reason='load=125RPS | k8s_cap=83RPS | (burst-routing)' weights={'k3s': 66, 'knative': 34}
2026-08-09 07:21:48 [info     ] algorithm2_scaling_decision    action=SCALE_UP alpha=0.060060060060060066 beta=0.0 buffer=1.0 current_replicas=7 predicted_load=117.57586428832258 required_resources=7.062 target_replicas=8
2026-08-09 07:21:48 [info     ] algorithm2_decision            action=SCALE_UP applied_target=8 current_replicas=7 hold_until=0.0 observed_load=117.58 observed_target=8 point_forecasts=None prediction_age_sec=None predictive_target=3 proactive=False scenario=s4-hybrid-predictive target_replicas=8 upper_forecasts=None
2026-08-09 07:21:48 [info     ] k8s_scale_executed             deployment=test-app-warm replicas=8
2026-08-09 07:21:48 [debug    ] Decision loop completed        action=REACTIVE latency_ms=137.32 p99=156.46804014791337
2026-08-09 07:22:04 [debug    ] HAProxy fallback latency       delta_requests=1725 interval_avg_ms=56.77 max_rtime_ms=158.0 p99_est=113.54
2026-08-09 07:22:04 [info     ] controller_decision_v3         action=RECOVERY available_replicas=5 budget_remaining=1000 burn_adjustment=0 burst_ratio=0.2695 capacity_deficit=False confidence=0 current_load=113.9604000069556 decision_id=df019d46 k8s_capacity=83.2 k8s_weight=73 knative_weight=27 p99=113.5 predicted_load=0 r_effective=16.6 serverless_enabled=True total_load=114.0 weights_after={'k3s': 73, 'knative': 27} weights_before={'k3s': 66, 'knative': 34}
2026-08-09 07:22:04 [info     ] Weights updated                k3s=73 knative=27
2026-08-09 07:22:04 [info     ] Weights updated                action=RECOVERY reason='load=114RPS | k8s_cap=83RPS | (reducing-serverless)' weights={'k3s': 73, 'knative': 27}
2026-08-09 07:22:04 [info     ] algorithm2_scaling_decision    action=MAINTAIN alpha=0.060060060060060066 beta=0.0 buffer=1.0 current_replicas=8 predicted_load=119.4837806356825 required_resources=7.176 target_replicas=8
2026-08-09 07:22:04 [info     ] algorithm2_decision            action=MAINTAIN applied_target=8 current_replicas=8 hold_until=0.0 observed_load=119.48 observed_target=8 point_forecasts=None prediction_age_sec=None predictive_target=3 proactive=False scenario=s4-hybrid-predictive target_replicas=8 upper_forecasts=None
2026-08-09 07:22:04 [debug    ] Decision loop completed        action=RECOVERY latency_ms=139.28 p99=113.53855072463769
2026-08-09 07:22:19 [debug    ] HAProxy fallback latency       delta_requests=1316 interval_avg_ms=33.94 max_rtime_ms=158.0 p99_est=67.87
2026-08-09 07:22:19 [info     ] controller_decision_v3         action=RECOVERY available_replicas=5 budget_remaining=1000 burn_adjustment=0 burst_ratio=0.043 capacity_deficit=False confidence=0 current_load=86.99338461722355 decision_id=bc864e35 k8s_capacity=83.2 k8s_weight=95 knative_weight=5 p99=67.9 predicted_load=0 r_effective=16.6 serverless_enabled=True total_load=87.0 weights_after={'k3s': 95, 'knative': 5} weights_before={'k3s': 73, 'knative': 27}
2026-08-09 07:22:19 [info     ] Weights updated                k3s=95 knative=5
2026-08-09 07:22:19 [info     ] Weights updated                action=RECOVERY reason='load=87RPS | k8s_cap=83RPS | (reducing-serverless)' weights={'k3s': 95, 'knative': 5}
2026-08-09 07:22:19 [info     ] algorithm2_scaling_decision    action=MAINTAIN alpha=0.060060060060060066 beta=0.0 buffer=1.0 current_replicas=8 predicted_load=100.47689231208957 required_resources=6.035 target_replicas=7
2026-08-09 07:22:19 [info     ] algorithm2_decision            action=MAINTAIN applied_target=7 current_replicas=8 hold_until=0.0 observed_load=100.48 observed_target=7 point_forecasts=None prediction_age_sec=None predictive_target=3 proactive=False scenario=s4-hybrid-predictive target_replicas=7 upper_forecasts=None
2026-08-09 07:22:19 [debug    ] Decision loop completed        action=RECOVERY latency_ms=131.41 p99=67.87234042553192
2026-08-09 07:22:34 [debug    ] HAProxy fallback latency       delta_requests=1130 interval_avg_ms=66.0 max_rtime_ms=158.0 p99_est=132.0
2026-08-09 07:22:34 [info     ] controller_decision_v3         action=RECOVERY available_replicas=5 budget_remaining=1000 burn_adjustment=0 burst_ratio=0 capacity_deficit=False confidence=0 current_load=74.74565404076584 decision_id=64169377 k8s_capacity=83.2 k8s_weight=100 knative_weight=0 p99=132.0 predicted_load=0 r_effective=16.6 serverless_enabled=False total_load=74.7 weights_after={'k3s': 100, 'knative': 0} weights_before={'k3s': 95, 'knative': 5}
2026-08-09 07:22:34 [info     ] Weights updated                k3s=100 knative=0
2026-08-09 07:22:34 [info     ] Weights updated                action=RECOVERY reason='load=75RPS | k8s_cap=83RPS | (reducing-serverless)' weights={'k3s': 100, 'knative': 0}
2026-08-09 07:22:34 [info     ] algorithm2_scaling_decision    action=SCALE_DOWN alpha=0.060060060060060066 beta=0.0 buffer=1.0 current_replicas=8 predicted_load=80.8695193289947 required_resources=4.857 target_replicas=5
2026-08-09 07:22:34 [info     ] algorithm2_decision            action=SCALE_DOWN applied_target=5 current_replicas=8 hold_until=0.0 observed_load=80.87 observed_target=5 point_forecasts=None prediction_age_sec=None predictive_target=3 proactive=False scenario=s4-hybrid-predictive target_replicas=5 upper_forecasts=None
2026-08-09 07:22:34 [info     ] k8s_scale_executed             deployment=test-app-warm replicas=5
2026-08-09 07:22:34 [debug    ] Decision loop completed        action=RECOVERY latency_ms=175.12 p99=132.0
2026-08-09 07:22:49 [debug    ] HAProxy fallback latency       delta_requests=1079 interval_avg_ms=88.82 max_rtime_ms=158.0 p99_est=158.0
2026-08-09 07:22:49 [info     ] algorithm2_scaling_decision    action=MAINTAIN alpha=0.060060060060060066 beta=0.0 buffer=1.0 current_replicas=5 predicted_load=72.92162304394219 required_resources=4.38 target_replicas=5
2026-08-09 07:22:49 [info     ] algorithm2_decision            action=MAINTAIN applied_target=5 current_replicas=5 hold_until=0.0 observed_load=72.92 observed_target=5 point_forecasts=None prediction_age_sec=None predictive_target=3 proactive=False scenario=s4-hybrid-predictive target_replicas=5 upper_forecasts=None
2026-08-09 07:22:49 [debug    ] Decision loop completed        action=MAINTAIN latency_ms=108.47 p99=158.0
2026-08-09 07:23:04 [debug    ] HAProxy fallback latency       delta_requests=946 interval_avg_ms=12.94 max_rtime_ms=158.0 p99_est=25.89
2026-08-09 07:23:04 [info     ] algorithm2_scaling_decision    action=MAINTAIN alpha=0.060060060060060066 beta=0.0 buffer=1.0 current_replicas=5 predicted_load=66.8567671179861 required_resources=4.015 target_replicas=5
2026-08-09 07:23:04 [info     ] algorithm2_decision            action=MAINTAIN applied_target=5 current_replicas=5 hold_until=0.0 observed_load=66.86 observed_target=5 point_forecasts=None prediction_age_sec=None predictive_target=3 proactive=False scenario=s4-hybrid-predictive target_replicas=5 upper_forecasts=None
2026-08-09 07:23:04 [debug    ] Decision loop completed        action=MAINTAIN latency_ms=104.15 p99=25.88583509513742
2026-08-09 07:23:19 [debug    ] HAProxy fallback latency       delta_requests=793 interval_avg_ms=131.49 max_rtime_ms=158.0 p99_est=158.0
2026-08-09 07:23:19 [debug    ] GRU prediction received        confidence=0.8 latency_ms=6.7 predicted=87
2026-08-09 07:23:19 [debug    ] Using GRU prediction           confidence=0.8 forecast_capacity_signal=87.0 predicted=87 required_steps=4
2026-08-09 07:23:19 [info     ] algorithm2_scaling_decision    action=SCALE_UP alpha=0.060060060060060066 beta=0.0 buffer=1.0 current_replicas=5 predicted_load=87.0 required_resources=5.225 target_replicas=6
2026-08-09 07:23:19 [info     ] algorithm2_decision            action=SCALE_UP applied_target=6 current_replicas=5 hold_until=1786235089.8 observed_load=57.56 observed_target=4 point_forecasts=[76.2488021850586, 74.22328186035156, 75.99640655517578, 74.43848419189453, 75.04696655273438, 75.34566497802734, 75.70783233642578, 74.76795196533203, 73.8803482055664] prediction_age_sec=0.06 predictive_target=6 proactive=True scenario=s4-hybrid-predictive target_replicas=6 upper_forecasts=[85.88978576660156, 84.51136779785156, 85.73938751220703, 85.01476287841797, 85.3411865234375, 85.93733215332031, 86.665283203125, 85.43694305419922, 84.99909210205078]
2026-08-09 07:23:19 [info     ] k8s_scale_executed             deployment=test-app-warm replicas=6
2026-08-09 07:23:19 [debug    ] Decision loop completed        action=MAINTAIN latency_ms=159.4 p99=158.0
2026-08-09 07:23:34 [debug    ] HAProxy fallback latency       delta_requests=1201 interval_avg_ms=67.0 max_rtime_ms=158.0 p99_est=134.0
2026-08-09 07:23:34 [debug    ] GRU prediction received        confidence=0.8 latency_ms=5.95 predicted=86
2026-08-09 07:23:34 [debug    ] Using GRU prediction           confidence=0.8 forecast_capacity_signal=86.0 predicted=86 required_steps=4
2026-08-09 07:23:34 [info     ] Scale readiness observed       elapsed_sec=15.1 ewma_delay=30.5 samples=3 target=6
2026-08-09 07:23:34 [info     ] algorithm2_scaling_decision    action=MAINTAIN alpha=0.060060060060060066 beta=0.0 buffer=1.0 current_replicas=6 predicted_load=86.0 required_resources=5.165 target_replicas=6
2026-08-09 07:23:34 [info     ] algorithm2_decision            action=MAINTAIN applied_target=6 current_replicas=6 hold_until=1786235104.9 observed_load=65.8 observed_target=4 point_forecasts=[75.31636047363281, 73.74960327148438, 75.06446075439453, 73.85842895507812, 74.3987808227539, 74.67539978027344, 74.79365539550781, 74.17827606201172, 73.57918548583984] prediction_age_sec=0.06 predictive_target=6 proactive=True scenario=s4-hybrid-predictive target_replicas=6 upper_forecasts=[84.95734405517578, 84.03768920898438, 84.80744171142578, 84.43470764160156, 84.69300079345703, 85.2670669555664, 85.75110626220703, 84.8472671508789, 84.69792938232422]
2026-08-09 07:23:34 [debug    ] Decision loop completed        action=MAINTAIN latency_ms=107.91 p99=134.0
2026-08-09 07:23:49 [debug    ] HAProxy fallback latency       delta_requests=1869 interval_avg_ms=98.49 max_rtime_ms=158.0 p99_est=158.0
2026-08-09 07:23:49 [debug    ] GRU prediction received        confidence=0.8 latency_ms=5.8 predicted=97
2026-08-09 07:23:49 [debug    ] Using GRU prediction           confidence=0.8 forecast_capacity_signal=97.0 predicted=97 required_steps=4
2026-08-09 07:23:49 [debug    ] Proactive amplification        amplified=241.9 approach_ratio=1.24 load_trend=13.1 raw_pred=97
2026-08-09 07:23:49 [info     ] Knative pre-warm OK            cold_start_ms=2.4
2026-08-09 07:23:49 [info     ] controller_decision_v3         action=PREDICTIVE available_replicas=6 budget_remaining=1000 burn_adjustment=0 burst_ratio=0.192 capacity_deficit=False confidence=0.8 current_load=123.64154952391763 decision_id=3ef76934 k8s_capacity=99.9 k8s_weight=80 knative_weight=20 p99=158.0 predicted_load=97 r_effective=16.6 serverless_enabled=True total_load=123.6 weights_after={'k3s': 80, 'knative': 20} weights_before={'k3s': 100, 'knative': 0}
2026-08-09 07:23:49 [info     ] Weights updated                k3s=80 knative=20
2026-08-09 07:23:49 [info     ] Weights updated                action=PREDICTIVE reason='load=124RPS | k8s_cap=100RPS | (prediction-driven)' weights={'k3s': 80, 'knative': 20}
2026-08-09 07:23:50 [info     ] algorithm2_scaling_decision    action=SCALE_UP alpha=0.060060060060060066 beta=0.0 buffer=1.0 current_replicas=6 predicted_load=101.36675325127376 required_resources=6.088 target_replicas=7
2026-08-09 07:23:50 [info     ] algorithm2_decision            action=SCALE_UP applied_target=7 current_replicas=6 hold_until=1786235104.9 observed_load=101.37 observed_target=7 point_forecasts=[84.68184661865234, 84.9822006225586, 85.30522155761719, 85.87950897216797, 85.1812515258789, 85.34046936035156, 84.416259765625, 85.02579498291016, 85.47161102294922] prediction_age_sec=0.07 predictive_target=6 proactive=False scenario=s4-hybrid-predictive target_replicas=7 upper_forecasts=[94.32283020019531, 95.2702865600586, 95.04820251464844, 96.4557876586914, 95.47547149658203, 95.93213653564453, 95.37371063232422, 95.69478607177734, 96.5903549194336]
2026-08-09 07:23:50 [info     ] k8s_scale_executed             deployment=test-app-warm replicas=7
2026-08-09 07:23:50 [debug    ] Decision loop completed        action=PREDICTIVE latency_ms=154.97 p99=158.0
2026-08-09 07:24:05 [debug    ] HAProxy fallback latency       delta_requests=1824 interval_avg_ms=17.59 max_rtime_ms=158.0 p99_est=35.18
2026-08-09 07:24:05 [debug    ] GRU prediction received        confidence=0.8 latency_ms=6.15 predicted=107
2026-08-09 07:24:05 [debug    ] Using GRU prediction           confidence=0.8 forecast_capacity_signal=107.0 predicted=107 required_steps=4
2026-08-09 07:24:05 [debug    ] Proactive amplification        amplified=250.5 approach_ratio=1.03 load_trend=14.5 raw_pred=107
2026-08-09 07:24:05 [info     ] controller_decision_v3         action=RECOVERY available_replicas=7 budget_remaining=1000 burn_adjustment=0 burst_ratio=0.0322 capacity_deficit=False confidence=0.8 current_load=120.42221026800304 decision_id=9ca80acb k8s_capacity=116.5 k8s_weight=96 knative_weight=4 p99=35.2 predicted_load=107 r_effective=16.6 serverless_enabled=True total_load=120.4 weights_after={'k3s': 96, 'knative': 4} weights_before={'k3s': 80, 'knative': 20}
2026-08-09 07:24:05 [info     ] Weights updated                k3s=96 knative=4
2026-08-09 07:24:05 [info     ] Weights updated                action=RECOVERY reason='load=120RPS | k8s_cap=117RPS | (reducing-serverless)' weights={'k3s': 96, 'knative': 4}
2026-08-09 07:24:05 [info     ] Scale readiness observed       elapsed_sec=15.1 ewma_delay=25.9 samples=4 target=7
2026-08-09 07:24:05 [info     ] algorithm2_scaling_decision    action=SCALE_UP alpha=0.060060060060060066 beta=0.0 buffer=1.0 current_replicas=7 predicted_load=122.03187989596034 required_resources=7.329 target_replicas=8
2026-08-09 07:24:05 [info     ] algorithm2_decision            action=SCALE_UP applied_target=8 current_replicas=7 hold_until=1786235104.9 observed_load=122.03 observed_target=8 point_forecasts=[93.78289031982422, 94.3626937866211, 94.68401336669922, 95.33355712890625, 94.8470458984375, 94.48304748535156, 94.16607666015625, 94.40241241455078, 95.43566131591797] prediction_age_sec=0.1 predictive_target=7 proactive=False scenario=s4-hybrid-predictive target_replicas=8 upper_forecasts=[103.42387390136719, 104.6507797241211, 104.42699432373047, 105.90983581542969, 105.14126586914062, 105.07471466064453, 105.12352752685547, 105.07140350341797, 106.55440521240234]
2026-08-09 07:24:05 [info     ] k8s_scale_executed             deployment=test-app-warm replicas=8
2026-08-09 07:24:05 [debug    ] Decision loop completed        action=RECOVERY latency_ms=182.33 p99=35.18421052631579
2026-08-09 07:24:20 [debug    ] HAProxy fallback latency       delta_requests=1427 interval_avg_ms=66.0 max_rtime_ms=158.0 p99_est=132.0
2026-08-09 07:24:20 [debug    ] GRU prediction received        confidence=0.8 latency_ms=5.56 predicted=108
2026-08-09 07:24:20 [debug    ] Using GRU prediction           confidence=0.8 forecast_capacity_signal=108.0 predicted=108 required_steps=3
2026-08-09 07:24:20 [info     ] controller_decision_v3         action=RECOVERY available_replicas=8 budget_remaining=1000 burn_adjustment=0 burst_ratio=0 capacity_deficit=False confidence=0.8 current_load=94.11839625037697 decision_id=78ed0c31 k8s_capacity=133.2 k8s_weight=100 knative_weight=0 p99=132.0 predicted_load=108 r_effective=16.6 serverless_enabled=False total_load=94.1 weights_after={'k3s': 100, 'knative': 0} weights_before={'k3s': 96, 'knative': 4}
2026-08-09 07:24:20 [info     ] Weights updated                k3s=100 knative=0
2026-08-09 07:24:20 [info     ] Weights updated                action=RECOVERY reason='load=94RPS | k8s_cap=133RPS | (reducing-serverless)' weights={'k3s': 100, 'knative': 0}
2026-08-09 07:24:20 [info     ] Scale readiness observed       elapsed_sec=15.1 ewma_delay=22.7 samples=5 target=8
2026-08-09 07:24:20 [info     ] algorithm2_scaling_decision    action=MAINTAIN alpha=0.060060060060060066 beta=0.0 buffer=1.0 current_replicas=8 predicted_load=107.27030325919 required_resources=6.443 target_replicas=7
2026-08-09 07:24:20 [info     ] algorithm2_decision            action=MAINTAIN applied_target=7 current_replicas=8 hold_until=1786235104.9 observed_load=107.27 observed_target=7 point_forecasts=[95.24835968017578, 95.85401153564453, 96.25173950195312, 96.45943450927734, 96.59149932861328, 96.10603332519531, 95.95592498779297, 95.92457580566406, 96.69414520263672] prediction_age_sec=0.1 predictive_target=7 proactive=False scenario=s4-hybrid-predictive target_replicas=7 upper_forecasts=[104.88934326171875, 106.14209747314453, 105.99472045898438, 107.03571319580078, 106.8857192993164, 106.69770050048828, 106.91337585449219, 106.59356689453125, 107.8128890991211]
2026-08-09 07:24:20 [debug    ] Decision loop completed        action=RECOVERY latency_ms=142.03 p99=132.0
2026-08-09 07:24:35 [debug    ] HAProxy fallback latency       delta_requests=1231 interval_avg_ms=10.9 max_rtime_ms=158.0 p99_est=21.8
2026-08-09 07:24:35 [debug    ] GRU prediction received        confidence=0.8 latency_ms=5.91 predicted=105
2026-08-09 07:24:35 [debug    ] Using GRU prediction           confidence=0.8 forecast_capacity_signal=105.0 predicted=105 required_steps=3
2026-08-09 07:24:35 [info     ] algorithm2_scaling_decision    action=MAINTAIN alpha=0.060060060060060066 beta=0.0 buffer=1.0 current_replicas=8 predicted_load=105.0 required_resources=6.306 target_replicas=7
2026-08-09 07:24:35 [info     ] algorithm2_decision            action=MAINTAIN applied_target=7 current_replicas=8 hold_until=1786235165.5 observed_load=87.68 observed_target=6 point_forecasts=[93.4098129272461, 93.6227035522461, 94.2096939086914, 94.01982116699219, 94.3447036743164, 94.12210083007812, 93.88304138183594, 93.85408020019531, 94.21418762207031] prediction_age_sec=0.07 predictive_target=7 proactive=True scenario=s4-hybrid-predictive target_replicas=7 upper_forecasts=[103.05079650878906, 103.9107894897461, 103.95267486572266, 104.59609985351562, 104.63892364501953, 104.7137680053711, 104.84049224853516, 104.5230712890625, 105.33293151855469]
2026-08-09 07:24:35 [debug    ] Decision loop completed        action=MAINTAIN latency_ms=115.73 p99=21.80016246953696
2026-08-09 07:24:50 [debug    ] HAProxy fallback latency       delta_requests=1147 interval_avg_ms=64.0 max_rtime_ms=158.0 p99_est=128.0
2026-08-09 07:24:50 [debug    ] GRU prediction received        confidence=0.8 latency_ms=5.63 predicted=101
2026-08-09 07:24:50 [debug    ] Using GRU prediction           confidence=0.8 forecast_capacity_signal=101.0 predicted=101 required_steps=3
2026-08-09 07:24:50 [info     ] algorithm2_scaling_decision    action=MAINTAIN alpha=0.060060060060060066 beta=0.0 buffer=1.0 current_replicas=8 predicted_load=101.0 required_resources=6.066 target_replicas=7
2026-08-09 07:24:50 [info     ] algorithm2_decision            action=MAINTAIN applied_target=7 current_replicas=8 hold_until=1786235180.6 observed_load=78.56 observed_target=5 point_forecasts=[90.00151824951172, 89.93502807617188, 90.582275390625, 90.23957061767578, 90.45414733886719, 90.40830993652344, 90.09063720703125, 90.13381958007812, 89.9543685913086] prediction_age_sec=0.07 predictive_target=7 proactive=True scenario=s4-hybrid-predictive target_replicas=7 upper_forecasts=[99.64250183105469, 100.22311401367188, 100.32525634765625, 100.81584930419922, 100.74836730957031, 100.9999771118164, 101.04808807373047, 100.80281066894531, 101.07311248779297]
2026-08-09 07:24:50 [debug    ] Decision loop completed        action=MAINTAIN latency_ms=112.36 p99=128.0
2026-08-09 07:25:05 [debug    ] HAProxy fallback latency       delta_requests=1491 interval_avg_ms=88.52 max_rtime_ms=158.0 p99_est=158.0
2026-08-09 07:25:05 [debug    ] GRU prediction received        confidence=0.8 latency_ms=5.99 predicted=103
2026-08-09 07:25:05 [debug    ] Using GRU prediction           confidence=0.8 forecast_capacity_signal=103.0 predicted=103 required_steps=3
2026-08-09 07:25:05 [info     ] algorithm2_scaling_decision    action=MAINTAIN alpha=0.060060060060060066 beta=0.0 buffer=1.0 current_replicas=8 predicted_load=103.0 required_resources=6.186 target_replicas=7
2026-08-09 07:25:05 [info     ] algorithm2_decision            action=MAINTAIN applied_target=7 current_replicas=8 hold_until=1786235195.7 observed_load=87.2 observed_target=6 point_forecasts=[91.56006622314453, 91.4670639038086, 92.1907958984375, 91.92154693603516, 92.10346221923828, 92.12568664550781, 91.77919006347656, 91.77645874023438, 91.99447631835938] prediction_age_sec=0.07 predictive_target=7 proactive=True scenario=s4-hybrid-predictive target_replicas=7 upper_forecasts=[101.2010498046875, 101.7551498413086, 101.93377685546875, 102.4978256225586, 102.3976821899414, 102.71735382080078, 102.73664093017578, 102.44544982910156, 103.11322021484375]
2026-08-09 07:25:05 [debug    ] Decision loop completed        action=MAINTAIN latency_ms=117.61 p99=158.0
2026-08-09 07:25:20 [debug    ] HAProxy fallback latency       delta_requests=2005 interval_avg_ms=84.23 max_rtime_ms=158.0 p99_est=158.0
2026-08-09 07:25:20 [debug    ] GRU prediction received        confidence=0.8 latency_ms=5.61 predicted=113
2026-08-09 07:25:20 [debug    ] Using GRU prediction           confidence=0.8 forecast_capacity_signal=113.0 predicted=113 required_steps=3
2026-08-09 07:25:20 [debug    ] Proactive amplification        amplified=219.1 approach_ratio=1.0 load_trend=9.6 raw_pred=113
2026-08-09 07:25:20 [info     ] algorithm2_scaling_decision    action=MAINTAIN alpha=0.060060060060060066 beta=0.0 buffer=1.0 current_replicas=8 predicted_load=115.5464100586222 required_resources=6.94 target_replicas=7
2026-08-09 07:25:20 [info     ] algorithm2_decision            action=MAINTAIN applied_target=7 current_replicas=8 hold_until=1786235195.7 observed_load=115.55 observed_target=7 point_forecasts=[100.32352447509766, 100.7777328491211, 101.41875457763672, 101.22870635986328, 101.7726821899414, 101.53858184814453, 101.29191589355469, 100.95975494384766, 101.52427673339844] prediction_age_sec=0.07 predictive_target=7 proactive=False scenario=s4-hybrid-predictive target_replicas=7 upper_forecasts=[109.96450805664062, 111.0658187866211, 111.16173553466797, 111.80498504638672, 112.06690216064453, 112.1302490234375, 112.2493667602539, 111.62874603271484, 112.64302062988281]
2026-08-09 07:25:20 [debug    ] Decision loop completed        action=MAINTAIN latency_ms=115.6 p99=158.0
2026-08-09 07:25:35 [debug    ] HAProxy fallback latency       delta_requests=2272 interval_avg_ms=83.97 max_rtime_ms=158.0 p99_est=158.0
2026-08-09 07:25:35 [debug    ] GRU prediction received        confidence=0.8 latency_ms=5.87 predicted=124
2026-08-09 07:25:35 [debug    ] Using GRU prediction           confidence=0.8 forecast_capacity_signal=124.0 predicted=124 required_steps=3
2026-08-09 07:25:35 [debug    ] Proactive amplification        amplified=305.7 approach_ratio=1.13 load_trend=17.3 raw_pred=124
2026-08-09 07:25:35 [info     ] Knative pre-warm OK            cold_start_ms=2.8
2026-08-09 07:25:35 [info     ] controller_decision_v3         action=PREDICTIVE available_replicas=8 budget_remaining=1000 burn_adjustment=0 burst_ratio=0.1138 capacity_deficit=False confidence=0.8 current_load=150.30752628906515 decision_id=d334b884 k8s_capacity=133.2 k8s_weight=88 knative_weight=12 p99=158.0 predicted_load=124 r_effective=16.6 serverless_enabled=True total_load=150.3 weights_after={'k3s': 88, 'knative': 12} weights_before={'k3s': 100, 'knative': 0}
2026-08-09 07:25:35 [info     ] Weights updated                k3s=88 knative=12
2026-08-09 07:25:35 [info     ] Weights updated                action=PREDICTIVE reason='load=150RPS | k8s_cap=133RPS | (prediction-driven)' weights={'k3s': 88, 'knative': 12}
2026-08-09 07:25:35 [info     ] algorithm2_scaling_decision    action=SCALE_UP alpha=0.060060060060060066 beta=0.0 buffer=1.0 current_replicas=8 predicted_load=141.4355406341939 required_resources=8.495 target_replicas=9
2026-08-09 07:25:35 [info     ] algorithm2_decision            action=SCALE_UP applied_target=9 current_replicas=8 hold_until=1786235195.7 observed_load=141.44 observed_target=9 point_forecasts=[112.29563903808594, 112.75373077392578, 113.11815643310547, 113.55950927734375, 113.25414276123047, 113.2553939819336, 112.74517822265625, 112.8129653930664, 113.3230209350586] prediction_age_sec=0.07 predictive_target=8 proactive=False scenario=s4-hybrid-predictive target_replicas=9 upper_forecasts=[121.9366226196289, 123.04181671142578, 122.86113739013672, 124.13578796386719, 123.5483627319336, 123.84706115722656, 123.70262908935547, 123.4819564819336, 124.44176483154297]
2026-08-09 07:25:36 [info     ] k8s_scale_executed             deployment=test-app-warm replicas=9
2026-08-09 07:25:36 [debug    ] Decision loop completed        action=PREDICTIVE latency_ms=154.86 p99=158.0
2026-08-09 07:25:51 [debug    ] HAProxy fallback latency       delta_requests=2427 interval_avg_ms=67.0 max_rtime_ms=158.0 p99_est=134.0
2026-08-09 07:25:51 [debug    ] GRU prediction received        confidence=0.8 latency_ms=6.03 predicted=136
2026-08-09 07:25:51 [debug    ] Using GRU prediction           confidence=0.8 forecast_capacity_signal=136.0 predicted=136 required_steps=3
2026-08-09 07:25:51 [debug    ] Proactive amplification        amplified=349.7 approach_ratio=1.2 load_trend=21.1 raw_pred=136
2026-08-09 07:25:51 [info     ] controller_decision_v3         action=PREDICTIVE available_replicas=8 budget_remaining=1000 burn_adjustment=0 burst_ratio=0.1682 capacity_deficit=False confidence=0.8 current_load=160.14270801245445 decision_id=b9d6ba1d k8s_capacity=133.2 k8s_weight=83 knative_weight=17 p99=134.0 predicted_load=136 r_effective=16.6 serverless_enabled=True total_load=160.1 weights_after={'k3s': 83, 'knative': 17} weights_before={'k3s': 88, 'knative': 12}
2026-08-09 07:25:51 [info     ] Weights updated                k3s=83 knative=17
2026-08-09 07:25:51 [info     ] Weights updated                action=PREDICTIVE reason='load=160RPS | k8s_cap=133RPS | (prediction-driven)' weights={'k3s': 83, 'knative': 17}
2026-08-09 07:25:51 [info     ] algorithm2_scaling_decision    action=SCALE_UP alpha=0.060060060060060066 beta=0.0 buffer=1.0 current_replicas=9 predicted_load=155.2251171507598 required_resources=9.323 target_replicas=10
2026-08-09 07:25:51 [info     ] algorithm2_decision            action=SCALE_UP applied_target=10 current_replicas=9 hold_until=1786235195.7 observed_load=155.23 observed_target=10 point_forecasts=[124.26910400390625, 124.79837036132812, 124.73181915283203, 125.85694885253906, 124.76725769042969, 124.78323364257812, 123.9464111328125, 124.7412338256836, 125.24004364013672] prediction_age_sec=0.07 predictive_target=9 proactive=False scenario=s4-hybrid-predictive target_replicas=10 upper_forecasts=[133.9100799560547, 135.08645629882812, 134.47479248046875, 136.4332275390625, 135.0614776611328, 135.37490844726562, 134.9038543701172, 135.4102325439453, 136.35877990722656]
2026-08-09 07:25:51 [info     ] k8s_scale_executed             deployment=test-app-warm replicas=10
2026-08-09 07:25:51 [debug    ] Decision loop completed        action=PREDICTIVE latency_ms=151.2 p99=134.0
2026-08-09 07:26:06 [debug    ] HAProxy fallback latency       delta_requests=2202 interval_avg_ms=25.71 max_rtime_ms=158.0 p99_est=51.42
2026-08-09 07:26:06 [debug    ] GRU prediction received        confidence=0.8 latency_ms=5.95 predicted=143
2026-08-09 07:26:06 [debug    ] Using GRU prediction           confidence=0.8 forecast_capacity_signal=143.0 predicted=143 required_steps=3
2026-08-09 07:26:06 [debug    ] Proactive amplification        amplified=251.1 approach_ratio=1.09 load_trend=11.7 raw_pred=143
2026-08-09 07:26:06 [info     ] controller_decision_v3         action=RECOVERY available_replicas=8 budget_remaining=1000 burn_adjustment=0 burst_ratio=0.0843 capacity_deficit=False confidence=0.8 current_load=145.46149272249272 decision_id=1546cc92 k8s_capacity=133.2 k8s_weight=91 knative_weight=9 p99=51.4 predicted_load=143 r_effective=16.6 serverless_enabled=True total_load=145.5 weights_after={'k3s': 91, 'knative': 9} weights_before={'k3s': 83, 'knative': 17}
2026-08-09 07:26:06 [info     ] Weights updated                k3s=91 knative=9
2026-08-09 07:26:06 [info     ] Weights updated                action=RECOVERY reason='load=145RPS | k8s_cap=133RPS | (reducing-serverless)' weights={'k3s': 91, 'knative': 9}
2026-08-09 07:26:06 [info     ] algorithm2_scaling_decision    action=MAINTAIN alpha=0.060060060060060066 beta=0.0 buffer=1.0 current_replicas=10 predicted_load=152.8021003674736 required_resources=9.177 target_replicas=10
2026-08-09 07:26:06 [info     ] algorithm2_decision            action=MAINTAIN applied_target=10 current_replicas=10 hold_until=1786235195.7 observed_load=152.8 observed_target=10 point_forecasts=[130.79095458984375, 131.26121520996094, 131.0118408203125, 132.33712768554688, 131.02879333496094, 130.92938232421875, 129.96771240234375, 131.249267578125, 131.48924255371094] prediction_age_sec=0.1 predictive_target=9 proactive=False scenario=s4-hybrid-predictive target_replicas=10 upper_forecasts=[140.4319305419922, 141.54930114746094, 140.75482177734375, 142.9134063720703, 141.32301330566406, 141.52105712890625, 140.92515563964844, 141.9182586669922, 142.6079864501953]
2026-08-09 07:26:06 [debug    ] Decision loop completed        action=RECOVERY latency_ms=149.72 p99=51.42415985467757
2026-08-09 07:26:21 [debug    ] HAProxy fallback latency       delta_requests=1852 interval_avg_ms=65.0 max_rtime_ms=158.0 p99_est=130.0
2026-08-09 07:26:21 [debug    ] GRU prediction received        confidence=0.8 latency_ms=5.47 predicted=142
2026-08-09 07:26:21 [debug    ] Using GRU prediction           confidence=0.8 forecast_capacity_signal=142.0 predicted=142 required_steps=3
2026-08-09 07:26:21 [info     ] controller_decision_v3         action=RECOVERY available_replicas=8 budget_remaining=1000 burn_adjustment=0 burst_ratio=0 capacity_deficit=False confidence=0.8 current_load=122.24916989600516 decision_id=71bef789 k8s_capacity=133.2 k8s_weight=100 knative_weight=0 p99=130.0 predicted_load=142 r_effective=16.6 serverless_enabled=False total_load=122.2 weights_after={'k3s': 100, 'knative': 0} weights_before={'k3s': 91, 'knative': 9}
2026-08-09 07:26:21 [info     ] Weights updated                k3s=100 knative=0
2026-08-09 07:26:21 [info     ] Weights updated                action=RECOVERY reason='load=122RPS | k8s_cap=133RPS | (reducing-serverless)' weights={'k3s': 100, 'knative': 0}
2026-08-09 07:26:21 [info     ] algorithm2_scaling_decision    action=MAINTAIN alpha=0.060060060060060066 beta=0.0 buffer=1.0 current_replicas=10 predicted_load=133.85533130924892 required_resources=8.039 target_replicas=9
2026-08-09 07:26:21 [info     ] algorithm2_decision            action=MAINTAIN applied_target=9 current_replicas=10 hold_until=1786235195.7 observed_load=133.86 observed_target=9 point_forecasts=[130.5139923095703, 130.8520965576172, 130.68804931640625, 131.54725646972656, 130.602783203125, 130.5577850341797, 129.63485717773438, 130.90756225585938, 130.70339965820312] prediction_age_sec=0.1 predictive_target=9 proactive=False scenario=s4-hybrid-predictive target_replicas=9 upper_forecasts=[140.15496826171875, 141.1401824951172, 140.4310302734375, 142.12353515625, 140.89700317382812, 141.14944458007812, 140.59230041503906, 141.57655334472656, 141.8221435546875]
2026-08-09 07:26:21 [debug    ] Decision loop completed        action=RECOVERY latency_ms=148.96 p99=130.0
2026-08-09 07:26:36 [debug    ] HAProxy fallback latency       delta_requests=1788 interval_avg_ms=92.46 max_rtime_ms=158.0 p99_est=158.0
2026-08-09 07:26:36 [debug    ] GRU prediction received        confidence=0.8 latency_ms=6.24 predicted=140
2026-08-09 07:26:36 [debug    ] Using GRU prediction           confidence=0.8 forecast_capacity_signal=140.0 predicted=140 required_steps=3
2026-08-09 07:26:36 [info     ] algorithm2_scaling_decision    action=MAINTAIN alpha=0.060060060060060066 beta=0.0 buffer=1.0 current_replicas=10 predicted_load=140.0 required_resources=8.408 target_replicas=9
2026-08-09 07:26:36 [info     ] algorithm2_decision            action=MAINTAIN applied_target=9 current_replicas=10 hold_until=1786235286.6 observed_load=120.1 observed_target=8 point_forecasts=[128.46356201171875, 128.63906860351562, 128.66070556640625, 129.06056213378906, 128.48040771484375, 128.5307159423828, 127.65716552734375, 128.7659149169922, 128.33560180664062] prediction_age_sec=0.07 predictive_target=9 proactive=True scenario=s4-hybrid-predictive target_replicas=9 upper_forecasts=[138.1045379638672, 138.92715454101562, 138.4036865234375, 139.6368408203125, 138.77462768554688, 139.12237548828125, 138.61460876464844, 139.43490600585938, 139.454345703125]
2026-08-09 07:26:36 [debug    ] Decision loop completed        action=MAINTAIN latency_ms=114.47 p99=158.0
2026-08-09 07:26:51 [debug    ] HAProxy fallback latency       delta_requests=1818 interval_avg_ms=37.99 max_rtime_ms=158.0 p99_est=75.99
2026-08-09 07:26:51 [debug    ] GRU prediction received        confidence=0.8 latency_ms=5.63 predicted=138
2026-08-09 07:26:51 [debug    ] Using GRU prediction           confidence=0.8 forecast_capacity_signal=138.0 predicted=138 required_steps=3
2026-08-09 07:26:51 [info     ] algorithm2_scaling_decision    action=MAINTAIN alpha=0.060060060060060066 beta=0.0 buffer=1.0 current_replicas=10 predicted_load=138.0 required_resources=8.288 target_replicas=9
2026-08-09 07:26:51 [info     ] algorithm2_decision            action=MAINTAIN applied_target=9 current_replicas=10 hold_until=1786235301.7 observed_load=119.15 observed_target=8 point_forecasts=[126.82508087158203, 126.88184356689453, 127.04989624023438, 127.19095611572266, 126.81880187988281, 126.93964385986328, 126.09422302246094, 127.06163787841797, 126.576416015625] prediction_age_sec=0.07 predictive_target=9 proactive=True scenario=s4-hybrid-predictive target_replicas=9 upper_forecasts=[136.466064453125, 137.169921875, 136.79287719726562, 137.76724243164062, 137.11302185058594, 137.53131103515625, 137.05166625976562, 137.7306365966797, 137.69515991210938]
2026-08-09 07:26:51 [debug    ] Decision loop completed        action=MAINTAIN latency_ms=109.58 p99=75.98679867986799
2026-08-09 07:27:06 [debug    ] HAProxy fallback latency       delta_requests=1816 interval_avg_ms=94.04 max_rtime_ms=158.0 p99_est=158.0
2026-08-09 07:27:06 [debug    ] GRU prediction received        confidence=0.8 latency_ms=5.9 predicted=136
2026-08-09 07:27:06 [debug    ] Using GRU prediction           confidence=0.8 forecast_capacity_signal=136.0 predicted=136 required_steps=3
2026-08-09 07:27:06 [info     ] algorithm2_scaling_decision    action=MAINTAIN alpha=0.060060060060060066 beta=0.0 buffer=1.0 current_replicas=10 predicted_load=136.0 required_resources=8.168 target_replicas=9
2026-08-09 07:27:06 [info     ] algorithm2_decision            action=MAINTAIN applied_target=9 current_replicas=10 hold_until=1786235316.8 observed_load=120.27 observed_target=8 point_forecasts=[125.34988403320312, 125.3379898071289, 125.60134887695312, 125.56983184814453, 125.35200500488281, 125.52383422851562, 124.70702362060547, 125.54914855957031, 125.04217529296875] prediction_age_sec=0.07 predictive_target=9 proactive=True scenario=s4-hybrid-predictive target_replicas=9 upper_forecasts=[134.99085998535156, 135.62606811523438, 135.34432983398438, 136.1461181640625, 135.64622497558594, 136.11550903320312, 135.6644744873047, 136.2181396484375, 136.16091918945312]
2026-08-09 07:27:06 [debug    ] Decision loop completed        action=MAINTAIN latency_ms=111.24 p99=158.0
2026-08-09 07:27:21 [debug    ] HAProxy fallback latency       delta_requests=1787 interval_avg_ms=66.0 max_rtime_ms=163.0 p99_est=132.0
2026-08-09 07:27:21 [debug    ] GRU prediction received        confidence=0.8 latency_ms=6.37 predicted=135
2026-08-09 07:27:21 [debug    ] Using GRU prediction           confidence=0.8 forecast_capacity_signal=135.0 predicted=135 required_steps=3
2026-08-09 07:27:21 [info     ] algorithm2_scaling_decision    action=MAINTAIN alpha=0.060060060060060066 beta=0.0 buffer=1.0 current_replicas=10 predicted_load=135.0 required_resources=8.108 target_replicas=9
2026-08-09 07:27:21 [info     ] algorithm2_decision            action=MAINTAIN applied_target=9 current_replicas=10 hold_until=1786235331.9 observed_load=119.22 observed_target=8 point_forecasts=[123.73992919921875, 123.68744659423828, 124.02157592773438, 123.82916259765625, 123.76866149902344, 123.98495483398438, 123.2049560546875, 123.91500854492188, 123.38032531738281] prediction_age_sec=0.07 predictive_target=9 proactive=True scenario=s4-hybrid-predictive target_replicas=9 upper_forecasts=[133.3809051513672, 133.97552490234375, 133.76455688476562, 134.4054412841797, 134.06288146972656, 134.57662963867188, 134.1623992919922, 134.58399963378906, 134.4990692138672]
2026-08-09 07:27:21 [debug    ] Decision loop completed        action=MAINTAIN latency_ms=117.14 p99=132.0
2026-08-09 07:27:36 [debug    ] HAProxy fallback latency       delta_requests=1548 interval_avg_ms=66.0 max_rtime_ms=163.0 p99_est=132.0
2026-08-09 07:27:36 [debug    ] GRU prediction received        confidence=0.8 latency_ms=5.95 predicted=130
2026-08-09 07:27:36 [debug    ] Using GRU prediction           confidence=0.8 forecast_capacity_signal=130.0 predicted=130 required_steps=3
2026-08-09 07:27:37 [info     ] Scale readiness observed       elapsed_sec=105.9 ewma_delay=47.6 samples=6 target=10
2026-08-09 07:27:37 [info     ] algorithm2_scaling_decision    action=MAINTAIN alpha=0.060060060060060066 beta=0.0 buffer=1.0 current_replicas=10 predicted_load=130.0 required_resources=7.808 target_replicas=8
2026-08-09 07:27:37 [info     ] algorithm2_decision            action=MAINTAIN applied_target=8 current_replicas=10 hold_until=1786235347.0 observed_load=110.36 observed_target=7 point_forecasts=[119.142578125, 119.00926971435547, 119.51631164550781, 118.85343933105469, 119.27123260498047, 119.54639434814453, 118.8958969116211, 119.28266906738281, 118.58322143554688] prediction_age_sec=0.07 predictive_target=8 proactive=True scenario=s4-hybrid-predictive target_replicas=8 upper_forecasts=[128.78355407714844, 129.29734802246094, 129.25929260253906, 129.42971801757812, 129.56546020507812, 130.1380615234375, 129.8533477783203, 129.95166015625, 129.70196533203125]
2026-08-09 07:27:37 [debug    ] Decision loop completed        action=MAINTAIN latency_ms=113.63 p99=132.0
2026-08-09 07:27:52 [debug    ] GRU prediction received        confidence=0.8 latency_ms=5.68 predicted=122
2026-08-09 07:27:52 [debug    ] Using GRU prediction           confidence=0.8 forecast_capacity_signal=122.0 predicted=122 required_steps=5
2026-08-09 07:27:52 [info     ] algorithm2_scaling_decision    action=MAINTAIN alpha=0.060060060060060066 beta=0.0 buffer=1.0 current_replicas=10 predicted_load=122.0 required_resources=7.327 target_replicas=8
2026-08-09 07:27:52 [info     ] algorithm2_decision            action=MAINTAIN applied_target=8 current_replicas=10 hold_until=1786235362.1 observed_load=92.79 observed_target=6 point_forecasts=[111.1103515625, 110.7895278930664, 111.64340209960938, 110.30557250976562, 111.509765625, 111.73262023925781, 111.32029724121094, 111.2222900390625, 110.35926818847656] prediction_age_sec=0.06 predictive_target=8 proactive=True scenario=s4-hybrid-predictive target_replicas=8 upper_forecasts=[120.75133514404297, 121.0776138305664, 121.38638305664062, 120.88185119628906, 121.80398559570312, 122.32428741455078, 122.27774810791016, 121.89128112792969, 121.47801208496094]
2026-08-09 07:27:52 [debug    ] Decision loop completed        action=MAINTAIN latency_ms=110.26 p99=132.0
2026-08-09 07:28:07 [debug    ] HAProxy fallback latency       delta_requests=1117 interval_avg_ms=64.0 max_rtime_ms=163.0 p99_est=128.0
2026-08-09 07:28:07 [debug    ] GRU prediction received        confidence=0.8 latency_ms=6.11 predicted=114
2026-08-09 07:28:07 [debug    ] Using GRU prediction           confidence=0.8 forecast_capacity_signal=114.0 predicted=114 required_steps=5
2026-08-09 07:28:07 [info     ] algorithm2_scaling_decision    action=SCALE_DOWN alpha=0.060060060060060066 beta=0.0 buffer=1.0 current_replicas=10 predicted_load=114.0 required_resources=6.847 target_replicas=7
2026-08-09 07:28:07 [info     ] algorithm2_decision            action=SCALE_DOWN applied_target=7 current_replicas=10 hold_until=1786235377.2 observed_load=78.54 observed_target=5 point_forecasts=[102.37770080566406, 101.90772247314453, 103.10899353027344, 101.20399475097656, 103.12909698486328, 103.27751922607422, 103.10446166992188, 102.49299621582031, 101.5965576171875] prediction_age_sec=0.07 predictive_target=7 proactive=True scenario=s4-hybrid-predictive target_replicas=7 upper_forecasts=[112.01868438720703, 112.19580841064453, 112.85197448730469, 111.7802734375, 113.4233169555664, 113.86918640136719, 114.0619125366211, 113.1619873046875, 112.71530151367188]
2026-08-09 07:28:07 [info     ] k8s_scale_executed             deployment=test-app-warm replicas=7
2026-08-09 07:28:07 [debug    ] Decision loop completed        action=MAINTAIN latency_ms=147.59 p99=128.0
2026-08-09 07:28:22 [debug    ] HAProxy fallback latency       delta_requests=1048 interval_avg_ms=120.76 max_rtime_ms=163.0 p99_est=163.0
2026-08-09 07:28:22 [debug    ] GRU prediction received        confidence=0.8 latency_ms=5.47 predicted=105
2026-08-09 07:28:22 [debug    ] Using GRU prediction           confidence=0.8 forecast_capacity_signal=105.0 predicted=105 required_steps=5
2026-08-09 07:28:22 [info     ] algorithm2_scaling_decision    action=MAINTAIN alpha=0.060060060060060066 beta=0.0 buffer=1.0 current_replicas=7 predicted_load=105.0 required_resources=6.306 target_replicas=7
2026-08-09 07:28:22 [info     ] algorithm2_decision            action=MAINTAIN applied_target=7 current_replicas=7 hold_until=1786235392.4 observed_load=71.59 observed_target=5 point_forecasts=[93.3544692993164, 92.64248657226562, 93.85108184814453, 92.38607025146484, 93.92269897460938, 93.72268676757812, 93.94013214111328, 93.26969909667969, 92.52130889892578] prediction_age_sec=0.07 predictive_target=7 proactive=True scenario=s4-hybrid-predictive target_replicas=7 upper_forecasts=[102.99545288085938, 102.93057250976562, 103.59406280517578, 102.96234893798828, 104.2169189453125, 104.3143539428711, 104.8975830078125, 103.93869018554688, 103.64005279541016]
2026-08-09 07:28:22 [debug    ] Decision loop completed        action=MAINTAIN latency_ms=110.9 p99=163.0
2026-08-09 07:28:37 [debug    ] HAProxy fallback latency       delta_requests=1175 interval_avg_ms=65.0 max_rtime_ms=163.0 p99_est=130.0
2026-08-09 07:28:37 [debug    ] GRU prediction received        confidence=0.8 latency_ms=6.12 predicted=100
2026-08-09 07:28:37 [debug    ] Using GRU prediction           confidence=0.8 forecast_capacity_signal=100.0 predicted=100 required_steps=5
2026-08-09 07:28:37 [info     ] algorithm2_scaling_decision    action=MAINTAIN alpha=0.060060060060060066 beta=0.0 buffer=1.0 current_replicas=7 predicted_load=100.0 required_resources=6.006 target_replicas=7
2026-08-09 07:28:37 [info     ] algorithm2_decision            action=MAINTAIN applied_target=7 current_replicas=7 hold_until=1786235407.5 observed_load=73.44 observed_target=5 point_forecasts=[88.44425201416016, 87.71133422851562, 88.72299194335938, 87.74187469482422, 88.60724639892578, 88.327880859375, 88.542724609375, 88.14811706542969, 87.12140655517578] prediction_age_sec=0.07 predictive_target=7 proactive=True scenario=s4-hybrid-predictive target_replicas=7 upper_forecasts=[98.08523559570312, 97.99942016601562, 98.46597290039062, 98.31815338134766, 98.9014663696289, 98.91954803466797, 99.50017547607422, 98.81710815429688, 98.24015045166016]
2026-08-09 07:28:37 [debug    ] Decision loop completed        action=MAINTAIN latency_ms=109.46 p99=130.0
2026-08-09 07:28:52 [debug    ] HAProxy fallback latency       delta_requests=1329 interval_avg_ms=111.65 max_rtime_ms=163.0 p99_est=163.0
2026-08-09 07:28:52 [debug    ] GRU prediction received        confidence=0.8 latency_ms=5.84 predicted=98
2026-08-09 07:28:52 [debug    ] Using GRU prediction           confidence=0.8 forecast_capacity_signal=98.0 predicted=98 required_steps=5
2026-08-09 07:28:52 [info     ] algorithm2_scaling_decision    action=MAINTAIN alpha=0.060060060060060066 beta=0.0 buffer=1.0 current_replicas=7 predicted_load=98.0 required_resources=5.886 target_replicas=6
2026-08-09 07:28:52 [info     ] algorithm2_decision            action=MAINTAIN applied_target=6 current_replicas=7 hold_until=1786235422.6 observed_load=82.82 observed_target=5 point_forecasts=[86.97055053710938, 86.33767700195312, 87.30091094970703, 86.68465423583984, 87.06998443603516, 86.9001235961914, 86.92546844482422, 86.71851348876953, 85.95795440673828] prediction_age_sec=0.07 predictive_target=6 proactive=True scenario=s4-hybrid-predictive target_replicas=6 upper_forecasts=[96.61153411865234, 96.62576293945312, 97.04389190673828, 97.26093292236328, 97.36420440673828, 97.49179077148438, 97.88291931152344, 97.38750457763672, 97.07669830322266]
2026-08-09 07:28:52 [debug    ] Decision loop completed        action=MAINTAIN latency_ms=110.21 p99=163.0
2026-08-09 07:29:07 [debug    ] GRU prediction received        confidence=0.8 latency_ms=5.98 predicted=94
2026-08-09 07:29:07 [debug    ] Using GRU prediction           confidence=0.8 forecast_capacity_signal=94.0 predicted=94 required_steps=5
2026-08-09 07:29:07 [info     ] algorithm2_scaling_decision    action=MAINTAIN alpha=0.060060060060060066 beta=0.0 buffer=1.0 current_replicas=7 predicted_load=94.0 required_resources=5.646 target_replicas=6
2026-08-09 07:29:07 [info     ] algorithm2_decision            action=MAINTAIN applied_target=6 current_replicas=7 hold_until=1786235437.7 observed_load=80.15 observed_target=5 point_forecasts=[82.95684051513672, 81.92986297607422, 83.0975112915039, 82.58241271972656, 82.58456420898438, 82.72344207763672, 82.70099639892578, 82.33386993408203, 81.6959457397461] prediction_age_sec=0.07 predictive_target=6 proactive=True scenario=s4-hybrid-predictive target_replicas=6 upper_forecasts=[92.59782409667969, 92.21794891357422, 92.84049224853516, 93.15869140625, 92.8787841796875, 93.31510925292969, 93.658447265625, 93.00286102294922, 92.81468963623047]
2026-08-09 07:29:07 [debug    ] Decision loop completed        action=MAINTAIN latency_ms=112.82 p99=163.0
2026-08-09 07:29:22 [debug    ] HAProxy fallback latency       delta_requests=774 interval_avg_ms=64.0 max_rtime_ms=163.0 p99_est=128.0
2026-08-09 07:29:22 [debug    ] GRU prediction received        confidence=0.8 latency_ms=5.93 predicted=86
2026-08-09 07:29:22 [debug    ] Using GRU prediction           confidence=0.8 forecast_capacity_signal=86.0 predicted=86 required_steps=5
2026-08-09 07:29:22 [info     ] algorithm2_scaling_decision    action=MAINTAIN alpha=0.060060060060060066 beta=0.0 buffer=1.0 current_replicas=7 predicted_load=86.0 required_resources=5.165 target_replicas=6
2026-08-09 07:29:22 [info     ] algorithm2_decision            action=MAINTAIN applied_target=6 current_replicas=7 hold_until=1786235452.8 observed_load=61.84 observed_target=4 point_forecasts=[75.8449478149414, 73.8579330444336, 75.60971069335938, 74.0995864868164, 74.72320556640625, 75.01319122314453, 75.35587310791016, 74.41947937011719, 73.52605438232422] prediction_age_sec=0.07 predictive_target=6 proactive=True scenario=s4-hybrid-predictive target_replicas=6 upper_forecasts=[85.48593139648438, 84.1460189819336, 85.35269165039062, 84.67586517333984, 85.01742553710938, 85.6048583984375, 86.31332397460938, 85.08847045898438, 84.6447982788086]
2026-08-09 07:29:22 [debug    ] Decision loop completed        action=MAINTAIN latency_ms=117.39 p99=128.0
2026-08-09 07:29:37 [debug    ] HAProxy fallback latency       delta_requests=704 interval_avg_ms=64.0 max_rtime_ms=163.0 p99_est=128.0
2026-08-09 07:29:37 [debug    ] GRU prediction received        confidence=0.8 latency_ms=6.56 predicted=80
2026-08-09 07:29:37 [debug    ] Using GRU prediction           confidence=0.8 forecast_capacity_signal=80.0 predicted=80 required_steps=5
2026-08-09 07:29:37 [info     ] algorithm2_scaling_decision    action=SCALE_DOWN alpha=0.060060060060060066 beta=0.0 buffer=1.0 current_replicas=7 predicted_load=80.0 required_resources=4.805 target_replicas=5
2026-08-09 07:29:37 [info     ] algorithm2_decision            action=SCALE_DOWN applied_target=5 current_replicas=7 hold_until=1786235467.9 observed_load=48.96 observed_target=3 point_forecasts=[69.27511596679688, 67.16246032714844, 69.1937255859375, 67.59098052978516, 68.18343353271484, 68.6661376953125, 69.05043029785156, 67.78067016601562, 66.95536804199219] prediction_age_sec=0.07 predictive_target=5 proactive=True scenario=s4-hybrid-predictive target_replicas=5 upper_forecasts=[78.91609954833984, 77.45054626464844, 78.93670654296875, 78.1672592163086, 78.47765350341797, 79.25780487060547, 80.00788116455078, 78.44966125488281, 78.07411193847656]
2026-08-09 07:29:37 [debug    ] Decision loop completed        action=MAINTAIN latency_ms=108.17 p99=128.0
2026-08-09 07:29:52 [debug    ] HAProxy fallback latency       delta_requests=693 interval_avg_ms=64.0 max_rtime_ms=163.0 p99_est=128.0
2026-08-09 07:29:52 [debug    ] GRU prediction received        confidence=0.8 latency_ms=5.97 predicted=75
2026-08-09 07:29:52 [debug    ] Using GRU prediction           confidence=0.8 forecast_capacity_signal=75.0 predicted=75 required_steps=5
2026-08-09 07:29:53 [info     ] algorithm2_scaling_decision    action=SCALE_DOWN alpha=0.060060060060060066 beta=0.0 buffer=1.0 current_replicas=7 predicted_load=75.0 required_resources=4.505 target_replicas=5
2026-08-09 07:29:53 [info     ] algorithm2_decision            action=SCALE_DOWN applied_target=5 current_replicas=7 hold_until=1786235483.1 observed_load=46.18 observed_target=3 point_forecasts=[63.777854919433594, 61.941810607910156, 63.76446533203125, 62.44855499267578, 62.803871154785156, 63.378211975097656, 63.706695556640625, 62.357513427734375, 61.71814727783203] prediction_age_sec=0.06 predictive_target=5 proactive=True scenario=s4-hybrid-predictive target_replicas=5 upper_forecasts=[73.41883850097656, 72.22989654541016, 73.5074462890625, 73.02483367919922, 73.09809112548828, 73.96987915039062, 74.66414642333984, 73.02650451660156, 72.8368911743164]
2026-08-09 07:29:53 [debug    ] Decision loop completed        action=MAINTAIN latency_ms=108.31 p99=128.0
2026-08-09 07:30:08 [debug    ] HAProxy fallback latency       delta_requests=654 interval_avg_ms=64.0 max_rtime_ms=163.0 p99_est=128.0
2026-08-09 07:30:08 [debug    ] GRU prediction received        confidence=0.8 latency_ms=6.13 predicted=70
2026-08-09 07:30:08 [debug    ] Using GRU prediction           confidence=0.8 forecast_capacity_signal=70.0 predicted=70 required_steps=5
2026-08-09 07:30:08 [info     ] algorithm2_scaling_decision    action=SCALE_DOWN alpha=0.060060060060060066 beta=0.0 buffer=1.0 current_replicas=7 predicted_load=70.0 required_resources=4.204 target_replicas=5
2026-08-09 07:30:08 [info     ] algorithm2_decision            action=SCALE_DOWN applied_target=5 current_replicas=7 hold_until=1786235498.2 observed_load=44.54 observed_target=3 point_forecasts=[58.951507568359375, 57.39312744140625, 58.99630355834961, 57.946434020996094, 58.107513427734375, 58.73314666748047, 58.987937927246094, 57.628997802734375, 57.187904357910156] prediction_age_sec=0.07 predictive_target=5 proactive=True scenario=s4-hybrid-predictive target_replicas=5 upper_forecasts=[68.59249114990234, 67.68121337890625, 68.73928833007812, 68.52271270751953, 68.4017333984375, 69.32481384277344, 69.94538879394531, 68.29798889160156, 68.30664825439453]
2026-08-09 07:30:08 [info     ] k8s_scale_executed             deployment=test-app-warm replicas=5
2026-08-09 07:30:08 [debug    ] Decision loop completed        action=MAINTAIN latency_ms=146.61 p99=128.0
2026-08-09 07:30:23 [debug    ] HAProxy fallback latency       delta_requests=635 interval_avg_ms=64.0 max_rtime_ms=163.0 p99_est=128.0
2026-08-09 07:30:23 [debug    ] GRU prediction received        confidence=0.8 latency_ms=5.94 predicted=66
2026-08-09 07:30:23 [debug    ] Using GRU prediction           confidence=0.8 forecast_capacity_signal=66.0 predicted=66 required_steps=5
2026-08-09 07:30:23 [info     ] algorithm2_scaling_decision    action=MAINTAIN alpha=0.060060060060060066 beta=0.0 buffer=1.0 current_replicas=5 predicted_load=66.0 required_resources=3.964 target_replicas=4
2026-08-09 07:30:23 [info     ] algorithm2_decision            action=MAINTAIN applied_target=4 current_replicas=5 hold_until=1786235513.3 observed_load=42.64 observed_target=3 point_forecasts=[54.9444580078125, 53.633026123046875, 55.032562255859375, 54.20751953125, 54.22966384887695, 54.862274169921875, 55.03642272949219, 53.73300552368164, 53.460289001464844] prediction_age_sec=0.07 predictive_target=4 proactive=True scenario=s4-hybrid-predictive target_replicas=4 upper_forecasts=[64.58544158935547, 63.92110824584961, 64.77554321289062, 64.78379821777344, 64.52388000488281, 65.45394134521484, 65.9938735961914, 64.4020004272461, 64.57903289794922]
2026-08-09 07:30:23 [debug    ] Decision loop completed        action=MAINTAIN latency_ms=114.46 p99=128.0
2026-08-09 07:30:38 [debug    ] HAProxy fallback latency       delta_requests=835 interval_avg_ms=144.69 max_rtime_ms=163.0 p99_est=163.0
2026-08-09 07:30:38 [debug    ] GRU prediction received        confidence=0.8 latency_ms=5.99 predicted=65
2026-08-09 07:30:38 [debug    ] Using GRU prediction           confidence=0.8 forecast_capacity_signal=65.0 predicted=65 required_steps=5
2026-08-09 07:30:38 [info     ] algorithm2_scaling_decision    action=MAINTAIN alpha=0.060060060060060066 beta=0.0 buffer=1.0 current_replicas=5 predicted_load=65.0 required_resources=3.904 target_replicas=4
2026-08-09 07:30:38 [info     ] algorithm2_decision            action=MAINTAIN applied_target=4 current_replicas=5 hold_until=1786235528.4 observed_load=48.58 observed_target=3 point_forecasts=[53.999385833740234, 52.9498176574707, 54.13816833496094, 53.37178039550781, 53.51314926147461, 54.047157287597656, 53.984779357910156, 53.03050994873047, 52.919498443603516] prediction_age_sec=0.06 predictive_target=4 proactive=True scenario=s4-hybrid-predictive target_replicas=4 upper_forecasts=[63.64036560058594, 63.23789978027344, 63.88114929199219, 63.94805908203125, 63.807369232177734, 64.63882446289062, 64.94223022460938, 63.699501037597656, 64.03823852539062]
2026-08-09 07:30:38 [debug    ] Decision loop completed        action=MAINTAIN latency_ms=105.27 p99=163.0
2026-08-09 07:30:53 [debug    ] HAProxy fallback latency       delta_requests=1059 interval_avg_ms=65.0 max_rtime_ms=163.0 p99_est=130.0
2026-08-09 07:30:53 [debug    ] GRU prediction received        confidence=0.8 latency_ms=5.87 predicted=67
2026-08-09 07:30:53 [debug    ] Using GRU prediction           confidence=0.8 forecast_capacity_signal=67.0 predicted=67 required_steps=5
2026-08-09 07:30:53 [debug    ] Proactive amplification        amplified=124.6 approach_ratio=0.84 load_trend=6.1 raw_pred=67
2026-08-09 07:30:53 [info     ] algorithm2_scaling_decision    action=MAINTAIN alpha=0.060060060060060066 beta=0.0 buffer=1.0 current_replicas=5 predicted_load=67.0 required_resources=4.024 target_replicas=5
2026-08-09 07:30:53 [info     ] algorithm2_decision            action=MAINTAIN applied_target=5 current_replicas=5 hold_until=1786235543.5 observed_load=62.61 observed_target=4 point_forecasts=[56.17760467529297, 55.32086181640625, 56.343910217285156, 55.492671966552734, 55.9217529296875, 56.31147384643555, 55.94794464111328, 55.4794921875, 55.53309631347656] prediction_age_sec=0.06 predictive_target=5 proactive=True scenario=s4-hybrid-predictive target_replicas=5 upper_forecasts=[65.81858825683594, 65.60894775390625, 66.0868911743164, 66.06895446777344, 66.21597290039062, 66.90313720703125, 66.9053955078125, 66.14848327636719, 66.65184020996094]
2026-08-09 07:30:53 [debug    ] Decision loop completed        action=MAINTAIN latency_ms=112.97 p99=130.0
2026-08-09 07:31:08 [debug    ] HAProxy fallback latency       delta_requests=1075 interval_avg_ms=65.0 max_rtime_ms=163.0 p99_est=130.0
2026-08-09 07:31:08 [debug    ] GRU prediction received        confidence=0.8 latency_ms=6.0 predicted=70
2026-08-09 07:31:08 [debug    ] Using GRU prediction           confidence=0.8 forecast_capacity_signal=70.0 predicted=70 required_steps=5
2026-08-09 07:31:08 [debug    ] Proactive amplification        amplified=133.8 approach_ratio=0.85 load_trend=7.0 raw_pred=70
2026-08-09 07:31:08 [info     ] algorithm2_scaling_decision    action=MAINTAIN alpha=0.060060060060060066 beta=0.0 buffer=1.0 current_replicas=5 predicted_load=70.58466930333887 required_resources=4.239 target_replicas=5
2026-08-09 07:31:08 [info     ] algorithm2_decision            action=MAINTAIN applied_target=5 current_replicas=5 hold_until=1786235543.5 observed_load=70.58 observed_target=5 point_forecasts=[59.03196716308594, 58.44746398925781, 59.05181121826172, 58.52404022216797, 58.78483963012695, 59.054927825927734, 58.63822937011719, 58.48322296142578, 58.68682861328125] prediction_age_sec=0.07 predictive_target=5 proactive=False scenario=s4-hybrid-predictive target_replicas=5 upper_forecasts=[68.6729507446289, 68.73554992675781, 68.79479217529297, 69.1003189086914, 69.07905578613281, 69.64659118652344, 69.5956802368164, 69.15221405029297, 69.80557250976562]
2026-08-09 07:31:08 [debug    ] Decision loop completed        action=MAINTAIN latency_ms=111.32 p99=130.0
2026-08-09 07:31:23 [debug    ] HAProxy fallback latency       delta_requests=1051 interval_avg_ms=132.14 max_rtime_ms=163.0 p99_est=163.0
2026-08-09 07:31:23 [debug    ] GRU prediction received        confidence=0.8 latency_ms=5.7 predicted=72
2026-08-09 07:31:23 [debug    ] Using GRU prediction           confidence=0.8 forecast_capacity_signal=72.0 predicted=72 required_steps=5
2026-08-09 07:31:23 [debug    ] Proactive amplification        amplified=131.6 approach_ratio=0.84 load_trend=6.9 raw_pred=72
2026-08-09 07:31:23 [info     ] algorithm2_scaling_decision    action=MAINTAIN alpha=0.060060060060060066 beta=0.0 buffer=1.0 current_replicas=5 predicted_load=70.33923181243591 required_resources=4.225 target_replicas=5
2026-08-09 07:31:23 [info     ] algorithm2_decision            action=MAINTAIN applied_target=5 current_replicas=5 hold_until=1786235543.5 observed_load=70.34 observed_target=5 point_forecasts=[61.47694396972656, 61.006690979003906, 61.36529541015625, 61.06438446044922, 61.148658752441406, 61.36200714111328, 60.993370056152344, 60.97172927856445, 61.256256103515625] prediction_age_sec=0.07 predictive_target=5 proactive=False scenario=s4-hybrid-predictive target_replicas=5 upper_forecasts=[71.11792755126953, 71.2947769165039, 71.1082763671875, 71.64066314697266, 71.44287872314453, 71.95367431640625, 71.95082092285156, 71.6407241821289, 72.375]
2026-08-09 07:31:23 [debug    ] Decision loop completed        action=MAINTAIN latency_ms=121.28 p99=163.0
2026-08-09 07:31:38 [debug    ] GRU prediction received        confidence=0.8 latency_ms=6.18 predicted=75
2026-08-09 07:31:38 [debug    ] Using GRU prediction           confidence=0.8 forecast_capacity_signal=75.0 predicted=75 required_steps=5
2026-08-09 07:31:38 [debug    ] Proactive amplification        amplified=106.2 approach_ratio=0.85 load_trend=3.9 raw_pred=75
2026-08-09 07:31:38 [info     ] algorithm2_scaling_decision    action=MAINTAIN alpha=0.060060060060060066 beta=0.0 buffer=1.0 current_replicas=5 predicted_load=70.2216662818683 required_resources=4.218 target_replicas=5
2026-08-09 07:31:38 [info     ] algorithm2_decision            action=MAINTAIN applied_target=5 current_replicas=5 hold_until=1786235543.5 observed_load=70.22 observed_target=5 point_forecasts=[63.85957717895508, 63.4466552734375, 63.64594268798828, 63.478294372558594, 63.448829650878906, 63.633872985839844, 63.3019905090332, 63.367919921875, 63.69462966918945] prediction_age_sec=0.07 predictive_target=5 proactive=False scenario=s4-hybrid-predictive target_replicas=5 upper_forecasts=[73.50055694580078, 73.7347412109375, 73.38892364501953, 74.05457305908203, 73.74304962158203, 74.22554016113281, 74.25943756103516, 74.03691101074219, 74.81336975097656]
2026-08-09 07:31:38 [debug    ] Decision loop completed        action=MAINTAIN latency_ms=106.29 p99=163.0
2026-08-09 07:31:53 [debug    ] HAProxy fallback latency       delta_requests=1131 interval_avg_ms=129.34 max_rtime_ms=163.0 p99_est=163.0
2026-08-09 07:31:53 [debug    ] GRU prediction received        confidence=0.8 latency_ms=5.74 predicted=78
2026-08-09 07:31:53 [debug    ] Using GRU prediction           confidence=0.8 forecast_capacity_signal=78.0 predicted=78 required_steps=5
2026-08-09 07:31:53 [info     ] algorithm2_scaling_decision    action=MAINTAIN alpha=0.060060060060060066 beta=0.0 buffer=1.0 current_replicas=5 predicted_load=72.84746413458892 required_resources=4.375 target_replicas=5
2026-08-09 07:31:53 [info     ] algorithm2_decision            action=MAINTAIN applied_target=5 current_replicas=5 hold_until=1786235543.5 observed_load=72.85 observed_target=5 point_forecasts=[66.64238739013672, 66.35164642333984, 66.33985900878906, 66.3311538696289, 66.17984008789062, 66.33946990966797, 66.01182556152344, 66.21145629882812, 66.58641815185547] prediction_age_sec=0.07 predictive_target=5 proactive=False scenario=s4-hybrid-predictive target_replicas=5 upper_forecasts=[76.28337097167969, 76.63973236083984, 76.08283996582031, 76.90743255615234, 76.47406005859375, 76.93113708496094, 76.96927642822266, 76.88044738769531, 77.70516204833984]
2026-08-09 07:31:53 [debug    ] Decision loop completed        action=MAINTAIN latency_ms=109.92 p99=163.0
2026-08-09 07:32:09 [debug    ] HAProxy fallback latency       delta_requests=1395 interval_avg_ms=66.0 max_rtime_ms=163.0 p99_est=132.0
2026-08-09 07:32:09 [debug    ] GRU prediction received        confidence=0.8 latency_ms=6.27 predicted=85
2026-08-09 07:32:09 [debug    ] Using GRU prediction           confidence=0.8 forecast_capacity_signal=85.0 predicted=85 required_steps=5
2026-08-09 07:32:09 [debug    ] Proactive amplification        amplified=140.0 approach_ratio=1.11 load_trend=5.3 raw_pred=85
2026-08-09 07:32:09 [info     ] Knative pre-warm OK            cold_start_ms=3.1
2026-08-09 07:32:09 [info     ] controller_decision_v3         action=PREDICTIVE available_replicas=5 budget_remaining=1000 burn_adjustment=0 burst_ratio=0.0983 capacity_deficit=False confidence=0.8 current_load=92.32263925374964 decision_id=c36b84d5 k8s_capacity=83.2 k8s_weight=90 knative_weight=10 p99=132.0 predicted_load=85 r_effective=16.6 serverless_enabled=True total_load=92.3 weights_after={'k3s': 90, 'knative': 10} weights_before={'k3s': 100, 'knative': 0}
2026-08-09 07:32:09 [info     ] Weights updated                k3s=90 knative=10
2026-08-09 07:32:09 [info     ] Weights updated                action=PREDICTIVE reason='load=92RPS | k8s_cap=83RPS | (prediction-driven)' weights={'k3s': 90, 'knative': 10}
2026-08-09 07:32:09 [info     ] algorithm2_scaling_decision    action=SCALE_UP alpha=0.060060060060060066 beta=0.0 buffer=1.0 current_replicas=5 predicted_load=83.5621015235576 required_resources=5.019 target_replicas=6
2026-08-09 07:32:09 [info     ] algorithm2_decision            action=SCALE_UP applied_target=6 current_replicas=5 hold_until=1786235543.5 observed_load=83.56 observed_target=6 point_forecasts=[73.275390625, 73.87487030029297, 73.22393798828125, 74.07801055908203, 73.2225341796875, 73.34504699707031, 72.4865493774414, 73.44920349121094, 74.30298614501953] prediction_age_sec=0.07 predictive_target=6 proactive=False scenario=s4-hybrid-predictive target_replicas=6 upper_forecasts=[82.91637420654297, 84.16295623779297, 82.9669189453125, 84.65428924560547, 83.51675415039062, 83.93671417236328, 83.44400024414062, 84.11819458007812, 85.4217300415039]
2026-08-09 07:32:09 [info     ] k8s_scale_executed             deployment=test-app-warm replicas=6
2026-08-09 07:32:09 [debug    ] Decision loop completed        action=PREDICTIVE latency_ms=159.45 p99=132.0
2026-08-09 07:32:24 [debug    ] HAProxy fallback latency       delta_requests=1641 interval_avg_ms=112.19 max_rtime_ms=163.0 p99_est=163.0
2026-08-09 07:32:24 [debug    ] GRU prediction received        confidence=0.8 latency_ms=6.17 predicted=96
2026-08-09 07:32:24 [debug    ] Using GRU prediction           confidence=0.8 forecast_capacity_signal=96.0 predicted=96 required_steps=5
2026-08-09 07:32:24 [debug    ] Proactive amplification        amplified=195.1 approach_ratio=1.08 load_trend=9.7 raw_pred=96
2026-08-09 07:32:24 [info     ] controller_decision_v3         action=RECOVERY available_replicas=6 budget_remaining=1000 burn_adjustment=0 burst_ratio=0.0766 capacity_deficit=False confidence=0.8 current_load=108.18213258311589 decision_id=a87521bc k8s_capacity=99.9 k8s_weight=92 knative_weight=8 p99=163.0 predicted_load=96 r_effective=16.6 serverless_enabled=True total_load=108.2 weights_after={'k3s': 92, 'knative': 8} weights_before={'k3s': 90, 'knative': 10}
2026-08-09 07:32:24 [info     ] Weights updated                k3s=92 knative=8
2026-08-09 07:32:24 [info     ] Weights updated                action=RECOVERY reason='load=108RPS | k8s_cap=100RPS | (reducing-serverless)' weights={'k3s': 92, 'knative': 8}
2026-08-09 07:32:24 [info     ] Scale readiness observed       elapsed_sec=15.2 ewma_delay=37.9 samples=7 target=6
2026-08-09 07:32:24 [info     ] algorithm2_scaling_decision    action=SCALE_UP alpha=0.060060060060060066 beta=0.0 buffer=1.0 current_replicas=6 predicted_load=100.25238591843276 required_resources=6.021 target_replicas=7
2026-08-09 07:32:24 [info     ] algorithm2_decision            action=SCALE_UP applied_target=7 current_replicas=6 hold_until=1786235543.5 observed_load=100.25 observed_target=7 point_forecasts=[82.15955352783203, 83.6670913696289, 82.78556060791016, 84.69175720214844, 82.96790313720703, 83.0479965209961, 81.56759643554688, 83.18075561523438, 84.52095031738281] prediction_age_sec=0.1 predictive_target=6 proactive=False scenario=s4-hybrid-predictive target_replicas=7 upper_forecasts=[91.800537109375, 93.9551773071289, 92.5285415649414, 95.26803588867188, 93.26212310791016, 93.63966369628906, 92.5250473022461, 93.84974670410156, 95.63969421386719]
2026-08-09 07:32:24 [info     ] k8s_scale_executed             deployment=test-app-warm replicas=7
2026-08-09 07:32:24 [debug    ] Decision loop completed        action=RECOVERY latency_ms=195.38 p99=163.0
2026-08-09 07:32:39 [debug    ] HAProxy fallback latency       delta_requests=1454 interval_avg_ms=13.87 max_rtime_ms=163.0 p99_est=27.73
2026-08-09 07:32:39 [debug    ] GRU prediction received        confidence=0.8 latency_ms=5.75 predicted=100
2026-08-09 07:32:39 [debug    ] Using GRU prediction           confidence=0.8 forecast_capacity_signal=100.0 predicted=100 required_steps=4
2026-08-09 07:32:39 [debug    ] Proactive amplification        amplified=151.7 approach_ratio=0.82 load_trend=6.2 raw_pred=100
2026-08-09 07:32:39 [info     ] controller_decision_v3         action=RECOVERY available_replicas=7 budget_remaining=1000 burn_adjustment=0 burst_ratio=0 capacity_deficit=False confidence=0.8 current_load=95.75361450846574 decision_id=445e9488 k8s_capacity=116.5 k8s_weight=100 knative_weight=0 p99=27.7 predicted_load=100 r_effective=16.6 serverless_enabled=False total_load=95.8 weights_after={'k3s': 100, 'knative': 0} weights_before={'k3s': 92, 'knative': 8}
2026-08-09 07:32:39 [info     ] Weights updated                k3s=100 knative=0
2026-08-09 07:32:39 [info     ] Weights updated                action=RECOVERY reason='load=96RPS | k8s_cap=117RPS | (reducing-serverless)' weights={'k3s': 100, 'knative': 0}
2026-08-09 07:32:39 [info     ] Scale readiness observed       elapsed_sec=15.1 ewma_delay=31.1 samples=8 target=7
2026-08-09 07:32:39 [info     ] algorithm2_scaling_decision    action=MAINTAIN alpha=0.060060060060060066 beta=0.0 buffer=1.0 current_replicas=7 predicted_load=101.96787354579081 required_resources=6.124 target_replicas=7
2026-08-09 07:32:39 [info     ] algorithm2_decision            action=MAINTAIN applied_target=7 current_replicas=7 hold_until=1786235543.5 observed_load=101.97 observed_target=7 point_forecasts=[86.84990692138672, 88.30195617675781, 87.770751953125, 89.39400482177734, 87.7003173828125, 87.85602569580078, 86.52804565429688, 87.89228820800781, 88.94684600830078] prediction_age_sec=0.1 predictive_target=7 proactive=False scenario=s4-hybrid-predictive target_replicas=7 upper_forecasts=[96.49089050292969, 98.59004211425781, 97.51373291015625, 99.97028350830078, 97.99453735351562, 98.44769287109375, 97.4854965209961, 98.561279296875, 100.06558990478516]
2026-08-09 07:32:39 [debug    ] Decision loop completed        action=RECOVERY latency_ms=146.97 p99=27.731774415405777
2026-08-09 07:32:54 [debug    ] GRU prediction received        confidence=0.8 latency_ms=5.71 predicted=99
2026-08-09 07:32:54 [debug    ] Using GRU prediction           confidence=0.8 forecast_capacity_signal=99.0 predicted=99 required_steps=4
2026-08-09 07:32:54 [info     ] algorithm2_scaling_decision    action=MAINTAIN alpha=0.060060060060060066 beta=0.0 buffer=1.0 current_replicas=7 predicted_load=86.95964257166014 required_resources=5.223 target_replicas=6
2026-08-09 07:32:54 [info     ] algorithm2_decision            action=MAINTAIN applied_target=6 current_replicas=7 hold_until=1786235543.5 observed_load=86.96 observed_target=6 point_forecasts=[86.41160583496094, 87.38220977783203, 87.28762817382812, 88.2752914428711, 87.05691528320312, 87.23641967773438, 86.2345199584961, 87.217041015625, 87.68244171142578] prediction_age_sec=0.07 predictive_target=6 proactive=False scenario=s4-hybrid-predictive target_replicas=6 upper_forecasts=[96.0525894165039, 97.67029571533203, 97.03060913085938, 98.85157012939453, 97.35113525390625, 97.82808685302734, 97.19197082519531, 97.88603210449219, 98.80118560791016]
2026-08-09 07:32:54 [debug    ] Decision loop completed        action=MAINTAIN latency_ms=116.24 p99=27.731774415405777
2026-08-09 07:33:09 [debug    ] GRU prediction received        confidence=0.8 latency_ms=5.77 predicted=93
2026-08-09 07:33:09 [debug    ] Using GRU prediction           confidence=0.8 forecast_capacity_signal=93.0 predicted=93 required_steps=4
2026-08-09 07:33:09 [info     ] algorithm2_scaling_decision    action=MAINTAIN alpha=0.060060060060060066 beta=0.0 buffer=1.0 current_replicas=7 predicted_load=93.0 required_resources=5.586 target_replicas=6
2026-08-09 07:33:09 [info     ] algorithm2_decision            action=MAINTAIN applied_target=6 current_replicas=7 hold_until=1786235679.7 observed_load=69.51 observed_target=5 point_forecasts=[81.83759307861328, 81.63558197021484, 82.07340240478516, 82.32854461669922, 81.61219787597656, 81.86246490478516, 81.37022399902344, 81.67542266845703, 81.69417572021484] prediction_age_sec=0.07 predictive_target=6 proactive=True scenario=s4-hybrid-predictive target_replicas=6 upper_forecasts=[91.47857666015625, 91.92366790771484, 91.8163833618164, 92.90482330322266, 91.90641784667969, 92.45413208007812, 92.32767486572266, 92.34441375732422, 92.81291961669922]
2026-08-09 07:33:09 [debug    ] Decision loop completed        action=MAINTAIN latency_ms=109.25 p99=27.731774415405777
2026-08-09 07:33:24 [debug    ] HAProxy fallback latency       delta_requests=694 interval_avg_ms=64.0 max_rtime_ms=163.0 p99_est=128.0
2026-08-09 07:33:24 [debug    ] GRU prediction received        confidence=0.8 latency_ms=5.67 predicted=84
2026-08-09 07:33:24 [debug    ] Using GRU prediction           confidence=0.8 forecast_capacity_signal=84.0 predicted=84 required_steps=4
2026-08-09 07:33:24 [info     ] algorithm2_scaling_decision    action=MAINTAIN alpha=0.060060060060060066 beta=0.0 buffer=1.0 current_replicas=7 predicted_load=84.0 required_resources=5.045 target_replicas=6
2026-08-09 07:33:24 [info     ] algorithm2_decision            action=MAINTAIN applied_target=6 current_replicas=7 hold_until=1786235694.8 observed_load=53.43 observed_target=4 point_forecasts=[74.10865783691406, 72.47467041015625, 73.84593963623047, 72.63630676269531, 72.9937744140625, 73.34098815917969, 73.53883361816406, 72.83258056640625, 72.23138427734375] prediction_age_sec=0.07 predictive_target=6 proactive=True scenario=s4-hybrid-predictive target_replicas=6 upper_forecasts=[83.74964141845703, 82.76275634765625, 83.58892059326172, 83.21258544921875, 83.28799438476562, 83.93265533447266, 84.49628448486328, 83.50157165527344, 83.35012817382812]
2026-08-09 07:33:24 [debug    ] Decision loop completed        action=MAINTAIN latency_ms=113.36 p99=128.0
2026-08-09 07:33:39 [debug    ] HAProxy fallback latency       delta_requests=657 interval_avg_ms=64.0 max_rtime_ms=163.0 p99_est=128.0
2026-08-09 07:33:39 [debug    ] GRU prediction received        confidence=0.8 latency_ms=5.85 predicted=78
2026-08-09 07:33:39 [debug    ] Using GRU prediction           confidence=0.8 forecast_capacity_signal=78.0 predicted=78 required_steps=4
2026-08-09 07:33:39 [info     ] algorithm2_scaling_decision    action=SCALE_DOWN alpha=0.060060060060060066 beta=0.0 buffer=1.0 current_replicas=7 predicted_load=78.0 required_resources=4.685 target_replicas=5
2026-08-09 07:33:39 [info     ] algorithm2_decision            action=SCALE_DOWN applied_target=5 current_replicas=7 hold_until=1786235709.9 observed_load=44.73 observed_target=3 point_forecasts=[67.51455688476562, 65.53019714355469, 67.45882415771484, 65.9189224243164, 66.46085357666016, 66.99267578125, 67.25716400146484, 66.11038208007812, 65.47834777832031] prediction_age_sec=0.06 predictive_target=5 proactive=True scenario=s4-hybrid-predictive target_replicas=5 upper_forecasts=[77.1555404663086, 75.81828308105469, 77.2018051147461, 76.49520111083984, 76.75507354736328, 77.58434295654297, 78.21461486816406, 76.77937316894531, 76.59709167480469]
2026-08-09 07:33:39 [info     ] k8s_scale_executed             deployment=test-app-warm replicas=5
2026-08-09 07:33:39 [debug    ] Decision loop completed        action=MAINTAIN latency_ms=147.46 p99=128.0
2026-08-09 07:33:55 [debug    ] HAProxy fallback latency       delta_requests=670 interval_avg_ms=64.0 max_rtime_ms=163.0 p99_est=128.0
2026-08-09 07:33:55 [debug    ] GRU prediction received        confidence=0.8 latency_ms=5.74 predicted=73
2026-08-09 07:33:55 [debug    ] Using GRU prediction           confidence=0.8 forecast_capacity_signal=73.0 predicted=73 required_steps=4
2026-08-09 07:33:55 [info     ] algorithm2_scaling_decision    action=MAINTAIN alpha=0.060060060060060066 beta=0.0 buffer=1.0 current_replicas=5 predicted_load=73.0 required_resources=4.384 target_replicas=5
2026-08-09 07:33:55 [info     ] algorithm2_decision            action=MAINTAIN applied_target=5 current_replicas=5 hold_until=1786235725.1 observed_load=43.82 observed_target=3 point_forecasts=[62.25119400024414, 60.51914978027344, 62.254615783691406, 60.99835205078125, 61.31103515625, 61.92249298095703, 62.162750244140625, 60.88728332519531, 60.410587310791016] prediction_age_sec=0.07 predictive_target=5 proactive=True scenario=s4-hybrid-predictive target_replicas=5 upper_forecasts=[71.89217376708984, 70.80723571777344, 71.99759674072266, 71.57463073730469, 71.60525512695312, 72.51416015625, 73.12020111083984, 71.5562744140625, 71.52932739257812]
2026-08-09 07:33:55 [debug    ] Decision loop completed        action=MAINTAIN latency_ms=112.48 p99=128.0
2026-08-09 07:34:10 [debug    ] HAProxy fallback latency       delta_requests=776 interval_avg_ms=64.0 max_rtime_ms=163.0 p99_est=128.0
2026-08-09 07:34:10 [debug    ] GRU prediction received        confidence=0.8 latency_ms=6.32 predicted=70
2026-08-09 07:34:10 [debug    ] Using GRU prediction           confidence=0.8 forecast_capacity_signal=70.0 predicted=70 required_steps=4
2026-08-09 07:34:10 [info     ] algorithm2_scaling_decision    action=MAINTAIN alpha=0.060060060060060066 beta=0.0 buffer=1.0 current_replicas=5 predicted_load=70.0 required_resources=4.204 target_replicas=5
2026-08-09 07:34:10 [info     ] algorithm2_decision            action=MAINTAIN applied_target=5 current_replicas=5 hold_until=1786235740.2 observed_load=47.76 observed_target=3 point_forecasts=[59.14122009277344, 57.71647262573242, 59.22275924682617, 58.146087646484375, 58.41939926147461, 59.005882263183594, 59.092872619628906, 57.9643669128418, 57.65687561035156] prediction_age_sec=0.07 predictive_target=5 proactive=True scenario=s4-hybrid-predictive target_replicas=5 upper_forecasts=[68.7822036743164, 68.00455474853516, 68.96574401855469, 68.72236633300781, 68.713623046875, 69.59754943847656, 70.05032348632812, 68.63336181640625, 68.77561950683594]
2026-08-09 07:34:10 [debug    ] Decision loop completed        action=MAINTAIN latency_ms=113.91 p99=128.0
2026-08-09 07:34:25 [debug    ] HAProxy fallback latency       delta_requests=854 interval_avg_ms=64.0 max_rtime_ms=163.0 p99_est=128.0
2026-08-09 07:34:25 [debug    ] GRU prediction received        confidence=0.8 latency_ms=5.77 predicted=69
2026-08-09 07:34:25 [debug    ] Using GRU prediction           confidence=0.8 forecast_capacity_signal=69.0 predicted=69 required_steps=4
2026-08-09 07:34:25 [info     ] algorithm2_scaling_decision    action=MAINTAIN alpha=0.060060060060060066 beta=0.0 buffer=1.0 current_replicas=5 predicted_load=69.0 required_resources=4.144 target_replicas=5
2026-08-09 07:34:25 [info     ] algorithm2_decision            action=MAINTAIN applied_target=5 current_replicas=5 hold_until=1786235755.3 observed_load=53.92 observed_target=4 point_forecasts=[57.76367950439453, 56.57294464111328, 57.88983917236328, 56.91242599487305, 57.224456787109375, 57.75368881225586, 57.67389678955078, 56.767906188964844, 56.61228942871094] prediction_age_sec=0.07 predictive_target=5 proactive=True scenario=s4-hybrid-predictive target_replicas=5 upper_forecasts=[67.4046630859375, 66.86103057861328, 67.63282012939453, 67.48870849609375, 67.5186767578125, 68.34535217285156, 68.63134765625, 67.43689727783203, 67.73103332519531]
2026-08-09 07:34:25 [debug    ] Decision loop completed        action=MAINTAIN latency_ms=116.82 p99=128.0
2026-08-09 07:34:40 [debug    ] HAProxy fallback latency       delta_requests=716 interval_avg_ms=64.0 max_rtime_ms=163.0 p99_est=128.0
2026-08-09 07:34:40 [debug    ] GRU prediction received        confidence=0.8 latency_ms=5.76 predicted=66
2026-08-09 07:34:40 [debug    ] Using GRU prediction           confidence=0.8 forecast_capacity_signal=66.0 predicted=66 required_steps=4
2026-08-09 07:34:40 [info     ] algorithm2_scaling_decision    action=MAINTAIN alpha=0.060060060060060066 beta=0.0 buffer=1.0 current_replicas=5 predicted_load=69.0 required_resources=4.144 target_replicas=5
2026-08-09 07:34:40 [info     ] algorithm2_decision            action=MAINTAIN applied_target=5 current_replicas=5 hold_until=1786235755.3 observed_load=51.97 observed_target=4 point_forecasts=[55.484764099121094, 54.39182662963867, 55.61466598510742, 54.788177490234375, 54.982940673828125, 55.499107360839844, 55.42693328857422, 54.529300689697266, 54.42972946166992] prediction_age_sec=0.06 predictive_target=4 proactive=True scenario=s4-hybrid-predictive target_replicas=5 upper_forecasts=[65.12574768066406, 64.6799087524414, 65.35765075683594, 65.36445617675781, 65.27716064453125, 66.09077453613281, 66.38438415527344, 65.19829559326172, 65.54846954345703]
2026-08-09 07:34:40 [debug    ] Decision loop completed        action=MAINTAIN latency_ms=109.05 p99=128.0
2026-08-09 07:34:55 [debug    ] HAProxy fallback latency       delta_requests=579 interval_avg_ms=64.0 max_rtime_ms=163.0 p99_est=128.0
2026-08-09 07:34:55 [debug    ] GRU prediction received        confidence=0.8 latency_ms=5.86 predicted=63
2026-08-09 07:34:55 [debug    ] Using GRU prediction           confidence=0.8 forecast_capacity_signal=63.0 predicted=63 required_steps=4
2026-08-09 07:34:55 [info     ] algorithm2_scaling_decision    action=MAINTAIN alpha=0.060060060060060066 beta=0.0 buffer=1.0 current_replicas=5 predicted_load=63.0 required_resources=3.784 target_replicas=4
2026-08-09 07:34:55 [info     ] algorithm2_decision            action=MAINTAIN applied_target=4 current_replicas=5 hold_until=1786235785.5 observed_load=42.84 observed_target=3 point_forecasts=[52.16566467285156, 51.12653350830078, 52.28410720825195, 51.64863586425781, 51.643943786621094, 52.180320739746094, 52.18791580200195, 51.178932189941406, 51.11243438720703] prediction_age_sec=0.06 predictive_target=4 proactive=True scenario=s4-hybrid-predictive target_replicas=4 upper_forecasts=[61.80664825439453, 61.414615631103516, 62.0270881652832, 62.22491455078125, 61.93816375732422, 62.77198791503906, 63.145362854003906, 61.847923278808594, 62.23117446899414]
2026-08-09 07:34:55 [debug    ] Decision loop completed        action=MAINTAIN latency_ms=112.93 p99=128.0
2026-08-09 07:35:10 [debug    ] HAProxy fallback latency       delta_requests=583 interval_avg_ms=64.0 max_rtime_ms=163.0 p99_est=128.0
2026-08-09 07:35:10 [debug    ] GRU prediction received        confidence=0.8 latency_ms=6.52 predicted=60
2026-08-09 07:35:10 [debug    ] Using GRU prediction           confidence=0.8 forecast_capacity_signal=60.0 predicted=60 required_steps=4
2026-08-09 07:35:10 [info     ] algorithm2_scaling_decision    action=MAINTAIN alpha=0.060060060060060066 beta=0.0 buffer=1.0 current_replicas=5 predicted_load=60.0 required_resources=3.604 target_replicas=4
2026-08-09 07:35:10 [info     ] algorithm2_decision            action=MAINTAIN applied_target=4 current_replicas=5 hold_until=1786235800.7 observed_load=38.45 observed_target=3 point_forecasts=[49.42354965209961, 48.4822883605957, 49.544368743896484, 49.05259323120117, 48.9459342956543, 49.46424865722656, 49.472679138183594, 48.4704704284668, 48.451881408691406] prediction_age_sec=0.06 predictive_target=4 proactive=True scenario=s4-hybrid-predictive target_replicas=4 upper_forecasts=[59.06452941894531, 58.77037048339844, 59.287349700927734, 59.62887191772461, 59.24015426635742, 60.05591583251953, 60.43013000488281, 59.13946533203125, 59.570621490478516]
2026-08-09 07:35:10 [debug    ] Decision loop completed        action=MAINTAIN latency_ms=109.5 p99=128.0
2026-08-09 07:35:25 [debug    ] HAProxy fallback latency       delta_requests=607 interval_avg_ms=64.0 max_rtime_ms=163.0 p99_est=128.0
2026-08-09 07:35:25 [debug    ] GRU prediction received        confidence=0.8 latency_ms=5.49 predicted=58
2026-08-09 07:35:25 [debug    ] Using GRU prediction           confidence=0.8 forecast_capacity_signal=58.0 predicted=58 required_steps=4
2026-08-09 07:35:25 [info     ] algorithm2_scaling_decision    action=MAINTAIN alpha=0.060060060060060066 beta=0.0 buffer=1.0 current_replicas=5 predicted_load=58.0 required_resources=3.483 target_replicas=4
2026-08-09 07:35:25 [info     ] algorithm2_decision            action=MAINTAIN applied_target=4 current_replicas=5 hold_until=1786235815.8 observed_load=39.41 observed_target=3 point_forecasts=[47.44266128540039, 46.608543395996094, 47.56867980957031, 47.185543060302734, 47.04108428955078, 47.50638961791992, 47.4793701171875, 46.56257247924805, 46.585044860839844] prediction_age_sec=0.07 predictive_target=4 proactive=True scenario=s4-hybrid-predictive target_replicas=4 upper_forecasts=[57.083641052246094, 56.89662551879883, 57.31166076660156, 57.76182174682617, 57.335304260253906, 58.09805679321289, 58.43682098388672, 57.2315673828125, 57.70378494262695]
2026-08-09 07:35:25 [debug    ] Decision loop completed        action=MAINTAIN latency_ms=111.54 p99=128.0
2026-08-09 07:35:40 [debug    ] HAProxy fallback latency       delta_requests=629 interval_avg_ms=64.0 max_rtime_ms=163.0 p99_est=128.0
2026-08-09 07:35:40 [debug    ] GRU prediction received        confidence=0.8 latency_ms=6.09 predicted=57
2026-08-09 07:35:40 [debug    ] Using GRU prediction           confidence=0.8 forecast_capacity_signal=57.0 predicted=57 required_steps=4
2026-08-09 07:35:40 [info     ] algorithm2_scaling_decision    action=MAINTAIN alpha=0.060060060060060066 beta=0.0 buffer=1.0 current_replicas=5 predicted_load=57.0 required_resources=3.423 target_replicas=4
2026-08-09 07:35:40 [info     ] algorithm2_decision            action=MAINTAIN applied_target=4 current_replicas=5 hold_until=1786235830.9 observed_load=40.9 observed_target=3 point_forecasts=[46.13544464111328, 45.387149810791016, 46.25525665283203, 45.95537185668945, 45.80149459838867, 46.207698822021484, 46.137577056884766, 45.32421112060547, 45.39490509033203] prediction_age_sec=0.06 predictive_target=4 proactive=True scenario=s4-hybrid-predictive target_replicas=4 upper_forecasts=[55.77642822265625, 55.67523193359375, 55.99823760986328, 56.53165054321289, 56.0957145690918, 56.79936599731445, 57.09502410888672, 55.993202209472656, 56.51364517211914]
2026-08-09 07:35:40 [debug    ] Decision loop completed        action=MAINTAIN latency_ms=107.94 p99=128.0
2026-08-09 07:35:55 [debug    ] HAProxy fallback latency       delta_requests=663 interval_avg_ms=64.0 max_rtime_ms=163.0 p99_est=128.0
2026-08-09 07:35:55 [debug    ] GRU prediction received        confidence=0.8 latency_ms=5.59 predicted=56
2026-08-09 07:35:55 [debug    ] Using GRU prediction           confidence=0.8 forecast_capacity_signal=56.0 predicted=56 required_steps=4
2026-08-09 07:35:55 [info     ] algorithm2_scaling_decision    action=MAINTAIN alpha=0.060060060060060066 beta=0.0 buffer=1.0 current_replicas=5 predicted_load=56.0 required_resources=3.363 target_replicas=4
2026-08-09 07:35:55 [info     ] algorithm2_decision            action=MAINTAIN applied_target=4 current_replicas=5 hold_until=1786235846.0 observed_load=42.72 observed_target=3 point_forecasts=[45.51509475708008, 44.835391998291016, 45.626434326171875, 45.3775749206543, 45.24633026123047, 45.58779525756836, 45.465389251708984, 44.77603530883789, 44.89171600341797] prediction_age_sec=0.07 predictive_target=4 proactive=True scenario=s4-hybrid-predictive target_replicas=4 upper_forecasts=[55.15607452392578, 55.12347412109375, 55.369415283203125, 55.953853607177734, 55.540550231933594, 56.17946243286133, 56.42283630371094, 55.445030212402344, 56.01045608520508]
2026-08-09 07:35:55 [debug    ] Decision loop completed        action=MAINTAIN latency_ms=110.19 p99=128.0
2026-08-09 07:36:11 [debug    ] HAProxy fallback latency       delta_requests=741 interval_avg_ms=182.12 max_rtime_ms=163.0 p99_est=163.0
2026-08-09 07:36:11 [debug    ] GRU prediction received        confidence=0.8 latency_ms=6.6 predicted=57
2026-08-09 07:36:11 [debug    ] Using GRU prediction           confidence=0.8 forecast_capacity_signal=57.0 predicted=57 required_steps=4
2026-08-09 07:36:11 [info     ] algorithm2_scaling_decision    action=MAINTAIN alpha=0.060060060060060066 beta=0.0 buffer=1.0 current_replicas=5 predicted_load=57.0 required_resources=3.423 target_replicas=4
2026-08-09 07:36:11 [info     ] algorithm2_decision            action=MAINTAIN applied_target=4 current_replicas=5 hold_until=1786235861.1 observed_load=46.43 observed_target=3 point_forecasts=[45.97951889038086, 45.35988998413086, 46.0845832824707, 45.829811096191406, 45.78630447387695, 46.05522155761719, 45.84237289428711, 45.331520080566406, 45.49995040893555] prediction_age_sec=0.07 predictive_target=4 proactive=True scenario=s4-hybrid-predictive target_replicas=4 upper_forecasts=[55.62049865722656, 55.647972106933594, 55.82756423950195, 56.406089782714844, 56.08052444458008, 56.646888732910156, 56.79981994628906, 56.000511169433594, 56.618690490722656]
2026-08-09 07:36:11 [debug    ] Decision loop completed        action=MAINTAIN latency_ms=113.22 p99=163.0
2026-08-09 07:36:26 [debug    ] HAProxy fallback latency       delta_requests=314 interval_avg_ms=65.0 max_rtime_ms=163.0 p99_est=130.0
2026-08-09 07:36:26 [debug    ] GRU prediction received        confidence=0.8 latency_ms=6.16 predicted=53
2026-08-09 07:36:26 [debug    ] Using GRU prediction           confidence=0.8 forecast_capacity_signal=53.0 predicted=53 required_steps=4
2026-08-09 07:36:26 [info     ] algorithm2_scaling_decision    action=MAINTAIN alpha=0.060060060060060066 beta=0.0 buffer=1.0 current_replicas=5 predicted_load=53.0 required_resources=3.183 target_replicas=4
2026-08-09 07:36:26 [info     ] algorithm2_decision            action=MAINTAIN applied_target=4 current_replicas=5 hold_until=1786235876.2 observed_load=34.97 observed_target=3 point_forecasts=[41.917903900146484, 41.214813232421875, 41.982669830322266, 41.98615264892578, 41.58238220214844, 41.917999267578125, 41.99807357788086, 41.090938568115234, 41.21098327636719] prediction_age_sec=0.06 predictive_target=4 proactive=True scenario=s4-hybrid-predictive target_replicas=4 upper_forecasts=[51.55888366699219, 51.50289535522461, 51.725650787353516, 52.56243133544922, 51.87660217285156, 52.509666442871094, 52.95552062988281, 51.75993347167969, 52.3297233581543]
2026-08-09 07:36:26 [debug    ] Decision loop completed        action=MAINTAIN latency_ms=111.54 p99=130.0
2026-08-09 07:36:41 [debug    ] GRU prediction received        confidence=0.8 latency_ms=6.24 predicted=46
2026-08-09 07:36:41 [debug    ] Using GRU prediction           confidence=0.8 forecast_capacity_signal=46.1 predicted=46 required_steps=4
2026-08-09 07:36:41 [info     ] algorithm2_scaling_decision    action=MAINTAIN alpha=0.060060060060060066 beta=0.0 buffer=1.0 current_replicas=5 predicted_load=53.0 required_resources=3.183 target_replicas=4
2026-08-09 07:36:41 [info     ] algorithm2_decision            action=MAINTAIN applied_target=4 current_replicas=5 hold_until=1786235876.2 observed_load=10.45 observed_target=3 point_forecasts=[35.118675231933594, 34.349586486816406, 35.12208557128906, 35.488407135009766, 34.59095001220703, 35.07447814941406, 35.5021858215332, 34.034873962402344, 34.15768051147461] prediction_age_sec=0.07 predictive_target=3 proactive=True scenario=s4-hybrid-predictive target_replicas=4 upper_forecasts=[44.75965881347656, 44.63766860961914, 44.86506652832031, 46.0646858215332, 44.885169982910156, 45.66614532470703, 46.459632873535156, 44.70386505126953, 45.27642059326172]
2026-08-09 07:36:41 [debug    ] Decision loop completed        action=MAINTAIN latency_ms=110.77 p99=130.0
2026-08-09 07:36:56 [debug    ] GRU prediction received        confidence=0.8 latency_ms=6.14 predicted=41
2026-08-09 07:36:56 [debug    ] Using GRU prediction           confidence=0.8 forecast_capacity_signal=41.0 predicted=41 required_steps=4
2026-08-09 07:36:56 [info     ] algorithm2_scaling_decision    action=MAINTAIN alpha=0.060060060060060066 beta=0.0 buffer=1.0 current_replicas=5 predicted_load=53.0 required_resources=3.183 target_replicas=4
2026-08-09 07:36:56 [info     ] algorithm2_decision            action=MAINTAIN applied_target=4 current_replicas=5 hold_until=1786235876.2 observed_load=0.0 observed_target=3 point_forecasts=[29.311302185058594, 28.634750366210938, 29.308300018310547, 29.93881607055664, 28.788772583007812, 29.268882751464844, 29.834068298339844, 28.213638305664062, 28.28508758544922] prediction_age_sec=0.07 predictive_target=3 proactive=True scenario=s4-hybrid-predictive target_replicas=4 upper_forecasts=[38.95228576660156, 38.92283248901367, 39.0512809753418, 40.51509475708008, 39.08299255371094, 39.86054992675781, 40.79151916503906, 38.88262939453125, 39.40382766723633]
2026-08-09 07:36:56 [debug    ] Decision loop completed        action=MAINTAIN latency_ms=112.63 p99=130.0
2026-08-09 07:37:11 [debug    ] GRU prediction received        confidence=0.8 latency_ms=6.3 predicted=36
2026-08-09 07:37:11 [debug    ] Using GRU prediction           confidence=0.8 forecast_capacity_signal=36.0 predicted=36 required_steps=4
2026-08-09 07:37:11 [info     ] algorithm2_scaling_decision    action=MAINTAIN alpha=0.060060060060060066 beta=0.0 buffer=1.0 current_replicas=5 predicted_load=53.0 required_resources=3.183 target_replicas=4
2026-08-09 07:37:11 [info     ] algorithm2_decision            action=MAINTAIN applied_target=4 current_replicas=5 hold_until=1786235876.2 observed_load=0.0 observed_target=3 point_forecasts=[24.500774383544922, 23.944766998291016, 24.482112884521484, 25.356971740722656, 24.049991607666016, 24.431346893310547, 25.06024169921875, 23.46341323852539, 23.48114013671875] prediction_age_sec=0.07 predictive_target=3 proactive=True scenario=s4-hybrid-predictive target_replicas=4 upper_forecasts=[34.141754150390625, 34.23284912109375, 34.225093841552734, 35.933250427246094, 34.34421157836914, 35.023014068603516, 36.01769256591797, 34.132408142089844, 34.59988021850586]
2026-08-09 07:37:11 [debug    ] Decision loop completed        action=MAINTAIN latency_ms=113.12 p99=130.0
2026-08-09 07:37:18 [info     ] Received shutdown signal
2026-08-09 07:37:18 [info     ] Stopping routing daemon...
2026-08-09 07:37:18 [info     ] Routing daemon stopped
