2026-08-07 07:55:22 [info     ] SLOMonitor initialized         threshold_ms=200.0 violation_window=30
2026-08-07 07:55:22 [info     ] Algorithm1ControllerV3 initialized max_knative=50 r_saturation=33.3 target_cpu_util=0.5 total_budget=1000
2026-08-07 07:55:22 [info     ] Using V3 controller (Capacity-Driven) scenario=s4-hybrid-predictive version=v3
2026-08-07 07:55:22 [info     ] HAProxyWeightAdjuster initialized backend=servers host=localhost port=19999
2026-08-07 07:55:22 [info     ] GRUClient initialized          base_url=http://localhost:8090
2026-08-07 07:55:22 [info     ] K8sScaler initialized          deployment=test-app-warm namespace=default
2026-08-07 07:55:22 [info     ] RoutingDaemon initialized      decision_interval=15 description='Algorithm 1 with GRU predictions (Algorithm 2)' scenario=s4-hybrid-predictive use_algorithm=True use_predictions=True
2026-08-07 07:55:22 [info     ] Starting routing daemon        interval=15 scenario=s4-hybrid-predictive
2026-08-07 07:55:22 [info     ] Weights updated                k3s=80 knative=20
2026-08-07 07:55:22 [info     ] Initial weights applied        k3s=80 knative=20
2026-08-07 07:55:22 [debug    ] HAProxy fallback primed        total_requests=0
2026-08-07 07:55:22 [info     ] Model status validated         prediction_horizon=9 sample_interval_sec=15 sequence_length=30
2026-08-07 07:55:22 [info     ] Model status validated on first eligible cycle prediction_horizon=9 sequence_length=30
2026-08-07 07:55:22 [info     ] algorithm2_scaling_decision    action=MAINTAIN alpha=0.060060060060060066 beta=0.0 buffer=1.0 current_replicas=3 predicted_load=0.0 required_resources=0.0 target_replicas=3
2026-08-07 07:55:22 [info     ] algorithm2_decision            action=MAINTAIN applied_target=3 current_replicas=3 hold_until=0.0 observed_load=0.0 observed_target=3 point_forecasts=None prediction_age_sec=None predictive_target=3 proactive=False scenario=s4-hybrid-predictive target_replicas=3 upper_forecasts=None
2026-08-07 07:55:22 [debug    ] Decision loop completed        action=MAINTAIN latency_ms=108.21 p99=0.0
2026-08-07 07:55:37 [info     ] algorithm2_scaling_decision    action=MAINTAIN alpha=0.060060060060060066 beta=0.0 buffer=1.0 current_replicas=3 predicted_load=0.0 required_resources=0.0 target_replicas=3
2026-08-07 07:55:37 [info     ] algorithm2_decision            action=MAINTAIN applied_target=3 current_replicas=3 hold_until=0.0 observed_load=0.0 observed_target=3 point_forecasts=None prediction_age_sec=None predictive_target=3 proactive=False scenario=s4-hybrid-predictive target_replicas=3 upper_forecasts=None
2026-08-07 07:55:37 [debug    ] Decision loop completed        action=MAINTAIN latency_ms=105.32 p99=0.0
2026-08-07 07:55:52 [info     ] algorithm2_scaling_decision    action=MAINTAIN alpha=0.060060060060060066 beta=0.0 buffer=1.0 current_replicas=3 predicted_load=0.0 required_resources=0.0 target_replicas=3
2026-08-07 07:55:52 [info     ] algorithm2_decision            action=MAINTAIN applied_target=3 current_replicas=3 hold_until=0.0 observed_load=0.0 observed_target=3 point_forecasts=None prediction_age_sec=None predictive_target=3 proactive=False scenario=s4-hybrid-predictive target_replicas=3 upper_forecasts=None
2026-08-07 07:55:52 [debug    ] Decision loop completed        action=MAINTAIN latency_ms=106.82 p99=0.0
2026-08-07 07:56:07 [debug    ] HAProxy fallback latency       delta_requests=639 interval_avg_ms=65.0 max_rtime_ms=110.0 p99_est=110.0
2026-08-07 07:56:07 [info     ] controller_decision_v3         action=RECOVERY available_replicas=3 budget_remaining=1000 burn_adjustment=0 burst_ratio=0 capacity_deficit=False confidence=0 current_load=42.16781497504563 decision_id=4f84d3ae k8s_capacity=49.9 k8s_weight=100 knative_weight=0 p99=110.0 predicted_load=0 r_effective=16.6 serverless_enabled=False total_load=42.2 weights_after={'k3s': 100, 'knative': 0} weights_before={'k3s': 80, 'knative': 20}
2026-08-07 07:56:07 [info     ] Weights updated                k3s=100 knative=0
2026-08-07 07:56:07 [info     ] Weights updated                action=RECOVERY reason='load=42RPS | k8s_cap=50RPS | (reducing-serverless)' weights={'k3s': 100, 'knative': 0}
2026-08-07 07:56:07 [info     ] algorithm2_scaling_decision    action=MAINTAIN alpha=0.060060060060060066 beta=0.0 buffer=1.0 current_replicas=3 predicted_load=21.083907487522815 required_resources=1.266 target_replicas=3
2026-08-07 07:56:07 [info     ] algorithm2_decision            action=MAINTAIN applied_target=3 current_replicas=3 hold_until=0.0 observed_load=21.08 observed_target=3 point_forecasts=None prediction_age_sec=None predictive_target=3 proactive=False scenario=s4-hybrid-predictive target_replicas=3 upper_forecasts=None
2026-08-07 07:56:07 [debug    ] Decision loop completed        action=RECOVERY latency_ms=136.5 p99=110.0
2026-08-07 07:56:22 [debug    ] HAProxy fallback latency       delta_requests=666 interval_avg_ms=63.04 max_rtime_ms=132.0 p99_est=126.08
2026-08-07 07:56:22 [info     ] algorithm2_scaling_decision    action=MAINTAIN alpha=0.060060060060060066 beta=0.0 buffer=1.0 current_replicas=3 predicted_load=43.083476947793365 required_resources=2.588 target_replicas=3
2026-08-07 07:56:22 [info     ] algorithm2_decision            action=MAINTAIN applied_target=3 current_replicas=3 hold_until=0.0 observed_load=43.08 observed_target=3 point_forecasts=None prediction_age_sec=None predictive_target=3 proactive=False scenario=s4-hybrid-predictive target_replicas=3 upper_forecasts=None
2026-08-07 07:56:22 [debug    ] Decision loop completed        action=MAINTAIN latency_ms=106.16 p99=126.08108108108108
2026-08-07 07:56:37 [debug    ] HAProxy fallback latency       delta_requests=715 interval_avg_ms=66.83 max_rtime_ms=132.0 p99_est=132.0
2026-08-07 07:56:37 [info     ] algorithm2_scaling_decision    action=MAINTAIN alpha=0.060060060060060066 beta=0.0 buffer=1.0 current_replicas=3 predicted_load=45.665779400373154 required_resources=2.743 target_replicas=3
2026-08-07 07:56:37 [info     ] algorithm2_decision            action=MAINTAIN applied_target=3 current_replicas=3 hold_until=0.0 observed_load=45.67 observed_target=3 point_forecasts=None prediction_age_sec=None predictive_target=3 proactive=False scenario=s4-hybrid-predictive target_replicas=3 upper_forecasts=None
2026-08-07 07:56:37 [debug    ] Decision loop completed        action=MAINTAIN latency_ms=104.79 p99=132.0
2026-08-07 07:56:52 [debug    ] HAProxy fallback latency       delta_requests=822 interval_avg_ms=68.46 max_rtime_ms=132.0 p99_est=132.0
2026-08-07 07:56:52 [info     ] Knative pre-warm OK            cold_start_ms=2.5
2026-08-07 07:56:52 [info     ] controller_decision_v3         action=REACTIVE available_replicas=3 budget_remaining=1000 burn_adjustment=0 burst_ratio=0.0821 capacity_deficit=False confidence=0 current_load=54.41961276645892 decision_id=9a027220 k8s_capacity=49.9 k8s_weight=91 knative_weight=9 p99=132.0 predicted_load=0 r_effective=16.6 serverless_enabled=True total_load=54.4 weights_after={'k3s': 91, 'knative': 9} weights_before={'k3s': 100, 'knative': 0}
2026-08-07 07:56:52 [info     ] Weights updated                k3s=91 knative=9
2026-08-07 07:56:52 [info     ] Weights updated                action=REACTIVE reason='load=54RPS | k8s_cap=50RPS | (burst-routing)' weights={'k3s': 91, 'knative': 9}
2026-08-07 07:56:53 [info     ] algorithm2_scaling_decision    action=SCALE_UP alpha=0.060060060060060066 beta=0.0 buffer=1.0 current_replicas=3 predicted_load=50.87601632333206 required_resources=3.056 target_replicas=4
2026-08-07 07:56:53 [info     ] algorithm2_decision            action=SCALE_UP applied_target=4 current_replicas=3 hold_until=0.0 observed_load=50.88 observed_target=4 point_forecasts=None prediction_age_sec=None predictive_target=3 proactive=False scenario=s4-hybrid-predictive target_replicas=4 upper_forecasts=None
2026-08-07 07:56:53 [info     ] k8s_scale_executed             deployment=test-app-warm replicas=4
2026-08-07 07:56:53 [debug    ] Decision loop completed        action=REACTIVE latency_ms=149.6 p99=132.0
2026-08-07 07:57:08 [debug    ] HAProxy fallback latency       delta_requests=770 interval_avg_ms=61.31 max_rtime_ms=132.0 p99_est=122.62
2026-08-07 07:57:08 [info     ] controller_decision_v3         action=RECOVERY available_replicas=4 budget_remaining=1000 burn_adjustment=0 burst_ratio=0 capacity_deficit=False confidence=0 current_load=50.82664033311763 decision_id=a3f356fe k8s_capacity=66.6 k8s_weight=100 knative_weight=0 p99=122.6 predicted_load=0 r_effective=16.6 serverless_enabled=False total_load=50.8 weights_after={'k3s': 100, 'knative': 0} weights_before={'k3s': 91, 'knative': 9}
2026-08-07 07:57:08 [info     ] Weights updated                k3s=100 knative=0
2026-08-07 07:57:08 [info     ] Weights updated                action=RECOVERY reason='load=51RPS | k8s_cap=67RPS | (reducing-serverless)' weights={'k3s': 100, 'knative': 0}
2026-08-07 07:57:08 [info     ] Scale readiness observed       elapsed_sec=15.1 ewma_delay=46.5 samples=1 target=4
2026-08-07 07:57:08 [info     ] algorithm2_scaling_decision    action=MAINTAIN alpha=0.060060060060060066 beta=0.0 buffer=1.0 current_replicas=4 predicted_load=52.623126549788275 required_resources=3.161 target_replicas=4
2026-08-07 07:57:08 [info     ] algorithm2_decision            action=MAINTAIN applied_target=4 current_replicas=4 hold_until=0.0 observed_load=52.62 observed_target=4 point_forecasts=None prediction_age_sec=None predictive_target=3 proactive=False scenario=s4-hybrid-predictive target_replicas=4 upper_forecasts=None
2026-08-07 07:57:08 [debug    ] Decision loop completed        action=RECOVERY latency_ms=139.74 p99=122.61818181818182
2026-08-07 07:57:23 [debug    ] HAProxy fallback latency       delta_requests=548 interval_avg_ms=65.0 max_rtime_ms=132.0 p99_est=130.0
2026-08-07 07:57:23 [info     ] algorithm2_scaling_decision    action=MAINTAIN alpha=0.060060060060060066 beta=0.0 buffer=1.0 current_replicas=4 predicted_load=43.543441056922546 required_resources=2.615 target_replicas=3
2026-08-07 07:57:23 [info     ] algorithm2_decision            action=MAINTAIN applied_target=3 current_replicas=4 hold_until=0.0 observed_load=43.54 observed_target=3 point_forecasts=None prediction_age_sec=None predictive_target=3 proactive=False scenario=s4-hybrid-predictive target_replicas=3 upper_forecasts=None
2026-08-07 07:57:23 [debug    ] Decision loop completed        action=MAINTAIN latency_ms=105.89 p99=130.0
2026-08-07 07:57:38 [debug    ] HAProxy fallback latency       delta_requests=411 interval_avg_ms=65.0 max_rtime_ms=132.0 p99_est=130.0
2026-08-07 07:57:38 [info     ] algorithm2_scaling_decision    action=MAINTAIN alpha=0.060060060060060066 beta=0.0 buffer=1.0 current_replicas=4 predicted_load=31.73363376262051 required_resources=1.906 target_replicas=3
2026-08-07 07:57:38 [info     ] algorithm2_decision            action=MAINTAIN applied_target=3 current_replicas=4 hold_until=0.0 observed_load=31.73 observed_target=3 point_forecasts=None prediction_age_sec=None predictive_target=3 proactive=False scenario=s4-hybrid-predictive target_replicas=3 upper_forecasts=None
2026-08-07 07:57:38 [debug    ] Decision loop completed        action=MAINTAIN latency_ms=106.9 p99=130.0
2026-08-07 07:57:53 [debug    ] HAProxy fallback latency       delta_requests=357 interval_avg_ms=65.0 max_rtime_ms=132.0 p99_est=130.0
2026-08-07 07:57:53 [info     ] algorithm2_scaling_decision    action=MAINTAIN alpha=0.060060060060060066 beta=0.0 buffer=1.0 current_replicas=4 predicted_load=25.45242463779447 required_resources=1.529 target_replicas=3
2026-08-07 07:57:53 [info     ] algorithm2_decision            action=MAINTAIN applied_target=3 current_replicas=4 hold_until=0.0 observed_load=25.45 observed_target=3 point_forecasts=None prediction_age_sec=None predictive_target=3 proactive=False scenario=s4-hybrid-predictive target_replicas=3 upper_forecasts=None
2026-08-07 07:57:53 [debug    ] Decision loop completed        action=MAINTAIN latency_ms=107.79 p99=130.0
2026-08-07 07:58:08 [debug    ] HAProxy fallback latency       delta_requests=484 interval_avg_ms=65.0 max_rtime_ms=132.0 p99_est=130.0
2026-08-07 07:58:08 [info     ] algorithm2_scaling_decision    action=MAINTAIN alpha=0.060060060060060066 beta=0.0 buffer=1.0 current_replicas=4 predicted_load=27.834195495827494 required_resources=1.672 target_replicas=3
2026-08-07 07:58:08 [info     ] algorithm2_decision            action=MAINTAIN applied_target=3 current_replicas=4 hold_until=0.0 observed_load=27.83 observed_target=3 point_forecasts=None prediction_age_sec=None predictive_target=3 proactive=False scenario=s4-hybrid-predictive target_replicas=3 upper_forecasts=None
2026-08-07 07:58:08 [debug    ] Decision loop completed        action=MAINTAIN latency_ms=105.51 p99=130.0
2026-08-07 07:58:23 [debug    ] HAProxy fallback latency       delta_requests=773 interval_avg_ms=57.0 max_rtime_ms=132.0 p99_est=114.0
2026-08-07 07:58:23 [info     ] algorithm2_scaling_decision    action=MAINTAIN alpha=0.060060060060060066 beta=0.0 buffer=1.0 current_replicas=4 predicted_load=41.50563888735559 required_resources=2.493 target_replicas=3
2026-08-07 07:58:23 [info     ] algorithm2_decision            action=MAINTAIN applied_target=3 current_replicas=4 hold_until=0.0 observed_load=41.51 observed_target=3 point_forecasts=None prediction_age_sec=None predictive_target=3 proactive=False scenario=s4-hybrid-predictive target_replicas=3 upper_forecasts=None
2026-08-07 07:58:23 [debug    ] Decision loop completed        action=MAINTAIN latency_ms=111.34 p99=113.9974126778784
2026-08-07 07:58:38 [debug    ] HAProxy fallback latency       delta_requests=812 interval_avg_ms=72.62 max_rtime_ms=132.0 p99_est=132.0
2026-08-07 07:58:38 [info     ] algorithm2_scaling_decision    action=MAINTAIN alpha=0.060060060060060066 beta=0.0 buffer=1.0 current_replicas=4 predicted_load=52.420663809739565 required_resources=3.148 target_replicas=4
2026-08-07 07:58:38 [info     ] algorithm2_decision            action=MAINTAIN applied_target=4 current_replicas=4 hold_until=0.0 observed_load=52.42 observed_target=4 point_forecasts=None prediction_age_sec=None predictive_target=3 proactive=False scenario=s4-hybrid-predictive target_replicas=4 upper_forecasts=None
2026-08-07 07:58:38 [debug    ] Decision loop completed        action=MAINTAIN latency_ms=107.43 p99=132.0
2026-08-07 07:58:53 [debug    ] HAProxy fallback latency       delta_requests=638 interval_avg_ms=53.03 max_rtime_ms=132.0 p99_est=106.07
2026-08-07 07:58:53 [info     ] algorithm2_scaling_decision    action=MAINTAIN alpha=0.060060060060060066 beta=0.0 buffer=1.0 current_replicas=4 predicted_load=48.048418347230324 required_resources=2.886 target_replicas=3
2026-08-07 07:58:53 [info     ] algorithm2_decision            action=MAINTAIN applied_target=3 current_replicas=4 hold_until=0.0 observed_load=48.05 observed_target=3 point_forecasts=None prediction_age_sec=None predictive_target=3 proactive=False scenario=s4-hybrid-predictive target_replicas=3 upper_forecasts=None
2026-08-07 07:58:53 [debug    ] Decision loop completed        action=MAINTAIN latency_ms=109.56 p99=106.06583072100314
2026-08-07 07:59:09 [debug    ] HAProxy fallback latency       delta_requests=656 interval_avg_ms=64.0 max_rtime_ms=132.0 p99_est=128.0
2026-08-07 07:59:09 [info     ] algorithm2_scaling_decision    action=MAINTAIN alpha=0.060060060060060066 beta=0.0 buffer=1.0 current_replicas=4 predicted_load=42.822393017049066 required_resources=2.572 target_replicas=3
2026-08-07 07:59:09 [info     ] algorithm2_decision            action=MAINTAIN applied_target=3 current_replicas=4 hold_until=0.0 observed_load=42.82 observed_target=3 point_forecasts=None prediction_age_sec=None predictive_target=3 proactive=False scenario=s4-hybrid-predictive target_replicas=3 upper_forecasts=None
2026-08-07 07:59:09 [debug    ] Decision loop completed        action=MAINTAIN latency_ms=112.92 p99=128.0
2026-08-07 07:59:24 [debug    ] HAProxy fallback latency       delta_requests=830 interval_avg_ms=64.0 max_rtime_ms=132.0 p99_est=128.0
2026-08-07 07:59:24 [info     ] algorithm2_scaling_decision    action=MAINTAIN alpha=0.060060060060060066 beta=0.0 buffer=1.0 current_replicas=4 predicted_load=49.13567709037811 required_resources=2.951 target_replicas=3
2026-08-07 07:59:24 [info     ] algorithm2_decision            action=MAINTAIN applied_target=3 current_replicas=4 hold_until=0.0 observed_load=49.14 observed_target=3 point_forecasts=None prediction_age_sec=None predictive_target=3 proactive=False scenario=s4-hybrid-predictive target_replicas=3 upper_forecasts=None
2026-08-07 07:59:24 [debug    ] Decision loop completed        action=MAINTAIN latency_ms=109.25 p99=128.0
2026-08-07 07:59:39 [debug    ] HAProxy fallback latency       delta_requests=916 interval_avg_ms=64.0 max_rtime_ms=132.0 p99_est=128.0
2026-08-07 07:59:39 [info     ] algorithm2_scaling_decision    action=MAINTAIN alpha=0.060060060060060066 beta=0.0 buffer=1.0 current_replicas=4 predicted_load=57.73872592923162 required_resources=3.468 target_replicas=4
2026-08-07 07:59:39 [info     ] algorithm2_decision            action=MAINTAIN applied_target=4 current_replicas=4 hold_until=0.0 observed_load=57.74 observed_target=4 point_forecasts=None prediction_age_sec=None predictive_target=3 proactive=False scenario=s4-hybrid-predictive target_replicas=4 upper_forecasts=None
2026-08-07 07:59:39 [debug    ] Decision loop completed        action=MAINTAIN latency_ms=111.39 p99=128.0
2026-08-07 07:59:54 [debug    ] HAProxy fallback latency       delta_requests=930 interval_avg_ms=64.0 max_rtime_ms=132.0 p99_est=128.0
2026-08-07 07:59:54 [info     ] algorithm2_scaling_decision    action=MAINTAIN alpha=0.060060060060060066 beta=0.0 buffer=1.0 current_replicas=4 predicted_load=61.08233621872055 required_resources=3.669 target_replicas=4
2026-08-07 07:59:54 [info     ] algorithm2_decision            action=MAINTAIN applied_target=4 current_replicas=4 hold_until=0.0 observed_load=61.08 observed_target=4 point_forecasts=None prediction_age_sec=None predictive_target=3 proactive=False scenario=s4-hybrid-predictive target_replicas=4 upper_forecasts=None
2026-08-07 07:59:54 [debug    ] Decision loop completed        action=MAINTAIN latency_ms=108.9 p99=128.0
2026-08-07 08:00:09 [debug    ] HAProxy fallback latency       delta_requests=1003 interval_avg_ms=75.93 max_rtime_ms=132.0 p99_est=132.0
2026-08-07 08:00:09 [info     ] algorithm2_scaling_decision    action=MAINTAIN alpha=0.060060060060060066 beta=0.0 buffer=1.0 current_replicas=4 predicted_load=63.997849939676705 required_resources=3.844 target_replicas=4
2026-08-07 08:00:09 [info     ] algorithm2_decision            action=MAINTAIN applied_target=4 current_replicas=4 hold_until=0.0 observed_load=64.0 observed_target=4 point_forecasts=None prediction_age_sec=None predictive_target=3 proactive=False scenario=s4-hybrid-predictive target_replicas=4 upper_forecasts=None
2026-08-07 08:00:09 [debug    ] Decision loop completed        action=MAINTAIN latency_ms=109.82 p99=132.0
2026-08-07 08:00:24 [debug    ] HAProxy fallback latency       delta_requests=1118 interval_avg_ms=53.29 max_rtime_ms=132.0 p99_est=106.59
2026-08-07 08:00:24 [info     ] Knative pre-warm OK            cold_start_ms=2.8
2026-08-07 08:00:24 [info     ] controller_decision_v3         action=REACTIVE available_replicas=4 budget_remaining=1000 burn_adjustment=0 burst_ratio=0.0991 capacity_deficit=False confidence=0 current_load=73.92366263581076 decision_id=38cf6eb4 k8s_capacity=66.6 k8s_weight=90 knative_weight=10 p99=106.6 predicted_load=0 r_effective=16.6 serverless_enabled=True total_load=73.9 weights_after={'k3s': 90, 'knative': 10} weights_before={'k3s': 100, 'knative': 0}
2026-08-07 08:00:24 [info     ] Weights updated                k3s=90 knative=10
2026-08-07 08:00:24 [info     ] Weights updated                action=REACTIVE reason='load=74RPS | k8s_cap=67RPS | (burst-routing)' weights={'k3s': 90, 'knative': 10}
2026-08-07 08:00:24 [info     ] algorithm2_scaling_decision    action=SCALE_UP alpha=0.060060060060060066 beta=0.0 buffer=1.0 current_replicas=4 predicted_load=70.15467720020757 required_resources=4.213 target_replicas=5
2026-08-07 08:00:24 [info     ] algorithm2_decision            action=SCALE_UP applied_target=5 current_replicas=4 hold_until=0.0 observed_load=70.15 observed_target=5 point_forecasts=None prediction_age_sec=None predictive_target=3 proactive=False scenario=s4-hybrid-predictive target_replicas=5 upper_forecasts=None
2026-08-07 08:00:24 [info     ] k8s_scale_executed             deployment=test-app-warm replicas=5
2026-08-07 08:00:24 [debug    ] Decision loop completed        action=REACTIVE latency_ms=146.69 p99=106.58676207513417
2026-08-07 08:00:39 [debug    ] HAProxy fallback latency       delta_requests=1276 interval_avg_ms=75.26 max_rtime_ms=132.0 p99_est=132.0
2026-08-07 08:00:39 [info     ] controller_decision_v3         action=RECOVERY available_replicas=5 budget_remaining=1000 burn_adjustment=0 burst_ratio=0.011 capacity_deficit=False confidence=0 current_load=84.17732959912688 decision_id=5fac9575 k8s_capacity=83.2 k8s_weight=98 knative_weight=2 p99=132.0 predicted_load=0 r_effective=16.6 serverless_enabled=True total_load=84.2 weights_after={'k3s': 98, 'knative': 2} weights_before={'k3s': 90, 'knative': 10}
2026-08-07 08:00:39 [info     ] Weights updated                k3s=98 knative=2
2026-08-07 08:00:39 [info     ] Weights updated                action=RECOVERY reason='load=84RPS | k8s_cap=83RPS | (reducing-serverless)' weights={'k3s': 98, 'knative': 2}
2026-08-07 08:00:39 [info     ] Scale readiness observed       elapsed_sec=15.1 ewma_delay=37.1 samples=2 target=5
2026-08-07 08:00:39 [info     ] algorithm2_scaling_decision    action=MAINTAIN alpha=0.060060060060060066 beta=0.0 buffer=1.0 current_replicas=5 predicted_load=79.05049611746881 required_resources=4.748 target_replicas=5
2026-08-07 08:00:39 [info     ] algorithm2_decision            action=MAINTAIN applied_target=5 current_replicas=5 hold_until=0.0 observed_load=79.05 observed_target=5 point_forecasts=None prediction_age_sec=None predictive_target=3 proactive=False scenario=s4-hybrid-predictive target_replicas=5 upper_forecasts=None
2026-08-07 08:00:39 [debug    ] Decision loop completed        action=RECOVERY latency_ms=146.34 p99=132.0
2026-08-07 08:00:54 [debug    ] HAProxy fallback latency       delta_requests=1459 interval_avg_ms=75.85 max_rtime_ms=132.0 p99_est=132.0
2026-08-07 08:00:54 [info     ] controller_decision_v3         action=REACTIVE available_replicas=5 budget_remaining=1000 burn_adjustment=0 burst_ratio=0.1363 capacity_deficit=False confidence=0 current_load=96.38913756072837 decision_id=5443ff46 k8s_capacity=83.2 k8s_weight=86 knative_weight=14 p99=132.0 predicted_load=0 r_effective=16.6 serverless_enabled=True total_load=96.4 weights_after={'k3s': 86, 'knative': 14} weights_before={'k3s': 98, 'knative': 2}
2026-08-07 08:00:54 [info     ] Weights updated                k3s=86 knative=14
2026-08-07 08:00:54 [info     ] Weights updated                action=REACTIVE reason='load=96RPS | k8s_cap=83RPS | (burst-routing)' weights={'k3s': 86, 'knative': 14}
2026-08-07 08:00:54 [info     ] algorithm2_scaling_decision    action=SCALE_UP alpha=0.060060060060060066 beta=0.0 buffer=1.0 current_replicas=5 predicted_load=90.28323357992763 required_resources=5.422 target_replicas=6
2026-08-07 08:00:54 [info     ] algorithm2_decision            action=SCALE_UP applied_target=6 current_replicas=5 hold_until=0.0 observed_load=90.28 observed_target=6 point_forecasts=None prediction_age_sec=None predictive_target=3 proactive=False scenario=s4-hybrid-predictive target_replicas=6 upper_forecasts=None
2026-08-07 08:00:54 [info     ] k8s_scale_executed             deployment=test-app-warm replicas=6
2026-08-07 08:00:54 [debug    ] Decision loop completed        action=REACTIVE latency_ms=146.53 p99=132.0
2026-08-07 08:01:09 [debug    ] HAProxy fallback latency       delta_requests=1671 interval_avg_ms=66.0 max_rtime_ms=140.0 p99_est=132.0
2026-08-07 08:01:10 [info     ] controller_decision_v3         action=REACTIVE available_replicas=5 budget_remaining=1000 burn_adjustment=0 burst_ratio=0.2449 capacity_deficit=False confidence=0 current_load=110.25641078917663 decision_id=585f3a43 k8s_capacity=83.2 k8s_weight=75 knative_weight=25 p99=132.0 predicted_load=0 r_effective=16.6 serverless_enabled=True total_load=110.3 weights_after={'k3s': 75, 'knative': 25} weights_before={'k3s': 86, 'knative': 14}
2026-08-07 08:01:10 [info     ] Weights updated                k3s=75 knative=25
2026-08-07 08:01:10 [info     ] Weights updated                action=REACTIVE reason='load=110RPS | k8s_cap=83RPS | (burst-routing)' weights={'k3s': 75, 'knative': 25}
2026-08-07 08:01:10 [info     ] algorithm2_scaling_decision    action=SCALE_UP alpha=0.060060060060060066 beta=0.0 buffer=1.0 current_replicas=6 predicted_load=103.3227741749525 required_resources=6.206 target_replicas=7
2026-08-07 08:01:10 [info     ] algorithm2_decision            action=SCALE_UP applied_target=7 current_replicas=6 hold_until=0.0 observed_load=103.32 observed_target=7 point_forecasts=None prediction_age_sec=None predictive_target=3 proactive=False scenario=s4-hybrid-predictive target_replicas=7 upper_forecasts=None
2026-08-07 08:01:10 [info     ] k8s_scale_executed             deployment=test-app-warm replicas=7
2026-08-07 08:01:10 [debug    ] Decision loop completed        action=REACTIVE latency_ms=147.06 p99=132.0
2026-08-07 08:01:25 [debug    ] HAProxy fallback latency       delta_requests=1895 interval_avg_ms=76.23 max_rtime_ms=140.0 p99_est=140.0
2026-08-07 08:01:25 [info     ] controller_decision_v3         action=REACTIVE available_replicas=5 budget_remaining=1000 burn_adjustment=0 burst_ratio=0.3342 capacity_deficit=False confidence=0 current_load=125.03939783482578 decision_id=e46c2420 k8s_capacity=83.2 k8s_weight=66 knative_weight=34 p99=140.0 predicted_load=0 r_effective=16.6 serverless_enabled=True total_load=125.0 weights_after={'k3s': 66, 'knative': 34} weights_before={'k3s': 75, 'knative': 25}
2026-08-07 08:01:25 [info     ] Weights updated                k3s=66 knative=34
2026-08-07 08:01:25 [info     ] Weights updated                action=REACTIVE reason='load=125RPS | k8s_cap=83RPS | (burst-routing)' weights={'k3s': 66, 'knative': 34}
2026-08-07 08:01:25 [info     ] algorithm2_scaling_decision    action=SCALE_UP alpha=0.060060060060060066 beta=0.0 buffer=1.0 current_replicas=7 predicted_load=117.6479043120012 required_resources=7.066 target_replicas=8
2026-08-07 08:01:25 [info     ] algorithm2_decision            action=SCALE_UP applied_target=8 current_replicas=7 hold_until=0.0 observed_load=117.65 observed_target=8 point_forecasts=None prediction_age_sec=None predictive_target=3 proactive=False scenario=s4-hybrid-predictive target_replicas=8 upper_forecasts=None
2026-08-07 08:01:25 [info     ] k8s_scale_executed             deployment=test-app-warm replicas=8
2026-08-07 08:01:25 [debug    ] Decision loop completed        action=REACTIVE latency_ms=146.52 p99=140.0
2026-08-07 08:01:40 [debug    ] HAProxy fallback latency       delta_requests=1722 interval_avg_ms=54.74 max_rtime_ms=140.0 p99_est=109.48
2026-08-07 08:01:40 [info     ] controller_decision_v3         action=RECOVERY available_replicas=5 budget_remaining=1000 burn_adjustment=0 burst_ratio=0.2682 capacity_deficit=False confidence=0 current_load=113.75756648368214 decision_id=33f01a02 k8s_capacity=83.2 k8s_weight=73 knative_weight=27 p99=109.5 predicted_load=0 r_effective=16.6 serverless_enabled=True total_load=113.8 weights_after={'k3s': 73, 'knative': 27} weights_before={'k3s': 66, 'knative': 34}
2026-08-07 08:01:40 [info     ] Weights updated                k3s=73 knative=27
2026-08-07 08:01:40 [info     ] Weights updated                action=RECOVERY reason='load=114RPS | k8s_cap=83RPS | (reducing-serverless)' weights={'k3s': 73, 'knative': 27}
2026-08-07 08:01:40 [info     ] algorithm2_scaling_decision    action=MAINTAIN alpha=0.060060060060060066 beta=0.0 buffer=1.0 current_replicas=8 predicted_load=119.39848215925396 required_resources=7.171 target_replicas=8
2026-08-07 08:01:40 [info     ] algorithm2_decision            action=MAINTAIN applied_target=8 current_replicas=8 hold_until=0.0 observed_load=119.4 observed_target=8 point_forecasts=None prediction_age_sec=None predictive_target=3 proactive=False scenario=s4-hybrid-predictive target_replicas=8 upper_forecasts=None
2026-08-07 08:01:40 [debug    ] Decision loop completed        action=RECOVERY latency_ms=150.71 p99=109.4808362369338
2026-08-07 08:01:55 [debug    ] HAProxy fallback latency       delta_requests=1314 interval_avg_ms=48.93 max_rtime_ms=140.0 p99_est=97.87
2026-08-07 08:01:55 [info     ] controller_decision_v3         action=RECOVERY available_replicas=5 budget_remaining=1000 burn_adjustment=0 burst_ratio=0.0408 capacity_deficit=False confidence=0 current_load=86.78933710498727 decision_id=bc777d41 k8s_capacity=83.2 k8s_weight=95 knative_weight=5 p99=97.9 predicted_load=0 r_effective=16.6 serverless_enabled=True total_load=86.8 weights_after={'k3s': 95, 'knative': 5} weights_before={'k3s': 73, 'knative': 27}
2026-08-07 08:01:55 [info     ] Weights updated                k3s=95 knative=5
2026-08-07 08:01:55 [info     ] Weights updated                action=RECOVERY reason='load=87RPS | k8s_cap=83RPS | (reducing-serverless)' weights={'k3s': 95, 'knative': 5}
2026-08-07 08:01:55 [info     ] algorithm2_scaling_decision    action=MAINTAIN alpha=0.060060060060060066 beta=0.0 buffer=1.0 current_replicas=8 predicted_load=100.2734517943347 required_resources=6.022 target_replicas=7
2026-08-07 08:01:55 [info     ] algorithm2_decision            action=MAINTAIN applied_target=7 current_replicas=8 hold_until=0.0 observed_load=100.27 observed_target=7 point_forecasts=None prediction_age_sec=None predictive_target=3 proactive=False scenario=s4-hybrid-predictive target_replicas=7 upper_forecasts=None
2026-08-07 08:01:55 [debug    ] Decision loop completed        action=RECOVERY latency_ms=137.25 p99=97.8675799086758
2026-08-07 08:02:10 [debug    ] HAProxy fallback latency       delta_requests=1130 interval_avg_ms=65.0 max_rtime_ms=140.0 p99_est=130.0
2026-08-07 08:02:10 [info     ] controller_decision_v3         action=RECOVERY available_replicas=5 budget_remaining=1000 burn_adjustment=0 burst_ratio=0 capacity_deficit=False confidence=0 current_load=74.71992457312686 decision_id=6d74c20b k8s_capacity=83.2 k8s_weight=100 knative_weight=0 p99=130.0 predicted_load=0 r_effective=16.6 serverless_enabled=False total_load=74.7 weights_after={'k3s': 100, 'knative': 0} weights_before={'k3s': 95, 'knative': 5}
2026-08-07 08:02:10 [info     ] Weights updated                k3s=100 knative=0
2026-08-07 08:02:10 [info     ] Weights updated                action=RECOVERY reason='load=75RPS | k8s_cap=83RPS | (reducing-serverless)' weights={'k3s': 100, 'knative': 0}
2026-08-07 08:02:10 [info     ] algorithm2_scaling_decision    action=SCALE_DOWN alpha=0.060060060060060066 beta=0.0 buffer=1.0 current_replicas=8 predicted_load=80.75463083905706 required_resources=4.85 target_replicas=5
2026-08-07 08:02:10 [info     ] algorithm2_decision            action=SCALE_DOWN applied_target=5 current_replicas=8 hold_until=0.0 observed_load=80.75 observed_target=5 point_forecasts=None prediction_age_sec=None predictive_target=3 proactive=False scenario=s4-hybrid-predictive target_replicas=5 upper_forecasts=None
2026-08-07 08:02:10 [info     ] k8s_scale_executed             deployment=test-app-warm replicas=5
2026-08-07 08:02:10 [debug    ] Decision loop completed        action=RECOVERY latency_ms=175.3 p99=130.0
2026-08-07 08:02:25 [debug    ] HAProxy fallback latency       delta_requests=1078 interval_avg_ms=87.85 max_rtime_ms=153.0 p99_est=153.0
2026-08-07 08:02:25 [info     ] algorithm2_scaling_decision    action=MAINTAIN alpha=0.060060060060060066 beta=0.0 buffer=1.0 current_replicas=5 predicted_load=72.87621677143875 required_resources=4.377 target_replicas=5
2026-08-07 08:02:25 [info     ] algorithm2_decision            action=MAINTAIN applied_target=5 current_replicas=5 hold_until=0.0 observed_load=72.88 observed_target=5 point_forecasts=None prediction_age_sec=None predictive_target=3 proactive=False scenario=s4-hybrid-predictive target_replicas=5 upper_forecasts=None
2026-08-07 08:02:25 [debug    ] Decision loop completed        action=MAINTAIN latency_ms=106.64 p99=153.0
2026-08-07 08:02:40 [debug    ] HAProxy fallback latency       delta_requests=945 interval_avg_ms=38.93 max_rtime_ms=153.0 p99_est=77.87
2026-08-07 08:02:40 [info     ] algorithm2_scaling_decision    action=MAINTAIN alpha=0.060060060060060066 beta=0.0 buffer=1.0 current_replicas=5 predicted_load=66.79322128191103 required_resources=4.012 target_replicas=5
2026-08-07 08:02:40 [info     ] algorithm2_decision            action=MAINTAIN applied_target=5 current_replicas=5 hold_until=0.0 observed_load=66.79 observed_target=5 point_forecasts=None prediction_age_sec=None predictive_target=3 proactive=False scenario=s4-hybrid-predictive target_replicas=5 upper_forecasts=None
2026-08-07 08:02:40 [debug    ] Decision loop completed        action=MAINTAIN latency_ms=107.71 p99=77.86666666666666
2026-08-07 08:02:55 [debug    ] HAProxy fallback latency       delta_requests=792 interval_avg_ms=98.3 max_rtime_ms=153.0 p99_est=153.0
2026-08-07 08:02:55 [debug    ] GRU prediction received        confidence=0.8 latency_ms=6.43 predicted=87
2026-08-07 08:02:55 [debug    ] Using GRU prediction           confidence=0.8 forecast_capacity_signal=87.0 predicted=87 required_steps=4
2026-08-07 08:02:56 [info     ] algorithm2_scaling_decision    action=SCALE_UP alpha=0.060060060060060066 beta=0.0 buffer=1.0 current_replicas=5 predicted_load=87.0 required_resources=5.225 target_replicas=6
2026-08-07 08:02:56 [info     ] algorithm2_decision            action=SCALE_UP applied_target=6 current_replicas=5 hold_until=1786064666.1 observed_load=57.49 observed_target=4 point_forecasts=[76.18702697753906, 74.15579986572266, 75.93741607666016, 74.37104034423828, 74.9843521118164, 75.28372192382812, 75.64713287353516, 74.70147705078125, 73.81473541259766] prediction_age_sec=0.07 predictive_target=6 proactive=True scenario=s4-hybrid-predictive target_replicas=6 upper_forecasts=[85.82801055908203, 84.44388580322266, 85.6803970336914, 84.94731903076172, 85.27857208251953, 85.8753890991211, 86.60458374023438, 85.37046813964844, 84.93347930908203]
2026-08-07 08:02:56 [info     ] k8s_scale_executed             deployment=test-app-warm replicas=6
2026-08-07 08:02:56 [debug    ] Decision loop completed        action=MAINTAIN latency_ms=155.31 p99=153.0
2026-08-07 08:03:11 [debug    ] HAProxy fallback latency       delta_requests=1208 interval_avg_ms=111.66 max_rtime_ms=199.0 p99_est=199.0
2026-08-07 08:03:11 [debug    ] GRU prediction received        confidence=0.8 latency_ms=6.28 predicted=86
2026-08-07 08:03:11 [debug    ] Using GRU prediction           confidence=0.8 forecast_capacity_signal=86.0 predicted=86 required_steps=4
2026-08-07 08:03:11 [info     ] Scale readiness observed       elapsed_sec=15.1 ewma_delay=30.5 samples=3 target=6
2026-08-07 08:03:11 [info     ] algorithm2_scaling_decision    action=MAINTAIN alpha=0.060060060060060066 beta=0.0 buffer=1.0 current_replicas=6 predicted_load=86.0 required_resources=5.165 target_replicas=6
2026-08-07 08:03:11 [info     ] algorithm2_decision            action=MAINTAIN applied_target=6 current_replicas=6 hold_until=1786064681.2 observed_load=66.0 observed_target=4 point_forecasts=[75.35786437988281, 73.80624389648438, 75.10552215576172, 73.91152954101562, 74.4464111328125, 74.72175598144531, 74.83422088623047, 74.23119354248047, 73.63922119140625] prediction_age_sec=0.07 predictive_target=6 proactive=True scenario=s4-hybrid-predictive target_replicas=6 upper_forecasts=[84.99884796142578, 84.09432983398438, 84.84850311279297, 84.48780822753906, 84.74063110351562, 85.31342315673828, 85.79167175292969, 84.90018463134766, 84.75796508789062]
2026-08-07 08:03:11 [debug    ] Decision loop completed        action=MAINTAIN latency_ms=116.99 p99=199.0
2026-08-07 08:03:26 [debug    ] HAProxy fallback latency       delta_requests=1875 interval_avg_ms=146.54 max_rtime_ms=199.0 p99_est=199.0
2026-08-07 08:03:26 [debug    ] GRU prediction received        confidence=0.8 latency_ms=5.59 predicted=97
2026-08-07 08:03:26 [debug    ] Using GRU prediction           confidence=0.8 forecast_capacity_signal=97.0 predicted=97 required_steps=4
2026-08-07 08:03:26 [debug    ] Proactive amplification        amplified=243.1 approach_ratio=1.24 load_trend=13.2 raw_pred=97
2026-08-07 08:03:26 [info     ] Knative pre-warm OK            cold_start_ms=2.6
2026-08-07 08:03:26 [info     ] controller_decision_v3         action=PREDICTIVE available_replicas=6 budget_remaining=1000 burn_adjustment=0 burst_ratio=0.1941 capacity_deficit=False confidence=0.8 current_load=123.96257046315682 decision_id=2cea506a k8s_capacity=99.9 k8s_weight=80 knative_weight=20 p99=199.0 predicted_load=97 r_effective=16.6 serverless_enabled=True total_load=124.0 weights_after={'k3s': 80, 'knative': 20} weights_before={'k3s': 100, 'knative': 0}
2026-08-07 08:03:26 [info     ] Weights updated                k3s=80 knative=20
2026-08-07 08:03:26 [info     ] Weights updated                action=PREDICTIVE reason='load=124RPS | k8s_cap=100RPS | (prediction-driven)' weights={'k3s': 80, 'knative': 20}
2026-08-07 08:03:26 [info     ] algorithm2_scaling_decision    action=SCALE_UP alpha=0.060060060060060066 beta=0.0 buffer=1.0 current_replicas=6 predicted_load=101.76867168624791 required_resources=6.112 target_replicas=7
2026-08-07 08:03:26 [info     ] algorithm2_decision            action=SCALE_UP applied_target=7 current_replicas=6 hold_until=1786064681.2 observed_load=101.77 observed_target=7 point_forecasts=[84.80656433105469, 85.12010955810547, 85.43590545654297, 86.01322174072266, 85.3123550415039, 85.46696472167969, 84.53826141357422, 85.15435791015625, 85.60504150390625] prediction_age_sec=0.07 predictive_target=6 proactive=False scenario=s4-hybrid-predictive target_replicas=7 upper_forecasts=[94.44754791259766, 95.40819549560547, 95.17888641357422, 96.5895004272461, 95.60657501220703, 96.05863189697266, 95.49571228027344, 95.82334899902344, 96.72378540039062]
2026-08-07 08:03:26 [info     ] k8s_scale_executed             deployment=test-app-warm replicas=7
2026-08-07 08:03:26 [debug    ] Decision loop completed        action=PREDICTIVE latency_ms=158.68 p99=199.0
2026-08-07 08:03:41 [debug    ] GRU prediction received        confidence=0.8 latency_ms=6.44 predicted=107
2026-08-07 08:03:41 [debug    ] Using GRU prediction           confidence=0.8 forecast_capacity_signal=107.0 predicted=107 required_steps=4
2026-08-07 08:03:41 [debug    ] Proactive amplification        amplified=249.7 approach_ratio=1.03 load_trend=14.4 raw_pred=107
2026-08-07 08:03:41 [info     ] controller_decision_v3         action=RECOVERY available_replicas=7 budget_remaining=1000 burn_adjustment=0 burst_ratio=0.0298 capacity_deficit=False confidence=0.8 current_load=120.12426054794791 decision_id=b416490c k8s_capacity=116.5 k8s_weight=97 knative_weight=3 p99=199.0 predicted_load=107 r_effective=16.6 serverless_enabled=True total_load=120.1 weights_after={'k3s': 97, 'knative': 3} weights_before={'k3s': 80, 'knative': 20}
2026-08-07 08:03:41 [info     ] Weights updated                k3s=97 knative=3
2026-08-07 08:03:41 [info     ] Weights updated                action=RECOVERY reason='load=120RPS | k8s_cap=117RPS | (reducing-serverless)' weights={'k3s': 97, 'knative': 3}
2026-08-07 08:03:41 [info     ] Scale readiness observed       elapsed_sec=15.2 ewma_delay=25.9 samples=4 target=7
2026-08-07 08:03:41 [info     ] algorithm2_scaling_decision    action=SCALE_UP alpha=0.060060060060060066 beta=0.0 buffer=1.0 current_replicas=7 predicted_load=122.04341550555236 required_resources=7.33 target_replicas=8
2026-08-07 08:03:41 [info     ] algorithm2_decision            action=SCALE_UP applied_target=8 current_replicas=7 hold_until=1786064681.2 observed_load=122.04 observed_target=8 point_forecasts=[93.82688903808594, 94.41016387939453, 94.73133850097656, 95.3769302368164, 94.89813995361328, 94.53038024902344, 94.21768951416016, 94.4498519897461, 95.48066711425781] prediction_age_sec=0.1 predictive_target=7 proactive=False scenario=s4-hybrid-predictive target_replicas=8 upper_forecasts=[103.4678726196289, 104.69824981689453, 104.47431945800781, 105.95320892333984, 105.1923599243164, 105.1220474243164, 105.17514038085938, 105.11884307861328, 106.59941101074219]
2026-08-07 08:03:41 [info     ] k8s_scale_executed             deployment=test-app-warm replicas=8
2026-08-07 08:03:41 [debug    ] Decision loop completed        action=RECOVERY latency_ms=191.85 p99=199.0
2026-08-07 08:03:56 [debug    ] HAProxy fallback latency       delta_requests=1425 interval_avg_ms=89.95 max_rtime_ms=199.0 p99_est=179.89
2026-08-07 08:03:56 [debug    ] GRU prediction received        confidence=0.8 latency_ms=5.87 predicted=108
2026-08-07 08:03:56 [debug    ] Using GRU prediction           confidence=0.8 forecast_capacity_signal=108.0 predicted=108 required_steps=3
2026-08-07 08:03:56 [info     ] controller_decision_v3         action=RECOVERY available_replicas=8 budget_remaining=1000 burn_adjustment=0 burst_ratio=0 capacity_deficit=False confidence=0.8 current_load=93.86518096379162 decision_id=e9ca5a86 k8s_capacity=133.2 k8s_weight=100 knative_weight=0 p99=179.9 predicted_load=108 r_effective=16.6 serverless_enabled=False total_load=93.9 weights_after={'k3s': 100, 'knative': 0} weights_before={'k3s': 97, 'knative': 3}
2026-08-07 08:03:56 [info     ] Weights updated                k3s=100 knative=0
2026-08-07 08:03:56 [info     ] Weights updated                action=RECOVERY reason='load=94RPS | k8s_cap=133RPS | (reducing-serverless)' weights={'k3s': 100, 'knative': 0}
2026-08-07 08:03:56 [info     ] Scale readiness observed       elapsed_sec=15.2 ewma_delay=22.7 samples=5 target=8
2026-08-07 08:03:56 [info     ] algorithm2_scaling_decision    action=MAINTAIN alpha=0.060060060060060066 beta=0.0 buffer=1.0 current_replicas=8 predicted_load=106.99472075586976 required_resources=6.426 target_replicas=7
2026-08-07 08:03:56 [info     ] algorithm2_decision            action=MAINTAIN applied_target=7 current_replicas=8 hold_until=1786064681.2 observed_load=106.99 observed_target=7 point_forecasts=[95.23004913330078, 95.83200073242188, 96.23123168945312, 96.43383026123047, 96.56956481933594, 96.08625030517578, 95.93558502197266, 95.90386962890625, 96.66930389404297] prediction_age_sec=0.1 predictive_target=7 proactive=False scenario=s4-hybrid-predictive target_replicas=7 upper_forecasts=[104.87103271484375, 106.12008666992188, 105.97421264648438, 107.0101089477539, 106.86378479003906, 106.67791748046875, 106.89303588867188, 106.57286071777344, 107.78804779052734]
2026-08-07 08:03:56 [debug    ] Decision loop completed        action=RECOVERY latency_ms=152.51 p99=179.8919298245614
2026-08-07 08:04:11 [debug    ] HAProxy fallback latency       delta_requests=1230 interval_avg_ms=12.83 max_rtime_ms=199.0 p99_est=25.67
2026-08-07 08:04:11 [debug    ] GRU prediction received        confidence=0.8 latency_ms=5.86 predicted=105
2026-08-07 08:04:11 [debug    ] Using GRU prediction           confidence=0.8 forecast_capacity_signal=105.0 predicted=105 required_steps=3
2026-08-07 08:04:11 [info     ] algorithm2_scaling_decision    action=MAINTAIN alpha=0.060060060060060066 beta=0.0 buffer=1.0 current_replicas=8 predicted_load=105.0 required_resources=6.306 target_replicas=7
2026-08-07 08:04:11 [info     ] algorithm2_decision            action=MAINTAIN applied_target=7 current_replicas=8 hold_until=1786064741.8 observed_load=87.52 observed_target=6 point_forecasts=[93.37745666503906, 93.58512878417969, 94.17402648925781, 93.98200225830078, 94.30364227294922, 94.08660888671875, 93.84603118896484, 93.81742858886719, 94.17213439941406] prediction_age_sec=0.07 predictive_target=7 proactive=True scenario=s4-hybrid-predictive target_replicas=7 upper_forecasts=[103.01844024658203, 103.87321472167969, 103.91700744628906, 104.55828094482422, 104.59786224365234, 104.67827606201172, 104.80348205566406, 104.48641967773438, 105.29087829589844]
2026-08-07 08:04:11 [debug    ] Decision loop completed        action=MAINTAIN latency_ms=109.84 p99=25.665040650406503
2026-08-07 08:04:26 [debug    ] HAProxy fallback latency       delta_requests=1148 interval_avg_ms=66.0 max_rtime_ms=199.0 p99_est=132.0
2026-08-07 08:04:26 [debug    ] GRU prediction received        confidence=0.8 latency_ms=5.62 predicted=101
2026-08-07 08:04:26 [debug    ] Using GRU prediction           confidence=0.8 forecast_capacity_signal=101.0 predicted=101 required_steps=3
2026-08-07 08:04:26 [info     ] algorithm2_scaling_decision    action=MAINTAIN alpha=0.060060060060060066 beta=0.0 buffer=1.0 current_replicas=8 predicted_load=101.0 required_resources=6.066 target_replicas=7
2026-08-07 08:04:26 [info     ] algorithm2_decision            action=MAINTAIN applied_target=7 current_replicas=8 hold_until=1786064756.9 observed_load=78.54 observed_target=5 point_forecasts=[89.97001647949219, 89.90215301513672, 90.54843139648438, 90.2069320678711, 90.4196548461914, 90.37278747558594, 90.05610656738281, 90.09949493408203, 89.91584777832031] prediction_age_sec=0.07 predictive_target=7 proactive=True scenario=s4-hybrid-predictive target_replicas=7 upper_forecasts=[99.61100006103516, 100.19023895263672, 100.29141235351562, 100.78321075439453, 100.71387481689453, 100.9644546508789, 101.01355743408203, 100.76848602294922, 101.03459167480469]
2026-08-07 08:04:26 [debug    ] Decision loop completed        action=MAINTAIN latency_ms=121.37 p99=132.0
2026-08-07 08:04:41 [debug    ] HAProxy fallback latency       delta_requests=1497 interval_avg_ms=114.86 max_rtime_ms=199.0 p99_est=199.0
2026-08-07 08:04:41 [debug    ] GRU prediction received        confidence=0.8 latency_ms=5.86 predicted=103
2026-08-07 08:04:41 [debug    ] Using GRU prediction           confidence=0.8 forecast_capacity_signal=103.0 predicted=103 required_steps=3
2026-08-07 08:04:42 [info     ] algorithm2_scaling_decision    action=MAINTAIN alpha=0.060060060060060066 beta=0.0 buffer=1.0 current_replicas=8 predicted_load=103.0 required_resources=6.186 target_replicas=7
2026-08-07 08:04:42 [info     ] algorithm2_decision            action=MAINTAIN applied_target=7 current_replicas=8 hold_until=1786064772.1 observed_load=87.42 observed_target=6 point_forecasts=[91.62010955810547, 91.52792358398438, 92.25285339355469, 91.98707580566406, 92.16956329345703, 92.18815612792969, 91.84565734863281, 91.83939361572266, 92.06561279296875] prediction_age_sec=0.07 predictive_target=7 proactive=True scenario=s4-hybrid-predictive target_replicas=7 upper_forecasts=[101.26109313964844, 101.81600952148438, 101.99583435058594, 102.5633544921875, 102.46378326416016, 102.77982330322266, 102.80310821533203, 102.50838470458984, 103.18435668945312]
2026-08-07 08:04:42 [debug    ] Decision loop completed        action=MAINTAIN latency_ms=121.38 p99=199.0
2026-08-07 08:04:57 [debug    ] HAProxy fallback latency       delta_requests=2011 interval_avg_ms=163.93 max_rtime_ms=231.0 p99_est=231.0
2026-08-07 08:04:57 [debug    ] GRU prediction received        confidence=0.8 latency_ms=5.74 predicted=113
2026-08-07 08:04:57 [debug    ] Using GRU prediction           confidence=0.8 forecast_capacity_signal=113.0 predicted=113 required_steps=3
2026-08-07 08:04:57 [debug    ] Proactive amplification        amplified=220.8 approach_ratio=1.0 load_trend=9.8 raw_pred=113
2026-08-07 08:04:57 [info     ] algorithm2_scaling_decision    action=MAINTAIN alpha=0.060060060060060066 beta=0.0 buffer=1.0 current_replicas=8 predicted_load=115.92727391825827 required_resources=6.963 target_replicas=7
2026-08-07 08:04:57 [info     ] algorithm2_decision            action=MAINTAIN applied_target=7 current_replicas=8 hold_until=1786064772.1 observed_load=115.93 observed_target=7 point_forecasts=[100.4649429321289, 100.92098999023438, 101.56288146972656, 101.37687683105469, 101.91524505615234, 101.6865463256836, 101.43667602539062, 101.103271484375, 101.66624450683594] prediction_age_sec=0.07 predictive_target=7 proactive=False scenario=s4-hybrid-predictive target_replicas=7 upper_forecasts=[110.10592651367188, 111.20907592773438, 111.30586242675781, 111.95315551757812, 112.20946502685547, 112.27821350097656, 112.39412689208984, 111.77226257324219, 112.78498840332031]
2026-08-07 08:04:57 [debug    ] Decision loop completed        action=MAINTAIN latency_ms=114.97 p99=231.0
2026-08-07 08:05:12 [debug    ] HAProxy fallback latency       delta_requests=2274 interval_avg_ms=126.9 max_rtime_ms=246.0 p99_est=246.0
2026-08-07 08:05:12 [debug    ] GRU prediction received        confidence=0.8 latency_ms=5.95 predicted=125
2026-08-07 08:05:12 [debug    ] Using GRU prediction           confidence=0.8 forecast_capacity_signal=125.0 predicted=125 required_steps=3
2026-08-07 08:05:12 [debug    ] Proactive amplification        amplified=306.3 approach_ratio=1.13 load_trend=17.3 raw_pred=125
2026-08-07 08:05:12 [info     ] Knative pre-warm OK            cold_start_ms=2.6
2026-08-07 08:05:12 [info     ] controller_decision_v3         action=PREDICTIVE available_replicas=8 budget_remaining=998 burn_adjustment=0 burst_ratio=0.1147 capacity_deficit=False confidence=0.8 current_load=150.45297902377737 decision_id=3ae2360b k8s_capacity=133.2 k8s_weight=88 knative_weight=12 p99=246.0 predicted_load=125 r_effective=16.6 serverless_enabled=True total_load=150.5 weights_after={'k3s': 88, 'knative': 12} weights_before={'k3s': 100, 'knative': 0}
2026-08-07 08:05:12 [info     ] Weights updated                k3s=88 knative=12
2026-08-07 08:05:12 [info     ] Weights updated                action=PREDICTIVE reason='load=150RPS | k8s_cap=133RPS | (prediction-driven)' weights={'k3s': 88, 'knative': 12}
2026-08-07 08:05:12 [info     ] algorithm2_scaling_decision    action=SCALE_UP alpha=0.060060060060060066 beta=0.0 buffer=1.0 current_replicas=8 predicted_load=141.6851678283549 required_resources=8.51 target_replicas=9
2026-08-07 08:05:12 [info     ] algorithm2_decision            action=SCALE_UP applied_target=9 current_replicas=8 hold_until=1786064772.1 observed_load=141.69 observed_target=9 point_forecasts=[112.44403839111328, 112.90399169921875, 113.2624282836914, 113.71218872070312, 113.39617156982422, 113.39932250976562, 112.8847427368164, 112.96054077148438, 113.47091674804688] prediction_age_sec=0.08 predictive_target=8 proactive=False scenario=s4-hybrid-predictive target_replicas=9 upper_forecasts=[122.08502197265625, 123.19207763671875, 123.00540924072266, 124.28846740722656, 123.69039154052734, 123.9909896850586, 123.84219360351562, 123.62953186035156, 124.58966064453125]
2026-08-07 08:05:12 [info     ] k8s_scale_executed             deployment=test-app-warm replicas=9
2026-08-07 08:05:12 [debug    ] Decision loop completed        action=PREDICTIVE latency_ms=163.69 p99=246.0
2026-08-07 08:05:27 [debug    ] GRU prediction received        confidence=0.8 latency_ms=5.93 predicted=137
2026-08-07 08:05:27 [debug    ] Using GRU prediction           confidence=0.8 forecast_capacity_signal=137.0 predicted=137 required_steps=3
2026-08-07 08:05:27 [debug    ] Proactive amplification        amplified=349.8 approach_ratio=1.2 load_trend=21.1 raw_pred=137
2026-08-07 08:05:27 [info     ] controller_decision_v3         action=PREDICTIVE available_replicas=8 budget_remaining=997 burn_adjustment=0 burst_ratio=0.1684 capacity_deficit=False confidence=0.8 current_load=160.18185099642878 decision_id=82f03920 k8s_capacity=133.2 k8s_weight=83 knative_weight=17 p99=246.0 predicted_load=137 r_effective=16.6 serverless_enabled=True total_load=160.2 weights_after={'k3s': 83, 'knative': 17} weights_before={'k3s': 88, 'knative': 12}
2026-08-07 08:05:27 [info     ] Weights updated                k3s=83 knative=17
2026-08-07 08:05:27 [info     ] Weights updated                action=PREDICTIVE reason='load=160RPS | k8s_cap=133RPS | (prediction-driven)' weights={'k3s': 83, 'knative': 17}
2026-08-07 08:05:27 [info     ] algorithm2_scaling_decision    action=SCALE_UP alpha=0.060060060060060066 beta=0.0 buffer=1.0 current_replicas=9 predicted_load=155.31741501010308 required_resources=9.328 target_replicas=10
2026-08-07 08:05:27 [info     ] algorithm2_decision            action=SCALE_UP applied_target=10 current_replicas=9 hold_until=1786064772.1 observed_load=155.32 observed_target=10 point_forecasts=[124.39839172363281, 124.92729187011719, 124.85690307617188, 125.99036407470703, 124.89283752441406, 124.9061279296875, 124.06633758544922, 124.87065887451172, 125.36929321289062] prediction_age_sec=0.07 predictive_target=9 proactive=False scenario=s4-hybrid-predictive target_replicas=10 upper_forecasts=[134.03936767578125, 135.2153778076172, 134.59988403320312, 136.566650390625, 135.1870574951172, 135.497802734375, 135.02378845214844, 135.53965759277344, 136.488037109375]
2026-08-07 08:05:27 [info     ] k8s_scale_executed             deployment=test-app-warm replicas=10
2026-08-07 08:05:27 [debug    ] Decision loop completed        action=PREDICTIVE latency_ms=160.14 p99=246.0
2026-08-07 08:05:42 [debug    ] HAProxy fallback latency       delta_requests=2200 interval_avg_ms=49.32 max_rtime_ms=246.0 p99_est=98.65
2026-08-07 08:05:42 [debug    ] GRU prediction received        confidence=0.8 latency_ms=5.99 predicted=143
2026-08-07 08:05:42 [debug    ] Using GRU prediction           confidence=0.8 forecast_capacity_signal=143.0 predicted=143 required_steps=3
2026-08-07 08:05:42 [debug    ] Proactive amplification        amplified=248.8 approach_ratio=1.09 load_trend=11.5 raw_pred=143
2026-08-07 08:05:42 [info     ] controller_decision_v3         action=RECOVERY available_replicas=8 budget_remaining=997 burn_adjustment=0 burst_ratio=0.0817 capacity_deficit=False confidence=0.8 current_load=145.04816171198223 decision_id=3855abf3 k8s_capacity=133.2 k8s_weight=91 knative_weight=9 p99=98.6 predicted_load=143 r_effective=16.6 serverless_enabled=True total_load=145.0 weights_after={'k3s': 91, 'knative': 9} weights_before={'k3s': 83, 'knative': 17}
2026-08-07 08:05:42 [info     ] Weights updated                k3s=91 knative=9
2026-08-07 08:05:42 [info     ] Weights updated                action=RECOVERY reason='load=145RPS | k8s_cap=133RPS | (reducing-serverless)' weights={'k3s': 91, 'knative': 9}
2026-08-07 08:05:42 [info     ] algorithm2_scaling_decision    action=MAINTAIN alpha=0.060060060060060066 beta=0.0 buffer=1.0 current_replicas=10 predicted_load=152.6150063542055 required_resources=9.166 target_replicas=10
2026-08-07 08:05:42 [info     ] algorithm2_decision            action=MAINTAIN applied_target=10 current_replicas=10 hold_until=1786064772.1 observed_load=152.62 observed_target=10 point_forecasts=[130.80624389648438, 131.27536010742188, 131.02593994140625, 132.3466339111328, 131.04177856445312, 130.9425506591797, 129.9811248779297, 131.26405334472656, 131.49777221679688] prediction_age_sec=0.11 predictive_target=9 proactive=False scenario=s4-hybrid-predictive target_replicas=10 upper_forecasts=[140.4472198486328, 141.56344604492188, 140.7689208984375, 142.92291259765625, 141.33599853515625, 141.53421020507812, 140.93856811523438, 141.93304443359375, 142.61651611328125]
2026-08-07 08:05:42 [debug    ] Decision loop completed        action=RECOVERY latency_ms=163.73 p99=98.64818181818181
2026-08-07 08:05:57 [debug    ] HAProxy fallback latency       delta_requests=1849 interval_avg_ms=43.4 max_rtime_ms=246.0 p99_est=86.8
2026-08-07 08:05:57 [debug    ] GRU prediction received        confidence=0.8 latency_ms=5.59 predicted=142
2026-08-07 08:05:57 [debug    ] Using GRU prediction           confidence=0.8 forecast_capacity_signal=142.0 predicted=142 required_steps=3
2026-08-07 08:05:57 [info     ] controller_decision_v3         action=RECOVERY available_replicas=8 budget_remaining=997 burn_adjustment=0 burst_ratio=0 capacity_deficit=False confidence=0.8 current_load=122.06935805234978 decision_id=009df83f k8s_capacity=133.2 k8s_weight=100 knative_weight=0 p99=86.8 predicted_load=142 r_effective=16.6 serverless_enabled=False total_load=122.1 weights_after={'k3s': 100, 'knative': 0} weights_before={'k3s': 91, 'knative': 9}
2026-08-07 08:05:57 [info     ] Weights updated                k3s=100 knative=0
2026-08-07 08:05:57 [info     ] Weights updated                action=RECOVERY reason='load=122RPS | k8s_cap=133RPS | (reducing-serverless)' weights={'k3s': 100, 'knative': 0}
2026-08-07 08:05:57 [info     ] algorithm2_scaling_decision    action=MAINTAIN alpha=0.060060060060060066 beta=0.0 buffer=1.0 current_replicas=10 predicted_load=133.55875988216602 required_resources=8.022 target_replicas=9
2026-08-07 08:05:57 [info     ] algorithm2_decision            action=MAINTAIN applied_target=9 current_replicas=10 hold_until=1786064772.1 observed_load=133.56 observed_target=9 point_forecasts=[130.4756317138672, 130.81149291992188, 130.650146484375, 131.50115966796875, 130.5634002685547, 130.51995849609375, 129.59812927246094, 130.86793518066406, 130.65904235839844] prediction_age_sec=0.11 predictive_target=9 proactive=False scenario=s4-hybrid-predictive target_replicas=9 upper_forecasts=[140.11660766601562, 141.09957885742188, 140.39312744140625, 142.0774383544922, 140.8576202392578, 141.11163330078125, 140.55557250976562, 141.53692626953125, 141.7777862548828]
2026-08-07 08:05:57 [debug    ] Decision loop completed        action=RECOVERY latency_ms=157.68 p99=86.79826933477555
2026-08-07 08:06:12 [debug    ] HAProxy fallback latency       delta_requests=1788 interval_avg_ms=122.95 max_rtime_ms=246.0 p99_est=245.9
2026-08-07 08:06:12 [debug    ] GRU prediction received        confidence=0.8 latency_ms=6.15 predicted=140
2026-08-07 08:06:12 [debug    ] Using GRU prediction           confidence=0.8 forecast_capacity_signal=140.0 predicted=140 required_steps=3
2026-08-07 08:06:12 [info     ] algorithm2_scaling_decision    action=MAINTAIN alpha=0.060060060060060066 beta=0.0 buffer=1.0 current_replicas=10 predicted_load=140.0 required_resources=8.408 target_replicas=9
2026-08-07 08:06:12 [info     ] algorithm2_decision            action=MAINTAIN applied_target=9 current_replicas=10 hold_until=1786064862.9 observed_load=120.04 observed_target=8 point_forecasts=[128.43563842773438, 128.60923767089844, 128.63327026367188, 129.02874755859375, 128.45213317871094, 128.50360107421875, 127.63055419921875, 128.73687744140625, 128.30563354492188] prediction_age_sec=0.07 predictive_target=9 proactive=True scenario=s4-hybrid-predictive target_replicas=9 upper_forecasts=[138.0766143798828, 138.89732360839844, 138.37625122070312, 139.6050262451172, 138.74635314941406, 139.09527587890625, 138.58799743652344, 139.40586853027344, 139.42437744140625]
2026-08-07 08:06:12 [debug    ] Decision loop completed        action=MAINTAIN latency_ms=117.77 p99=245.89709172259506
2026-08-07 08:06:27 [debug    ] HAProxy fallback latency       delta_requests=1820 interval_avg_ms=125.98 max_rtime_ms=246.0 p99_est=246.0
2026-08-07 08:06:27 [debug    ] GRU prediction received        confidence=0.8 latency_ms=5.62 predicted=138
2026-08-07 08:06:27 [debug    ] Using GRU prediction           confidence=0.8 forecast_capacity_signal=138.0 predicted=138 required_steps=3
2026-08-07 08:06:28 [info     ] Scale readiness observed       elapsed_sec=60.6 ewma_delay=34.0 samples=6 target=10
2026-08-07 08:06:28 [info     ] algorithm2_scaling_decision    action=MAINTAIN alpha=0.060060060060060066 beta=0.0 buffer=1.0 current_replicas=10 predicted_load=138.0 required_resources=8.288 target_replicas=9
2026-08-07 08:06:28 [info     ] algorithm2_decision            action=MAINTAIN applied_target=9 current_replicas=10 hold_until=1786064878.1 observed_load=119.2 observed_target=8 point_forecasts=[126.80860137939453, 126.86431884765625, 127.03367614746094, 127.17286682128906, 126.80237579345703, 126.92384338378906, 126.07868194580078, 127.04458618164062, 126.55950927734375] prediction_age_sec=0.07 predictive_target=9 proactive=True scenario=s4-hybrid-predictive target_replicas=9 upper_forecasts=[136.4495849609375, 137.15240478515625, 136.7766571044922, 137.7491455078125, 137.09658813476562, 137.5155029296875, 137.0361328125, 137.7135772705078, 137.67825317382812]
2026-08-07 08:06:28 [debug    ] Decision loop completed        action=MAINTAIN latency_ms=117.67 p99=246.0
2026-08-07 08:06:43 [debug    ] HAProxy fallback latency       delta_requests=1817 interval_avg_ms=72.0 max_rtime_ms=246.0 p99_est=144.0
2026-08-07 08:06:43 [debug    ] GRU prediction received        confidence=0.8 latency_ms=6.13 predicted=136
2026-08-07 08:06:43 [debug    ] Using GRU prediction           confidence=0.8 forecast_capacity_signal=136.1 predicted=136 required_steps=4
2026-08-07 08:06:43 [info     ] algorithm2_scaling_decision    action=MAINTAIN alpha=0.060060060060060066 beta=0.0 buffer=1.0 current_replicas=10 predicted_load=136.13302612304688 required_resources=8.176 target_replicas=9
2026-08-07 08:06:43 [info     ] algorithm2_decision            action=MAINTAIN applied_target=9 current_replicas=10 hold_until=1786064893.2 observed_load=120.29 observed_target=8 point_forecasts=[125.33769226074219, 125.32534790039062, 125.58932495117188, 125.5567398071289, 125.34005737304688, 125.51225280761719, 124.69567108154297, 125.53671264648438, 125.02983093261719] prediction_age_sec=0.07 predictive_target=9 proactive=True scenario=s4-hybrid-predictive target_replicas=9 upper_forecasts=[134.97866821289062, 135.61343383789062, 135.33230590820312, 136.13302612304688, 135.63427734375, 136.10391235351562, 135.6531219482422, 136.20570373535156, 136.14857482910156]
2026-08-07 08:06:43 [debug    ] Decision loop completed        action=MAINTAIN latency_ms=116.21 p99=144.0
2026-08-07 08:06:58 [debug    ] HAProxy fallback latency       delta_requests=1785 interval_avg_ms=41.44 max_rtime_ms=246.0 p99_est=82.88
2026-08-07 08:06:58 [debug    ] GRU prediction received        confidence=0.8 latency_ms=5.83 predicted=135
2026-08-07 08:06:58 [debug    ] Using GRU prediction           confidence=0.8 forecast_capacity_signal=135.0 predicted=135 required_steps=4
2026-08-07 08:06:58 [info     ] algorithm2_scaling_decision    action=MAINTAIN alpha=0.060060060060060066 beta=0.0 buffer=1.0 current_replicas=10 predicted_load=135.0 required_resources=8.108 target_replicas=9
2026-08-07 08:06:58 [info     ] algorithm2_decision            action=MAINTAIN applied_target=9 current_replicas=10 hold_until=1786064908.3 observed_load=119.14 observed_target=8 point_forecasts=[123.69682312011719, 123.6437759399414, 123.97932434082031, 123.78211975097656, 123.7262191772461, 123.9435806274414, 123.16474914550781, 123.8714599609375, 123.33493041992188] prediction_age_sec=0.07 predictive_target=9 proactive=True scenario=s4-hybrid-predictive target_replicas=9 upper_forecasts=[133.33779907226562, 133.93185424804688, 133.72230529785156, 134.3583984375, 134.02044677734375, 134.53524780273438, 134.1221923828125, 134.5404510498047, 134.45367431640625]
2026-08-07 08:06:58 [debug    ] Decision loop completed        action=MAINTAIN latency_ms=115.38 p99=82.88403361344538
2026-08-07 08:07:13 [debug    ] HAProxy fallback latency       delta_requests=1543 interval_avg_ms=34.65 max_rtime_ms=246.0 p99_est=69.3
2026-08-07 08:07:13 [debug    ] GRU prediction received        confidence=0.8 latency_ms=5.97 predicted=130
2026-08-07 08:07:13 [debug    ] Using GRU prediction           confidence=0.8 forecast_capacity_signal=130.0 predicted=130 required_steps=4
2026-08-07 08:07:13 [info     ] algorithm2_scaling_decision    action=MAINTAIN alpha=0.060060060060060066 beta=0.0 buffer=1.0 current_replicas=10 predicted_load=130.0 required_resources=7.808 target_replicas=8
2026-08-07 08:07:13 [info     ] algorithm2_decision            action=MAINTAIN applied_target=8 current_replicas=10 hold_until=1786064923.4 observed_load=110.12 observed_target=7 point_forecasts=[119.036865234375, 118.90095520019531, 119.41259765625, 118.74020385742188, 119.16883850097656, 119.443359375, 118.7961196899414, 119.176513671875, 118.47421264648438] prediction_age_sec=0.07 predictive_target=8 proactive=True scenario=s4-hybrid-predictive target_replicas=8 upper_forecasts=[128.67784118652344, 129.1890411376953, 129.15557861328125, 129.3164825439453, 129.4630584716797, 130.0350341796875, 129.75357055664062, 129.8455047607422, 129.59295654296875]
2026-08-07 08:07:13 [debug    ] Decision loop completed        action=MAINTAIN latency_ms=118.12 p99=69.29876863253402
2026-08-07 08:07:28 [debug    ] GRU prediction received        confidence=0.8 latency_ms=5.43 predicted=122
2026-08-07 08:07:28 [debug    ] Using GRU prediction           confidence=0.8 forecast_capacity_signal=122.0 predicted=122 required_steps=4
2026-08-07 08:07:28 [info     ] algorithm2_scaling_decision    action=MAINTAIN alpha=0.060060060060060066 beta=0.0 buffer=1.0 current_replicas=10 predicted_load=122.0 required_resources=7.327 target_replicas=8
2026-08-07 08:07:28 [info     ] algorithm2_decision            action=MAINTAIN applied_target=8 current_replicas=10 hold_until=1786064938.5 observed_load=92.51 observed_target=6 point_forecasts=[110.97356414794922, 110.64982604980469, 111.50952911376953, 110.1612548828125, 111.37796020507812, 111.59983825683594, 111.19142150878906, 111.08513641357422, 110.220458984375] prediction_age_sec=0.07 predictive_target=8 proactive=True scenario=s4-hybrid-predictive target_replicas=8 upper_forecasts=[120.61454772949219, 120.93791198730469, 121.25251007080078, 120.73753356933594, 121.67218017578125, 122.1915054321289, 122.14887237548828, 121.7541275024414, 121.33920288085938]
2026-08-07 08:07:28 [debug    ] Decision loop completed        action=MAINTAIN latency_ms=113.44 p99=69.29876863253402
2026-08-07 08:07:43 [debug    ] HAProxy fallback latency       delta_requests=1116 interval_avg_ms=14.62 max_rtime_ms=246.0 p99_est=29.24
2026-08-07 08:07:43 [debug    ] GRU prediction received        confidence=0.8 latency_ms=6.28 predicted=114
2026-08-07 08:07:43 [debug    ] Using GRU prediction           confidence=0.8 forecast_capacity_signal=114.0 predicted=114 required_steps=4
2026-08-07 08:07:43 [info     ] algorithm2_scaling_decision    action=SCALE_DOWN alpha=0.060060060060060066 beta=0.0 buffer=1.0 current_replicas=10 predicted_load=114.0 required_resources=6.847 target_replicas=7
2026-08-07 08:07:43 [info     ] algorithm2_decision            action=SCALE_DOWN applied_target=7 current_replicas=10 hold_until=1786064953.6 observed_load=78.36 observed_target=5 point_forecasts=[102.22173309326172, 101.74809265136719, 102.95447540283203, 101.05029296875, 102.97837829589844, 103.1259536743164, 102.9541244506836, 102.34007263183594, 101.44586944580078] prediction_age_sec=0.07 predictive_target=7 proactive=True scenario=s4-hybrid-predictive target_replicas=7 upper_forecasts=[111.86271667480469, 112.03617858886719, 112.69745635986328, 111.62657165527344, 113.27259826660156, 113.71762084960938, 113.91157531738281, 113.00906372070312, 112.56461334228516]
2026-08-07 08:07:43 [info     ] k8s_scale_executed             deployment=test-app-warm replicas=7
2026-08-07 08:07:43 [debug    ] Decision loop completed        action=MAINTAIN latency_ms=156.82 p99=29.238351254480285
2026-08-07 08:07:58 [debug    ] HAProxy fallback latency       delta_requests=1049 interval_avg_ms=66.0 max_rtime_ms=246.0 p99_est=132.0
2026-08-07 08:07:58 [debug    ] GRU prediction received        confidence=0.8 latency_ms=5.99 predicted=105
2026-08-07 08:07:58 [debug    ] Using GRU prediction           confidence=0.8 forecast_capacity_signal=105.0 predicted=105 required_steps=4
2026-08-07 08:07:58 [info     ] algorithm2_scaling_decision    action=MAINTAIN alpha=0.060060060060060066 beta=0.0 buffer=1.0 current_replicas=7 predicted_load=105.0 required_resources=6.306 target_replicas=7
2026-08-07 08:07:58 [info     ] algorithm2_decision            action=MAINTAIN applied_target=7 current_replicas=7 hold_until=1786064968.8 observed_load=71.49 observed_target=5 point_forecasts=[93.20760345458984, 92.49505615234375, 93.69802856445312, 92.2440414428711, 93.76919555664062, 93.55864715576172, 93.78693389892578, 93.11751556396484, 92.36959838867188] prediction_age_sec=0.07 predictive_target=7 proactive=True scenario=s4-hybrid-predictive target_replicas=7 upper_forecasts=[102.84858703613281, 102.78314208984375, 103.44100952148438, 102.82032012939453, 104.06341552734375, 104.15031433105469, 104.744384765625, 103.78650665283203, 103.48834228515625]
2026-08-07 08:07:58 [debug    ] Decision loop completed        action=MAINTAIN latency_ms=117.5 p99=132.0
2026-08-07 08:08:13 [debug    ] HAProxy fallback latency       delta_requests=1178 interval_avg_ms=117.51 max_rtime_ms=246.0 p99_est=235.03
2026-08-07 08:08:13 [debug    ] GRU prediction received        confidence=0.8 latency_ms=6.35 predicted=99
2026-08-07 08:08:13 [debug    ] Using GRU prediction           confidence=0.8 forecast_capacity_signal=99.0 predicted=99 required_steps=4
2026-08-07 08:08:13 [info     ] algorithm2_scaling_decision    action=MAINTAIN alpha=0.060060060060060066 beta=0.0 buffer=1.0 current_replicas=7 predicted_load=99.0 required_resources=5.946 target_replicas=6
2026-08-07 08:08:13 [info     ] algorithm2_decision            action=MAINTAIN applied_target=6 current_replicas=7 hold_until=1786064983.9 observed_load=73.53 observed_target=5 point_forecasts=[88.38724517822266, 87.65386199951172, 88.66429138183594, 87.69096374511719, 88.54590606689453, 88.26859283447266, 88.47972869873047, 88.08660888671875, 87.06346130371094] prediction_age_sec=0.07 predictive_target=6 proactive=True scenario=s4-hybrid-predictive target_replicas=6 upper_forecasts=[98.02822875976562, 97.94194793701172, 98.40727233886719, 98.26724243164062, 98.84012603759766, 98.86026000976562, 99.43717956542969, 98.75559997558594, 98.18220520019531]
2026-08-07 08:08:13 [debug    ] Decision loop completed        action=MAINTAIN latency_ms=115.12 p99=235.0288624787776
2026-08-07 08:08:28 [debug    ] HAProxy fallback latency       delta_requests=1330 interval_avg_ms=67.0 max_rtime_ms=246.0 p99_est=134.0
2026-08-07 08:08:28 [debug    ] GRU prediction received        confidence=0.8 latency_ms=5.54 predicted=98
2026-08-07 08:08:28 [debug    ] Using GRU prediction           confidence=0.8 forecast_capacity_signal=98.0 predicted=98 required_steps=4
2026-08-07 08:08:29 [info     ] algorithm2_scaling_decision    action=MAINTAIN alpha=0.060060060060060066 beta=0.0 buffer=1.0 current_replicas=7 predicted_load=98.0 required_resources=5.886 target_replicas=6
2026-08-07 08:08:29 [info     ] algorithm2_decision            action=MAINTAIN applied_target=6 current_replicas=7 hold_until=1786064999.0 observed_load=82.93 observed_target=5 point_forecasts=[86.92456817626953, 86.28790283203125, 87.25575256347656, 86.64309692382812, 87.01728057861328, 86.85430145263672, 86.87720489501953, 86.66795349121094, 85.9128189086914] prediction_age_sec=0.07 predictive_target=6 proactive=True scenario=s4-hybrid-predictive target_replicas=6 upper_forecasts=[96.5655517578125, 96.57598876953125, 96.99873352050781, 97.21937561035156, 97.3115005493164, 97.44596862792969, 97.83465576171875, 97.33694458007812, 97.03156280517578]
2026-08-07 08:08:29 [debug    ] Decision loop completed        action=MAINTAIN latency_ms=120.51 p99=134.0
2026-08-07 08:08:44 [debug    ] HAProxy fallback latency       delta_requests=1087 interval_avg_ms=8.95 max_rtime_ms=246.0 p99_est=17.9
2026-08-07 08:08:44 [debug    ] GRU prediction received        confidence=0.8 latency_ms=5.68 predicted=94
2026-08-07 08:08:44 [debug    ] Using GRU prediction           confidence=0.8 forecast_capacity_signal=94.0 predicted=94 required_steps=4
2026-08-07 08:08:44 [info     ] algorithm2_scaling_decision    action=MAINTAIN alpha=0.060060060060060066 beta=0.0 buffer=1.0 current_replicas=7 predicted_load=94.0 required_resources=5.646 target_replicas=6
2026-08-07 08:08:44 [info     ] algorithm2_decision            action=MAINTAIN applied_target=6 current_replicas=7 hold_until=1786065014.1 observed_load=79.94 observed_target=5 point_forecasts=[82.85906982421875, 81.81827545166016, 82.9857406616211, 82.46634674072266, 82.47248840332031, 82.61111450195312, 82.5936279296875, 82.22122192382812, 81.58267211914062] prediction_age_sec=0.07 predictive_target=6 proactive=True scenario=s4-hybrid-predictive target_replicas=6 upper_forecasts=[92.50005340576172, 92.10636138916016, 92.72872161865234, 93.0426254272461, 92.76670837402344, 93.2027816772461, 93.55107879638672, 92.89021301269531, 92.701416015625]
2026-08-07 08:08:44 [debug    ] Decision loop completed        action=MAINTAIN latency_ms=116.29 p99=17.898804047838087
2026-08-07 08:08:59 [debug    ] HAProxy fallback latency       delta_requests=771 interval_avg_ms=66.0 max_rtime_ms=246.0 p99_est=132.0
2026-08-07 08:08:59 [debug    ] GRU prediction received        confidence=0.8 latency_ms=6.48 predicted=86
2026-08-07 08:08:59 [debug    ] Using GRU prediction           confidence=0.8 forecast_capacity_signal=86.0 predicted=86 required_steps=4
2026-08-07 08:08:59 [info     ] algorithm2_scaling_decision    action=MAINTAIN alpha=0.060060060060060066 beta=0.0 buffer=1.0 current_replicas=7 predicted_load=86.0 required_resources=5.165 target_replicas=6
2026-08-07 08:08:59 [info     ] algorithm2_decision            action=MAINTAIN applied_target=6 current_replicas=7 hold_until=1786065029.3 observed_load=61.51 observed_target=4 point_forecasts=[75.70759582519531, 73.71444702148438, 75.47882080078125, 73.95783996582031, 74.58769989013672, 74.8818588256836, 75.2226791381836, 74.27861785888672, 73.38246154785156] prediction_age_sec=0.07 predictive_target=6 proactive=True scenario=s4-hybrid-predictive target_replicas=6 upper_forecasts=[85.34857940673828, 84.00253295898438, 85.2218017578125, 84.53411865234375, 84.88191986083984, 85.47352600097656, 86.18013000488281, 84.9476089477539, 84.50120544433594]
2026-08-07 08:08:59 [debug    ] Decision loop completed        action=MAINTAIN latency_ms=118.65 p99=132.0
2026-08-07 08:09:14 [debug    ] GRU prediction received        confidence=0.8 latency_ms=6.04 predicted=80
2026-08-07 08:09:14 [debug    ] Using GRU prediction           confidence=0.8 forecast_capacity_signal=80.0 predicted=80 required_steps=4
2026-08-07 08:09:14 [info     ] algorithm2_scaling_decision    action=SCALE_DOWN alpha=0.060060060060060066 beta=0.0 buffer=1.0 current_replicas=7 predicted_load=80.0 required_resources=4.805 target_replicas=5
2026-08-07 08:09:14 [info     ] algorithm2_decision            action=SCALE_DOWN applied_target=5 current_replicas=7 hold_until=1786065044.4 observed_load=48.82 observed_target=3 point_forecasts=[69.16468811035156, 67.05656433105469, 69.08441162109375, 67.48726654052734, 68.0744857788086, 68.55946350097656, 68.9433364868164, 67.6707992553711, 66.84849548339844] prediction_age_sec=0.07 predictive_target=5 proactive=True scenario=s4-hybrid-predictive target_replicas=5 upper_forecasts=[78.80567169189453, 77.34465026855469, 78.827392578125, 78.06354522705078, 78.36870574951172, 79.15113067626953, 79.90078735351562, 78.33979034423828, 77.96723937988281]
2026-08-07 08:09:14 [debug    ] Decision loop completed        action=MAINTAIN latency_ms=112.72 p99=132.0
2026-08-07 08:09:29 [debug    ] HAProxy fallback latency       delta_requests=693 interval_avg_ms=64.0 max_rtime_ms=246.0 p99_est=128.0
2026-08-07 08:09:29 [debug    ] GRU prediction received        confidence=0.8 latency_ms=6.17 predicted=75
2026-08-07 08:09:29 [debug    ] Using GRU prediction           confidence=0.8 forecast_capacity_signal=75.0 predicted=75 required_steps=4
2026-08-07 08:09:29 [info     ] algorithm2_scaling_decision    action=SCALE_DOWN alpha=0.060060060060060066 beta=0.0 buffer=1.0 current_replicas=7 predicted_load=75.0 required_resources=4.505 target_replicas=5
2026-08-07 08:09:29 [info     ] algorithm2_decision            action=SCALE_DOWN applied_target=5 current_replicas=7 hold_until=1786065059.5 observed_load=46.18 observed_target=3 point_forecasts=[63.68546676635742, 61.85496520996094, 63.67341232299805, 62.362483978271484, 62.71424865722656, 63.28969192504883, 63.616546630859375, 62.2672119140625, 61.63159942626953] prediction_age_sec=0.07 predictive_target=5 proactive=True scenario=s4-hybrid-predictive target_replicas=5 upper_forecasts=[73.32644653320312, 72.14305114746094, 73.41639709472656, 72.93876647949219, 73.00846862792969, 73.88136291503906, 74.5739974975586, 72.93620300292969, 72.7503433227539]
2026-08-07 08:09:29 [debug    ] Decision loop completed        action=MAINTAIN latency_ms=117.31 p99=128.0
2026-08-07 08:09:44 [debug    ] HAProxy fallback latency       delta_requests=653 interval_avg_ms=64.0 max_rtime_ms=246.0 p99_est=128.0
2026-08-07 08:09:44 [debug    ] GRU prediction received        confidence=0.8 latency_ms=6.25 predicted=70
2026-08-07 08:09:44 [debug    ] Using GRU prediction           confidence=0.8 forecast_capacity_signal=70.0 predicted=70 required_steps=4
2026-08-07 08:09:44 [info     ] algorithm2_scaling_decision    action=SCALE_DOWN alpha=0.060060060060060066 beta=0.0 buffer=1.0 current_replicas=7 predicted_load=70.0 required_resources=4.204 target_replicas=5
2026-08-07 08:09:44 [info     ] algorithm2_decision            action=SCALE_DOWN applied_target=5 current_replicas=7 hold_until=1786065074.6 observed_load=44.52 observed_target=3 point_forecasts=[58.87444305419922, 57.320987701416016, 58.92017364501953, 57.87465286254883, 58.032981872558594, 58.65904998779297, 58.91216278076172, 57.554039001464844, 57.11648941040039] prediction_age_sec=0.07 predictive_target=5 proactive=True scenario=s4-hybrid-predictive target_replicas=5 upper_forecasts=[68.51542663574219, 67.60906982421875, 68.66315460205078, 68.450927734375, 68.32720184326172, 69.25071716308594, 69.86961364746094, 68.22303009033203, 68.2352294921875]
2026-08-07 08:09:44 [info     ] k8s_scale_executed             deployment=test-app-warm replicas=5
2026-08-07 08:09:44 [debug    ] Decision loop completed        action=MAINTAIN latency_ms=156.6 p99=128.0
2026-08-07 08:09:59 [debug    ] HAProxy fallback latency       delta_requests=640 interval_avg_ms=64.0 max_rtime_ms=246.0 p99_est=128.0
2026-08-07 08:09:59 [debug    ] GRU prediction received        confidence=0.8 latency_ms=5.62 predicted=66
2026-08-07 08:09:59 [debug    ] Using GRU prediction           confidence=0.8 forecast_capacity_signal=66.0 predicted=66 required_steps=4
2026-08-07 08:09:59 [info     ] algorithm2_scaling_decision    action=MAINTAIN alpha=0.060060060060060066 beta=0.0 buffer=1.0 current_replicas=5 predicted_load=66.0 required_resources=3.964 target_replicas=4
2026-08-07 08:09:59 [info     ] algorithm2_decision            action=MAINTAIN applied_target=4 current_replicas=5 hold_until=1786065089.8 observed_load=42.71 observed_target=3 point_forecasts=[54.91230010986328, 53.606056213378906, 55.00172424316406, 54.17849349975586, 54.20182418823242, 54.83275604248047, 55.00323486328125, 53.70537567138672, 53.435123443603516] prediction_age_sec=0.07 predictive_target=4 proactive=True scenario=s4-hybrid-predictive target_replicas=4 upper_forecasts=[64.55328369140625, 63.89413833618164, 64.74470520019531, 64.75477600097656, 64.49604797363281, 65.42442321777344, 65.96068572998047, 64.3743667602539, 64.55386352539062]
2026-08-07 08:09:59 [debug    ] Decision loop completed        action=MAINTAIN latency_ms=120.48 p99=128.0
2026-08-07 08:10:14 [debug    ] HAProxy fallback latency       delta_requests=840 interval_avg_ms=64.0 max_rtime_ms=246.0 p99_est=128.0
2026-08-07 08:10:14 [debug    ] GRU prediction received        confidence=0.8 latency_ms=6.14 predicted=65
2026-08-07 08:10:14 [debug    ] Using GRU prediction           confidence=0.8 forecast_capacity_signal=65.0 predicted=65 required_steps=4
2026-08-07 08:10:14 [info     ] algorithm2_scaling_decision    action=MAINTAIN alpha=0.060060060060060066 beta=0.0 buffer=1.0 current_replicas=5 predicted_load=65.0 required_resources=3.904 target_replicas=4
2026-08-07 08:10:14 [info     ] algorithm2_decision            action=MAINTAIN applied_target=4 current_replicas=5 hold_until=1786065104.9 observed_load=48.86 observed_target=3 point_forecasts=[54.042274475097656, 52.99697494506836, 54.18178176879883, 53.413536071777344, 53.56095504760742, 54.09218978881836, 54.0233039855957, 53.07906723022461, 52.971553802490234] prediction_age_sec=0.08 predictive_target=4 proactive=True scenario=s4-hybrid-predictive target_replicas=4 upper_forecasts=[63.683258056640625, 63.285057067871094, 63.92476272583008, 63.98981475830078, 63.85517501831055, 64.68385314941406, 64.98075103759766, 63.74806213378906, 64.09029388427734]
2026-08-07 08:10:14 [debug    ] Decision loop completed        action=MAINTAIN latency_ms=122.14 p99=128.0
2026-08-07 08:10:29 [debug    ] HAProxy fallback latency       delta_requests=1063 interval_avg_ms=64.0 max_rtime_ms=246.0 p99_est=128.0
2026-08-07 08:10:29 [debug    ] GRU prediction received        confidence=0.8 latency_ms=5.61 predicted=67
2026-08-07 08:10:29 [debug    ] Using GRU prediction           confidence=0.8 forecast_capacity_signal=67.0 predicted=67 required_steps=4
2026-08-07 08:10:29 [debug    ] Proactive amplification        amplified=125.2 approach_ratio=0.84 load_trend=6.1 raw_pred=67
2026-08-07 08:10:30 [info     ] algorithm2_scaling_decision    action=MAINTAIN alpha=0.060060060060060066 beta=0.0 buffer=1.0 current_replicas=5 predicted_load=67.0 required_resources=4.024 target_replicas=5
2026-08-07 08:10:30 [info     ] algorithm2_decision            action=MAINTAIN applied_target=5 current_replicas=5 hold_until=1786065120.0 observed_load=62.89 observed_target=4 point_forecasts=[56.257164001464844, 55.40229034423828, 56.42377471923828, 55.569156646728516, 56.0047492980957, 56.391727447509766, 56.02313995361328, 55.56365203857422, 55.61959457397461] prediction_age_sec=0.07 predictive_target=5 proactive=True scenario=s4-hybrid-predictive target_replicas=5 upper_forecasts=[65.89814758300781, 65.69037628173828, 66.16675567626953, 66.14543151855469, 66.29896545410156, 66.9833984375, 66.9805908203125, 66.2326431274414, 66.73833465576172]
2026-08-07 08:10:30 [debug    ] Decision loop completed        action=MAINTAIN latency_ms=119.58 p99=128.0
2026-08-07 08:10:45 [debug    ] HAProxy fallback latency       delta_requests=1075 interval_avg_ms=128.69 max_rtime_ms=246.0 p99_est=246.0
2026-08-07 08:10:45 [debug    ] GRU prediction received        confidence=0.8 latency_ms=5.88 predicted=70
2026-08-07 08:10:45 [debug    ] Using GRU prediction           confidence=0.8 forecast_capacity_signal=70.0 predicted=70 required_steps=4
2026-08-07 08:10:45 [debug    ] Proactive amplification        amplified=133.7 approach_ratio=0.85 load_trend=7.0 raw_pred=70
2026-08-07 08:10:45 [info     ] algorithm2_scaling_decision    action=MAINTAIN alpha=0.060060060060060066 beta=0.0 buffer=1.0 current_replicas=5 predicted_load=70.66339605563752 required_resources=4.244 target_replicas=5
2026-08-07 08:10:45 [info     ] algorithm2_decision            action=MAINTAIN applied_target=5 current_replicas=5 hold_until=1786065120.0 observed_load=70.66 observed_target=5 point_forecasts=[59.11067199707031, 58.530033111572266, 59.12653732299805, 58.60590362548828, 58.86142349243164, 59.1298713684082, 58.714393615722656, 58.56354522705078, 58.769676208496094] prediction_age_sec=0.07 predictive_target=5 proactive=False scenario=s4-hybrid-predictive target_replicas=5 upper_forecasts=[68.75165557861328, 68.818115234375, 68.86952209472656, 69.18218231201172, 69.1556396484375, 69.72154235839844, 69.67184448242188, 69.23253631591797, 69.88842010498047]
2026-08-07 08:10:45 [debug    ] Decision loop completed        action=MAINTAIN latency_ms=116.26 p99=246.0
2026-08-07 08:11:00 [debug    ] GRU prediction received        confidence=0.8 latency_ms=6.0 predicted=72
2026-08-07 08:11:00 [debug    ] Using GRU prediction           confidence=0.8 forecast_capacity_signal=72.0 predicted=72 required_steps=4
2026-08-07 08:11:00 [debug    ] Proactive amplification        amplified=131.1 approach_ratio=0.84 load_trend=6.8 raw_pred=72
2026-08-07 08:11:00 [info     ] algorithm2_scaling_decision    action=MAINTAIN alpha=0.060060060060060066 beta=0.0 buffer=1.0 current_replicas=5 predicted_load=70.31264725825838 required_resources=4.223 target_replicas=5
2026-08-07 08:11:00 [info     ] algorithm2_decision            action=MAINTAIN applied_target=5 current_replicas=5 hold_until=1786065120.0 observed_load=70.31 observed_target=5 point_forecasts=[61.54072189331055, 61.07122802734375, 61.426666259765625, 61.128456115722656, 61.20998764038086, 61.42285919189453, 61.055580139160156, 61.03535079956055, 61.320457458496094] prediction_age_sec=0.07 predictive_target=5 proactive=False scenario=s4-hybrid-predictive target_replicas=5 upper_forecasts=[71.18170166015625, 71.35931396484375, 71.16964721679688, 71.7047348022461, 71.50421142578125, 72.0145263671875, 72.01303100585938, 71.704345703125, 72.43920135498047]
2026-08-07 08:11:00 [debug    ] Decision loop completed        action=MAINTAIN latency_ms=117.22 p99=246.0
2026-08-07 08:11:15 [debug    ] HAProxy fallback latency       delta_requests=1073 interval_avg_ms=64.0 max_rtime_ms=246.0 p99_est=128.0
2026-08-07 08:11:15 [debug    ] GRU prediction received        confidence=0.8 latency_ms=6.41 predicted=75
2026-08-07 08:11:15 [debug    ] Using GRU prediction           confidence=0.8 forecast_capacity_signal=75.0 predicted=75 required_steps=4
2026-08-07 08:11:15 [debug    ] Proactive amplification        amplified=105.5 approach_ratio=0.85 load_trend=3.8 raw_pred=75
2026-08-07 08:11:15 [info     ] algorithm2_scaling_decision    action=MAINTAIN alpha=0.060060060060060066 beta=0.0 buffer=1.0 current_replicas=5 predicted_load=70.21920332380122 required_resources=4.217 target_replicas=5
2026-08-07 08:11:15 [info     ] algorithm2_decision            action=MAINTAIN applied_target=5 current_replicas=5 hold_until=1786065120.0 observed_load=70.22 observed_target=5 point_forecasts=[63.916011810302734, 63.502830505371094, 63.700721740722656, 63.53391647338867, 63.5030632019043, 63.68813705444336, 63.35729217529297, 63.42369842529297, 63.75023651123047] prediction_age_sec=0.07 predictive_target=5 proactive=False scenario=s4-hybrid-predictive target_replicas=5 upper_forecasts=[73.55699157714844, 73.7909164428711, 73.4437026977539, 74.11019897460938, 73.79728698730469, 74.27980041503906, 74.31474304199219, 74.09268951416016, 74.86898040771484]
2026-08-07 08:11:15 [debug    ] Decision loop completed        action=MAINTAIN latency_ms=117.6 p99=128.0
2026-08-07 08:11:30 [debug    ] HAProxy fallback latency       delta_requests=1135 interval_avg_ms=128.14 max_rtime_ms=246.0 p99_est=246.0
2026-08-07 08:11:30 [debug    ] GRU prediction received        confidence=0.8 latency_ms=5.61 predicted=78
2026-08-07 08:11:30 [debug    ] Using GRU prediction           confidence=0.8 forecast_capacity_signal=78.0 predicted=78 required_steps=4
2026-08-07 08:11:30 [info     ] algorithm2_scaling_decision    action=MAINTAIN alpha=0.060060060060060066 beta=0.0 buffer=1.0 current_replicas=5 predicted_load=72.99614373750947 required_resources=4.384 target_replicas=5
2026-08-07 08:11:30 [info     ] algorithm2_decision            action=MAINTAIN applied_target=5 current_replicas=5 hold_until=1786065120.0 observed_load=73.0 observed_target=5 point_forecasts=[66.74833679199219, 66.47029876708984, 66.44353485107422, 66.44621276855469, 66.2873764038086, 66.44488525390625, 66.11482238769531, 66.32328033447266, 66.69976806640625] prediction_age_sec=0.07 predictive_target=5 proactive=False scenario=s4-hybrid-predictive target_replicas=5 upper_forecasts=[76.38932037353516, 76.75838470458984, 76.18651580810547, 77.02249145507812, 76.58159637451172, 77.03655242919922, 77.07227325439453, 76.99227142333984, 77.81851196289062]
2026-08-07 08:11:30 [debug    ] Decision loop completed        action=MAINTAIN latency_ms=114.33 p99=246.0
2026-08-07 08:11:45 [debug    ] HAProxy fallback latency       delta_requests=1403 interval_avg_ms=170.77 max_rtime_ms=246.0 p99_est=246.0
2026-08-07 08:11:45 [debug    ] GRU prediction received        confidence=0.8 latency_ms=6.4 predicted=86
2026-08-07 08:11:45 [debug    ] Using GRU prediction           confidence=0.8 forecast_capacity_signal=86.0 predicted=86 required_steps=4
2026-08-07 08:11:45 [debug    ] Proactive amplification        amplified=141.5 approach_ratio=1.11 load_trend=5.4 raw_pred=86
2026-08-07 08:11:45 [info     ] Knative pre-warm OK            cold_start_ms=2.9
2026-08-07 08:11:45 [info     ] controller_decision_v3         action=PREDICTIVE available_replicas=5 budget_remaining=990 burn_adjustment=0 burst_ratio=0.1025 capacity_deficit=False confidence=0.8 current_load=92.75644938432038 decision_id=f8e8994e k8s_capacity=83.2 k8s_weight=89 knative_weight=11 p99=246.0 predicted_load=86 r_effective=16.6 serverless_enabled=True total_load=92.8 weights_after={'k3s': 89, 'knative': 11} weights_before={'k3s': 100, 'knative': 0}
2026-08-07 08:11:45 [info     ] Weights updated                k3s=89 knative=11
2026-08-07 08:11:45 [info     ] Weights updated                action=PREDICTIVE reason='load=93RPS | k8s_cap=83RPS | (prediction-driven)' weights={'k3s': 89, 'knative': 11}
2026-08-07 08:11:45 [info     ] algorithm2_scaling_decision    action=SCALE_UP alpha=0.060060060060060066 beta=0.0 buffer=1.0 current_replicas=5 predicted_load=83.91796554407932 required_resources=5.04 target_replicas=6
2026-08-07 08:11:45 [info     ] algorithm2_decision            action=SCALE_UP applied_target=6 current_replicas=5 hold_until=1786065120.0 observed_load=83.92 observed_target=6 point_forecasts=[73.47398376464844, 74.09960174560547, 73.431396484375, 74.31092834472656, 73.43425750732422, 73.55608367919922, 72.68115234375, 73.66645050048828, 74.5344009399414] prediction_age_sec=0.07 predictive_target=6 proactive=False scenario=s4-hybrid-predictive target_replicas=6 upper_forecasts=[83.1149673461914, 84.38768768310547, 83.17437744140625, 84.88720703125, 83.72847747802734, 84.14775085449219, 83.63860321044922, 84.33544158935547, 85.65314483642578]
2026-08-07 08:11:45 [info     ] k8s_scale_executed             deployment=test-app-warm replicas=6
2026-08-07 08:11:45 [debug    ] Decision loop completed        action=PREDICTIVE latency_ms=154.47 p99=246.0
2026-08-07 08:12:00 [debug    ] HAProxy fallback latency       delta_requests=1640 interval_avg_ms=20.76 max_rtime_ms=246.0 p99_est=41.51
2026-08-07 08:12:00 [debug    ] GRU prediction received        confidence=0.8 latency_ms=5.88 predicted=96
2026-08-07 08:12:00 [debug    ] Using GRU prediction           confidence=0.8 forecast_capacity_signal=96.0 predicted=96 required_steps=4
2026-08-07 08:12:00 [debug    ] Proactive amplification        amplified=195.5 approach_ratio=1.08 load_trend=9.7 raw_pred=96
2026-08-07 08:12:00 [info     ] controller_decision_v3         action=RECOVERY available_replicas=6 budget_remaining=990 burn_adjustment=0 burst_ratio=0.0774 capacity_deficit=False confidence=0.8 current_load=108.2827087711813 decision_id=ebca6ae4 k8s_capacity=99.9 k8s_weight=92 knative_weight=8 p99=41.5 predicted_load=96 r_effective=16.6 serverless_enabled=True total_load=108.3 weights_after={'k3s': 92, 'knative': 8} weights_before={'k3s': 89, 'knative': 11}
2026-08-07 08:12:00 [info     ] Weights updated                k3s=92 knative=8
2026-08-07 08:12:00 [info     ] Weights updated                action=RECOVERY reason='load=108RPS | k8s_cap=100RPS | (reducing-serverless)' weights={'k3s': 92, 'knative': 8}
2026-08-07 08:12:00 [info     ] Scale readiness observed       elapsed_sec=15.2 ewma_delay=28.4 samples=7 target=6
2026-08-07 08:12:00 [info     ] algorithm2_scaling_decision    action=SCALE_UP alpha=0.060060060060060066 beta=0.0 buffer=1.0 current_replicas=6 predicted_load=100.51957907775085 required_resources=6.037 target_replicas=7
2026-08-07 08:12:00 [info     ] algorithm2_decision            action=SCALE_UP applied_target=7 current_replicas=6 hold_until=1786065120.0 observed_load=100.52 observed_target=7 point_forecasts=[82.32537078857422, 83.85137939453125, 82.97383117675781, 84.88121795654297, 83.1528549194336, 83.2363510131836, 81.75031280517578, 83.3673324584961, 84.70436096191406] prediction_age_sec=0.11 predictive_target=6 proactive=False scenario=s4-hybrid-predictive target_replicas=7 upper_forecasts=[91.96635437011719, 94.13946533203125, 92.71681213378906, 95.4574966430664, 93.44707489013672, 93.82801818847656, 92.707763671875, 94.03632354736328, 95.82310485839844]
2026-08-07 08:12:00 [info     ] k8s_scale_executed             deployment=test-app-warm replicas=7
2026-08-07 08:12:00 [debug    ] Decision loop completed        action=RECOVERY latency_ms=194.24 p99=41.51219512195122
2026-08-07 08:12:15 [debug    ] HAProxy fallback latency       delta_requests=1449 interval_avg_ms=12.66 max_rtime_ms=246.0 p99_est=25.32
2026-08-07 08:12:15 [debug    ] GRU prediction received        confidence=0.8 latency_ms=5.75 predicted=100
2026-08-07 08:12:15 [debug    ] Using GRU prediction           confidence=0.8 forecast_capacity_signal=100.0 predicted=100 required_steps=3
2026-08-07 08:12:15 [debug    ] Proactive amplification        amplified=150.2 approach_ratio=0.82 load_trend=6.1 raw_pred=100
2026-08-07 08:12:15 [info     ] controller_decision_v3         action=RECOVERY available_replicas=7 budget_remaining=990 burn_adjustment=0 burst_ratio=0 capacity_deficit=False confidence=0.8 current_load=95.29867855245669 decision_id=3afb8f07 k8s_capacity=116.5 k8s_weight=100 knative_weight=0 p99=25.3 predicted_load=100 r_effective=16.6 serverless_enabled=False total_load=95.3 weights_after={'k3s': 100, 'knative': 0} weights_before={'k3s': 92, 'knative': 8}
2026-08-07 08:12:15 [info     ] Weights updated                k3s=100 knative=0
2026-08-07 08:12:15 [info     ] Weights updated                action=RECOVERY reason='load=95RPS | k8s_cap=117RPS | (reducing-serverless)' weights={'k3s': 100, 'knative': 0}
2026-08-07 08:12:15 [info     ] Scale readiness observed       elapsed_sec=15.2 ewma_delay=24.4 samples=8 target=7
2026-08-07 08:12:15 [info     ] algorithm2_scaling_decision    action=MAINTAIN alpha=0.060060060060060066 beta=0.0 buffer=1.0 current_replicas=7 predicted_load=101.790693661819 required_resources=6.114 target_replicas=7
2026-08-07 08:12:15 [info     ] algorithm2_decision            action=MAINTAIN applied_target=7 current_replicas=7 hold_until=1786065120.0 observed_load=101.79 observed_target=7 point_forecasts=[86.90266418457031, 88.34587097167969, 87.82704162597656, 89.43431091308594, 87.75260925292969, 87.9048843383789, 86.58615112304688, 87.94499206542969, 88.9832534790039] prediction_age_sec=0.11 predictive_target=7 proactive=False scenario=s4-hybrid-predictive target_replicas=7 upper_forecasts=[96.54364776611328, 98.63395690917969, 97.57002258300781, 100.01058959960938, 98.04682922363281, 98.49655151367188, 97.5436019897461, 98.61398315429688, 100.10199737548828]
2026-08-07 08:12:15 [debug    ] Decision loop completed        action=RECOVERY latency_ms=153.37 p99=25.320910973084885
2026-08-07 08:12:31 [debug    ] HAProxy fallback latency       delta_requests=1177 interval_avg_ms=65.0 max_rtime_ms=246.0 p99_est=130.0
2026-08-07 08:12:31 [debug    ] GRU prediction received        confidence=0.8 latency_ms=5.68 predicted=99
2026-08-07 08:12:31 [debug    ] Using GRU prediction           confidence=0.8 forecast_capacity_signal=99.0 predicted=99 required_steps=3
2026-08-07 08:12:31 [info     ] algorithm2_scaling_decision    action=MAINTAIN alpha=0.060060060060060066 beta=0.0 buffer=1.0 current_replicas=7 predicted_load=86.51750728661028 required_resources=5.196 target_replicas=6
2026-08-07 08:12:31 [info     ] algorithm2_decision            action=MAINTAIN applied_target=6 current_replicas=7 hold_until=1786065120.0 observed_load=86.52 observed_target=6 point_forecasts=[86.3307876586914, 87.28469848632812, 87.20167541503906, 88.17613983154297, 86.96446228027344, 87.1482162475586, 86.1557388305664, 87.12425994873047, 87.57720947265625] prediction_age_sec=0.07 predictive_target=6 proactive=False scenario=s4-hybrid-predictive target_replicas=6 upper_forecasts=[95.97177124023438, 97.57278442382812, 96.94465637207031, 98.7524185180664, 97.25868225097656, 97.73988342285156, 97.11318969726562, 97.79325103759766, 98.69595336914062]
2026-08-07 08:12:31 [debug    ] Decision loop completed        action=MAINTAIN latency_ms=121.11 p99=130.0
2026-08-07 08:12:46 [debug    ] HAProxy fallback latency       delta_requests=914 interval_avg_ms=65.0 max_rtime_ms=246.0 p99_est=130.0
2026-08-07 08:12:46 [debug    ] GRU prediction received        confidence=0.8 latency_ms=6.32 predicted=93
2026-08-07 08:12:46 [debug    ] Using GRU prediction           confidence=0.8 forecast_capacity_signal=93.0 predicted=93 required_steps=3
2026-08-07 08:12:46 [info     ] algorithm2_scaling_decision    action=MAINTAIN alpha=0.060060060060060066 beta=0.0 buffer=1.0 current_replicas=7 predicted_load=93.0 required_resources=5.586 target_replicas=6
2026-08-07 08:12:46 [info     ] algorithm2_decision            action=MAINTAIN applied_target=6 current_replicas=7 hold_until=1786065256.2 observed_load=69.12 observed_target=5 point_forecasts=[81.69914245605469, 81.46481323242188, 81.91281127929688, 82.15023040771484, 81.44895935058594, 81.69808959960938, 81.21894836425781, 81.50807189941406, 81.5179672241211] prediction_age_sec=0.07 predictive_target=6 proactive=True scenario=s4-hybrid-predictive target_replicas=6 upper_forecasts=[91.34012603759766, 91.75289916992188, 91.65579223632812, 92.72650909423828, 91.74317932128906, 92.28975677490234, 92.17639923095703, 92.17706298828125, 92.63671112060547]
2026-08-07 08:12:46 [debug    ] Decision loop completed        action=MAINTAIN latency_ms=117.45 p99=130.0
2026-08-07 08:13:01 [debug    ] GRU prediction received        confidence=0.8 latency_ms=5.61 predicted=84
2026-08-07 08:13:01 [debug    ] Using GRU prediction           confidence=0.8 forecast_capacity_signal=84.0 predicted=84 required_steps=3
2026-08-07 08:13:01 [info     ] algorithm2_scaling_decision    action=MAINTAIN alpha=0.060060060060060066 beta=0.0 buffer=1.0 current_replicas=7 predicted_load=84.0 required_resources=5.045 target_replicas=6
2026-08-07 08:13:01 [info     ] algorithm2_decision            action=MAINTAIN applied_target=6 current_replicas=7 hold_until=1786065271.3 observed_load=53.14 observed_target=4 point_forecasts=[73.93718719482422, 72.27997589111328, 73.68354034423828, 72.44268798828125, 72.81782531738281, 73.16683959960938, 73.37098693847656, 72.64331817626953, 72.04098510742188] prediction_age_sec=0.07 predictive_target=6 proactive=True scenario=s4-hybrid-predictive target_replicas=6 upper_forecasts=[83.57817077636719, 82.56806182861328, 83.42652130126953, 83.01896667480469, 83.11204528808594, 83.75850677490234, 84.32843780517578, 83.31230926513672, 83.15972900390625]
2026-08-07 08:13:01 [debug    ] Decision loop completed        action=MAINTAIN latency_ms=118.43 p99=130.0
2026-08-07 08:13:16 [debug    ] HAProxy fallback latency       delta_requests=658 interval_avg_ms=64.0 max_rtime_ms=246.0 p99_est=128.0
2026-08-07 08:13:16 [debug    ] GRU prediction received        confidence=0.8 latency_ms=5.84 predicted=78
2026-08-07 08:13:16 [debug    ] Using GRU prediction           confidence=0.8 forecast_capacity_signal=78.0 predicted=78 required_steps=3
2026-08-07 08:13:16 [info     ] algorithm2_scaling_decision    action=SCALE_DOWN alpha=0.060060060060060066 beta=0.0 buffer=1.0 current_replicas=7 predicted_load=78.0 required_resources=4.685 target_replicas=5
2026-08-07 08:13:16 [info     ] algorithm2_decision            action=SCALE_DOWN applied_target=5 current_replicas=7 hold_until=1786065286.5 observed_load=44.61 observed_target=3 point_forecasts=[67.37556457519531, 65.39608764648438, 67.32115173339844, 65.78841400146484, 66.32347869873047, 66.85786437988281, 67.12328338623047, 65.97099304199219, 65.34123229980469] prediction_age_sec=0.07 predictive_target=5 proactive=True scenario=s4-hybrid-predictive target_replicas=5 upper_forecasts=[77.01654815673828, 75.68417358398438, 77.06413269042969, 76.36469268798828, 76.6176986694336, 77.44953155517578, 78.08073425292969, 76.63998413085938, 76.45997619628906]
2026-08-07 08:13:16 [info     ] k8s_scale_executed             deployment=test-app-warm replicas=5
2026-08-07 08:13:16 [debug    ] Decision loop completed        action=MAINTAIN latency_ms=151.56 p99=128.0
2026-08-07 08:13:31 [debug    ] HAProxy fallback latency       delta_requests=671 interval_avg_ms=64.0 max_rtime_ms=246.0 p99_est=128.0
2026-08-07 08:13:31 [debug    ] GRU prediction received        confidence=0.8 latency_ms=5.57 predicted=73
2026-08-07 08:13:31 [debug    ] Using GRU prediction           confidence=0.8 forecast_capacity_signal=73.0 predicted=73 required_steps=3
2026-08-07 08:13:31 [info     ] algorithm2_scaling_decision    action=MAINTAIN alpha=0.060060060060060066 beta=0.0 buffer=1.0 current_replicas=5 predicted_load=73.0 required_resources=4.384 target_replicas=5
2026-08-07 08:13:31 [info     ] algorithm2_decision            action=MAINTAIN applied_target=5 current_replicas=5 hold_until=1786065301.6 observed_load=43.87 observed_target=3 point_forecasts=[62.154335021972656, 60.429405212402344, 62.15959930419922, 60.90870666503906, 61.2186393737793, 61.83047103881836, 62.0682487487793, 60.79370880126953, 60.32097625732422] prediction_age_sec=0.07 predictive_target=5 proactive=True scenario=s4-hybrid-predictive target_replicas=5 upper_forecasts=[71.79531860351562, 70.71749114990234, 71.90258026123047, 71.4849853515625, 71.51286315917969, 72.42213439941406, 73.02569580078125, 71.46269989013672, 71.4397201538086]
2026-08-07 08:13:31 [debug    ] Decision loop completed        action=MAINTAIN latency_ms=116.53 p99=128.0
2026-08-07 08:13:46 [debug    ] HAProxy fallback latency       delta_requests=779 interval_avg_ms=169.49 max_rtime_ms=246.0 p99_est=246.0
2026-08-07 08:13:46 [debug    ] GRU prediction received        confidence=0.8 latency_ms=5.99 predicted=70
2026-08-07 08:13:46 [debug    ] Using GRU prediction           confidence=0.8 forecast_capacity_signal=70.0 predicted=70 required_steps=3
2026-08-07 08:13:46 [info     ] algorithm2_scaling_decision    action=MAINTAIN alpha=0.060060060060060066 beta=0.0 buffer=1.0 current_replicas=5 predicted_load=70.0 required_resources=4.204 target_replicas=5
2026-08-07 08:13:46 [info     ] algorithm2_decision            action=MAINTAIN applied_target=5 current_replicas=5 hold_until=1786065316.7 observed_load=47.91 observed_target=3 point_forecasts=[59.09772491455078, 57.67950439453125, 59.180667877197266, 58.10682678222656, 58.380897521972656, 58.96622848510742, 59.04882049560547, 57.925559997558594, 57.622222900390625] prediction_age_sec=0.07 predictive_target=5 proactive=True scenario=s4-hybrid-predictive target_replicas=5 upper_forecasts=[68.73870849609375, 67.96759033203125, 68.92364501953125, 68.68310546875, 68.67511749267578, 69.55789184570312, 70.00627136230469, 68.59455108642578, 68.740966796875]
2026-08-07 08:13:46 [debug    ] Decision loop completed        action=MAINTAIN latency_ms=118.48 p99=246.0
2026-08-07 08:14:01 [debug    ] GRU prediction received        confidence=0.8 latency_ms=5.77 predicted=69
2026-08-07 08:14:01 [debug    ] Using GRU prediction           confidence=0.8 forecast_capacity_signal=69.0 predicted=69 required_steps=3
2026-08-07 08:14:01 [info     ] algorithm2_scaling_decision    action=MAINTAIN alpha=0.060060060060060066 beta=0.0 buffer=1.0 current_replicas=5 predicted_load=69.0 required_resources=4.144 target_replicas=5
2026-08-07 08:14:01 [info     ] algorithm2_decision            action=MAINTAIN applied_target=5 current_replicas=5 hold_until=1786065331.8 observed_load=53.98 observed_target=4 point_forecasts=[57.72330856323242, 56.53614044189453, 57.84992218017578, 56.8753547668457, 57.18637466430664, 57.714786529541016, 57.63336944580078, 56.72992706298828, 56.5765380859375] prediction_age_sec=0.07 predictive_target=5 proactive=True scenario=s4-hybrid-predictive target_replicas=5 upper_forecasts=[67.36428833007812, 66.82422637939453, 67.59290313720703, 67.45162963867188, 67.4805908203125, 68.30645751953125, 68.5908203125, 67.39891815185547, 67.69528198242188]
2026-08-07 08:14:01 [debug    ] Decision loop completed        action=MAINTAIN latency_ms=118.34 p99=246.0
2026-08-07 08:14:16 [debug    ] HAProxy fallback latency       delta_requests=712 interval_avg_ms=64.0 max_rtime_ms=246.0 p99_est=128.0
2026-08-07 08:14:16 [debug    ] GRU prediction received        confidence=0.8 latency_ms=6.11 predicted=66
2026-08-07 08:14:16 [debug    ] Using GRU prediction           confidence=0.8 forecast_capacity_signal=66.0 predicted=66 required_steps=3
2026-08-07 08:14:16 [info     ] algorithm2_scaling_decision    action=MAINTAIN alpha=0.060060060060060066 beta=0.0 buffer=1.0 current_replicas=5 predicted_load=69.0 required_resources=4.144 target_replicas=5
2026-08-07 08:14:16 [info     ] algorithm2_decision            action=MAINTAIN applied_target=5 current_replicas=5 hold_until=1786065331.8 observed_load=51.79 observed_target=4 point_forecasts=[55.41172409057617, 54.32020950317383, 55.5414924621582, 54.71940231323242, 54.9096565246582, 55.42609405517578, 55.355674743652344, 54.455902099609375, 54.3569221496582] prediction_age_sec=0.07 predictive_target=4 proactive=True scenario=s4-hybrid-predictive target_replicas=5 upper_forecasts=[65.05270385742188, 64.60829162597656, 65.28446960449219, 65.29568481445312, 65.20387268066406, 66.01776123046875, 66.31312561035156, 65.12489318847656, 65.47566223144531]
2026-08-07 08:14:16 [debug    ] Decision loop completed        action=MAINTAIN latency_ms=116.72 p99=128.0
2026-08-07 08:14:32 [debug    ] HAProxy fallback latency       delta_requests=578 interval_avg_ms=209.89 max_rtime_ms=246.0 p99_est=246.0
2026-08-07 08:14:32 [debug    ] GRU prediction received        confidence=0.8 latency_ms=5.61 predicted=63
2026-08-07 08:14:32 [debug    ] Using GRU prediction           confidence=0.8 forecast_capacity_signal=63.0 predicted=63 required_steps=3
2026-08-07 08:14:32 [info     ] algorithm2_scaling_decision    action=MAINTAIN alpha=0.060060060060060066 beta=0.0 buffer=1.0 current_replicas=5 predicted_load=63.0 required_resources=3.784 target_replicas=4
2026-08-07 08:14:32 [info     ] algorithm2_decision            action=MAINTAIN applied_target=4 current_replicas=5 hold_until=1786065362.1 observed_load=42.67 observed_target=3 point_forecasts=[52.090171813964844, 51.0527458190918, 52.2083625793457, 51.577030181884766, 51.5684814453125, 52.10517501831055, 52.11381912231445, 51.10309600830078, 51.03791427612305] prediction_age_sec=0.07 predictive_target=4 proactive=True scenario=s4-hybrid-predictive target_replicas=4 upper_forecasts=[61.73115539550781, 61.34082794189453, 61.95134353637695, 62.1533088684082, 61.862701416015625, 62.696842193603516, 63.071266174316406, 61.77208709716797, 62.156654357910156]
2026-08-07 08:14:32 [debug    ] Decision loop completed        action=MAINTAIN latency_ms=111.17 p99=246.0
2026-08-07 08:14:47 [debug    ] GRU prediction received        confidence=0.8 latency_ms=5.94 predicted=60
2026-08-07 08:14:47 [debug    ] Using GRU prediction           confidence=0.8 forecast_capacity_signal=60.0 predicted=60 required_steps=3
2026-08-07 08:14:47 [info     ] algorithm2_scaling_decision    action=MAINTAIN alpha=0.060060060060060066 beta=0.0 buffer=1.0 current_replicas=5 predicted_load=60.0 required_resources=3.604 target_replicas=4
2026-08-07 08:14:47 [info     ] algorithm2_decision            action=MAINTAIN applied_target=4 current_replicas=5 hold_until=1786065377.2 observed_load=38.41 observed_target=3 point_forecasts=[49.361358642578125, 48.42256546020508, 49.48228073120117, 48.9937858581543, 48.885101318359375, 49.40262985229492, 49.4109001159668, 48.40940856933594, 48.391788482666016] prediction_age_sec=0.07 predictive_target=4 proactive=True scenario=s4-hybrid-predictive target_replicas=4 upper_forecasts=[59.002342224121094, 58.71064758300781, 59.22526168823242, 59.570064544677734, 59.1793212890625, 59.99429702758789, 60.36834716796875, 59.078399658203125, 59.510528564453125]
2026-08-07 08:14:47 [debug    ] Decision loop completed        action=MAINTAIN latency_ms=114.77 p99=246.0
2026-08-07 08:15:02 [debug    ] HAProxy fallback latency       delta_requests=608 interval_avg_ms=64.0 max_rtime_ms=246.0 p99_est=128.0
2026-08-07 08:15:02 [debug    ] GRU prediction received        confidence=0.8 latency_ms=5.95 predicted=58
2026-08-07 08:15:02 [debug    ] Using GRU prediction           confidence=0.8 forecast_capacity_signal=58.0 predicted=58 required_steps=3
2026-08-07 08:15:02 [info     ] algorithm2_scaling_decision    action=MAINTAIN alpha=0.060060060060060066 beta=0.0 buffer=1.0 current_replicas=5 predicted_load=58.0 required_resources=3.483 target_replicas=4
2026-08-07 08:15:02 [info     ] algorithm2_decision            action=MAINTAIN applied_target=4 current_replicas=5 hold_until=1786065392.3 observed_load=39.43 observed_target=3 point_forecasts=[47.400909423828125, 46.569175720214844, 47.52684783935547, 47.146114349365234, 47.00103759765625, 47.465057373046875, 47.437007904052734, 46.5224609375, 46.54617691040039] prediction_age_sec=0.07 predictive_target=4 proactive=True scenario=s4-hybrid-predictive target_replicas=4 upper_forecasts=[57.041893005371094, 56.85725784301758, 57.26982879638672, 57.72239303588867, 57.295257568359375, 58.056724548339844, 58.39445495605469, 57.19145202636719, 57.6649169921875]
2026-08-07 08:15:02 [debug    ] Decision loop completed        action=MAINTAIN latency_ms=112.34 p99=128.0
2026-08-07 08:15:17 [debug    ] HAProxy fallback latency       delta_requests=629 interval_avg_ms=64.0 max_rtime_ms=246.0 p99_est=128.0
2026-08-07 08:15:17 [debug    ] GRU prediction received        confidence=0.8 latency_ms=5.96 predicted=57
2026-08-07 08:15:17 [debug    ] Using GRU prediction           confidence=0.8 forecast_capacity_signal=57.0 predicted=57 required_steps=3
2026-08-07 08:15:17 [info     ] algorithm2_scaling_decision    action=MAINTAIN alpha=0.060060060060060066 beta=0.0 buffer=1.0 current_replicas=5 predicted_load=57.0 required_resources=3.423 target_replicas=4
2026-08-07 08:15:17 [info     ] algorithm2_decision            action=MAINTAIN applied_target=4 current_replicas=5 hold_until=1786065407.4 observed_load=40.96 observed_target=3 point_forecasts=[46.11381912231445, 45.3675422668457, 46.23345184326172, 45.935115814208984, 45.78166198730469, 46.18622589111328, 46.11469650268555, 45.30449676513672, 45.376399993896484] prediction_age_sec=0.07 predictive_target=4 proactive=True scenario=s4-hybrid-predictive target_replicas=4 upper_forecasts=[55.754798889160156, 55.65562438964844, 55.97643280029297, 56.51139450073242, 56.07588195800781, 56.77789306640625, 57.0721435546875, 55.973487854003906, 56.495140075683594]
2026-08-07 08:15:17 [debug    ] Decision loop completed        action=MAINTAIN latency_ms=116.06 p99=128.0
2026-08-07 08:15:32 [debug    ] HAProxy fallback latency       delta_requests=665 interval_avg_ms=64.0 max_rtime_ms=246.0 p99_est=128.0
2026-08-07 08:15:32 [debug    ] GRU prediction received        confidence=0.8 latency_ms=5.84 predicted=56
2026-08-07 08:15:32 [debug    ] Using GRU prediction           confidence=0.8 forecast_capacity_signal=56.0 predicted=56 required_steps=3
2026-08-07 08:15:32 [info     ] algorithm2_scaling_decision    action=MAINTAIN alpha=0.060060060060060066 beta=0.0 buffer=1.0 current_replicas=5 predicted_load=56.0 required_resources=3.363 target_replicas=4
2026-08-07 08:15:32 [info     ] algorithm2_decision            action=MAINTAIN applied_target=4 current_replicas=5 hold_until=1786065422.5 observed_load=42.81 observed_target=3 point_forecasts=[45.518165588378906, 44.84013366699219, 45.629337310791016, 45.38080596923828, 45.251312255859375, 45.59093475341797, 45.46648406982422, 44.78134536743164, 44.8983154296875] prediction_age_sec=0.07 predictive_target=4 proactive=True scenario=s4-hybrid-predictive target_replicas=4 upper_forecasts=[55.159149169921875, 55.12821578979492, 55.372318267822266, 55.95708465576172, 55.5455322265625, 56.18260192871094, 56.42393493652344, 55.450340270996094, 56.01705551147461]
2026-08-07 08:15:32 [debug    ] Decision loop completed        action=MAINTAIN latency_ms=113.28 p99=128.0
2026-08-07 08:15:47 [debug    ] HAProxy fallback latency       delta_requests=743 interval_avg_ms=299.67 max_rtime_ms=246.0 p99_est=246.0
2026-08-07 08:15:47 [debug    ] GRU prediction received        confidence=0.8 latency_ms=6.69 predicted=57
2026-08-07 08:15:47 [debug    ] Using GRU prediction           confidence=0.8 forecast_capacity_signal=57.0 predicted=57 required_steps=3
2026-08-07 08:15:47 [info     ] algorithm2_scaling_decision    action=MAINTAIN alpha=0.060060060060060066 beta=0.0 buffer=1.0 current_replicas=5 predicted_load=57.0 required_resources=3.423 target_replicas=4
2026-08-07 08:15:47 [info     ] algorithm2_decision            action=MAINTAIN applied_target=4 current_replicas=5 hold_until=1786065437.7 observed_load=46.54 observed_target=3 point_forecasts=[46.00616455078125, 45.387691497802734, 46.111083984375, 45.85547637939453, 45.814754486083984, 46.081886291503906, 45.86662292480469, 45.36046600341797, 45.530208587646484] prediction_age_sec=0.07 predictive_target=4 proactive=True scenario=s4-hybrid-predictive target_replicas=4 upper_forecasts=[55.64714813232422, 55.67577362060547, 55.85406494140625, 56.43175506591797, 56.10897445678711, 56.673553466796875, 56.824073791503906, 56.029457092285156, 56.648948669433594]
2026-08-07 08:15:47 [debug    ] Decision loop completed        action=MAINTAIN latency_ms=120.72 p99=246.0
2026-08-07 08:16:02 [debug    ] HAProxy fallback latency       delta_requests=293 interval_avg_ms=66.0 max_rtime_ms=246.0 p99_est=132.0
2026-08-07 08:16:02 [debug    ] GRU prediction received        confidence=0.8 latency_ms=5.97 predicted=53
2026-08-07 08:16:02 [debug    ] Using GRU prediction           confidence=0.8 forecast_capacity_signal=53.0 predicted=53 required_steps=3
2026-08-07 08:16:02 [info     ] algorithm2_scaling_decision    action=MAINTAIN alpha=0.060060060060060066 beta=0.0 buffer=1.0 current_replicas=5 predicted_load=53.0 required_resources=3.183 target_replicas=4
2026-08-07 08:16:02 [info     ] algorithm2_decision            action=MAINTAIN applied_target=4 current_replicas=5 hold_until=1786065452.8 observed_load=34.34 observed_target=3 point_forecasts=[41.7219352722168, 41.01205062866211, 41.7828483581543, 41.799156188964844, 41.37563705444336, 41.71849060058594, 41.813690185546875, 40.88106155395508, 41.00270462036133] prediction_age_sec=0.07 predictive_target=4 proactive=True scenario=s4-hybrid-predictive target_replicas=4 upper_forecasts=[51.3629150390625, 51.300132751464844, 51.52582931518555, 52.37543487548828, 51.669857025146484, 52.310157775878906, 52.771141052246094, 51.55005645751953, 52.12144470214844]
2026-08-07 08:16:02 [debug    ] Decision loop completed        action=MAINTAIN latency_ms=113.36 p99=132.0
2026-08-07 08:16:17 [debug    ] GRU prediction received        confidence=0.8 latency_ms=6.53 predicted=46
2026-08-07 08:16:17 [debug    ] Using GRU prediction           confidence=0.8 forecast_capacity_signal=46.0 predicted=46 required_steps=3
2026-08-07 08:16:17 [info     ] algorithm2_scaling_decision    action=MAINTAIN alpha=0.060060060060060066 beta=0.0 buffer=1.0 current_replicas=5 predicted_load=53.0 required_resources=3.183 target_replicas=4
2026-08-07 08:16:17 [info     ] algorithm2_decision            action=MAINTAIN applied_target=4 current_replicas=5 hold_until=1786065452.8 observed_load=9.75 observed_target=3 point_forecasts=[34.94596862792969, 34.1779670715332, 34.94908905029297, 35.32293701171875, 34.41626739501953, 34.90203094482422, 35.33547592163086, 33.85947799682617, 33.98102569580078] prediction_age_sec=0.06 predictive_target=3 proactive=True scenario=s4-hybrid-predictive target_replicas=4 upper_forecasts=[44.586952209472656, 44.46604919433594, 44.69207000732422, 45.89921569824219, 44.710487365722656, 45.49369812011719, 46.29292297363281, 44.528472900390625, 45.09976577758789]
2026-08-07 08:16:17 [debug    ] Decision loop completed        action=MAINTAIN latency_ms=114.84 p99=132.0
2026-08-07 08:16:32 [debug    ] GRU prediction received        confidence=0.8 latency_ms=5.98 predicted=41
2026-08-07 08:16:32 [debug    ] Using GRU prediction           confidence=0.8 forecast_capacity_signal=41.0 predicted=41 required_steps=3
2026-08-07 08:16:33 [info     ] algorithm2_scaling_decision    action=MAINTAIN alpha=0.060060060060060066 beta=0.0 buffer=1.0 current_replicas=5 predicted_load=53.0 required_resources=3.183 target_replicas=4
2026-08-07 08:16:33 [info     ] algorithm2_decision            action=MAINTAIN applied_target=4 current_replicas=5 hold_until=1786065452.8 observed_load=0.0 observed_target=3 point_forecasts=[29.166484832763672, 28.493000030517578, 29.163314819335938, 29.800548553466797, 28.645179748535156, 29.123855590820312, 29.691505432128906, 28.069576263427734, 28.139400482177734] prediction_age_sec=0.07 predictive_target=3 proactive=True scenario=s4-hybrid-predictive target_replicas=4 upper_forecasts=[38.807464599609375, 38.78108215332031, 38.90629577636719, 40.376827239990234, 38.93939971923828, 39.71552276611328, 40.648956298828125, 38.73857116699219, 39.258140563964844]
2026-08-07 08:16:33 [debug    ] Decision loop completed        action=MAINTAIN latency_ms=118.32 p99=132.0
2026-08-07 08:16:48 [debug    ] GRU prediction received        confidence=0.8 latency_ms=6.84 predicted=36
2026-08-07 08:16:48 [debug    ] Using GRU prediction           confidence=0.8 forecast_capacity_signal=36.0 predicted=36 required_steps=3
2026-08-07 08:16:48 [info     ] algorithm2_scaling_decision    action=MAINTAIN alpha=0.060060060060060066 beta=0.0 buffer=1.0 current_replicas=5 predicted_load=53.0 required_resources=3.183 target_replicas=4
2026-08-07 08:16:48 [info     ] algorithm2_decision            action=MAINTAIN applied_target=4 current_replicas=5 hold_until=1786065452.8 observed_load=0.0 observed_target=3 point_forecasts=[24.381420135498047, 23.828598022460938, 24.362136840820312, 25.243457794189453, 23.932849884033203, 24.31090545654297, 24.94109344482422, 23.34601593017578, 23.36233901977539] prediction_age_sec=0.07 predictive_target=3 proactive=True scenario=s4-hybrid-predictive target_replicas=4 upper_forecasts=[34.02239990234375, 34.11668014526367, 34.10511779785156, 35.81973648071289, 34.22706985473633, 34.90257263183594, 35.89854431152344, 34.01500701904297, 34.4810791015625]
2026-08-07 08:16:48 [debug    ] Decision loop completed        action=MAINTAIN latency_ms=112.64 p99=132.0
2026-08-07 08:16:56 [info     ] Received shutdown signal
2026-08-07 08:16:56 [info     ] Stopping routing daemon...
2026-08-07 08:16:56 [info     ] Routing daemon stopped
