2026-07-13 21:41:33 [info     ] SLOMonitor initialized         threshold_ms=200.0 violation_window=30
2026-07-13 21:41:33 [info     ] Algorithm1ControllerV3 initialized max_knative=50 r_saturation=33.3 target_cpu_util=0.5 total_budget=1000
2026-07-13 21:41:33 [info     ] Using V3 controller (Capacity-Driven) scenario=s4-hybrid-predictive version=v3
2026-07-13 21:41:33 [info     ] HAProxyWeightAdjuster initialized backend=servers host=localhost port=19999
2026-07-13 21:41:33 [info     ] GRUClient initialized          base_url=http://localhost:8090
2026-07-13 21:41:33 [info     ] K8sScaler initialized          deployment=test-app-warm namespace=default
2026-07-13 21:41:33 [info     ] RoutingDaemon initialized      decision_interval=15 description='Algorithm 1 with GRU predictions (Algorithm 2)' scenario=s4-hybrid-predictive use_algorithm=True use_predictions=True
2026-07-13 21:41:33 [info     ] Starting routing daemon        interval=15 scenario=s4-hybrid-predictive
2026-07-13 21:41:33 [info     ] Weights updated                k3s=80 knative=20
2026-07-13 21:41:33 [info     ] Initial weights applied        k3s=80 knative=20
2026-07-13 21:41:33 [debug    ] HAProxy fallback primed        total_requests=0
2026-07-13 21:41:33 [info     ] Model status validated         prediction_horizon=9 sample_interval_sec=15 sequence_length=30
2026-07-13 21:41:33 [info     ] Model status validated on first eligible cycle prediction_horizon=9 sequence_length=30
2026-07-13 21:41:33 [info     ] algorithm2_scaling_decision    action=MAINTAIN alpha=0.060060060060060066 beta=0.0 buffer=1.0 current_replicas=3 predicted_load=0.0 required_resources=0.0 target_replicas=3
2026-07-13 21:41:33 [info     ] algorithm2_decision            action=MAINTAIN applied_target=3 current_replicas=3 hold_until=0.0 observed_load=0.0 observed_target=3 point_forecasts=None prediction_age_sec=None predictive_target=3 proactive=False scenario=s4-hybrid-predictive target_replicas=3 upper_forecasts=None
2026-07-13 21:41:33 [debug    ] Decision loop completed        action=MAINTAIN latency_ms=119.8 p99=0.0
2026-07-13 21:41:48 [info     ] algorithm2_scaling_decision    action=MAINTAIN alpha=0.060060060060060066 beta=0.0 buffer=1.0 current_replicas=3 predicted_load=0.0 required_resources=0.0 target_replicas=3
2026-07-13 21:41:48 [info     ] algorithm2_decision            action=MAINTAIN applied_target=3 current_replicas=3 hold_until=0.0 observed_load=0.0 observed_target=3 point_forecasts=None prediction_age_sec=None predictive_target=3 proactive=False scenario=s4-hybrid-predictive target_replicas=3 upper_forecasts=None
2026-07-13 21:41:48 [debug    ] Decision loop completed        action=MAINTAIN latency_ms=124.36 p99=0.0
2026-07-13 21:42:03 [info     ] algorithm2_scaling_decision    action=MAINTAIN alpha=0.060060060060060066 beta=0.0 buffer=1.0 current_replicas=3 predicted_load=0.0 required_resources=0.0 target_replicas=3
2026-07-13 21:42:03 [info     ] algorithm2_decision            action=MAINTAIN applied_target=3 current_replicas=3 hold_until=0.0 observed_load=0.0 observed_target=3 point_forecasts=None prediction_age_sec=None predictive_target=3 proactive=False scenario=s4-hybrid-predictive target_replicas=3 upper_forecasts=None
2026-07-13 21:42:03 [debug    ] Decision loop completed        action=MAINTAIN latency_ms=119.77 p99=0.0
2026-07-13 21:42:18 [debug    ] HAProxy fallback latency       delta_requests=644 interval_avg_ms=65.0 max_rtime_ms=128.0 p99_est=128.0
2026-07-13 21:42:18 [info     ] controller_decision_v3         action=RECOVERY available_replicas=3 budget_remaining=1000 burn_adjustment=0 burst_ratio=0 capacity_deficit=False confidence=0 current_load=42.46293246641186 decision_id=c918196e k8s_capacity=49.9 k8s_weight=100 knative_weight=0 p99=128.0 predicted_load=0 r_effective=16.6 serverless_enabled=False total_load=42.5 weights_after={'k3s': 100, 'knative': 0} weights_before={'k3s': 80, 'knative': 20}
2026-07-13 21:42:18 [info     ] Weights updated                k3s=100 knative=0
2026-07-13 21:42:18 [info     ] Weights updated                action=RECOVERY reason='load=42RPS | k8s_cap=50RPS | (reducing-serverless)' weights={'k3s': 100, 'knative': 0}
2026-07-13 21:42:18 [info     ] algorithm2_scaling_decision    action=MAINTAIN alpha=0.060060060060060066 beta=0.0 buffer=1.0 current_replicas=3 predicted_load=21.23146623320593 required_resources=1.275 target_replicas=3
2026-07-13 21:42:18 [info     ] algorithm2_decision            action=MAINTAIN applied_target=3 current_replicas=3 hold_until=0.0 observed_load=21.23 observed_target=3 point_forecasts=None prediction_age_sec=None predictive_target=3 proactive=False scenario=s4-hybrid-predictive target_replicas=3 upper_forecasts=None
2026-07-13 21:42:18 [debug    ] Decision loop completed        action=RECOVERY latency_ms=162.12 p99=128.0
2026-07-13 21:42:33 [debug    ] HAProxy fallback latency       delta_requests=667 interval_avg_ms=65.0 max_rtime_ms=134.0 p99_est=130.0
2026-07-13 21:42:33 [info     ] algorithm2_scaling_decision    action=MAINTAIN alpha=0.060060060060060066 beta=0.0 buffer=1.0 current_replicas=3 predicted_load=43.227583167978366 required_resources=2.596 target_replicas=3
2026-07-13 21:42:33 [info     ] algorithm2_decision            action=MAINTAIN applied_target=3 current_replicas=3 hold_until=0.0 observed_load=43.23 observed_target=3 point_forecasts=None prediction_age_sec=None predictive_target=3 proactive=False scenario=s4-hybrid-predictive target_replicas=3 upper_forecasts=None
2026-07-13 21:42:33 [debug    ] Decision loop completed        action=MAINTAIN latency_ms=120.85 p99=130.0
2026-07-13 21:42:48 [debug    ] HAProxy fallback latency       delta_requests=717 interval_avg_ms=70.66 max_rtime_ms=134.0 p99_est=134.0
2026-07-13 21:42:48 [info     ] algorithm2_scaling_decision    action=MAINTAIN alpha=0.060060060060060066 beta=0.0 buffer=1.0 current_replicas=3 predicted_load=45.703800922270034 required_resources=2.745 target_replicas=3
2026-07-13 21:42:48 [info     ] algorithm2_decision            action=MAINTAIN applied_target=3 current_replicas=3 hold_until=0.0 observed_load=45.7 observed_target=3 point_forecasts=None prediction_age_sec=None predictive_target=3 proactive=False scenario=s4-hybrid-predictive target_replicas=3 upper_forecasts=None
2026-07-13 21:42:48 [debug    ] Decision loop completed        action=MAINTAIN latency_ms=117.06 p99=134.0
2026-07-13 21:43:03 [debug    ] HAProxy fallback latency       delta_requests=823 interval_avg_ms=67.0 max_rtime_ms=134.0 p99_est=134.0
2026-07-13 21:43:03 [info     ] Knative pre-warm OK            cold_start_ms=3.4
2026-07-13 21:43:03 [info     ] controller_decision_v3         action=REACTIVE available_replicas=3 budget_remaining=1000 burn_adjustment=0 burst_ratio=0.0825 capacity_deficit=False confidence=0 current_load=54.443375225621644 decision_id=c972f010 k8s_capacity=49.9 k8s_weight=91 knative_weight=9 p99=134.0 predicted_load=0 r_effective=16.6 serverless_enabled=True total_load=54.4 weights_after={'k3s': 91, 'knative': 9} weights_before={'k3s': 100, 'knative': 0}
2026-07-13 21:43:03 [info     ] Weights updated                k3s=91 knative=9
2026-07-13 21:43:03 [info     ] Weights updated                action=REACTIVE reason='load=54RPS | k8s_cap=50RPS | (burst-routing)' weights={'k3s': 91, 'knative': 9}
2026-07-13 21:43:04 [info     ] algorithm2_scaling_decision    action=SCALE_UP alpha=0.060060060060060066 beta=0.0 buffer=1.0 current_replicas=3 predicted_load=50.929371600308414 required_resources=3.059 target_replicas=4
2026-07-13 21:43:04 [info     ] algorithm2_decision            action=SCALE_UP applied_target=4 current_replicas=3 hold_until=0.0 observed_load=50.93 observed_target=4 point_forecasts=None prediction_age_sec=None predictive_target=3 proactive=False scenario=s4-hybrid-predictive target_replicas=4 upper_forecasts=None
2026-07-13 21:43:04 [info     ] k8s_scale_executed             deployment=test-app-warm replicas=4
2026-07-13 21:43:04 [debug    ] Decision loop completed        action=REACTIVE latency_ms=159.94 p99=134.0
2026-07-13 21:43:19 [debug    ] HAProxy fallback latency       delta_requests=768 interval_avg_ms=62.29 max_rtime_ms=134.0 p99_est=124.58
2026-07-13 21:43:19 [info     ] controller_decision_v3         action=RECOVERY available_replicas=4 budget_remaining=1000 burn_adjustment=0 burst_ratio=0 capacity_deficit=False confidence=0 current_load=50.72356637293812 decision_id=15361811 k8s_capacity=66.6 k8s_weight=100 knative_weight=0 p99=124.6 predicted_load=0 r_effective=16.6 serverless_enabled=False total_load=50.7 weights_after={'k3s': 100, 'knative': 0} weights_before={'k3s': 91, 'knative': 9}
2026-07-13 21:43:19 [info     ] Weights updated                k3s=100 knative=0
2026-07-13 21:43:19 [info     ] Weights updated                action=RECOVERY reason='load=51RPS | k8s_cap=67RPS | (reducing-serverless)' weights={'k3s': 100, 'knative': 0}
2026-07-13 21:43:19 [info     ] Scale readiness observed       elapsed_sec=15.2 ewma_delay=46.5 samples=1 target=4
2026-07-13 21:43:19 [info     ] algorithm2_scaling_decision    action=MAINTAIN alpha=0.060060060060060066 beta=0.0 buffer=1.0 current_replicas=4 predicted_load=52.58347079927988 required_resources=3.158 target_replicas=4
2026-07-13 21:43:19 [info     ] algorithm2_decision            action=MAINTAIN applied_target=4 current_replicas=4 hold_until=0.0 observed_load=52.58 observed_target=4 point_forecasts=None prediction_age_sec=None predictive_target=3 proactive=False scenario=s4-hybrid-predictive target_replicas=4 upper_forecasts=None
2026-07-13 21:43:19 [debug    ] Decision loop completed        action=RECOVERY latency_ms=157.75 p99=124.57552083333333
2026-07-13 21:43:34 [debug    ] HAProxy fallback latency       delta_requests=546 interval_avg_ms=58.37 max_rtime_ms=134.0 p99_est=116.74
2026-07-13 21:43:34 [info     ] algorithm2_scaling_decision    action=MAINTAIN alpha=0.060060060060060066 beta=0.0 buffer=1.0 current_replicas=4 predicted_load=43.372396321509925 required_resources=2.605 target_replicas=3
2026-07-13 21:43:34 [info     ] algorithm2_decision            action=MAINTAIN applied_target=3 current_replicas=4 hold_until=0.0 observed_load=43.37 observed_target=3 point_forecasts=None prediction_age_sec=None predictive_target=3 proactive=False scenario=s4-hybrid-predictive target_replicas=3 upper_forecasts=None
2026-07-13 21:43:34 [debug    ] Decision loop completed        action=MAINTAIN latency_ms=116.18 p99=116.74358974358974
2026-07-13 21:43:49 [debug    ] HAProxy fallback latency       delta_requests=411 interval_avg_ms=53.87 max_rtime_ms=134.0 p99_est=107.73
2026-07-13 21:43:49 [info     ] algorithm2_scaling_decision    action=MAINTAIN alpha=0.060060060060060066 beta=0.0 buffer=1.0 current_replicas=4 predicted_load=31.60552201496357 required_resources=1.898 target_replicas=3
2026-07-13 21:43:49 [info     ] algorithm2_decision            action=MAINTAIN applied_target=3 current_replicas=4 hold_until=0.0 observed_load=31.61 observed_target=3 point_forecasts=None prediction_age_sec=None predictive_target=3 proactive=False scenario=s4-hybrid-predictive target_replicas=3 upper_forecasts=None
2026-07-13 21:43:49 [debug    ] Decision loop completed        action=MAINTAIN latency_ms=116.82 p99=107.7323600973236
2026-07-13 21:44:04 [debug    ] HAProxy fallback latency       delta_requests=357 interval_avg_ms=64.0 max_rtime_ms=134.0 p99_est=128.0
2026-07-13 21:44:04 [info     ] algorithm2_scaling_decision    action=MAINTAIN alpha=0.060060060060060066 beta=0.0 buffer=1.0 current_replicas=4 predicted_load=25.401600924421945 required_resources=1.526 target_replicas=3
2026-07-13 21:44:04 [info     ] algorithm2_decision            action=MAINTAIN applied_target=3 current_replicas=4 hold_until=0.0 observed_load=25.4 observed_target=3 point_forecasts=None prediction_age_sec=None predictive_target=3 proactive=False scenario=s4-hybrid-predictive target_replicas=3 upper_forecasts=None
2026-07-13 21:44:04 [debug    ] Decision loop completed        action=MAINTAIN latency_ms=115.23 p99=128.0
2026-07-13 21:44:19 [debug    ] HAProxy fallback latency       delta_requests=488 interval_avg_ms=64.0 max_rtime_ms=134.0 p99_est=128.0
2026-07-13 21:44:19 [info     ] algorithm2_scaling_decision    action=MAINTAIN alpha=0.060060060060060066 beta=0.0 buffer=1.0 current_replicas=4 predicted_load=27.917702224925115 required_resources=1.677 target_replicas=3
2026-07-13 21:44:19 [info     ] algorithm2_decision            action=MAINTAIN applied_target=3 current_replicas=4 hold_until=0.0 observed_load=27.92 observed_target=3 point_forecasts=None prediction_age_sec=None predictive_target=3 proactive=False scenario=s4-hybrid-predictive target_replicas=3 upper_forecasts=None
2026-07-13 21:44:19 [debug    ] Decision loop completed        action=MAINTAIN latency_ms=112.48 p99=128.0
2026-07-13 21:44:34 [debug    ] HAProxy fallback latency       delta_requests=777 interval_avg_ms=71.98 max_rtime_ms=134.0 p99_est=134.0
2026-07-13 21:44:34 [info     ] algorithm2_scaling_decision    action=MAINTAIN alpha=0.060060060060060066 beta=0.0 buffer=1.0 current_replicas=4 predicted_load=41.78398986662231 required_resources=2.51 target_replicas=3
2026-07-13 21:44:34 [info     ] algorithm2_decision            action=MAINTAIN applied_target=3 current_replicas=4 hold_until=0.0 observed_load=41.78 observed_target=3 point_forecasts=None prediction_age_sec=None predictive_target=3 proactive=False scenario=s4-hybrid-predictive target_replicas=3 upper_forecasts=None
2026-07-13 21:44:34 [debug    ] Decision loop completed        action=MAINTAIN latency_ms=119.37 p99=134.0
2026-07-13 21:44:49 [debug    ] HAProxy fallback latency       delta_requests=810 interval_avg_ms=65.0 max_rtime_ms=134.0 p99_est=130.0
2026-07-13 21:44:49 [info     ] algorithm2_scaling_decision    action=MAINTAIN alpha=0.060060060060060066 beta=0.0 buffer=1.0 current_replicas=4 predicted_load=52.49223237404243 required_resources=3.153 target_replicas=4
2026-07-13 21:44:49 [info     ] algorithm2_decision            action=MAINTAIN applied_target=4 current_replicas=4 hold_until=0.0 observed_load=52.49 observed_target=4 point_forecasts=None prediction_age_sec=None predictive_target=3 proactive=False scenario=s4-hybrid-predictive target_replicas=4 upper_forecasts=None
2026-07-13 21:44:49 [debug    ] Decision loop completed        action=MAINTAIN latency_ms=111.25 p99=130.0
2026-07-13 21:45:04 [debug    ] HAProxy fallback latency       delta_requests=636 interval_avg_ms=52.98 max_rtime_ms=134.0 p99_est=105.96
2026-07-13 21:45:05 [info     ] algorithm2_scaling_decision    action=MAINTAIN alpha=0.060060060060060066 beta=0.0 buffer=1.0 current_replicas=4 predicted_load=47.86388956537472 required_resources=2.875 target_replicas=3
2026-07-13 21:45:05 [info     ] algorithm2_decision            action=MAINTAIN applied_target=3 current_replicas=4 hold_until=0.0 observed_load=47.86 observed_target=3 point_forecasts=None prediction_age_sec=None predictive_target=3 proactive=False scenario=s4-hybrid-predictive target_replicas=3 upper_forecasts=None
2026-07-13 21:45:05 [debug    ] Decision loop completed        action=MAINTAIN latency_ms=118.92 p99=105.9622641509434
2026-07-13 21:45:20 [debug    ] HAProxy fallback latency       delta_requests=658 interval_avg_ms=64.0 max_rtime_ms=134.0 p99_est=128.0
2026-07-13 21:45:20 [info     ] algorithm2_scaling_decision    action=MAINTAIN alpha=0.060060060060060066 beta=0.0 buffer=1.0 current_replicas=4 predicted_load=42.838680967907024 required_resources=2.573 target_replicas=3
2026-07-13 21:45:20 [info     ] algorithm2_decision            action=MAINTAIN applied_target=3 current_replicas=4 hold_until=0.0 observed_load=42.84 observed_target=3 point_forecasts=None prediction_age_sec=None predictive_target=3 proactive=False scenario=s4-hybrid-predictive target_replicas=3 upper_forecasts=None
2026-07-13 21:45:20 [debug    ] Decision loop completed        action=MAINTAIN latency_ms=114.42 p99=128.0
2026-07-13 21:45:35 [debug    ] HAProxy fallback latency       delta_requests=834 interval_avg_ms=74.95 max_rtime_ms=134.0 p99_est=134.0
2026-07-13 21:45:35 [info     ] algorithm2_scaling_decision    action=MAINTAIN alpha=0.060060060060060066 beta=0.0 buffer=1.0 current_replicas=4 predicted_load=49.349745129518915 required_resources=2.964 target_replicas=3
2026-07-13 21:45:35 [info     ] algorithm2_decision            action=MAINTAIN applied_target=3 current_replicas=4 hold_until=0.0 observed_load=49.35 observed_target=3 point_forecasts=None prediction_age_sec=None predictive_target=3 proactive=False scenario=s4-hybrid-predictive target_replicas=3 upper_forecasts=None
2026-07-13 21:45:35 [debug    ] Decision loop completed        action=MAINTAIN latency_ms=112.56 p99=134.0
2026-07-13 21:45:50 [debug    ] HAProxy fallback latency       delta_requests=916 interval_avg_ms=65.0 max_rtime_ms=134.0 p99_est=130.0
2026-07-13 21:45:50 [info     ] algorithm2_scaling_decision    action=MAINTAIN alpha=0.060060060060060066 beta=0.0 buffer=1.0 current_replicas=4 predicted_load=57.82897827783816 required_resources=3.473 target_replicas=4
2026-07-13 21:45:50 [info     ] algorithm2_decision            action=MAINTAIN applied_target=4 current_replicas=4 hold_until=0.0 observed_load=57.83 observed_target=4 point_forecasts=None prediction_age_sec=None predictive_target=3 proactive=False scenario=s4-hybrid-predictive target_replicas=4 upper_forecasts=None
2026-07-13 21:45:50 [debug    ] Decision loop completed        action=MAINTAIN latency_ms=118.02 p99=130.0
2026-07-13 21:46:05 [debug    ] HAProxy fallback latency       delta_requests=931 interval_avg_ms=65.0 max_rtime_ms=134.0 p99_est=130.0
2026-07-13 21:46:05 [info     ] algorithm2_scaling_decision    action=MAINTAIN alpha=0.060060060060060066 beta=0.0 buffer=1.0 current_replicas=4 predicted_load=61.096468144565776 required_resources=3.669 target_replicas=4
2026-07-13 21:46:05 [info     ] algorithm2_decision            action=MAINTAIN applied_target=4 current_replicas=4 hold_until=0.0 observed_load=61.1 observed_target=4 point_forecasts=None prediction_age_sec=None predictive_target=3 proactive=False scenario=s4-hybrid-predictive target_replicas=4 upper_forecasts=None
2026-07-13 21:46:05 [debug    ] Decision loop completed        action=MAINTAIN latency_ms=116.49 p99=130.0
2026-07-13 21:46:20 [debug    ] HAProxy fallback latency       delta_requests=1006 interval_avg_ms=76.92 max_rtime_ms=134.0 p99_est=134.0
2026-07-13 21:46:20 [info     ] algorithm2_scaling_decision    action=MAINTAIN alpha=0.060060060060060066 beta=0.0 buffer=1.0 current_replicas=4 predicted_load=64.06591687917056 required_resources=3.848 target_replicas=4
2026-07-13 21:46:20 [info     ] algorithm2_decision            action=MAINTAIN applied_target=4 current_replicas=4 hold_until=0.0 observed_load=64.07 observed_target=4 point_forecasts=None prediction_age_sec=None predictive_target=3 proactive=False scenario=s4-hybrid-predictive target_replicas=4 upper_forecasts=None
2026-07-13 21:46:20 [debug    ] Decision loop completed        action=MAINTAIN latency_ms=117.03 p99=134.0
2026-07-13 21:46:35 [debug    ] HAProxy fallback latency       delta_requests=1120 interval_avg_ms=66.0 max_rtime_ms=134.0 p99_est=132.0
2026-07-13 21:46:35 [info     ] Knative pre-warm OK            cold_start_ms=2.9
2026-07-13 21:46:35 [info     ] controller_decision_v3         action=REACTIVE available_replicas=4 budget_remaining=1000 burn_adjustment=0 burst_ratio=0.101 capacity_deficit=False confidence=0 current_load=74.0862054597586 decision_id=f6051efb k8s_capacity=66.6 k8s_weight=89 knative_weight=11 p99=132.0 predicted_load=0 r_effective=16.6 serverless_enabled=True total_load=74.1 weights_after={'k3s': 89, 'knative': 11} weights_before={'k3s': 100, 'knative': 0}
2026-07-13 21:46:35 [info     ] Weights updated                k3s=89 knative=11
2026-07-13 21:46:35 [info     ] Weights updated                action=REACTIVE reason='load=74RPS | k8s_cap=67RPS | (burst-routing)' weights={'k3s': 89, 'knative': 11}
2026-07-13 21:46:35 [info     ] algorithm2_scaling_decision    action=SCALE_UP alpha=0.060060060060060066 beta=0.0 buffer=1.0 current_replicas=4 predicted_load=70.28582870318162 required_resources=4.221 target_replicas=5
2026-07-13 21:46:35 [info     ] algorithm2_decision            action=SCALE_UP applied_target=5 current_replicas=4 hold_until=0.0 observed_load=70.29 observed_target=5 point_forecasts=None prediction_age_sec=None predictive_target=3 proactive=False scenario=s4-hybrid-predictive target_replicas=5 upper_forecasts=None
2026-07-13 21:46:35 [info     ] k8s_scale_executed             deployment=test-app-warm replicas=5
2026-07-13 21:46:35 [debug    ] Decision loop completed        action=REACTIVE latency_ms=166.93 p99=132.0
2026-07-13 21:46:50 [debug    ] HAProxy fallback latency       delta_requests=1281 interval_avg_ms=88.47 max_rtime_ms=148.0 p99_est=148.0
2026-07-13 21:46:50 [info     ] controller_decision_v3         action=RECOVERY available_replicas=5 budget_remaining=1000 burn_adjustment=0 burst_ratio=0.0135 capacity_deficit=False confidence=0 current_load=84.39177795004268 decision_id=8dd4b848 k8s_capacity=83.2 k8s_weight=98 knative_weight=2 p99=148.0 predicted_load=0 r_effective=16.6 serverless_enabled=True total_load=84.4 weights_after={'k3s': 98, 'knative': 2} weights_before={'k3s': 89, 'knative': 11}
2026-07-13 21:46:50 [info     ] Weights updated                k3s=98 knative=2
2026-07-13 21:46:50 [info     ] Weights updated                action=RECOVERY reason='load=84RPS | k8s_cap=83RPS | (reducing-serverless)' weights={'k3s': 98, 'knative': 2}
2026-07-13 21:46:50 [info     ] Scale readiness observed       elapsed_sec=15.2 ewma_delay=37.1 samples=2 target=5
2026-07-13 21:46:50 [info     ] algorithm2_scaling_decision    action=MAINTAIN alpha=0.060060060060060066 beta=0.0 buffer=1.0 current_replicas=5 predicted_load=79.23899170490064 required_resources=4.759 target_replicas=5
2026-07-13 21:46:50 [info     ] algorithm2_decision            action=MAINTAIN applied_target=5 current_replicas=5 hold_until=0.0 observed_load=79.24 observed_target=5 point_forecasts=None prediction_age_sec=None predictive_target=3 proactive=False scenario=s4-hybrid-predictive target_replicas=5 upper_forecasts=None
2026-07-13 21:46:50 [debug    ] Decision loop completed        action=RECOVERY latency_ms=154.44 p99=148.0
2026-07-13 21:47:05 [debug    ] HAProxy fallback latency       delta_requests=1464 interval_avg_ms=89.66 max_rtime_ms=207.0 p99_est=179.32
2026-07-13 21:47:06 [info     ] controller_decision_v3         action=REACTIVE available_replicas=5 budget_remaining=1000 burn_adjustment=0 burst_ratio=0.1382 capacity_deficit=False confidence=0 current_load=96.6057408575353 decision_id=6b01e382 k8s_capacity=83.2 k8s_weight=86 knative_weight=14 p99=179.3 predicted_load=0 r_effective=16.6 serverless_enabled=True total_load=96.6 weights_after={'k3s': 86, 'knative': 14} weights_before={'k3s': 98, 'knative': 2}
2026-07-13 21:47:06 [info     ] Weights updated                k3s=86 knative=14
2026-07-13 21:47:06 [info     ] Weights updated                action=REACTIVE reason='load=97RPS | k8s_cap=83RPS | (burst-routing)' weights={'k3s': 86, 'knative': 14}
2026-07-13 21:47:06 [info     ] algorithm2_scaling_decision    action=SCALE_UP alpha=0.060060060060060066 beta=0.0 buffer=1.0 current_replicas=5 predicted_load=90.498759403789 required_resources=5.435 target_replicas=6
2026-07-13 21:47:06 [info     ] algorithm2_decision            action=SCALE_UP applied_target=6 current_replicas=5 hold_until=0.0 observed_load=90.5 observed_target=6 point_forecasts=None prediction_age_sec=None predictive_target=3 proactive=False scenario=s4-hybrid-predictive target_replicas=6 upper_forecasts=None
2026-07-13 21:47:06 [info     ] k8s_scale_executed             deployment=test-app-warm replicas=6
2026-07-13 21:47:06 [debug    ] Decision loop completed        action=REACTIVE latency_ms=163.26 p99=179.3169398907104
2026-07-13 21:47:21 [debug    ] HAProxy fallback latency       delta_requests=1678 interval_avg_ms=70.0 max_rtime_ms=207.0 p99_est=140.0
2026-07-13 21:47:21 [info     ] controller_decision_v3         action=RECOVERY available_replicas=6 budget_remaining=1000 burn_adjustment=0 burst_ratio=0.0967 capacity_deficit=False confidence=0 current_load=110.59413492493383 decision_id=bb960c1d k8s_capacity=99.9 k8s_weight=90 knative_weight=10 p99=140.0 predicted_load=0 r_effective=16.6 serverless_enabled=True total_load=110.6 weights_after={'k3s': 90, 'knative': 10} weights_before={'k3s': 86, 'knative': 14}
2026-07-13 21:47:21 [info     ] Weights updated                k3s=90 knative=10
2026-07-13 21:47:21 [info     ] Weights updated                action=RECOVERY reason='load=111RPS | k8s_cap=100RPS | (reducing-serverless)' weights={'k3s': 90, 'knative': 10}
2026-07-13 21:47:21 [info     ] Scale readiness observed       elapsed_sec=15.2 ewma_delay=30.5 samples=3 target=6
2026-07-13 21:47:21 [info     ] algorithm2_scaling_decision    action=SCALE_UP alpha=0.060060060060060066 beta=0.0 buffer=1.0 current_replicas=6 predicted_load=103.59993789123456 required_resources=6.222 target_replicas=7
2026-07-13 21:47:21 [info     ] algorithm2_decision            action=SCALE_UP applied_target=7 current_replicas=6 hold_until=0.0 observed_load=103.6 observed_target=7 point_forecasts=None prediction_age_sec=None predictive_target=3 proactive=False scenario=s4-hybrid-predictive target_replicas=7 upper_forecasts=None
2026-07-13 21:47:21 [info     ] k8s_scale_executed             deployment=test-app-warm replicas=7
2026-07-13 21:47:21 [debug    ] Decision loop completed        action=RECOVERY latency_ms=220.52 p99=140.0
2026-07-13 21:47:36 [debug    ] HAProxy fallback latency       delta_requests=1906 interval_avg_ms=100.59 max_rtime_ms=240.0 p99_est=201.19
2026-07-13 21:47:36 [info     ] controller_decision_v3         action=REACTIVE available_replicas=6 budget_remaining=999 burn_adjustment=0 burst_ratio=0.2022 capacity_deficit=False confidence=0 current_load=125.22524262014214 decision_id=9a4e516c k8s_capacity=99.9 k8s_weight=79 knative_weight=21 p99=201.2 predicted_load=0 r_effective=16.6 serverless_enabled=True total_load=125.2 weights_after={'k3s': 79, 'knative': 21} weights_before={'k3s': 90, 'knative': 10}
2026-07-13 21:47:36 [info     ] Weights updated                k3s=79 knative=21
2026-07-13 21:47:36 [info     ] Weights updated                action=REACTIVE reason='load=125RPS | k8s_cap=100RPS | (burst-routing)' weights={'k3s': 79, 'knative': 21}
2026-07-13 21:47:36 [info     ] algorithm2_scaling_decision    action=SCALE_UP alpha=0.060060060060060066 beta=0.0 buffer=1.0 current_replicas=7 predicted_load=117.90968877253798 required_resources=7.082 target_replicas=8
2026-07-13 21:47:36 [info     ] algorithm2_decision            action=SCALE_UP applied_target=8 current_replicas=7 hold_until=0.0 observed_load=117.91 observed_target=8 point_forecasts=None prediction_age_sec=None predictive_target=3 proactive=False scenario=s4-hybrid-predictive target_replicas=8 upper_forecasts=None
2026-07-13 21:47:36 [info     ] k8s_scale_executed             deployment=test-app-warm replicas=8
2026-07-13 21:47:36 [debug    ] Decision loop completed        action=REACTIVE latency_ms=167.85 p99=201.18992654774397
2026-07-13 21:47:51 [debug    ] HAProxy fallback latency       delta_requests=1715 interval_avg_ms=23.66 max_rtime_ms=240.0 p99_est=47.33
2026-07-13 21:47:51 [info     ] controller_decision_v3         action=RECOVERY available_replicas=6 budget_remaining=999 burn_adjustment=0 burst_ratio=0.1164 capacity_deficit=False confidence=0 current_load=113.05457765626805 decision_id=21cd448b k8s_capacity=99.9 k8s_weight=88 knative_weight=12 p99=47.3 predicted_load=0 r_effective=16.6 serverless_enabled=True total_load=113.1 weights_after={'k3s': 88, 'knative': 12} weights_before={'k3s': 79, 'knative': 21}
2026-07-13 21:47:51 [info     ] Weights updated                k3s=88 knative=12
2026-07-13 21:47:51 [info     ] Weights updated                action=RECOVERY reason='load=113RPS | k8s_cap=100RPS | (reducing-serverless)' weights={'k3s': 88, 'knative': 12}
2026-07-13 21:47:51 [info     ] algorithm2_scaling_decision    action=MAINTAIN alpha=0.060060060060060066 beta=0.0 buffer=1.0 current_replicas=8 predicted_load=119.1399101382051 required_resources=7.156 target_replicas=8
2026-07-13 21:47:51 [info     ] algorithm2_decision            action=MAINTAIN applied_target=8 current_replicas=8 hold_until=0.0 observed_load=119.14 observed_target=8 point_forecasts=None prediction_age_sec=None predictive_target=3 proactive=False scenario=s4-hybrid-predictive target_replicas=8 upper_forecasts=None
2026-07-13 21:47:51 [debug    ] Decision loop completed        action=RECOVERY latency_ms=165.74 p99=47.327113702623905
2026-07-13 21:48:06 [debug    ] HAProxy fallback latency       delta_requests=1304 interval_avg_ms=17.34 max_rtime_ms=240.0 p99_est=34.67
2026-07-13 21:48:06 [info     ] controller_decision_v3         action=RECOVERY available_replicas=6 budget_remaining=999 burn_adjustment=0 burst_ratio=0 capacity_deficit=False confidence=0 current_load=86.1246062335584 decision_id=75925a74 k8s_capacity=99.9 k8s_weight=100 knative_weight=0 p99=34.7 predicted_load=0 r_effective=16.6 serverless_enabled=False total_load=86.1 weights_after={'k3s': 100, 'knative': 0} weights_before={'k3s': 88, 'knative': 12}
2026-07-13 21:48:06 [info     ] Weights updated                k3s=100 knative=0
2026-07-13 21:48:06 [info     ] Weights updated                action=RECOVERY reason='load=86RPS | k8s_cap=100RPS | (reducing-serverless)' weights={'k3s': 100, 'knative': 0}
2026-07-13 21:48:06 [info     ] algorithm2_scaling_decision    action=MAINTAIN alpha=0.060060060060060066 beta=0.0 buffer=1.0 current_replicas=8 predicted_load=99.58959194491322 required_resources=5.981 target_replicas=6
2026-07-13 21:48:06 [info     ] algorithm2_decision            action=MAINTAIN applied_target=6 current_replicas=8 hold_until=0.0 observed_load=99.59 observed_target=6 point_forecasts=None prediction_age_sec=None predictive_target=3 proactive=False scenario=s4-hybrid-predictive target_replicas=6 upper_forecasts=None
2026-07-13 21:48:06 [debug    ] Decision loop completed        action=RECOVERY latency_ms=155.81 p99=34.670245398773005
2026-07-13 21:48:21 [debug    ] HAProxy fallback latency       delta_requests=1130 interval_avg_ms=66.0 max_rtime_ms=240.0 p99_est=132.0
2026-07-13 21:48:21 [info     ] algorithm2_scaling_decision    action=MAINTAIN alpha=0.060060060060060066 beta=0.0 buffer=1.0 current_replicas=8 predicted_load=80.37437817866345 required_resources=4.827 target_replicas=5
2026-07-13 21:48:21 [info     ] algorithm2_decision            action=MAINTAIN applied_target=5 current_replicas=8 hold_until=0.0 observed_load=80.37 observed_target=5 point_forecasts=None prediction_age_sec=None predictive_target=3 proactive=False scenario=s4-hybrid-predictive target_replicas=5 upper_forecasts=None
2026-07-13 21:48:21 [debug    ] Decision loop completed        action=MAINTAIN latency_ms=110.17 p99=132.0
2026-07-13 21:48:36 [debug    ] HAProxy fallback latency       delta_requests=1072 interval_avg_ms=112.01 max_rtime_ms=240.0 p99_est=224.01
2026-07-13 21:48:37 [info     ] algorithm2_scaling_decision    action=MAINTAIN alpha=0.060060060060060066 beta=0.0 buffer=1.0 current_replicas=8 predicted_load=72.75124399613674 required_resources=4.369 target_replicas=5
2026-07-13 21:48:37 [info     ] algorithm2_decision            action=MAINTAIN applied_target=5 current_replicas=8 hold_until=0.0 observed_load=72.75 observed_target=5 point_forecasts=None prediction_age_sec=None predictive_target=3 proactive=False scenario=s4-hybrid-predictive target_replicas=5 upper_forecasts=None
2026-07-13 21:48:37 [debug    ] Decision loop completed        action=MAINTAIN latency_ms=118.66 p99=224.01119402985074
2026-07-13 21:48:52 [debug    ] HAProxy fallback latency       delta_requests=941 interval_avg_ms=13.59 max_rtime_ms=240.0 p99_est=27.18
2026-07-13 21:48:52 [info     ] algorithm2_scaling_decision    action=MAINTAIN alpha=0.060060060060060066 beta=0.0 buffer=1.0 current_replicas=8 predicted_load=66.5920603815548 required_resources=4.0 target_replicas=4
2026-07-13 21:48:52 [info     ] algorithm2_decision            action=MAINTAIN applied_target=4 current_replicas=8 hold_until=0.0 observed_load=66.59 observed_target=4 point_forecasts=None prediction_age_sec=None predictive_target=3 proactive=False scenario=s4-hybrid-predictive target_replicas=4 upper_forecasts=None
2026-07-13 21:48:52 [debug    ] Decision loop completed        action=MAINTAIN latency_ms=111.63 p99=27.17959617428268
2026-07-13 21:49:07 [debug    ] HAProxy fallback latency       delta_requests=793 interval_avg_ms=66.0 max_rtime_ms=240.0 p99_est=132.0
2026-07-13 21:49:07 [debug    ] GRU prediction received        confidence=0.8 latency_ms=36.58 predicted=86
2026-07-13 21:49:07 [debug    ] Using GRU prediction           confidence=0.8 forecast_capacity_signal=86.0 predicted=86 required_steps=4
2026-07-13 21:49:07 [info     ] algorithm2_scaling_decision    action=MAINTAIN alpha=0.060060060060060066 beta=0.0 buffer=1.0 current_replicas=8 predicted_load=86.0 required_resources=5.165 target_replicas=6
2026-07-13 21:49:07 [info     ] algorithm2_decision            action=MAINTAIN applied_target=6 current_replicas=8 hold_until=1783954237.3 observed_load=57.39 observed_target=4 point_forecasts=[76.03722381591797, 74.0028076171875, 75.79412078857422, 74.21791076660156, 74.83870697021484, 75.14106750488281, 75.50135803222656, 74.54973602294922, 73.66498565673828] prediction_age_sec=0.08 predictive_target=6 proactive=True scenario=s4-hybrid-predictive target_replicas=6 upper_forecasts=[85.67820739746094, 84.2908935546875, 85.53710174560547, 84.794189453125, 85.13292694091797, 85.73273468017578, 86.45880889892578, 85.2187271118164, 84.78372955322266]
2026-07-13 21:49:07 [debug    ] Decision loop completed        action=MAINTAIN latency_ms=158.87 p99=132.0
2026-07-13 21:49:22 [debug    ] HAProxy fallback latency       delta_requests=1226 interval_avg_ms=111.06 max_rtime_ms=240.0 p99_est=222.11
2026-07-13 21:49:22 [debug    ] GRU prediction received        confidence=0.8 latency_ms=6.0 predicted=86
2026-07-13 21:49:22 [debug    ] Using GRU prediction           confidence=0.8 forecast_capacity_signal=86.0 predicted=86 required_steps=4
2026-07-13 21:49:22 [info     ] Scale readiness observed       elapsed_sec=105.9 ewma_delay=53.2 samples=4 target=8
2026-07-13 21:49:22 [info     ] algorithm2_scaling_decision    action=MAINTAIN alpha=0.060060060060060066 beta=0.0 buffer=1.0 current_replicas=8 predicted_load=86.0 required_resources=5.165 target_replicas=6
2026-07-13 21:49:22 [info     ] algorithm2_decision            action=MAINTAIN applied_target=6 current_replicas=8 hold_until=1783954252.4 observed_load=66.61 observed_target=5 point_forecasts=[75.46443176269531, 73.95387268066406, 75.21043395996094, 74.04979705810547, 74.56889343261719, 74.84039306640625, 74.93798065185547, 74.36700439453125, 73.79335021972656] prediction_age_sec=0.07 predictive_target=6 proactive=True scenario=s4-hybrid-predictive target_replicas=6 upper_forecasts=[85.10541534423828, 84.24195861816406, 84.95341491699219, 84.6260757446289, 84.86311340332031, 85.43206024169922, 85.89543151855469, 85.03599548339844, 84.91209411621094]
2026-07-13 21:49:22 [debug    ] Decision loop completed        action=MAINTAIN latency_ms=126.2 p99=222.1109298531811
2026-07-13 21:49:37 [debug    ] HAProxy fallback latency       delta_requests=1888 interval_avg_ms=161.77 max_rtime_ms=339.0 p99_est=323.54
2026-07-13 21:49:37 [debug    ] GRU prediction received        confidence=0.8 latency_ms=5.65 predicted=97
2026-07-13 21:49:37 [debug    ] Using GRU prediction           confidence=0.8 forecast_capacity_signal=97.0 predicted=97 required_steps=5
2026-07-13 21:49:37 [debug    ] Proactive amplification        amplified=192.1 approach_ratio=0.94 load_trend=13.5 raw_pred=97
2026-07-13 21:49:37 [info     ] algorithm2_scaling_decision    action=MAINTAIN alpha=0.060060060060060066 beta=0.0 buffer=1.0 current_replicas=8 predicted_load=102.74642003875977 required_resources=6.171 target_replicas=7
2026-07-13 21:49:37 [info     ] algorithm2_decision            action=MAINTAIN applied_target=7 current_replicas=8 hold_until=1783954252.4 observed_load=102.75 observed_target=7 point_forecasts=[85.12054443359375, 85.46852111816406, 85.76519012451172, 86.35124206542969, 85.64266967773438, 85.78588104248047, 84.84529876708984, 85.47869110107422, 85.94249725341797] prediction_age_sec=0.07 predictive_target=6 proactive=False scenario=s4-hybrid-predictive target_replicas=7 upper_forecasts=[94.76152801513672, 95.75660705566406, 95.50817108154297, 96.92752075195312, 95.9368896484375, 96.37754821777344, 95.80274963378906, 96.1476821899414, 97.06124114990234]
2026-07-13 21:49:37 [debug    ] Decision loop completed        action=MAINTAIN latency_ms=128.09 p99=323.5444915254237
2026-07-13 21:49:52 [debug    ] HAProxy fallback latency       delta_requests=1806 interval_avg_ms=39.32 max_rtime_ms=339.0 p99_est=78.65
2026-07-13 21:49:52 [debug    ] GRU prediction received        confidence=0.8 latency_ms=6.47 predicted=107
2026-07-13 21:49:52 [debug    ] Using GRU prediction           confidence=0.8 forecast_capacity_signal=107.0 predicted=107 required_steps=5
2026-07-13 21:49:52 [debug    ] Proactive amplification        amplified=190.9 approach_ratio=0.9 load_trend=14.3 raw_pred=107
2026-07-13 21:49:52 [info     ] algorithm2_scaling_decision    action=MAINTAIN alpha=0.060060060060060066 beta=0.0 buffer=1.0 current_replicas=8 predicted_load=122.10204745853935 required_resources=7.333 target_replicas=8
2026-07-13 21:49:52 [info     ] algorithm2_decision            action=MAINTAIN applied_target=8 current_replicas=8 hold_until=1783954252.4 observed_load=122.1 observed_target=8 point_forecasts=[93.95329284667969, 94.5474853515625, 94.8676528930664, 95.50430297851562, 95.04519653320312, 94.66631317138672, 94.36543273925781, 94.58657836914062, 95.61248016357422] prediction_age_sec=0.07 predictive_target=7 proactive=False scenario=s4-hybrid-predictive target_replicas=8 upper_forecasts=[103.59427642822266, 104.8355712890625, 104.61063385009766, 106.08058166503906, 105.33941650390625, 105.25798034667969, 105.32288360595703, 105.25556945800781, 106.7312240600586]
2026-07-13 21:49:52 [debug    ] Decision loop completed        action=MAINTAIN latency_ms=121.41 p99=78.64673311184939
2026-07-13 21:50:07 [debug    ] HAProxy fallback latency       delta_requests=1411 interval_avg_ms=2.42 max_rtime_ms=339.0 p99_est=4.85
2026-07-13 21:50:07 [debug    ] GRU prediction received        confidence=0.8 latency_ms=5.58 predicted=108
2026-07-13 21:50:07 [debug    ] Using GRU prediction           confidence=0.8 forecast_capacity_signal=108.0 predicted=108 required_steps=5
2026-07-13 21:50:07 [info     ] algorithm2_scaling_decision    action=MAINTAIN alpha=0.060060060060060066 beta=0.0 buffer=1.0 current_replicas=8 predicted_load=106.3804381876196 required_resources=6.389 target_replicas=7
2026-07-13 21:50:07 [info     ] algorithm2_decision            action=MAINTAIN applied_target=7 current_replicas=8 hold_until=1783954252.4 observed_load=106.38 observed_target=7 point_forecasts=[95.2144775390625, 95.81013488769531, 96.21401977539062, 96.40431213378906, 96.55084228515625, 96.07064819335938, 95.91944885253906, 95.88536834716797, 96.640625] prediction_age_sec=0.07 predictive_target=7 proactive=False scenario=s4-hybrid-predictive target_replicas=7 upper_forecasts=[104.85546112060547, 106.09822082519531, 105.95700073242188, 106.9805908203125, 106.84506225585938, 106.66231536865234, 106.87689971923828, 106.55435943603516, 107.75936889648438]
2026-07-13 21:50:07 [debug    ] Decision loop completed        action=MAINTAIN latency_ms=126.37 p99=4.847625797306875
2026-07-13 21:50:22 [debug    ] HAProxy fallback latency       delta_requests=1226 interval_avg_ms=13.62 max_rtime_ms=339.0 p99_est=27.23
2026-07-13 21:50:22 [debug    ] GRU prediction received        confidence=0.8 latency_ms=6.32 predicted=105
2026-07-13 21:50:22 [debug    ] Using GRU prediction           confidence=0.8 forecast_capacity_signal=105.0 predicted=105 required_steps=5
2026-07-13 21:50:22 [info     ] algorithm2_scaling_decision    action=MAINTAIN alpha=0.060060060060060066 beta=0.0 buffer=1.0 current_replicas=8 predicted_load=105.0 required_resources=6.306 target_replicas=7
2026-07-13 21:50:22 [info     ] algorithm2_decision            action=MAINTAIN applied_target=7 current_replicas=8 hold_until=1783954312.9 observed_load=87.21 observed_target=6 point_forecasts=[93.3354721069336, 93.53459930419922, 94.12757110595703, 93.92919158935547, 94.2503662109375, 94.04074096679688, 93.7987060546875, 93.76892852783203, 94.11489868164062] prediction_age_sec=0.07 predictive_target=7 proactive=True scenario=s4-hybrid-predictive target_replicas=7 upper_forecasts=[102.97645568847656, 103.82268524169922, 103.87055206298828, 104.5054702758789, 104.54458618164062, 104.63240814208984, 104.75615692138672, 104.43791961669922, 105.233642578125]
2026-07-13 21:50:22 [debug    ] Decision loop completed        action=MAINTAIN latency_ms=121.88 p99=27.233278955954322
2026-07-13 21:50:37 [debug    ] HAProxy fallback latency       delta_requests=1149 interval_avg_ms=36.45 max_rtime_ms=339.0 p99_est=72.91
2026-07-13 21:50:37 [debug    ] GRU prediction received        confidence=0.8 latency_ms=6.15 predicted=101
2026-07-13 21:50:37 [debug    ] Using GRU prediction           confidence=0.8 forecast_capacity_signal=101.0 predicted=101 required_steps=5
2026-07-13 21:50:38 [info     ] algorithm2_scaling_decision    action=MAINTAIN alpha=0.060060060060060066 beta=0.0 buffer=1.0 current_replicas=8 predicted_load=101.0 required_resources=6.066 target_replicas=7
2026-07-13 21:50:38 [info     ] algorithm2_decision            action=MAINTAIN applied_target=7 current_replicas=8 hold_until=1783954328.1 observed_load=78.55 observed_target=5 point_forecasts=[89.93290710449219, 89.86183166503906, 90.50819396972656, 90.1661148071289, 90.3787841796875, 90.3306655883789, 90.01594543457031, 90.0583724975586, 89.8684310913086] prediction_age_sec=0.08 predictive_target=7 proactive=True scenario=s4-hybrid-predictive target_replicas=7 upper_forecasts=[99.57389068603516, 100.14991760253906, 100.25117492675781, 100.74239349365234, 100.67300415039062, 100.92233276367188, 100.97339630126953, 100.72736358642578, 100.98717498779297]
2026-07-13 21:50:38 [debug    ] Decision loop completed        action=MAINTAIN latency_ms=129.5 p99=72.90513489991297
2026-07-13 21:50:53 [debug    ] HAProxy fallback latency       delta_requests=1509 interval_avg_ms=114.52 max_rtime_ms=339.0 p99_est=229.04
2026-07-13 21:50:53 [debug    ] GRU prediction received        confidence=0.8 latency_ms=6.0 predicted=103
2026-07-13 21:50:53 [debug    ] Using GRU prediction           confidence=0.8 forecast_capacity_signal=103.0 predicted=103 required_steps=5
2026-07-13 21:50:53 [info     ] algorithm2_scaling_decision    action=MAINTAIN alpha=0.060060060060060066 beta=0.0 buffer=1.0 current_replicas=8 predicted_load=103.0 required_resources=6.186 target_replicas=7
2026-07-13 21:50:53 [info     ] algorithm2_decision            action=MAINTAIN applied_target=7 current_replicas=8 hold_until=1783954343.2 observed_load=87.79 observed_target=6 point_forecasts=[91.72714233398438, 91.63561248779297, 92.36360168457031, 92.10193634033203, 92.28794860839844, 92.29959106445312, 91.96415710449219, 91.95089721679688, 92.18961334228516] prediction_age_sec=0.07 predictive_target=7 proactive=True scenario=s4-hybrid-predictive target_replicas=7 upper_forecasts=[101.36812591552734, 101.92369842529297, 102.10658264160156, 102.67821502685547, 102.58216857910156, 102.8912582397461, 102.9216079711914, 102.61988830566406, 103.30835723876953]
2026-07-13 21:50:53 [debug    ] Decision loop completed        action=MAINTAIN latency_ms=131.74 p99=229.039098740888
2026-07-13 21:51:08 [debug    ] HAProxy fallback latency       delta_requests=2021 interval_avg_ms=68.0 max_rtime_ms=339.0 p99_est=136.0
2026-07-13 21:51:08 [debug    ] GRU prediction received        confidence=0.8 latency_ms=7.58 predicted=113
2026-07-13 21:51:08 [debug    ] Using GRU prediction           confidence=0.8 forecast_capacity_signal=113.0 predicted=113 required_steps=5
2026-07-13 21:51:08 [debug    ] Proactive amplification        amplified=183.6 approach_ratio=1.0 load_trend=10.0 raw_pred=113
2026-07-13 21:51:08 [info     ] Knative pre-warm OK            cold_start_ms=3.0
2026-07-13 21:51:08 [info     ] controller_decision_v3         action=PREDICTIVE available_replicas=8 budget_remaining=995 burn_adjustment=0 burst_ratio=0.0017 capacity_deficit=False confidence=0.8 current_load=133.42760396187805 decision_id=4dbc55b4 k8s_capacity=133.2 k8s_weight=99 knative_weight=1 p99=136.0 predicted_load=113 r_effective=16.6 serverless_enabled=True total_load=133.4 weights_after={'k3s': 99, 'knative': 1} weights_before={'k3s': 100, 'knative': 0}
2026-07-13 21:51:08 [info     ] Weights updated                k3s=99 knative=1
2026-07-13 21:51:08 [info     ] Weights updated                action=PREDICTIVE reason='load=133RPS | k8s_cap=133RPS | (prediction-driven)' weights={'k3s': 99, 'knative': 1}
2026-07-13 21:51:08 [info     ] algorithm2_scaling_decision    action=MAINTAIN alpha=0.060060060060060066 beta=0.0 buffer=1.0 current_replicas=8 predicted_load=116.51618868221661 required_resources=6.998 target_replicas=7
2026-07-13 21:51:08 [info     ] algorithm2_decision            action=MAINTAIN applied_target=7 current_replicas=8 hold_until=1783954343.2 observed_load=116.52 observed_target=7 point_forecasts=[100.6884765625, 101.14645385742188, 101.79019165039062, 101.60887908935547, 102.13999938964844, 101.92027282714844, 101.66545104980469, 101.32951354980469, 101.88873291015625] prediction_age_sec=0.09 predictive_target=7 proactive=False scenario=s4-hybrid-predictive target_replicas=7 upper_forecasts=[110.32946014404297, 111.43453979492188, 111.53317260742188, 112.1851577758789, 112.43421936035156, 112.5119400024414, 112.6229019165039, 111.99850463867188, 113.00747680664062]
2026-07-13 21:51:08 [debug    ] Decision loop completed        action=PREDICTIVE latency_ms=141.81 p99=136.0
2026-07-13 21:51:23 [debug    ] HAProxy fallback latency       delta_requests=2281 interval_avg_ms=85.94 max_rtime_ms=339.0 p99_est=171.87
2026-07-13 21:51:23 [debug    ] GRU prediction received        confidence=0.8 latency_ms=6.21 predicted=125
2026-07-13 21:51:23 [debug    ] Using GRU prediction           confidence=0.8 forecast_capacity_signal=125.0 predicted=125 required_steps=5
2026-07-13 21:51:23 [debug    ] Proactive amplification        amplified=237.7 approach_ratio=1.13 load_trend=17.4 raw_pred=125
2026-07-13 21:51:23 [info     ] controller_decision_v3         action=PREDICTIVE available_replicas=8 budget_remaining=995 burn_adjustment=0 burst_ratio=0.1162 capacity_deficit=False confidence=0.8 current_load=150.7093683709694 decision_id=56c33154 k8s_capacity=133.2 k8s_weight=88 knative_weight=12 p99=171.9 predicted_load=125 r_effective=16.6 serverless_enabled=True total_load=150.7 weights_after={'k3s': 88, 'knative': 12} weights_before={'k3s': 99, 'knative': 1}
2026-07-13 21:51:23 [info     ] Weights updated                k3s=88 knative=12
2026-07-13 21:51:23 [info     ] Weights updated                action=PREDICTIVE reason='load=151RPS | k8s_cap=133RPS | (prediction-driven)' weights={'k3s': 88, 'knative': 12}
2026-07-13 21:51:23 [info     ] algorithm2_scaling_decision    action=SCALE_UP alpha=0.060060060060060066 beta=0.0 buffer=1.0 current_replicas=8 predicted_load=142.06848616642372 required_resources=8.533 target_replicas=9
2026-07-13 21:51:23 [info     ] algorithm2_decision            action=SCALE_UP applied_target=9 current_replicas=8 hold_until=1783954343.2 observed_load=142.07 observed_target=9 point_forecasts=[112.68151092529297, 113.14389038085938, 113.49299621582031, 113.95550537109375, 113.6231918334961, 113.62953186035156, 113.10794067382812, 113.19633483886719, 113.7068862915039] prediction_age_sec=0.08 predictive_target=8 proactive=False scenario=s4-hybrid-predictive target_replicas=9 upper_forecasts=[122.32249450683594, 123.43197631835938, 123.23597717285156, 124.53178405761719, 123.91741180419922, 124.22119903564453, 124.06539154052734, 123.86532592773438, 124.82563018798828]
2026-07-13 21:51:23 [info     ] k8s_scale_executed             deployment=test-app-warm replicas=9
2026-07-13 21:51:23 [debug    ] Decision loop completed        action=PREDICTIVE latency_ms=169.3 p99=171.8702323542306
2026-07-13 21:51:38 [debug    ] HAProxy fallback latency       delta_requests=2431 interval_avg_ms=69.0 max_rtime_ms=339.0 p99_est=138.0
2026-07-13 21:51:38 [debug    ] GRU prediction received        confidence=0.8 latency_ms=6.38 predicted=137
2026-07-13 21:51:38 [debug    ] Using GRU prediction           confidence=0.8 forecast_capacity_signal=137.0 predicted=137 required_steps=5
2026-07-13 21:51:38 [debug    ] Proactive amplification        amplified=265.4 approach_ratio=1.07 load_trend=21.1 raw_pred=137
2026-07-13 21:51:38 [info     ] controller_decision_v3         action=RECOVERY available_replicas=9 budget_remaining=995 burn_adjustment=0 burst_ratio=0.0645 capacity_deficit=False confidence=0.8 current_load=160.1858327895922 decision_id=8bbe3bc5 k8s_capacity=149.8 k8s_weight=93 knative_weight=7 p99=138.0 predicted_load=137 r_effective=16.6 serverless_enabled=True total_load=160.2 weights_after={'k3s': 93, 'knative': 7} weights_before={'k3s': 88, 'knative': 12}
2026-07-13 21:51:38 [info     ] Weights updated                k3s=93 knative=7
2026-07-13 21:51:38 [info     ] Weights updated                action=RECOVERY reason='load=160RPS | k8s_cap=150RPS | (reducing-serverless)' weights={'k3s': 93, 'knative': 7}
2026-07-13 21:51:38 [info     ] Scale readiness observed       elapsed_sec=15.2 ewma_delay=41.8 samples=5 target=9
2026-07-13 21:51:38 [info     ] algorithm2_scaling_decision    action=SCALE_UP alpha=0.060060060060060066 beta=0.0 buffer=1.0 current_replicas=9 predicted_load=155.4476005802808 required_resources=9.336 target_replicas=10
2026-07-13 21:51:38 [info     ] algorithm2_decision            action=SCALE_UP applied_target=10 current_replicas=9 hold_until=1783954343.2 observed_load=155.45 observed_target=10 point_forecasts=[124.59255981445312, 125.1204833984375, 125.04440307617188, 126.18939208984375, 125.08108520507812, 125.09042358398438, 124.24627685546875, 125.06474304199219, 125.56221008300781] prediction_age_sec=0.12 predictive_target=9 proactive=False scenario=s4-hybrid-predictive target_replicas=10 upper_forecasts=[134.23353576660156, 135.4085693359375, 134.78738403320312, 136.7656707763672, 135.37530517578125, 135.68209838867188, 135.20372009277344, 135.73373413085938, 136.6809539794922]
2026-07-13 21:51:38 [info     ] k8s_scale_executed             deployment=test-app-warm replicas=10
2026-07-13 21:51:38 [debug    ] Decision loop completed        action=RECOVERY latency_ms=218.14 p99=138.0
2026-07-13 21:51:53 [debug    ] HAProxy fallback latency       delta_requests=2198 interval_avg_ms=48.28 max_rtime_ms=339.0 p99_est=96.56
2026-07-13 21:51:53 [debug    ] GRU prediction received        confidence=0.8 latency_ms=6.03 predicted=143
2026-07-13 21:51:53 [debug    ] Using GRU prediction           confidence=0.8 forecast_capacity_signal=143.0 predicted=143 required_steps=4
2026-07-13 21:51:53 [debug    ] Proactive amplification        amplified=200.6 approach_ratio=0.96 load_trend=11.2 raw_pred=143
2026-07-13 21:51:53 [info     ] controller_decision_v3         action=RECOVERY available_replicas=9 budget_remaining=995 burn_adjustment=0 burst_ratio=0 capacity_deficit=False confidence=0.8 current_load=144.49945043902525 decision_id=36201470 k8s_capacity=149.8 k8s_weight=100 knative_weight=0 p99=96.6 predicted_load=143 r_effective=16.6 serverless_enabled=False total_load=144.5 weights_after={'k3s': 100, 'knative': 0} weights_before={'k3s': 93, 'knative': 7}
2026-07-13 21:51:53 [info     ] Weights updated                k3s=100 knative=0
2026-07-13 21:51:53 [info     ] Weights updated                action=RECOVERY reason='load=144RPS | k8s_cap=150RPS | (reducing-serverless)' weights={'k3s': 100, 'knative': 0}
2026-07-13 21:51:53 [info     ] algorithm2_scaling_decision    action=MAINTAIN alpha=0.060060060060060066 beta=0.0 buffer=1.0 current_replicas=10 predicted_load=152.34264161430872 required_resources=9.15 target_replicas=10
2026-07-13 21:51:53 [info     ] algorithm2_decision            action=MAINTAIN applied_target=10 current_replicas=10 hold_until=1783954343.2 observed_load=152.34 observed_target=10 point_forecasts=[130.842041015625, 131.3092041015625, 131.05946350097656, 132.37429809570312, 131.07382202148438, 130.97459411621094, 130.01316833496094, 131.2989959716797, 131.52374267578125] prediction_age_sec=0.12 predictive_target=9 proactive=False scenario=s4-hybrid-predictive target_replicas=10 upper_forecasts=[140.48301696777344, 141.5972900390625, 140.8024444580078, 142.95057678222656, 141.3680419921875, 141.56625366210938, 140.97061157226562, 141.96798706054688, 142.64248657226562]
2026-07-13 21:51:53 [debug    ] Decision loop completed        action=RECOVERY latency_ms=167.58 p99=96.56323930846224
2026-07-13 21:52:08 [debug    ] HAProxy fallback latency       delta_requests=1844 interval_avg_ms=93.7 max_rtime_ms=339.0 p99_est=187.39
2026-07-13 21:52:08 [debug    ] GRU prediction received        confidence=0.8 latency_ms=6.14 predicted=142
2026-07-13 21:52:08 [debug    ] Using GRU prediction           confidence=0.8 forecast_capacity_signal=142.0 predicted=142 required_steps=4
2026-07-13 21:52:09 [info     ] algorithm2_scaling_decision    action=MAINTAIN alpha=0.060060060060060066 beta=0.0 buffer=1.0 current_replicas=10 predicted_load=142.0 required_resources=8.529 target_replicas=9
2026-07-13 21:52:09 [info     ] algorithm2_decision            action=MAINTAIN applied_target=9 current_replicas=10 hold_until=1783954419.0 observed_load=133.07 observed_target=8 point_forecasts=[130.3961181640625, 130.7282257080078, 130.57171630859375, 131.40716552734375, 130.482421875, 130.44192504882812, 129.5224151611328, 130.7862548828125, 130.56838989257812] prediction_age_sec=0.08 predictive_target=9 proactive=True scenario=s4-hybrid-predictive target_replicas=9 upper_forecasts=[140.03709411621094, 141.0163116455078, 140.314697265625, 141.9834442138672, 140.77664184570312, 141.03359985351562, 140.4798583984375, 141.4552459716797, 141.6871337890625]
2026-07-13 21:52:09 [debug    ] Decision loop completed        action=MAINTAIN latency_ms=129.37 p99=187.39154013015184
2026-07-13 21:52:24 [debug    ] HAProxy fallback latency       delta_requests=1786 interval_avg_ms=69.0 max_rtime_ms=339.0 p99_est=138.0
2026-07-13 21:52:24 [debug    ] GRU prediction received        confidence=0.8 latency_ms=6.05 predicted=140
2026-07-13 21:52:24 [debug    ] Using GRU prediction           confidence=0.8 forecast_capacity_signal=140.0 predicted=140 required_steps=4
2026-07-13 21:52:24 [info     ] algorithm2_scaling_decision    action=MAINTAIN alpha=0.060060060060060066 beta=0.0 buffer=1.0 current_replicas=10 predicted_load=140.0 required_resources=8.408 target_replicas=9
2026-07-13 21:52:24 [info     ] algorithm2_decision            action=MAINTAIN applied_target=9 current_replicas=10 hold_until=1783954434.1 observed_load=119.88 observed_target=8 point_forecasts=[128.3733673095703, 128.54351806640625, 128.57211303710938, 128.95872497558594, 128.38951110839844, 128.4432830810547, 127.57147216796875, 128.67254638671875, 128.23931884765625] prediction_age_sec=0.08 predictive_target=9 proactive=True scenario=s4-hybrid-predictive target_replicas=9 upper_forecasts=[138.01434326171875, 138.83160400390625, 138.31509399414062, 139.53500366210938, 138.68373107910156, 139.03494262695312, 138.52891540527344, 139.34153747558594, 139.35806274414062]
2026-07-13 21:52:24 [debug    ] Decision loop completed        action=MAINTAIN latency_ms=126.96 p99=138.0
2026-07-13 21:52:39 [debug    ] HAProxy fallback latency       delta_requests=1821 interval_avg_ms=41.0 max_rtime_ms=339.0 p99_est=82.0
2026-07-13 21:52:39 [debug    ] GRU prediction received        confidence=0.8 latency_ms=5.92 predicted=138
2026-07-13 21:52:39 [debug    ] Using GRU prediction           confidence=0.8 forecast_capacity_signal=138.0 predicted=138 required_steps=4
2026-07-13 21:52:39 [info     ] algorithm2_scaling_decision    action=MAINTAIN alpha=0.060060060060060066 beta=0.0 buffer=1.0 current_replicas=10 predicted_load=138.0 required_resources=8.288 target_replicas=9
2026-07-13 21:52:39 [info     ] algorithm2_decision            action=MAINTAIN applied_target=9 current_replicas=10 hold_until=1783954449.3 observed_load=119.25 observed_target=8 point_forecasts=[126.75395202636719, 126.80758666992188, 126.98007202148438, 127.1133041381836, 126.74826049804688, 126.87145233154297, 126.02740478515625, 126.98867797851562, 126.50297546386719] prediction_age_sec=0.08 predictive_target=9 proactive=True scenario=s4-hybrid-predictive target_replicas=9 upper_forecasts=[136.39492797851562, 137.09567260742188, 136.72305297851562, 137.6895751953125, 137.04248046875, 137.46311950683594, 136.98484802246094, 137.6576690673828, 137.62171936035156]
2026-07-13 21:52:39 [debug    ] Decision loop completed        action=MAINTAIN latency_ms=131.59 p99=81.99780340472267
2026-07-13 21:52:54 [debug    ] HAProxy fallback latency       delta_requests=1819 interval_avg_ms=271.22 max_rtime_ms=339.0 p99_est=339.0
2026-07-13 21:52:54 [debug    ] GRU prediction received        confidence=0.8 latency_ms=6.39 predicted=136
2026-07-13 21:52:54 [debug    ] Using GRU prediction           confidence=0.8 forecast_capacity_signal=136.1 predicted=136 required_steps=4
2026-07-13 21:52:54 [info     ] algorithm2_scaling_decision    action=MAINTAIN alpha=0.060060060060060066 beta=0.0 buffer=1.0 current_replicas=10 predicted_load=136.07501220703125 required_resources=8.173 target_replicas=9
2026-07-13 21:52:54 [info     ] algorithm2_decision            action=MAINTAIN applied_target=9 current_replicas=10 hold_until=1783954464.4 observed_load=120.26 observed_target=8 point_forecasts=[125.28373718261719, 125.27015686035156, 125.53639221191406, 125.49873352050781, 125.287109375, 125.46072387695312, 124.6453857421875, 125.48193359375, 124.9744644165039] prediction_age_sec=0.08 predictive_target=9 proactive=True scenario=s4-hybrid-predictive target_replicas=9 upper_forecasts=[134.92471313476562, 135.55824279785156, 135.2793731689453, 136.07501220703125, 135.58132934570312, 136.05239868164062, 135.6028289794922, 136.1509246826172, 136.09320068359375]
2026-07-13 21:52:54 [debug    ] Decision loop completed        action=MAINTAIN latency_ms=124.49 p99=339.0
2026-07-13 21:53:09 [debug    ] GRU prediction received        confidence=0.8 latency_ms=6.01 predicted=134
2026-07-13 21:53:09 [debug    ] Using GRU prediction           confidence=0.8 forecast_capacity_signal=134.3 predicted=134 required_steps=4
2026-07-13 21:53:09 [info     ] algorithm2_scaling_decision    action=MAINTAIN alpha=0.060060060060060066 beta=0.0 buffer=1.0 current_replicas=10 predicted_load=134.26654052734375 required_resources=8.064 target_replicas=9
2026-07-13 21:53:09 [info     ] algorithm2_decision            action=MAINTAIN applied_target=9 current_replicas=10 hold_until=1783954479.5 observed_load=119.01 observed_target=8 point_forecasts=[123.61170196533203, 123.55755615234375, 123.89594268798828, 123.69026947021484, 123.6427001953125, 123.86212158203125, 123.0854721069336, 123.7854232788086, 123.24653625488281] prediction_age_sec=0.07 predictive_target=9 proactive=True scenario=s4-hybrid-predictive target_replicas=9 upper_forecasts=[133.252685546875, 133.84564208984375, 133.638916015625, 134.26654052734375, 133.93692016601562, 134.45379638671875, 134.0429229736328, 134.4544219970703, 134.3652801513672]
2026-07-13 21:53:09 [debug    ] Decision loop completed        action=MAINTAIN latency_ms=130.64 p99=339.0
2026-07-13 21:53:24 [debug    ] GRU prediction received        confidence=0.8 latency_ms=5.98 predicted=130
2026-07-13 21:53:24 [debug    ] Using GRU prediction           confidence=0.8 forecast_capacity_signal=130.0 predicted=130 required_steps=4
2026-07-13 21:53:24 [info     ] algorithm2_scaling_decision    action=MAINTAIN alpha=0.060060060060060066 beta=0.0 buffer=1.0 current_replicas=10 predicted_load=130.0 required_resources=7.808 target_replicas=8
2026-07-13 21:53:24 [info     ] algorithm2_decision            action=MAINTAIN applied_target=8 current_replicas=10 hold_until=1783954494.7 observed_load=109.73 observed_target=7 point_forecasts=[118.84730529785156, 118.70698547363281, 119.22659301757812, 118.53775024414062, 118.98548889160156, 119.25883483886719, 118.61740112304688, 118.9862060546875, 118.27936553955078] prediction_age_sec=0.07 predictive_target=8 proactive=True scenario=s4-hybrid-predictive target_replicas=8 upper_forecasts=[128.48828125, 128.9950714111328, 128.96957397460938, 129.11402893066406, 129.2797088623047, 129.85049438476562, 129.57484436035156, 129.6551971435547, 129.39810180664062]
2026-07-13 21:53:24 [debug    ] Decision loop completed        action=MAINTAIN latency_ms=126.53 p99=339.0
2026-07-13 21:53:39 [debug    ] HAProxy fallback latency       delta_requests=1247 interval_avg_ms=67.0 max_rtime_ms=339.0 p99_est=134.0
2026-07-13 21:53:39 [debug    ] GRU prediction received        confidence=0.8 latency_ms=5.68 predicted=122
2026-07-13 21:53:39 [debug    ] Using GRU prediction           confidence=0.8 forecast_capacity_signal=122.0 predicted=122 required_steps=4
2026-07-13 21:53:39 [info     ] Scale readiness observed       elapsed_sec=121.1 ewma_delay=65.6 samples=6 target=10
2026-07-13 21:53:39 [info     ] algorithm2_scaling_decision    action=MAINTAIN alpha=0.060060060060060066 beta=0.0 buffer=1.0 current_replicas=10 predicted_load=122.0 required_resources=7.327 target_replicas=8
2026-07-13 21:53:39 [info     ] algorithm2_decision            action=MAINTAIN applied_target=8 current_replicas=10 hold_until=1783954509.8 observed_load=92.04 observed_target=6 point_forecasts=[110.73194122314453, 110.40328979492188, 111.27301025390625, 109.90666961669922, 111.14529418945312, 111.36542510986328, 110.96391296386719, 110.84294891357422, 109.97557067871094] prediction_age_sec=0.08 predictive_target=8 proactive=True scenario=s4-hybrid-predictive target_replicas=8 upper_forecasts=[120.3729248046875, 120.69137573242188, 121.0159912109375, 120.48294830322266, 121.43951416015625, 121.95709228515625, 121.9213638305664, 121.5119400024414, 121.09431457519531]
2026-07-13 21:53:39 [debug    ] Decision loop completed        action=MAINTAIN latency_ms=128.03 p99=134.0
2026-07-13 21:53:54 [debug    ] GRU prediction received        confidence=0.8 latency_ms=6.24 predicted=114
2026-07-13 21:53:54 [debug    ] Using GRU prediction           confidence=0.8 forecast_capacity_signal=114.0 predicted=114 required_steps=6
2026-07-13 21:53:54 [info     ] algorithm2_scaling_decision    action=MAINTAIN alpha=0.060060060060060066 beta=0.0 buffer=1.0 current_replicas=10 predicted_load=114.0 required_resources=6.847 target_replicas=7
2026-07-13 21:53:54 [info     ] algorithm2_decision            action=MAINTAIN applied_target=7 current_replicas=10 hold_until=1783954524.9 observed_load=78.07 observed_target=5 point_forecasts=[101.9625015258789, 101.483154296875, 102.69769287109375, 100.79559326171875, 102.72818756103516, 102.87425231933594, 102.70442199707031, 102.08604431152344, 101.19624328613281] prediction_age_sec=0.08 predictive_target=7 proactive=True scenario=s4-hybrid-predictive target_replicas=7 upper_forecasts=[111.60348510742188, 111.771240234375, 112.440673828125, 111.37187194824219, 113.02240753173828, 113.4659194946289, 113.66187286376953, 112.75503540039062, 112.31498718261719]
2026-07-13 21:53:54 [debug    ] Decision loop completed        action=MAINTAIN latency_ms=122.66 p99=134.0
2026-07-13 21:54:09 [debug    ] HAProxy fallback latency       delta_requests=1045 interval_avg_ms=121.97 max_rtime_ms=339.0 p99_est=243.94
2026-07-13 21:54:09 [debug    ] GRU prediction received        confidence=0.8 latency_ms=6.27 predicted=104
2026-07-13 21:54:09 [debug    ] Using GRU prediction           confidence=0.8 forecast_capacity_signal=104.0 predicted=104 required_steps=6
2026-07-13 21:54:10 [info     ] algorithm2_scaling_decision    action=MAINTAIN alpha=0.060060060060060066 beta=0.0 buffer=1.0 current_replicas=10 predicted_load=104.0 required_resources=6.246 target_replicas=7
2026-07-13 21:54:10 [info     ] algorithm2_decision            action=MAINTAIN applied_target=7 current_replicas=10 hold_until=1783954540.0 observed_load=71.37 observed_target=5 point_forecasts=[92.97123718261719, 92.2582778930664, 93.45182800292969, 92.01629638671875, 93.52255249023438, 93.29511260986328, 93.54046630859375, 92.87290954589844, 92.12669372558594] prediction_age_sec=0.08 predictive_target=7 proactive=True scenario=s4-hybrid-predictive target_replicas=7 upper_forecasts=[102.61222076416016, 102.5463638305664, 103.19480895996094, 102.59257507324219, 103.8167724609375, 103.88677978515625, 104.49791717529297, 103.54190063476562, 103.24543762207031]
2026-07-13 21:54:10 [debug    ] Decision loop completed        action=MAINTAIN latency_ms=135.95 p99=243.94066985645932
2026-07-13 21:54:25 [debug    ] HAProxy fallback latency       delta_requests=1186 interval_avg_ms=117.2 max_rtime_ms=339.0 p99_est=234.39
2026-07-13 21:54:25 [debug    ] GRU prediction received        confidence=0.8 latency_ms=6.44 predicted=99
2026-07-13 21:54:25 [debug    ] Using GRU prediction           confidence=0.8 forecast_capacity_signal=99.0 predicted=99 required_steps=6
2026-07-13 21:54:25 [info     ] algorithm2_scaling_decision    action=MAINTAIN alpha=0.060060060060060066 beta=0.0 buffer=1.0 current_replicas=10 predicted_load=99.0 required_resources=5.946 target_replicas=6
2026-07-13 21:54:25 [info     ] algorithm2_decision            action=MAINTAIN applied_target=6 current_replicas=10 hold_until=1783954555.2 observed_load=73.7 observed_target=5 point_forecasts=[88.29541015625, 87.5616683959961, 88.56976318359375, 87.6093978881836, 88.44728088378906, 88.17338562011719, 88.3782958984375, 87.98772430419922, 86.97065734863281] prediction_age_sec=0.08 predictive_target=6 proactive=True scenario=s4-hybrid-predictive target_replicas=6 upper_forecasts=[97.93639373779297, 97.8497543334961, 98.312744140625, 98.18567657470703, 98.74150085449219, 98.76505279541016, 99.33574676513672, 98.6567153930664, 98.08940124511719]
2026-07-13 21:54:25 [debug    ] Decision loop completed        action=MAINTAIN latency_ms=128.05 p99=234.39460370994942
2026-07-13 21:54:40 [debug    ] HAProxy fallback latency       delta_requests=1329 interval_avg_ms=67.0 max_rtime_ms=339.0 p99_est=134.0
2026-07-13 21:54:40 [debug    ] GRU prediction received        confidence=0.8 latency_ms=6.02 predicted=98
2026-07-13 21:54:40 [debug    ] Using GRU prediction           confidence=0.8 forecast_capacity_signal=98.0 predicted=98 required_steps=6
2026-07-13 21:54:40 [info     ] algorithm2_scaling_decision    action=MAINTAIN alpha=0.060060060060060066 beta=0.0 buffer=1.0 current_replicas=10 predicted_load=98.0 required_resources=5.886 target_replicas=6
2026-07-13 21:54:40 [info     ] algorithm2_decision            action=MAINTAIN applied_target=6 current_replicas=10 hold_until=1783954570.3 observed_load=83.1 observed_target=5 point_forecasts=[86.85946655273438, 86.21942138671875, 87.19255828857422, 86.5868148803711, 86.94402313232422, 86.79125213623047, 86.80899810791016, 86.59837341308594, 85.85262298583984] prediction_age_sec=0.08 predictive_target=6 proactive=True scenario=s4-hybrid-predictive target_replicas=6 upper_forecasts=[96.50045013427734, 96.50750732421875, 96.93553924560547, 97.16309356689453, 97.23824310302734, 97.38291931152344, 97.76644897460938, 97.26736450195312, 96.97136688232422]
2026-07-13 21:54:40 [debug    ] Decision loop completed        action=MAINTAIN latency_ms=129.53 p99=134.0
2026-07-13 21:54:55 [debug    ] GRU prediction received        confidence=0.8 latency_ms=7.45 predicted=93
2026-07-13 21:54:55 [debug    ] Using GRU prediction           confidence=0.8 forecast_capacity_signal=93.0 predicted=93 required_steps=6
2026-07-13 21:54:55 [info     ] algorithm2_scaling_decision    action=MAINTAIN alpha=0.060060060060060066 beta=0.0 buffer=1.0 current_replicas=10 predicted_load=93.01228332519531 required_resources=5.586 target_replicas=6
2026-07-13 21:54:55 [info     ] algorithm2_decision            action=MAINTAIN applied_target=6 current_replicas=10 hold_until=1783954585.4 observed_load=79.58 observed_target=5 point_forecasts=[82.69357299804688, 81.62877655029297, 82.79640197753906, 82.26915740966797, 82.28231811523438, 82.42061614990234, 82.4119644165039, 82.03012084960938, 81.38988494873047] prediction_age_sec=0.08 predictive_target=6 proactive=True scenario=s4-hybrid-predictive target_replicas=6 upper_forecasts=[92.33455657958984, 91.91686248779297, 92.53938293457031, 92.8454360961914, 92.5765380859375, 93.01228332519531, 93.36941528320312, 92.69911193847656, 92.50862884521484]
2026-07-13 21:54:55 [debug    ] Decision loop completed        action=MAINTAIN latency_ms=129.72 p99=134.0
2026-07-13 21:55:10 [debug    ] GRU prediction received        confidence=0.8 latency_ms=6.68 predicted=86
2026-07-13 21:55:10 [debug    ] Using GRU prediction           confidence=0.8 forecast_capacity_signal=86.0 predicted=86 required_steps=6
2026-07-13 21:55:10 [info     ] algorithm2_scaling_decision    action=MAINTAIN alpha=0.060060060060060066 beta=0.0 buffer=1.0 current_replicas=10 predicted_load=86.0 required_resources=5.165 target_replicas=6
2026-07-13 21:55:10 [info     ] algorithm2_decision            action=MAINTAIN applied_target=6 current_replicas=10 hold_until=1783954600.6 observed_load=60.97 observed_target=4 point_forecasts=[75.49211120605469, 73.48998260498047, 75.2734375, 73.73587799072266, 74.37542724609375, 74.67607879638672, 75.01370239257812, 74.05810546875, 73.15805053710938] prediction_age_sec=0.07 predictive_target=6 proactive=True scenario=s4-hybrid-predictive target_replicas=6 upper_forecasts=[85.13309478759766, 83.77806854248047, 85.01641845703125, 84.3121566772461, 84.66964721679688, 85.26774597167969, 85.97115325927734, 84.72709655761719, 84.27679443359375]
2026-07-13 21:55:10 [debug    ] Decision loop completed        action=MAINTAIN latency_ms=123.09 p99=134.0
2026-07-13 21:55:25 [debug    ] HAProxy fallback latency       delta_requests=704 interval_avg_ms=64.0 max_rtime_ms=339.0 p99_est=128.0
2026-07-13 21:55:25 [debug    ] GRU prediction received        confidence=0.8 latency_ms=6.09 predicted=80
2026-07-13 21:55:25 [debug    ] Using GRU prediction           confidence=0.8 forecast_capacity_signal=80.0 predicted=80 required_steps=6
2026-07-13 21:55:25 [info     ] algorithm2_scaling_decision    action=MAINTAIN alpha=0.060060060060060066 beta=0.0 buffer=1.0 current_replicas=10 predicted_load=80.0 required_resources=4.805 target_replicas=5
2026-07-13 21:55:25 [info     ] algorithm2_decision            action=MAINTAIN applied_target=5 current_replicas=10 hold_until=1783954615.7 observed_load=48.59 observed_target=3 point_forecasts=[68.97917938232422, 66.87800598144531, 68.90056610107422, 67.31285095214844, 67.89082336425781, 68.37973022460938, 68.76359558105469, 67.48561096191406, 66.66787719726562] prediction_age_sec=0.07 predictive_target=5 proactive=True scenario=s4-hybrid-predictive target_replicas=5 upper_forecasts=[78.62016296386719, 77.16609191894531, 78.64354705810547, 77.88912963867188, 78.18504333496094, 78.97139739990234, 79.7210464477539, 78.15460205078125, 77.78662109375]
2026-07-13 21:55:25 [debug    ] Decision loop completed        action=MAINTAIN latency_ms=124.24 p99=128.0
2026-07-13 21:55:40 [debug    ] HAProxy fallback latency       delta_requests=692 interval_avg_ms=64.0 max_rtime_ms=339.0 p99_est=128.0
2026-07-13 21:55:40 [debug    ] GRU prediction received        confidence=0.8 latency_ms=5.85 predicted=74
2026-07-13 21:55:40 [debug    ] Using GRU prediction           confidence=0.8 forecast_capacity_signal=74.0 predicted=74 required_steps=6
2026-07-13 21:55:40 [info     ] algorithm2_scaling_decision    action=MAINTAIN alpha=0.060060060060060066 beta=0.0 buffer=1.0 current_replicas=10 predicted_load=74.0 required_resources=4.444 target_replicas=5
2026-07-13 21:55:40 [info     ] algorithm2_decision            action=MAINTAIN applied_target=5 current_replicas=10 hold_until=1783954630.8 observed_load=46.15 observed_target=3 point_forecasts=[63.53684997558594, 61.71556854248047, 63.527015686035156, 62.224082946777344, 62.57037353515625, 63.147499084472656, 63.471435546875, 62.122230529785156, 61.49287414550781] prediction_age_sec=0.08 predictive_target=5 proactive=True scenario=s4-hybrid-predictive target_replicas=5 upper_forecasts=[73.1778335571289, 72.00365447998047, 73.2699966430664, 72.80036163330078, 72.86459350585938, 73.73916625976562, 74.42888641357422, 72.79122161865234, 72.61161804199219]
2026-07-13 21:55:40 [debug    ] Decision loop completed        action=MAINTAIN latency_ms=132.37 p99=128.0
2026-07-13 21:55:55 [debug    ] HAProxy fallback latency       delta_requests=653 interval_avg_ms=64.0 max_rtime_ms=339.0 p99_est=128.0
2026-07-13 21:55:55 [debug    ] GRU prediction received        confidence=0.8 latency_ms=6.0 predicted=70
2026-07-13 21:55:55 [debug    ] Using GRU prediction           confidence=0.8 forecast_capacity_signal=70.0 predicted=70 required_steps=6
2026-07-13 21:55:55 [info     ] algorithm2_scaling_decision    action=MAINTAIN alpha=0.060060060060060066 beta=0.0 buffer=1.0 current_replicas=10 predicted_load=70.0 required_resources=4.204 target_replicas=5
2026-07-13 21:55:55 [info     ] algorithm2_decision            action=MAINTAIN applied_target=5 current_replicas=10 hold_until=1783954645.9 observed_load=44.45 observed_target=3 point_forecasts=[58.73037338256836, 57.18421936035156, 58.77720642089844, 57.739837646484375, 57.891754150390625, 58.51936340332031, 58.77110290527344, 57.41190719604492, 56.98016357421875] prediction_age_sec=0.08 predictive_target=5 proactive=True scenario=s4-hybrid-predictive target_replicas=5 upper_forecasts=[68.37135314941406, 67.47230529785156, 68.52018737792969, 68.31611633300781, 68.18597412109375, 69.11103057861328, 69.72855377197266, 68.08090209960938, 68.09890747070312]
2026-07-13 21:55:55 [debug    ] Decision loop completed        action=MAINTAIN latency_ms=122.62 p99=128.0
2026-07-13 21:56:10 [debug    ] HAProxy fallback latency       delta_requests=639 interval_avg_ms=168.19 max_rtime_ms=339.0 p99_est=336.39
2026-07-13 21:56:10 [debug    ] GRU prediction received        confidence=0.8 latency_ms=6.43 predicted=66
2026-07-13 21:56:10 [debug    ] Using GRU prediction           confidence=0.8 forecast_capacity_signal=66.0 predicted=66 required_steps=6
2026-07-13 21:56:11 [info     ] algorithm2_scaling_decision    action=SCALE_DOWN alpha=0.060060060060060066 beta=0.0 buffer=1.0 current_replicas=10 predicted_load=66.0 required_resources=3.964 target_replicas=4
2026-07-13 21:56:11 [info     ] algorithm2_decision            action=SCALE_DOWN applied_target=4 current_replicas=10 hold_until=1783954661.1 observed_load=42.67 observed_target=3 point_forecasts=[54.81272888183594, 53.51401138305664, 54.903602600097656, 54.085872650146484, 54.10712432861328, 54.736942291259766, 54.90399169921875, 53.6104621887207, 53.34446716308594] prediction_age_sec=0.08 predictive_target=4 proactive=True scenario=s4-hybrid-predictive target_replicas=4 upper_forecasts=[64.4537124633789, 63.802093505859375, 64.6465835571289, 64.66215515136719, 64.4013442993164, 65.32861328125, 65.86144256591797, 64.27945709228516, 64.46321105957031]
2026-07-13 21:56:11 [debug    ] Decision loop completed        action=MAINTAIN latency_ms=131.12 p99=336.38810641627543
2026-07-13 21:56:26 [debug    ] HAProxy fallback latency       delta_requests=848 interval_avg_ms=65.0 max_rtime_ms=339.0 p99_est=130.0
2026-07-13 21:56:26 [debug    ] GRU prediction received        confidence=0.8 latency_ms=6.32 predicted=65
2026-07-13 21:56:26 [debug    ] Using GRU prediction           confidence=0.8 forecast_capacity_signal=65.0 predicted=65 required_steps=6
2026-07-13 21:56:26 [info     ] algorithm2_scaling_decision    action=SCALE_DOWN alpha=0.060060060060060066 beta=0.0 buffer=1.0 current_replicas=10 predicted_load=65.0 required_resources=3.904 target_replicas=4
2026-07-13 21:56:26 [info     ] algorithm2_decision            action=SCALE_DOWN applied_target=4 current_replicas=10 hold_until=1783954676.2 observed_load=49.15 observed_target=3 point_forecasts=[54.04954147338867, 53.01150894165039, 54.19011306762695, 53.42193603515625, 53.57527160644531, 54.1029167175293, 54.02556610107422, 53.09403991699219, 52.99188232421875] prediction_age_sec=0.08 predictive_target=4 proactive=True scenario=s4-hybrid-predictive target_replicas=4 upper_forecasts=[63.690521240234375, 63.299591064453125, 63.9330940246582, 63.99821472167969, 63.86949157714844, 64.694580078125, 64.98301696777344, 63.763031005859375, 64.11062622070312]
2026-07-13 21:56:26 [info     ] k8s_scale_executed             deployment=test-app-warm replicas=4
2026-07-13 21:56:26 [debug    ] Decision loop completed        action=MAINTAIN latency_ms=169.33 p99=130.0
2026-07-13 21:56:41 [debug    ] HAProxy fallback latency       delta_requests=1072 interval_avg_ms=320.6 max_rtime_ms=339.0 p99_est=339.0
2026-07-13 21:56:41 [debug    ] GRU prediction received        confidence=0.8 latency_ms=6.07 predicted=67
2026-07-13 21:56:41 [debug    ] Using GRU prediction           confidence=0.8 forecast_capacity_signal=67.1 predicted=67 required_steps=6
2026-07-13 21:56:41 [debug    ] Proactive amplification        amplified=101.7 approach_ratio=1.06 load_trend=6.2 raw_pred=67
2026-07-13 21:56:41 [info     ] Knative pre-warm OK            cold_start_ms=12.0
2026-07-13 21:56:41 [info     ] controller_decision_v3         action=PREDICTIVE available_replicas=4 budget_remaining=988 burn_adjustment=0 burst_ratio=0.0575 capacity_deficit=False confidence=0.8 current_load=70.6648977917767 decision_id=2191769e k8s_capacity=66.6 k8s_weight=94 knative_weight=6 p99=339.0 predicted_load=67 r_effective=16.6 serverless_enabled=True total_load=70.7 weights_after={'k3s': 94, 'knative': 6} weights_before={'k3s': 100, 'knative': 0}
2026-07-13 21:56:41 [info     ] Weights updated                k3s=94 knative=6
2026-07-13 21:56:41 [info     ] Weights updated                action=PREDICTIVE reason='load=71RPS | k8s_cap=67RPS | (prediction-driven)' weights={'k3s': 94, 'knative': 6}
2026-07-13 21:56:41 [info     ] algorithm2_scaling_decision    action=SCALE_UP alpha=0.060060060060060066 beta=0.0 buffer=1.0 current_replicas=4 predicted_load=67.08224487304688 required_resources=4.029 target_replicas=5
2026-07-13 21:56:41 [info     ] algorithm2_decision            action=SCALE_UP applied_target=5 current_replicas=4 hold_until=1783954691.4 observed_load=63.35 observed_target=4 point_forecasts=[56.35396194458008, 55.504066467285156, 56.52125549316406, 55.66271209716797, 56.10847473144531, 56.49058151245117, 56.11265563964844, 55.668846130371094, 55.72956848144531] prediction_age_sec=0.09 predictive_target=5 proactive=True scenario=s4-hybrid-predictive target_replicas=5 upper_forecasts=[65.99494171142578, 65.79215240478516, 66.26423645019531, 66.2389907836914, 66.40269470214844, 67.08224487304688, 67.07010650634766, 66.33783721923828, 66.84831237792969]
2026-07-13 21:56:41 [info     ] k8s_scale_executed             deployment=test-app-warm replicas=5
2026-07-13 21:56:41 [debug    ] Decision loop completed        action=PREDICTIVE latency_ms=182.98 p99=339.0
2026-07-13 21:56:56 [debug    ] HAProxy fallback latency       delta_requests=1079 interval_avg_ms=69.0 max_rtime_ms=339.0 p99_est=138.0
2026-07-13 21:56:56 [debug    ] GRU prediction received        confidence=0.8 latency_ms=6.52 predicted=70
2026-07-13 21:56:56 [debug    ] Using GRU prediction           confidence=0.8 forecast_capacity_signal=70.0 predicted=70 required_steps=6
2026-07-13 21:56:56 [debug    ] Proactive amplification        amplified=105.9 approach_ratio=0.85 load_trend=7.0 raw_pred=70
2026-07-13 21:56:56 [info     ] controller_decision_v3         action=RECOVERY available_replicas=5 budget_remaining=988 burn_adjustment=0 burst_ratio=0 capacity_deficit=False confidence=0.8 current_load=71.0027050363689 decision_id=3f450997 k8s_capacity=83.2 k8s_weight=100 knative_weight=0 p99=138.0 predicted_load=70 r_effective=16.6 serverless_enabled=False total_load=71.0 weights_after={'k3s': 100, 'knative': 0} weights_before={'k3s': 94, 'knative': 6}
2026-07-13 21:56:56 [info     ] Weights updated                k3s=100 knative=0
2026-07-13 21:56:56 [info     ] Weights updated                action=RECOVERY reason='load=71RPS | k8s_cap=83RPS | (reducing-serverless)' weights={'k3s': 100, 'knative': 0}
2026-07-13 21:56:56 [info     ] Scale readiness observed       elapsed_sec=15.2 ewma_delay=50.4 samples=7 target=5
2026-07-13 21:56:56 [info     ] algorithm2_scaling_decision    action=MAINTAIN alpha=0.060060060060060066 beta=0.0 buffer=1.0 current_replicas=5 predicted_load=70.8338014140728 required_resources=4.254 target_replicas=5
2026-07-13 21:56:56 [info     ] algorithm2_decision            action=MAINTAIN applied_target=5 current_replicas=5 hold_until=1783954691.4 observed_load=70.83 observed_target=5 point_forecasts=[59.202964782714844, 58.628883361816406, 59.21310043334961, 58.7039794921875, 58.951454162597656, 59.216888427734375, 58.80292892456055, 58.65885925292969, 58.86939239501953] prediction_age_sec=0.12 predictive_target=5 proactive=False scenario=s4-hybrid-predictive target_replicas=5 upper_forecasts=[68.84394836425781, 68.9169692993164, 68.95608520507812, 69.28025817871094, 69.24567413330078, 69.80855560302734, 69.7603759765625, 69.32785034179688, 69.9881362915039]
2026-07-13 21:56:56 [debug    ] Decision loop completed        action=RECOVERY latency_ms=167.05 p99=138.0
2026-07-13 21:57:11 [debug    ] HAProxy fallback latency       delta_requests=1054 interval_avg_ms=136.01 max_rtime_ms=339.0 p99_est=272.03
2026-07-13 21:57:11 [debug    ] GRU prediction received        confidence=0.8 latency_ms=7.17 predicted=73
2026-07-13 21:57:11 [debug    ] Using GRU prediction           confidence=0.8 forecast_capacity_signal=73.0 predicted=73 required_steps=5
2026-07-13 21:57:11 [debug    ] Proactive amplification        amplified=103.5 approach_ratio=0.83 load_trend=6.8 raw_pred=73
2026-07-13 21:57:11 [info     ] algorithm2_scaling_decision    action=MAINTAIN alpha=0.060060060060060066 beta=0.0 buffer=1.0 current_replicas=5 predicted_load=70.2474553208315 required_resources=4.219 target_replicas=5
2026-07-13 21:57:11 [info     ] algorithm2_decision            action=MAINTAIN applied_target=5 current_replicas=5 hold_until=1783954691.4 observed_load=70.25 observed_target=5 point_forecasts=[61.61683654785156, 61.149436950683594, 61.49919891357422, 61.20616912841797, 61.283233642578125, 61.494842529296875, 61.12919616699219, 61.111976623535156, 61.39870834350586] prediction_age_sec=0.08 predictive_target=5 proactive=False scenario=s4-hybrid-predictive target_replicas=5 upper_forecasts=[71.25782012939453, 71.4375228881836, 71.24217987060547, 71.7824478149414, 71.57745361328125, 72.08650970458984, 72.0866470336914, 71.78096771240234, 72.51744842529297]
2026-07-13 21:57:11 [debug    ] Decision loop completed        action=MAINTAIN latency_ms=128.09 p99=272.02846299810244
2026-07-13 21:57:26 [debug    ] HAProxy fallback latency       delta_requests=1075 interval_avg_ms=3.29 max_rtime_ms=339.0 p99_est=6.59
2026-07-13 21:57:26 [debug    ] GRU prediction received        confidence=0.8 latency_ms=8.32 predicted=75
2026-07-13 21:57:26 [debug    ] Using GRU prediction           confidence=0.8 forecast_capacity_signal=75.0 predicted=75 required_steps=5
2026-07-13 21:57:26 [debug    ] Proactive amplification        amplified=89.7 approach_ratio=0.85 load_trend=3.7 raw_pred=75
2026-07-13 21:57:26 [info     ] algorithm2_scaling_decision    action=MAINTAIN alpha=0.060060060060060066 beta=0.0 buffer=1.0 current_replicas=5 predicted_load=70.24266166317088 required_resources=4.219 target_replicas=5
2026-07-13 21:57:26 [info     ] algorithm2_decision            action=MAINTAIN applied_target=5 current_replicas=5 hold_until=1783954691.4 observed_load=70.24 observed_target=5 point_forecasts=[63.9959716796875, 63.58429718017578, 63.77751159667969, 63.614418029785156, 63.580387115478516, 63.76470947265625, 63.4349365234375, 63.503936767578125, 63.831539154052734] prediction_age_sec=0.08 predictive_target=5 proactive=False scenario=s4-hybrid-predictive target_replicas=5 upper_forecasts=[73.63695526123047, 73.87238311767578, 73.52049255371094, 74.1906967163086, 73.87460327148438, 74.35637664794922, 74.39238739013672, 74.17292785644531, 74.95027923583984]
2026-07-13 21:57:26 [debug    ] Decision loop completed        action=MAINTAIN latency_ms=138.6 p99=6.589767441860465
2026-07-13 21:57:41 [debug    ] HAProxy fallback latency       delta_requests=1144 interval_avg_ms=69.0 max_rtime_ms=339.0 p99_est=138.0
2026-07-13 21:57:41 [debug    ] GRU prediction received        confidence=0.8 latency_ms=5.77 predicted=78
2026-07-13 21:57:41 [debug    ] Using GRU prediction           confidence=0.8 forecast_capacity_signal=78.0 predicted=78 required_steps=5
2026-07-13 21:57:41 [info     ] algorithm2_scaling_decision    action=MAINTAIN alpha=0.060060060060060066 beta=0.0 buffer=1.0 current_replicas=5 predicted_load=73.28045164981637 required_resources=4.401 target_replicas=5
2026-07-13 21:57:41 [info     ] algorithm2_decision            action=MAINTAIN applied_target=5 current_replicas=5 hold_until=1783954691.4 observed_load=73.28 observed_target=5 point_forecasts=[66.92166137695312, 66.66790771484375, 66.61256408691406, 66.63751220703125, 66.4643783569336, 66.61742401123047, 66.28260803222656, 66.50818634033203, 66.8885498046875] prediction_age_sec=0.08 predictive_target=5 proactive=False scenario=s4-hybrid-predictive target_replicas=5 upper_forecasts=[76.5626449584961, 76.95599365234375, 76.35554504394531, 77.21379089355469, 76.75859832763672, 77.20909118652344, 77.24005889892578, 77.17717742919922, 78.00729370117188]
2026-07-13 21:57:41 [debug    ] Decision loop completed        action=MAINTAIN latency_ms=130.54 p99=138.0
2026-07-13 21:57:57 [debug    ] HAProxy fallback latency       delta_requests=1417 interval_avg_ms=173.83 max_rtime_ms=339.0 p99_est=339.0
2026-07-13 21:57:57 [debug    ] GRU prediction received        confidence=0.8 latency_ms=6.11 predicted=86
2026-07-13 21:57:57 [debug    ] Using GRU prediction           confidence=0.8 forecast_capacity_signal=86.0 predicted=86 required_steps=5
2026-07-13 21:57:57 [debug    ] Proactive amplification        amplified=122.0 approach_ratio=1.12 load_trend=5.7 raw_pred=86
2026-07-13 21:57:57 [info     ] Knative pre-warm OK            cold_start_ms=2.6
2026-07-13 21:57:57 [info     ] controller_decision_v3         action=PREDICTIVE available_replicas=5 budget_remaining=986 burn_adjustment=0 burst_ratio=0.111 capacity_deficit=False confidence=0.8 current_load=93.64931816179599 decision_id=5f2dfb69 k8s_capacity=83.2 k8s_weight=88 knative_weight=12 p99=339.0 predicted_load=86 r_effective=16.6 serverless_enabled=True total_load=93.6 weights_after={'k3s': 88, 'knative': 12} weights_before={'k3s': 100, 'knative': 0}
2026-07-13 21:57:57 [info     ] Weights updated                k3s=88 knative=12
2026-07-13 21:57:57 [info     ] Weights updated                action=PREDICTIVE reason='load=94RPS | k8s_cap=83RPS | (prediction-driven)' weights={'k3s': 88, 'knative': 12}
2026-07-13 21:57:57 [info     ] algorithm2_scaling_decision    action=SCALE_UP alpha=0.060060060060060066 beta=0.0 buffer=1.0 current_replicas=5 predicted_load=84.60855187019057 required_resources=5.082 target_replicas=6
2026-07-13 21:57:57 [info     ] algorithm2_decision            action=SCALE_UP applied_target=6 current_replicas=5 hold_until=1783954691.4 observed_load=84.61 observed_target=6 point_forecasts=[73.84599304199219, 74.52497100830078, 73.82066345214844, 74.75234985351562, 73.83319091796875, 73.95294952392578, 73.04496765136719, 74.07659149169922, 74.97378540039062] prediction_age_sec=0.08 predictive_target=6 proactive=False scenario=s4-hybrid-predictive target_replicas=6 upper_forecasts=[83.48697662353516, 84.81305694580078, 83.56364440917969, 85.32862854003906, 84.12741088867188, 84.54461669921875, 84.0024185180664, 84.7455825805664, 86.092529296875]
2026-07-13 21:57:57 [info     ] k8s_scale_executed             deployment=test-app-warm replicas=6
2026-07-13 21:57:57 [debug    ] Decision loop completed        action=PREDICTIVE latency_ms=168.99 p99=339.0
2026-07-13 21:58:12 [debug    ] HAProxy fallback latency       delta_requests=1644 interval_avg_ms=24.82 max_rtime_ms=339.0 p99_est=49.65
2026-07-13 21:58:12 [debug    ] GRU prediction received        confidence=0.8 latency_ms=5.93 predicted=96
2026-07-13 21:58:12 [debug    ] Using GRU prediction           confidence=0.8 forecast_capacity_signal=96.0 predicted=96 required_steps=5
2026-07-13 21:58:12 [debug    ] Proactive amplification        amplified=156.8 approach_ratio=1.08 load_trend=9.7 raw_pred=96
2026-07-13 21:58:12 [info     ] controller_decision_v3         action=RECOVERY available_replicas=6 budget_remaining=986 burn_adjustment=0 burst_ratio=0.0777 capacity_deficit=False confidence=0.8 current_load=108.31272653360716 decision_id=0a895998 k8s_capacity=99.9 k8s_weight=92 knative_weight=8 p99=49.6 predicted_load=96 r_effective=16.6 serverless_enabled=True total_load=108.3 weights_after={'k3s': 92, 'knative': 8} weights_before={'k3s': 88, 'knative': 12}
2026-07-13 21:58:12 [info     ] Weights updated                k3s=92 knative=8
2026-07-13 21:58:12 [info     ] Weights updated                action=RECOVERY reason='load=108RPS | k8s_cap=100RPS | (reducing-serverless)' weights={'k3s': 92, 'knative': 8}
2026-07-13 21:58:12 [info     ] Scale readiness observed       elapsed_sec=15.2 ewma_delay=39.9 samples=8 target=6
2026-07-13 21:58:12 [info     ] algorithm2_scaling_decision    action=SCALE_UP alpha=0.060060060060060066 beta=0.0 buffer=1.0 current_replicas=6 predicted_load=100.98102234770158 required_resources=6.065 target_replicas=7
2026-07-13 21:58:12 [info     ] algorithm2_decision            action=SCALE_UP applied_target=7 current_replicas=6 hold_until=1783954691.4 observed_load=100.98 observed_target=7 point_forecasts=[82.60745239257812, 84.16558074951172, 83.294189453125, 85.20426940917969, 83.46729278564453, 83.55648040771484, 82.06128692626953, 83.68521118164062, 85.016357421875] prediction_age_sec=0.12 predictive_target=6 proactive=False scenario=s4-hybrid-predictive target_replicas=7 upper_forecasts=[92.2484359741211, 94.45366668701172, 93.03717041015625, 95.78054809570312, 93.76151275634766, 94.14814758300781, 93.01873779296875, 94.35420227050781, 96.13510131835938]
2026-07-13 21:58:12 [info     ] k8s_scale_executed             deployment=test-app-warm replicas=7
2026-07-13 21:58:12 [debug    ] Decision loop completed        action=RECOVERY latency_ms=232.59 p99=49.648418491484186
2026-07-13 21:58:27 [debug    ] HAProxy fallback latency       delta_requests=1438 interval_avg_ms=16.21 max_rtime_ms=339.0 p99_est=32.42
2026-07-13 21:58:27 [debug    ] GRU prediction received        confidence=0.8 latency_ms=6.0 predicted=100
2026-07-13 21:58:27 [debug    ] Using GRU prediction           confidence=0.8 forecast_capacity_signal=100.1 predicted=100 required_steps=4
2026-07-13 21:58:27 [debug    ] Proactive amplification        amplified=123.8 approach_ratio=0.81 load_trend=5.9 raw_pred=100
2026-07-13 21:58:27 [info     ] controller_decision_v3         action=RECOVERY available_replicas=7 budget_remaining=986 burn_adjustment=0 burst_ratio=0 capacity_deficit=False confidence=0.8 current_load=94.46832307834956 decision_id=075d0cc9 k8s_capacity=116.5 k8s_weight=100 knative_weight=0 p99=32.4 predicted_load=100 r_effective=16.6 serverless_enabled=False total_load=94.5 weights_after={'k3s': 100, 'knative': 0} weights_before={'k3s': 92, 'knative': 8}
2026-07-13 21:58:27 [info     ] Weights updated                k3s=100 knative=0
2026-07-13 21:58:27 [info     ] Weights updated                action=RECOVERY reason='load=94RPS | k8s_cap=117RPS | (reducing-serverless)' weights={'k3s': 100, 'knative': 0}
2026-07-13 21:58:27 [info     ] Scale readiness observed       elapsed_sec=15.2 ewma_delay=32.5 samples=9 target=7
2026-07-13 21:58:27 [info     ] algorithm2_scaling_decision    action=MAINTAIN alpha=0.060060060060060066 beta=0.0 buffer=1.0 current_replicas=7 predicted_load=101.39052480597836 required_resources=6.09 target_replicas=7
2026-07-13 21:58:27 [info     ] algorithm2_decision            action=MAINTAIN applied_target=7 current_replicas=7 hold_until=1783954691.4 observed_load=101.39 observed_target=7 point_forecasts=[86.9773941040039, 88.40559387207031, 87.9069595336914, 89.49067687988281, 87.82957458496094, 87.97703552246094, 86.67445373535156, 88.01725769042969, 89.03455352783203] prediction_age_sec=0.12 predictive_target=7 proactive=False scenario=s4-hybrid-predictive target_replicas=7 upper_forecasts=[96.61837768554688, 98.69367980957031, 97.64994049072266, 100.06695556640625, 98.12379455566406, 98.5687026977539, 97.63190460205078, 98.68624877929688, 100.1532974243164]
2026-07-13 21:58:27 [debug    ] Decision loop completed        action=RECOVERY latency_ms=170.09 p99=32.41863699582754
2026-07-13 21:58:42 [debug    ] GRU prediction received        confidence=0.8 latency_ms=6.23 predicted=99
2026-07-13 21:58:42 [debug    ] Using GRU prediction           confidence=0.8 forecast_capacity_signal=99.0 predicted=99 required_steps=4
2026-07-13 21:58:42 [info     ] algorithm2_scaling_decision    action=MAINTAIN alpha=0.060060060060060066 beta=0.0 buffer=1.0 current_replicas=7 predicted_load=85.663518428884 required_resources=5.145 target_replicas=6
2026-07-13 21:58:42 [info     ] algorithm2_decision            action=MAINTAIN applied_target=6 current_replicas=7 hold_until=1783954691.4 observed_load=85.66 observed_target=6 point_forecasts=[86.14186096191406, 87.06416320800781, 87.00254821777344, 87.95508575439453, 86.75225830078125, 86.94591522216797, 85.9700698852539, 86.91182708740234, 87.34242248535156] prediction_age_sec=0.08 predictive_target=6 proactive=False scenario=s4-hybrid-predictive target_replicas=6 upper_forecasts=[95.78284454345703, 97.35224914550781, 96.74552917480469, 98.53136444091797, 97.04647827148438, 97.53758239746094, 96.92752075195312, 97.58081817626953, 98.46116638183594]
2026-07-13 21:58:42 [debug    ] Decision loop completed        action=MAINTAIN latency_ms=129.07 p99=32.41863699582754
2026-07-13 21:58:57 [debug    ] GRU prediction received        confidence=0.8 latency_ms=6.19 predicted=92
2026-07-13 21:58:57 [debug    ] Using GRU prediction           confidence=0.8 forecast_capacity_signal=92.3 predicted=92 required_steps=4
2026-07-13 21:58:57 [info     ] algorithm2_scaling_decision    action=MAINTAIN alpha=0.060060060060060066 beta=0.0 buffer=1.0 current_replicas=7 predicted_load=92.3249282836914 required_resources=5.545 target_replicas=6
2026-07-13 21:58:57 [info     ] algorithm2_decision            action=MAINTAIN applied_target=6 current_replicas=7 hold_until=1783954827.8 observed_load=68.27 observed_target=5 point_forecasts=[81.38268280029297, 81.07963562011719, 81.54686737060547, 81.74864959716797, 81.07818603515625, 81.32451629638672, 80.87287902832031, 81.12902069091797, 81.12190246582031] prediction_age_sec=0.08 predictive_target=6 proactive=True scenario=s4-hybrid-predictive target_replicas=6 upper_forecasts=[91.02366638183594, 91.36772155761719, 91.28984832763672, 92.3249282836914, 91.37240600585938, 91.91618347167969, 91.83032989501953, 91.79801177978516, 92.24064636230469]
2026-07-13 21:58:57 [debug    ] Decision loop completed        action=MAINTAIN latency_ms=128.23 p99=32.41863699582754
2026-07-13 21:59:12 [debug    ] GRU prediction received        confidence=0.8 latency_ms=5.96 predicted=84
2026-07-13 21:59:12 [debug    ] Using GRU prediction           confidence=0.8 forecast_capacity_signal=84.0 predicted=84 required_steps=4
2026-07-13 21:59:12 [info     ] algorithm2_scaling_decision    action=MAINTAIN alpha=0.060060060060060066 beta=0.0 buffer=1.0 current_replicas=7 predicted_load=84.0 required_resources=5.045 target_replicas=6
2026-07-13 21:59:12 [info     ] algorithm2_decision            action=MAINTAIN applied_target=6 current_replicas=7 hold_until=1783954842.9 observed_load=52.52 observed_target=4 point_forecasts=[73.564453125, 71.86027526855469, 73.32988739013672, 72.02490997314453, 72.43643951416016, 72.78911590576172, 73.0057601928711, 72.23420715332031, 71.63111877441406] prediction_age_sec=0.08 predictive_target=6 proactive=True scenario=s4-hybrid-predictive target_replicas=6 upper_forecasts=[83.20543670654297, 82.14836120605469, 83.07286834716797, 82.60118865966797, 82.73065948486328, 83.38078308105469, 83.96321105957031, 82.9031982421875, 82.74986267089844]
2026-07-13 21:59:12 [debug    ] Decision loop completed        action=MAINTAIN latency_ms=130.2 p99=32.41863699582754
2026-07-13 21:59:27 [debug    ] GRU prediction received        confidence=0.8 latency_ms=6.69 predicted=78
2026-07-13 21:59:27 [debug    ] Using GRU prediction           confidence=0.8 forecast_capacity_signal=78.0 predicted=78 required_steps=4
2026-07-13 21:59:28 [info     ] algorithm2_scaling_decision    action=MAINTAIN alpha=0.060060060060060066 beta=0.0 buffer=1.0 current_replicas=7 predicted_load=78.0 required_resources=4.685 target_replicas=5
2026-07-13 21:59:28 [info     ] algorithm2_decision            action=MAINTAIN applied_target=5 current_replicas=7 hold_until=1783954858.1 observed_load=44.42 observed_target=3 point_forecasts=[67.08543395996094, 65.11766815185547, 67.03414916992188, 65.51642608642578, 66.03800964355469, 66.57736206054688, 66.84322357177734, 65.6814956665039, 65.05782318115234] prediction_age_sec=0.08 predictive_target=5 proactive=True scenario=s4-hybrid-predictive target_replicas=5 upper_forecasts=[76.7264175415039, 75.40575408935547, 76.77713012695312, 76.09270477294922, 76.33222961425781, 77.16902923583984, 77.80067443847656, 76.3504867553711, 76.17656707763672]
2026-07-13 21:59:28 [debug    ] Decision loop completed        action=MAINTAIN latency_ms=124.57 p99=32.41863699582754
2026-07-13 21:59:43 [debug    ] HAProxy fallback latency       delta_requests=674 interval_avg_ms=64.0 max_rtime_ms=339.0 p99_est=128.0
2026-07-13 21:59:43 [debug    ] GRU prediction received        confidence=0.8 latency_ms=5.81 predicted=73
2026-07-13 21:59:43 [debug    ] Using GRU prediction           confidence=0.8 forecast_capacity_signal=73.0 predicted=73 required_steps=4
2026-07-13 21:59:43 [info     ] algorithm2_scaling_decision    action=MAINTAIN alpha=0.060060060060060066 beta=0.0 buffer=1.0 current_replicas=7 predicted_load=73.0 required_resources=4.384 target_replicas=5
2026-07-13 21:59:43 [info     ] algorithm2_decision            action=MAINTAIN applied_target=5 current_replicas=7 hold_until=1783954873.2 observed_load=43.99 observed_target=3 point_forecasts=[61.94855499267578, 60.2388916015625, 61.957672119140625, 60.71829605102539, 61.02235412597656, 61.63494110107422, 61.86716842651367, 60.5950927734375, 60.1312370300293] prediction_age_sec=0.08 predictive_target=5 proactive=True scenario=s4-hybrid-predictive target_replicas=5 upper_forecasts=[71.58953857421875, 70.5269775390625, 71.70065307617188, 71.29457092285156, 71.31657409667969, 72.22660827636719, 72.82461547851562, 71.26408386230469, 71.2499771118164]
2026-07-13 21:59:43 [debug    ] Decision loop completed        action=MAINTAIN latency_ms=127.53 p99=128.0
2026-07-13 21:59:58 [debug    ] HAProxy fallback latency       delta_requests=785 interval_avg_ms=168.74 max_rtime_ms=339.0 p99_est=337.48
2026-07-13 21:59:58 [debug    ] GRU prediction received        confidence=0.8 latency_ms=6.84 predicted=70
2026-07-13 21:59:58 [debug    ] Using GRU prediction           confidence=0.8 forecast_capacity_signal=70.0 predicted=70 required_steps=4
2026-07-13 21:59:58 [info     ] algorithm2_scaling_decision    action=MAINTAIN alpha=0.060060060060060066 beta=0.0 buffer=1.0 current_replicas=7 predicted_load=70.0 required_resources=4.204 target_replicas=5
2026-07-13 21:59:58 [info     ] algorithm2_decision            action=MAINTAIN applied_target=5 current_replicas=7 hold_until=1783954888.3 observed_load=48.19 observed_target=3 point_forecasts=[58.99931335449219, 57.594871520996094, 59.08517837524414, 58.01764678955078, 58.29283142089844, 58.875823974609375, 58.94932556152344, 57.83690643310547, 57.54247283935547] prediction_age_sec=0.08 predictive_target=5 proactive=True scenario=s4-hybrid-predictive target_replicas=5 upper_forecasts=[68.64029693603516, 67.8829574584961, 68.82815551757812, 68.59392547607422, 68.58705139160156, 69.46749114990234, 69.90677642822266, 68.50589752197266, 68.66121673583984]
2026-07-13 21:59:58 [debug    ] Decision loop completed        action=MAINTAIN latency_ms=131.27 p99=337.4777070063694
2026-07-13 22:00:13 [debug    ] HAProxy fallback latency       delta_requests=852 interval_avg_ms=162.5 max_rtime_ms=339.0 p99_est=325.0
2026-07-13 22:00:13 [debug    ] GRU prediction received        confidence=0.8 latency_ms=5.8 predicted=69
2026-07-13 22:00:13 [debug    ] Using GRU prediction           confidence=0.8 forecast_capacity_signal=69.0 predicted=69 required_steps=4
2026-07-13 22:00:13 [info     ] algorithm2_scaling_decision    action=MAINTAIN alpha=0.060060060060060066 beta=0.0 buffer=1.0 current_replicas=7 predicted_load=69.0 required_resources=4.144 target_replicas=5
2026-07-13 22:00:13 [info     ] algorithm2_decision            action=MAINTAIN applied_target=5 current_replicas=7 hold_until=1783954903.5 observed_load=54.1 observed_target=4 point_forecasts=[57.642982482910156, 56.4637451171875, 57.77063751220703, 56.801761627197266, 57.111385345458984, 57.63780212402344, 57.552162170410156, 56.655235290527344, 56.50700378417969] prediction_age_sec=0.08 predictive_target=5 proactive=True scenario=s4-hybrid-predictive target_replicas=5 upper_forecasts=[67.28396606445312, 66.7518310546875, 67.51361846923828, 67.37803649902344, 67.40560913085938, 68.2294692993164, 68.50961303710938, 67.32422637939453, 67.62574768066406]
2026-07-13 22:00:13 [debug    ] Decision loop completed        action=MAINTAIN latency_ms=130.89 p99=325.00469483568077
2026-07-13 22:00:28 [debug    ] GRU prediction received        confidence=0.8 latency_ms=5.99 predicted=66
2026-07-13 22:00:28 [debug    ] Using GRU prediction           confidence=0.8 forecast_capacity_signal=66.0 predicted=66 required_steps=4
2026-07-13 22:00:28 [info     ] algorithm2_scaling_decision    action=MAINTAIN alpha=0.060060060060060066 beta=0.0 buffer=1.0 current_replicas=7 predicted_load=69.0 required_resources=4.144 target_replicas=5
2026-07-13 22:00:28 [info     ] algorithm2_decision            action=MAINTAIN applied_target=5 current_replicas=7 hold_until=1783954903.5 observed_load=51.42 observed_target=4 point_forecasts=[55.25128936767578, 54.16257095336914, 55.380680084228516, 54.568275451660156, 54.74839782714844, 55.26551055908203, 55.199275970458984, 54.29439163208008, 54.196556091308594] prediction_age_sec=0.07 predictive_target=4 proactive=True scenario=s4-hybrid-predictive target_replicas=5 upper_forecasts=[64.89227294921875, 64.45065307617188, 65.1236572265625, 65.1445541381836, 65.04261779785156, 65.857177734375, 66.15672302246094, 64.96338653564453, 65.31529998779297]
2026-07-13 22:00:28 [debug    ] Decision loop completed        action=MAINTAIN latency_ms=122.99 p99=325.00469483568077
2026-07-13 22:00:43 [debug    ] HAProxy fallback latency       delta_requests=575 interval_avg_ms=65.0 max_rtime_ms=339.0 p99_est=130.0
2026-07-13 22:00:43 [debug    ] GRU prediction received        confidence=0.8 latency_ms=6.36 predicted=63
2026-07-13 22:00:43 [debug    ] Using GRU prediction           confidence=0.8 forecast_capacity_signal=63.0 predicted=63 required_steps=4
2026-07-13 22:00:43 [info     ] algorithm2_scaling_decision    action=MAINTAIN alpha=0.060060060060060066 beta=0.0 buffer=1.0 current_replicas=7 predicted_load=63.0 required_resources=3.784 target_replicas=4
2026-07-13 22:00:43 [info     ] algorithm2_decision            action=MAINTAIN applied_target=4 current_replicas=7 hold_until=1783954933.7 observed_load=42.27 observed_target=3 point_forecasts=[51.93104553222656, 50.89744186401367, 52.04877853393555, 51.42606735229492, 51.4096794128418, 51.9468879699707, 51.95743179321289, 50.94353103637695, 50.881229400634766] prediction_age_sec=0.08 predictive_target=4 proactive=True scenario=s4-hybrid-predictive target_replicas=4 upper_forecasts=[61.57202911376953, 61.185523986816406, 61.7917594909668, 62.00234603881836, 61.70389938354492, 62.53855514526367, 62.914878845214844, 61.612525939941406, 61.999969482421875]
2026-07-13 22:00:43 [debug    ] Decision loop completed        action=MAINTAIN latency_ms=128.17 p99=130.0
2026-07-13 22:00:58 [debug    ] HAProxy fallback latency       delta_requests=586 interval_avg_ms=65.0 max_rtime_ms=339.0 p99_est=130.0
2026-07-13 22:00:58 [debug    ] GRU prediction received        confidence=0.8 latency_ms=6.35 predicted=60
2026-07-13 22:00:58 [debug    ] Using GRU prediction           confidence=0.8 forecast_capacity_signal=60.0 predicted=60 required_steps=4
2026-07-13 22:00:58 [info     ] algorithm2_scaling_decision    action=MAINTAIN alpha=0.060060060060060066 beta=0.0 buffer=1.0 current_replicas=7 predicted_load=60.0 required_resources=3.604 target_replicas=4
2026-07-13 22:00:58 [info     ] algorithm2_decision            action=MAINTAIN applied_target=4 current_replicas=7 hold_until=1783954948.8 observed_load=38.38 observed_target=3 point_forecasts=[49.243621826171875, 48.310543060302734, 49.3650016784668, 48.8826904296875, 48.77112579345703, 49.28635787963867, 49.29322052001953, 48.29515075683594, 48.27956008911133] prediction_age_sec=0.08 predictive_target=4 proactive=True scenario=s4-hybrid-predictive target_replicas=4 upper_forecasts=[58.884605407714844, 58.59862518310547, 59.10798263549805, 59.45896911621094, 59.065345764160156, 59.87802505493164, 60.25067138671875, 58.964141845703125, 59.39830017089844]
2026-07-13 22:00:58 [debug    ] Decision loop completed        action=MAINTAIN latency_ms=128.15 p99=130.0
2026-07-13 22:01:13 [debug    ] HAProxy fallback latency       delta_requests=609 interval_avg_ms=65.0 max_rtime_ms=339.0 p99_est=130.0
2026-07-13 22:01:13 [debug    ] GRU prediction received        confidence=0.8 latency_ms=5.73 predicted=58
2026-07-13 22:01:13 [debug    ] Using GRU prediction           confidence=0.8 forecast_capacity_signal=58.0 predicted=58 required_steps=4
2026-07-13 22:01:13 [info     ] algorithm2_scaling_decision    action=MAINTAIN alpha=0.060060060060060066 beta=0.0 buffer=1.0 current_replicas=7 predicted_load=58.0 required_resources=3.483 target_replicas=4
2026-07-13 22:01:13 [info     ] algorithm2_decision            action=MAINTAIN applied_target=4 current_replicas=7 hold_until=1783954964.0 observed_load=39.5 observed_target=3 point_forecasts=[47.3128547668457, 46.48577880859375, 47.43854904174805, 47.06303787231445, 46.91625213623047, 47.37761688232422, 47.34794616699219, 46.43753433227539, 46.463706970214844] prediction_age_sec=0.08 predictive_target=4 proactive=True scenario=s4-hybrid-predictive target_replicas=4 upper_forecasts=[56.953834533691406, 56.773860931396484, 57.1815299987793, 57.63931655883789, 57.210472106933594, 57.96928405761719, 58.305397033691406, 57.106529235839844, 57.58244705200195]
2026-07-13 22:01:13 [debug    ] Decision loop completed        action=MAINTAIN latency_ms=128.45 p99=130.0
2026-07-13 22:01:29 [debug    ] GRU prediction received        confidence=0.8 latency_ms=6.22 predicted=57
2026-07-13 22:01:29 [debug    ] Using GRU prediction           confidence=0.8 forecast_capacity_signal=57.0 predicted=57 required_steps=4
2026-07-13 22:01:29 [info     ] algorithm2_scaling_decision    action=MAINTAIN alpha=0.060060060060060066 beta=0.0 buffer=1.0 current_replicas=7 predicted_load=57.0 required_resources=3.423 target_replicas=4
2026-07-13 22:01:29 [info     ] algorithm2_decision            action=MAINTAIN applied_target=4 current_replicas=7 hold_until=1783954979.1 observed_load=40.98 observed_target=3 point_forecasts=[46.048763275146484, 45.30616760253906, 46.167945861816406, 45.87388610839844, 45.719520568847656, 46.12116622924805, 46.0482063293457, 45.24240493774414, 45.316349029541016] prediction_age_sec=0.08 predictive_target=4 proactive=True scenario=s4-hybrid-predictive target_replicas=4 upper_forecasts=[55.68974304199219, 55.5942497253418, 55.910926818847656, 56.450164794921875, 56.01374053955078, 56.712833404541016, 57.005653381347656, 55.911399841308594, 56.435089111328125]
2026-07-13 22:01:29 [debug    ] Decision loop completed        action=MAINTAIN latency_ms=131.83 p99=130.0
2026-07-13 22:01:44 [debug    ] HAProxy fallback latency       delta_requests=669 interval_avg_ms=193.81 max_rtime_ms=339.0 p99_est=339.0
2026-07-13 22:01:44 [debug    ] GRU prediction received        confidence=0.8 latency_ms=6.08 predicted=56
2026-07-13 22:01:44 [debug    ] Using GRU prediction           confidence=0.8 forecast_capacity_signal=56.0 predicted=56 required_steps=4
2026-07-13 22:01:44 [info     ] algorithm2_scaling_decision    action=MAINTAIN alpha=0.060060060060060066 beta=0.0 buffer=1.0 current_replicas=7 predicted_load=56.0 required_resources=3.363 target_replicas=4
2026-07-13 22:01:44 [info     ] algorithm2_decision            action=MAINTAIN applied_target=4 current_replicas=7 hold_until=1783954994.2 observed_load=42.96 observed_target=3 point_forecasts=[45.515262603759766, 44.8409423828125, 45.626068115234375, 45.37849426269531, 45.25245666503906, 45.588314056396484, 45.4594612121582, 44.78306579589844, 44.90279006958008] prediction_age_sec=0.08 predictive_target=4 proactive=True scenario=s4-hybrid-predictive target_replicas=4 upper_forecasts=[55.15624237060547, 55.129024505615234, 55.369049072265625, 55.95477294921875, 55.54667663574219, 56.17998123168945, 56.416908264160156, 55.452056884765625, 56.02153015136719]
2026-07-13 22:01:44 [debug    ] Decision loop completed        action=MAINTAIN latency_ms=127.39 p99=339.0
2026-07-13 22:01:59 [debug    ] GRU prediction received        confidence=0.8 latency_ms=6.05 predicted=57
2026-07-13 22:01:59 [debug    ] Using GRU prediction           confidence=0.8 forecast_capacity_signal=57.0 predicted=57 required_steps=4
2026-07-13 22:01:59 [info     ] algorithm2_scaling_decision    action=MAINTAIN alpha=0.060060060060060066 beta=0.0 buffer=1.0 current_replicas=7 predicted_load=57.0 required_resources=3.423 target_replicas=4
2026-07-13 22:01:59 [info     ] algorithm2_decision            action=MAINTAIN applied_target=4 current_replicas=7 hold_until=1783955009.4 observed_load=46.86 observed_target=3 point_forecasts=[46.0699577331543, 45.45454025268555, 46.174659729003906, 45.91680145263672, 45.8830680847168, 46.146026611328125, 45.92454528808594, 45.42991638183594, 45.60283279418945] prediction_age_sec=0.08 predictive_target=4 proactive=True scenario=s4-hybrid-predictive target_replicas=4 upper_forecasts=[55.7109375, 55.74262237548828, 55.917640686035156, 56.493080139160156, 56.17728805541992, 56.737693786621094, 56.881996154785156, 56.098907470703125, 56.72157287597656]
2026-07-13 22:01:59 [debug    ] Decision loop completed        action=MAINTAIN latency_ms=127.77 p99=339.0
2026-07-13 22:02:14 [debug    ] HAProxy fallback latency       delta_requests=247 interval_avg_ms=64.0 max_rtime_ms=339.0 p99_est=128.0
2026-07-13 22:02:14 [debug    ] GRU prediction received        confidence=0.8 latency_ms=5.49 predicted=52
2026-07-13 22:02:14 [debug    ] Using GRU prediction           confidence=0.8 forecast_capacity_signal=52.0 predicted=52 required_steps=4
2026-07-13 22:02:14 [info     ] algorithm2_scaling_decision    action=MAINTAIN alpha=0.060060060060060066 beta=0.0 buffer=1.0 current_replicas=7 predicted_load=52.0 required_resources=3.123 target_replicas=4
2026-07-13 22:02:14 [info     ] algorithm2_decision            action=MAINTAIN applied_target=4 current_replicas=7 hold_until=1783955024.5 observed_load=32.99 observed_target=3 point_forecasts=[41.301673889160156, 40.577232360839844, 41.35429000854492, 41.398406982421875, 40.93247604370117, 41.2906494140625, 41.4183235168457, 40.43101501464844, 40.55631637573242] prediction_age_sec=0.07 predictive_target=4 proactive=True scenario=s4-hybrid-predictive target_replicas=4 upper_forecasts=[50.942657470703125, 50.86531448364258, 51.09727096557617, 51.97468566894531, 51.2266960144043, 51.88231658935547, 52.375770568847656, 51.100006103515625, 51.67505645751953]
2026-07-13 22:02:14 [debug    ] Decision loop completed        action=MAINTAIN latency_ms=120.45 p99=128.0
2026-07-13 22:02:29 [debug    ] GRU prediction received        confidence=0.8 latency_ms=6.56 predicted=46
2026-07-13 22:02:29 [debug    ] Using GRU prediction           confidence=0.8 forecast_capacity_signal=46.0 predicted=46 required_steps=4
2026-07-13 22:02:29 [info     ] algorithm2_scaling_decision    action=MAINTAIN alpha=0.060060060060060066 beta=0.0 buffer=1.0 current_replicas=7 predicted_load=52.0 required_resources=3.123 target_replicas=4
2026-07-13 22:02:29 [info     ] algorithm2_decision            action=MAINTAIN applied_target=4 current_replicas=7 hold_until=1783955024.5 observed_load=8.23 observed_target=3 point_forecasts=[34.57611083984375, 33.8104133605957, 34.57859420776367, 34.968666076660156, 34.04230499267578, 34.53268814086914, 34.978363037109375, 33.48387908935547, 33.60280990600586] prediction_age_sec=0.08 predictive_target=3 proactive=True scenario=s4-hybrid-predictive target_replicas=4 upper_forecasts=[44.21709442138672, 44.09849548339844, 44.32157516479492, 45.544944763183594, 44.336524963378906, 45.12435531616211, 45.935813903808594, 44.152870178222656, 44.72154998779297]
2026-07-13 22:02:29 [debug    ] Decision loop completed        action=MAINTAIN latency_ms=133.5 p99=128.0
2026-07-13 22:02:44 [debug    ] GRU prediction received        confidence=0.8 latency_ms=5.96 predicted=40
2026-07-13 22:02:44 [debug    ] Using GRU prediction           confidence=0.8 forecast_capacity_signal=40.1 predicted=40 required_steps=4
2026-07-13 22:02:44 [info     ] algorithm2_scaling_decision    action=MAINTAIN alpha=0.060060060060060066 beta=0.0 buffer=1.0 current_replicas=7 predicted_load=52.0 required_resources=3.123 target_replicas=4
2026-07-13 22:02:44 [info     ] algorithm2_decision            action=MAINTAIN applied_target=4 current_replicas=7 hold_until=1783955024.5 observed_load=0.0 observed_target=3 point_forecasts=[28.856510162353516, 28.18954849243164, 28.8529052734375, 29.50457763671875, 28.337841033935547, 28.813369750976562, 29.38623809814453, 27.761184692382812, 27.82757568359375] prediction_age_sec=0.07 predictive_target=3 proactive=True scenario=s4-hybrid-predictive target_replicas=4 upper_forecasts=[38.49748992919922, 38.477630615234375, 38.59588623046875, 40.08085632324219, 38.63206100463867, 39.40503692626953, 40.34368896484375, 38.43017578125, 38.94631576538086]
2026-07-13 22:02:44 [debug    ] Decision loop completed        action=MAINTAIN latency_ms=126.55 p99=128.0
2026-07-13 22:02:59 [debug    ] GRU prediction received        confidence=0.8 latency_ms=6.16 predicted=36
2026-07-13 22:02:59 [debug    ] Using GRU prediction           confidence=0.8 forecast_capacity_signal=36.0 predicted=36 required_steps=4
2026-07-13 22:02:59 [info     ] algorithm2_scaling_decision    action=MAINTAIN alpha=0.060060060060060066 beta=0.0 buffer=1.0 current_replicas=7 predicted_load=52.0 required_resources=3.123 target_replicas=4
2026-07-13 22:02:59 [info     ] algorithm2_decision            action=MAINTAIN applied_target=4 current_replicas=7 hold_until=1783955024.5 observed_load=0.0 observed_target=3 point_forecasts=[24.12594223022461, 23.57984161376953, 24.105281829833984, 25.000442504882812, 23.682106018066406, 24.05301284790039, 24.685928344726562, 23.094646453857422, 23.10797882080078] prediction_age_sec=0.08 predictive_target=3 proactive=True scenario=s4-hybrid-predictive target_replicas=4 upper_forecasts=[33.76692199707031, 33.867923736572266, 33.848262786865234, 35.57672119140625, 33.97632598876953, 34.64468002319336, 35.64337921142578, 33.763641357421875, 34.22671890258789]
2026-07-13 22:02:59 [debug    ] Decision loop completed        action=MAINTAIN latency_ms=127.5 p99=128.0
2026-07-13 22:03:04 [info     ] Received shutdown signal
2026-07-13 22:03:04 [info     ] Stopping routing daemon...
2026-07-13 22:03:04 [info     ] Routing daemon stopped
