2026-09-12 13:36:48 [info     ] SLOMonitor initialized         threshold_ms=200.0 violation_window=30
2026-09-12 13:36:48 [info     ] Algorithm1ControllerV3 initialized max_knative=50 r_saturation=33.3 target_cpu_util=0.5 total_budget=1000
2026-09-12 13:36:48 [info     ] controller_selected            kind=Algorithm1ControllerV3 scenario=s4-hybrid-predictive version=v3
2026-09-12 13:36:48 [info     ] HAProxyWeightAdjuster initialized backend=servers host=localhost port=19999
2026-09-12 13:36:48 [info     ] GRUClient initialized          base_url=http://localhost:8090
2026-09-12 13:36:48 [info     ] K8sScaler initialized          deployment=test-app-warm namespace=default
2026-09-12 13:36:48 [info     ] RoutingDaemon initialized      decision_interval=15 description='Algorithm 1 with GRU predictions (Algorithm 2)' scenario=s4-hybrid-predictive use_algorithm=True use_predictions=True
2026-09-12 13:36:48 [info     ] Starting routing daemon        interval=15 scenario=s4-hybrid-predictive
2026-09-12 13:36:48 [info     ] Weights updated                k3s=80 knative=20
2026-09-12 13:36:48 [info     ] Initial weights applied        k3s=80 knative=20
2026-09-12 13:36:48 [info     ] Model status validated         prediction_horizon=9 sample_interval_sec=15 sequence_length=30
2026-09-12 13:36:48 [info     ] Model status validated on first eligible cycle prediction_horizon=9 sequence_length=30
2026-09-12 13:36:48 [info     ] controller_decision_v3         action=RECOVERY available_replicas=3 budget_remaining=1000 burn_adjustment=0 burst_ratio=0 capacity_deficit=False confidence=0 current_load=2.33654 decision_id=4905c9db k8s_capacity=49.9 k8s_weight=100 knative_weight=0 p99=85.5 predicted_load=0 r_effective=16.6 serverless_enabled=False total_load=2.3 weights_after={'k3s': 100, 'knative': 0} weights_before={'k3s': 80, 'knative': 20}
2026-09-12 13:36:48 [info     ] Weights updated                k3s=100 knative=0
2026-09-12 13:36:48 [info     ] Weights updated                action=RECOVERY reason='load=2RPS | k8s_cap=50RPS | (reducing-serverless)' weights={'k3s': 100, 'knative': 0}
2026-09-12 13:36:48 [info     ] algorithm2_scaling_decision    action=MAINTAIN alpha=0.060060060060060066 beta=0.0 buffer=1.0 current_replicas=3 predicted_load=2.33654 required_resources=0.14 target_replicas=3
2026-09-12 13:36:48 [info     ] algorithm2_decision            action=MAINTAIN applied_target=3 current_replicas=3 hold_until=0.0 observed_load=2.34 observed_target=3 point_forecasts=None prediction_age_sec=None predictive_target=3 proactive=False scenario=s4-hybrid-predictive target_replicas=3 upper_forecasts=None
2026-09-12 13:36:48 [debug    ] Decision loop completed        action=RECOVERY latency_ms=131.85 p99=85.49999999999994
2026-09-12 13:37:03 [info     ] algorithm2_scaling_decision    action=MAINTAIN alpha=0.060060060060060066 beta=0.0 buffer=1.0 current_replicas=3 predicted_load=2.287533333333333 required_resources=0.137 target_replicas=3
2026-09-12 13:37:03 [info     ] algorithm2_decision            action=MAINTAIN applied_target=3 current_replicas=3 hold_until=0.0 observed_load=2.29 observed_target=3 point_forecasts=None prediction_age_sec=None predictive_target=3 proactive=False scenario=s4-hybrid-predictive target_replicas=3 upper_forecasts=None
2026-09-12 13:37:03 [debug    ] Decision loop completed        action=MAINTAIN latency_ms=93.95 p99=85.49999999999999
2026-09-12 13:37:18 [info     ] algorithm2_scaling_decision    action=MAINTAIN alpha=0.060060060060060066 beta=0.0 buffer=1.0 current_replicas=3 predicted_load=2.1009938888888886 required_resources=0.126 target_replicas=3
2026-09-12 13:37:18 [info     ] algorithm2_decision            action=MAINTAIN applied_target=3 current_replicas=3 hold_until=0.0 observed_load=2.1 observed_target=3 point_forecasts=None prediction_age_sec=None predictive_target=3 proactive=False scenario=s4-hybrid-predictive target_replicas=3 upper_forecasts=None
2026-09-12 13:37:18 [debug    ] Decision loop completed        action=MAINTAIN latency_ms=101.81 p99=0.99
2026-09-12 13:37:33 [info     ] algorithm2_scaling_decision    action=MAINTAIN alpha=0.060060060060060066 beta=0.0 buffer=1.0 current_replicas=3 predicted_load=5.303952777777777 required_resources=0.319 target_replicas=3
2026-09-12 13:37:33 [info     ] algorithm2_decision            action=MAINTAIN applied_target=3 current_replicas=3 hold_until=0.0 observed_load=5.3 observed_target=3 point_forecasts=None prediction_age_sec=None predictive_target=3 proactive=False scenario=s4-hybrid-predictive target_replicas=3 upper_forecasts=None
2026-09-12 13:37:33 [debug    ] Decision loop completed        action=MAINTAIN latency_ms=92.32 p99=99.78196721311475
2026-09-12 13:37:48 [info     ] algorithm2_scaling_decision    action=MAINTAIN alpha=0.060060060060060066 beta=0.0 buffer=1.0 current_replicas=3 predicted_load=16.211111111111105 required_resources=0.974 target_replicas=3
2026-09-12 13:37:48 [info     ] algorithm2_decision            action=MAINTAIN applied_target=3 current_replicas=3 hold_until=0.0 observed_load=16.21 observed_target=3 point_forecasts=None prediction_age_sec=None predictive_target=3 proactive=False scenario=s4-hybrid-predictive target_replicas=3 upper_forecasts=None
2026-09-12 13:37:48 [debug    ] Decision loop completed        action=MAINTAIN latency_ms=96.53 p99=128.99999999999932
2026-09-12 13:38:03 [info     ] algorithm2_scaling_decision    action=MAINTAIN alpha=0.060060060060060066 beta=0.0 buffer=1.0 current_replicas=3 predicted_load=31.455555555555556 required_resources=1.889 target_replicas=3
2026-09-12 13:38:03 [info     ] algorithm2_decision            action=MAINTAIN applied_target=3 current_replicas=3 hold_until=0.0 observed_load=31.46 observed_target=3 point_forecasts=None prediction_age_sec=None predictive_target=3 proactive=False scenario=s4-hybrid-predictive target_replicas=3 upper_forecasts=None
2026-09-12 13:38:03 [debug    ] Decision loop completed        action=MAINTAIN latency_ms=96.43 p99=99.98682284040997
2026-09-12 13:38:18 [warning  ] Knative pre-warm non-200       status=404
2026-09-12 13:38:18 [info     ] controller_decision_v3         action=REACTIVE available_replicas=3 budget_remaining=1000 burn_adjustment=0 burst_ratio=0.0192 capacity_deficit=False confidence=0 current_load=50.92993333333334 decision_id=d2533dd5 k8s_capacity=49.9 k8s_weight=98 knative_weight=2 p99=100.0 predicted_load=0 r_effective=16.6 serverless_enabled=True total_load=50.9 weights_after={'k3s': 98, 'knative': 2} weights_before={'k3s': 100, 'knative': 0}
2026-09-12 13:38:18 [info     ] Weights updated                k3s=98 knative=2
2026-09-12 13:38:18 [info     ] Weights updated                action=REACTIVE reason='load=51RPS | k8s_cap=50RPS | (burst-routing)' weights={'k3s': 98, 'knative': 2}
2026-09-12 13:38:18 [info     ] algorithm2_scaling_decision    action=MAINTAIN alpha=0.060060060060060066 beta=0.0 buffer=1.0 current_replicas=3 predicted_load=45.03163333333334 required_resources=2.705 target_replicas=3
2026-09-12 13:38:18 [info     ] algorithm2_decision            action=MAINTAIN applied_target=3 current_replicas=3 hold_until=0.0 observed_load=45.03 observed_target=3 point_forecasts=None prediction_age_sec=None predictive_target=3 proactive=False scenario=s4-hybrid-predictive target_replicas=3 upper_forecasts=None
2026-09-12 13:38:18 [debug    ] Decision loop completed        action=REACTIVE latency_ms=105.14 p99=99.96406820950061
2026-09-12 13:38:33 [info     ] controller_decision_v3         action=REACTIVE available_replicas=3 budget_remaining=1000 burn_adjustment=0 burst_ratio=0.0943 capacity_deficit=False confidence=0 current_load=55.149953333333336 decision_id=8bccb5ff k8s_capacity=49.9 k8s_weight=90 knative_weight=10 p99=152.6 predicted_load=0 r_effective=16.6 serverless_enabled=True total_load=55.1 weights_after={'k3s': 90, 'knative': 10} weights_before={'k3s': 98, 'knative': 2}
2026-09-12 13:38:33 [info     ] Weights updated                k3s=90 knative=10
2026-09-12 13:38:33 [info     ] Weights updated                action=REACTIVE reason='load=55RPS | k8s_cap=50RPS | (burst-routing)' weights={'k3s': 90, 'knative': 10}
2026-09-12 13:38:33 [info     ] algorithm2_scaling_decision    action=SCALE_UP alpha=0.060060060060060066 beta=0.0 buffer=1.0 current_replicas=3 predicted_load=53.03994333333334 required_resources=3.186 target_replicas=4
2026-09-12 13:38:33 [info     ] algorithm2_decision            action=SCALE_UP applied_target=4 current_replicas=3 hold_until=0.0 observed_load=53.04 observed_target=4 point_forecasts=None prediction_age_sec=None predictive_target=3 proactive=False scenario=s4-hybrid-predictive target_replicas=4 upper_forecasts=None
2026-09-12 13:38:34 [info     ] k8s_scale_executed             deployment=test-app-warm replicas=4
2026-09-12 13:38:34 [debug    ] Decision loop completed        action=REACTIVE latency_ms=136.09 p99=152.57894736842084
2026-09-12 13:38:49 [info     ] controller_decision_v3         action=RECOVERY available_replicas=3 budget_remaining=1000 burn_adjustment=0 burst_ratio=0.0556 capacity_deficit=False confidence=0 current_load=52.88888888888889 decision_id=7db33062 k8s_capacity=49.9 k8s_weight=94 knative_weight=6 p99=99.8 predicted_load=0 r_effective=16.6 serverless_enabled=True total_load=52.9 weights_after={'k3s': 94, 'knative': 6} weights_before={'k3s': 90, 'knative': 10}
2026-09-12 13:38:49 [info     ] Weights updated                k3s=94 knative=6
2026-09-12 13:38:49 [info     ] Weights updated                action=RECOVERY reason='load=53RPS | k8s_cap=50RPS | (reducing-serverless)' weights={'k3s': 94, 'knative': 6}
2026-09-12 13:38:49 [info     ] algorithm2_scaling_decision    action=MAINTAIN alpha=0.060060060060060066 beta=0.0 buffer=1.0 current_replicas=4 predicted_load=54.019421111111114 required_resources=3.244 target_replicas=4
2026-09-12 13:38:49 [info     ] algorithm2_decision            action=MAINTAIN applied_target=4 current_replicas=4 hold_until=0.0 observed_load=54.02 observed_target=4 point_forecasts=None prediction_age_sec=None predictive_target=3 proactive=False scenario=s4-hybrid-predictive target_replicas=4 upper_forecasts=None
2026-09-12 13:38:49 [debug    ] Decision loop completed        action=RECOVERY latency_ms=133.82 p99=99.81132075471699
2026-09-12 13:39:04 [info     ] controller_decision_v3         action=RECOVERY available_replicas=3 budget_remaining=1000 burn_adjustment=0 burst_ratio=0 capacity_deficit=False confidence=0 current_load=44.95555555555556 decision_id=9ce774a7 k8s_capacity=49.9 k8s_weight=100 knative_weight=0 p99=99.5 predicted_load=0 r_effective=16.6 serverless_enabled=False total_load=45.0 weights_after={'k3s': 100, 'knative': 0} weights_before={'k3s': 94, 'knative': 6}
2026-09-12 13:39:04 [info     ] Weights updated                k3s=100 knative=0
2026-09-12 13:39:04 [info     ] Weights updated                action=RECOVERY reason='load=45RPS | k8s_cap=50RPS | (reducing-serverless)' weights={'k3s': 100, 'knative': 0}
2026-09-12 13:39:04 [info     ] algorithm2_scaling_decision    action=MAINTAIN alpha=0.060060060060060066 beta=0.0 buffer=1.0 current_replicas=4 predicted_load=48.92222222222223 required_resources=2.938 target_replicas=3
2026-09-12 13:39:04 [info     ] algorithm2_decision            action=MAINTAIN applied_target=3 current_replicas=4 hold_until=0.0 observed_load=48.92 observed_target=3 point_forecasts=None prediction_age_sec=None predictive_target=3 proactive=False scenario=s4-hybrid-predictive target_replicas=3 upper_forecasts=None
2026-09-12 13:39:04 [debug    ] Decision loop completed        action=RECOVERY latency_ms=138.63 p99=99.46822033898306
2026-09-12 13:39:19 [info     ] algorithm2_scaling_decision    action=MAINTAIN alpha=0.060060060060060066 beta=0.0 buffer=1.0 current_replicas=4 predicted_load=39.15555555555556 required_resources=2.352 target_replicas=3
2026-09-12 13:39:19 [info     ] algorithm2_decision            action=MAINTAIN applied_target=3 current_replicas=4 hold_until=0.0 observed_load=39.16 observed_target=3 point_forecasts=None prediction_age_sec=None predictive_target=3 proactive=False scenario=s4-hybrid-predictive target_replicas=3 upper_forecasts=None
2026-09-12 13:39:19 [debug    ] Decision loop completed        action=MAINTAIN latency_ms=98.81 p99=99.45545977011496
2026-09-12 13:39:34 [info     ] algorithm2_scaling_decision    action=MAINTAIN alpha=0.060060060060060066 beta=0.0 buffer=1.0 current_replicas=4 predicted_load=30.733333333333327 required_resources=1.846 target_replicas=3
2026-09-12 13:39:34 [info     ] algorithm2_decision            action=MAINTAIN applied_target=3 current_replicas=4 hold_until=0.0 observed_load=30.73 observed_target=3 point_forecasts=None prediction_age_sec=None predictive_target=3 proactive=False scenario=s4-hybrid-predictive target_replicas=3 upper_forecasts=None
2026-09-12 13:39:34 [debug    ] Decision loop completed        action=MAINTAIN latency_ms=98.44 p99=99.45299145299145
2026-09-12 13:39:49 [info     ] algorithm2_scaling_decision    action=MAINTAIN alpha=0.060060060060060066 beta=0.0 buffer=1.0 current_replicas=4 predicted_load=30.18888888888888 required_resources=1.813 target_replicas=3
2026-09-12 13:39:49 [info     ] algorithm2_decision            action=MAINTAIN applied_target=3 current_replicas=4 hold_until=0.0 observed_load=30.19 observed_target=3 point_forecasts=None prediction_age_sec=None predictive_target=3 proactive=False scenario=s4-hybrid-predictive target_replicas=3 upper_forecasts=None
2026-09-12 13:39:49 [debug    ] Decision loop completed        action=MAINTAIN latency_ms=92.75 p99=99.77905198776759
2026-09-12 13:40:04 [info     ] algorithm2_scaling_decision    action=MAINTAIN alpha=0.060060060060060066 beta=0.0 buffer=1.0 current_replicas=4 predicted_load=37.77777777777777 required_resources=2.269 target_replicas=3
2026-09-12 13:40:04 [info     ] algorithm2_decision            action=MAINTAIN applied_target=3 current_replicas=4 hold_until=0.0 observed_load=37.78 observed_target=3 point_forecasts=None prediction_age_sec=None predictive_target=3 proactive=False scenario=s4-hybrid-predictive target_replicas=3 upper_forecasts=None
2026-09-12 13:40:04 [debug    ] Decision loop completed        action=MAINTAIN latency_ms=96.49 p99=160.22727272727263
2026-09-12 13:40:19 [warning  ] Knative pre-warm non-200       status=404
2026-09-12 13:40:19 [info     ] controller_decision_v3         action=REACTIVE available_replicas=3 budget_remaining=1000 burn_adjustment=0 burst_ratio=0.0159 capacity_deficit=False confidence=0 current_load=50.75555555555556 decision_id=24c7cc96 k8s_capacity=49.9 k8s_weight=98 knative_weight=2 p99=99.8 predicted_load=0 r_effective=16.6 serverless_enabled=True total_load=50.8 weights_after={'k3s': 98, 'knative': 2} weights_before={'k3s': 100, 'knative': 0}
2026-09-12 13:40:19 [info     ] Weights updated                k3s=98 knative=2
2026-09-12 13:40:19 [info     ] Weights updated                action=REACTIVE reason='load=51RPS | k8s_cap=50RPS | (burst-routing)' weights={'k3s': 98, 'knative': 2}
2026-09-12 13:40:19 [info     ] algorithm2_scaling_decision    action=MAINTAIN alpha=0.060060060060060066 beta=0.0 buffer=1.0 current_replicas=4 predicted_load=47.022222222222226 required_resources=2.824 target_replicas=3
2026-09-12 13:40:19 [info     ] algorithm2_decision            action=MAINTAIN applied_target=3 current_replicas=4 hold_until=0.0 observed_load=47.02 observed_target=3 point_forecasts=None prediction_age_sec=None predictive_target=3 proactive=False scenario=s4-hybrid-predictive target_replicas=3 upper_forecasts=None
2026-09-12 13:40:19 [debug    ] Decision loop completed        action=REACTIVE latency_ms=110.23 p99=99.83918128654973
2026-09-12 13:40:34 [info     ] controller_decision_v3         action=RECOVERY available_replicas=3 budget_remaining=1000 burn_adjustment=0 burst_ratio=0 capacity_deficit=False confidence=0 current_load=49.37777777777779 decision_id=04730521 k8s_capacity=49.9 k8s_weight=100 knative_weight=0 p99=99.9 predicted_load=0 r_effective=16.6 serverless_enabled=False total_load=49.4 weights_after={'k3s': 100, 'knative': 0} weights_before={'k3s': 98, 'knative': 2}
2026-09-12 13:40:34 [info     ] Weights updated                k3s=100 knative=0
2026-09-12 13:40:34 [info     ] Weights updated                action=RECOVERY reason='load=49RPS | k8s_cap=50RPS | (reducing-serverless)' weights={'k3s': 100, 'knative': 0}
2026-09-12 13:40:34 [info     ] algorithm2_scaling_decision    action=MAINTAIN alpha=0.060060060060060066 beta=0.0 buffer=1.0 current_replicas=4 predicted_load=50.06666666666668 required_resources=3.007 target_replicas=4
2026-09-12 13:40:34 [info     ] algorithm2_decision            action=MAINTAIN applied_target=4 current_replicas=4 hold_until=0.0 observed_load=50.07 observed_target=4 point_forecasts=None prediction_age_sec=None predictive_target=3 proactive=False scenario=s4-hybrid-predictive target_replicas=4 upper_forecasts=None
2026-09-12 13:40:34 [debug    ] Decision loop completed        action=RECOVERY latency_ms=131.14 p99=99.89237288135594
2026-09-12 13:40:50 [info     ] Scale readiness observed       elapsed_sec=136.0 ewma_delay=82.8 samples=1 target=4
2026-09-12 13:40:50 [info     ] algorithm2_scaling_decision    action=MAINTAIN alpha=0.060060060060060066 beta=0.0 buffer=1.0 current_replicas=4 predicted_load=46.85555555555556 required_resources=2.814 target_replicas=3
2026-09-12 13:40:50 [info     ] algorithm2_decision            action=MAINTAIN applied_target=3 current_replicas=4 hold_until=0.0 observed_load=46.86 observed_target=3 point_forecasts=None prediction_age_sec=None predictive_target=3 proactive=False scenario=s4-hybrid-predictive target_replicas=3 upper_forecasts=None
2026-09-12 13:40:50 [debug    ] Decision loop completed        action=MAINTAIN latency_ms=95.71 p99=99.87908496732027
2026-09-12 13:41:05 [info     ] algorithm2_scaling_decision    action=MAINTAIN alpha=0.060060060060060066 beta=0.0 buffer=1.0 current_replicas=4 predicted_load=46.94036333333334 required_resources=2.819 target_replicas=3
2026-09-12 13:41:05 [info     ] algorithm2_decision            action=MAINTAIN applied_target=3 current_replicas=4 hold_until=0.0 observed_load=46.94 observed_target=3 point_forecasts=None prediction_age_sec=None predictive_target=3 proactive=False scenario=s4-hybrid-predictive target_replicas=3 upper_forecasts=None
2026-09-12 13:41:05 [debug    ] Decision loop completed        action=MAINTAIN latency_ms=161.49 p99=151.84935551909962
2026-09-12 13:41:20 [info     ] algorithm2_scaling_decision    action=MAINTAIN alpha=0.060060060060060066 beta=0.0 buffer=1.0 current_replicas=4 predicted_load=53.54849527777779 required_resources=3.216 target_replicas=4
2026-09-12 13:41:20 [info     ] algorithm2_decision            action=MAINTAIN applied_target=4 current_replicas=4 hold_until=0.0 observed_load=53.55 observed_target=4 point_forecasts=None prediction_age_sec=None predictive_target=3 proactive=False scenario=s4-hybrid-predictive target_replicas=4 upper_forecasts=None
2026-09-12 13:41:20 [debug    ] Decision loop completed        action=MAINTAIN latency_ms=96.78 p99=114.42893333333343
2026-09-12 13:41:35 [info     ] algorithm2_scaling_decision    action=MAINTAIN alpha=0.060060060060060066 beta=0.0 buffer=1.0 current_replicas=4 predicted_load=60.39372898148149 required_resources=3.627 target_replicas=4
2026-09-12 13:41:35 [info     ] algorithm2_decision            action=MAINTAIN applied_target=4 current_replicas=4 hold_until=0.0 observed_load=60.39 observed_target=4 point_forecasts=None prediction_age_sec=None predictive_target=3 proactive=False scenario=s4-hybrid-predictive target_replicas=4 upper_forecasts=None
2026-09-12 13:41:35 [debug    ] Decision loop completed        action=MAINTAIN latency_ms=93.59 p99=99.78920041536864
2026-09-12 13:41:50 [info     ] algorithm2_scaling_decision    action=MAINTAIN alpha=0.060060060060060066 beta=0.0 buffer=1.0 current_replicas=4 predicted_load=64.4254137037037 required_resources=3.869 target_replicas=4
2026-09-12 13:41:50 [info     ] algorithm2_decision            action=MAINTAIN applied_target=4 current_replicas=4 hold_until=0.0 observed_load=64.43 observed_target=4 point_forecasts=None prediction_age_sec=None predictive_target=3 proactive=False scenario=s4-hybrid-predictive target_replicas=4 upper_forecasts=None
2026-09-12 13:41:50 [debug    ] Decision loop completed        action=MAINTAIN latency_ms=96.86 p99=99.63205645161291
2026-09-12 13:42:05 [warning  ] Knative pre-warm non-200       status=404
2026-09-12 13:42:05 [info     ] controller_decision_v3         action=REACTIVE available_replicas=4 budget_remaining=1000 burn_adjustment=0 burst_ratio=0.0935 capacity_deficit=False confidence=0 current_load=73.46666666666665 decision_id=103bd600 k8s_capacity=66.6 k8s_weight=90 knative_weight=10 p99=154.6 predicted_load=0 r_effective=16.6 serverless_enabled=True total_load=73.5 weights_after={'k3s': 90, 'knative': 10} weights_before={'k3s': 100, 'knative': 0}
2026-09-12 13:42:05 [info     ] Weights updated                k3s=90 knative=10
2026-09-12 13:42:05 [info     ] Weights updated                action=REACTIVE reason='load=73RPS | k8s_cap=67RPS | (burst-routing)' weights={'k3s': 90, 'knative': 10}
2026-09-12 13:42:05 [info     ] algorithm2_scaling_decision    action=SCALE_UP alpha=0.060060060060060066 beta=0.0 buffer=1.0 current_replicas=4 predicted_load=69.53981666666664 required_resources=4.177 target_replicas=5
2026-09-12 13:42:05 [info     ] algorithm2_decision            action=SCALE_UP applied_target=5 current_replicas=4 hold_until=0.0 observed_load=69.54 observed_target=5 point_forecasts=None prediction_age_sec=None predictive_target=3 proactive=False scenario=s4-hybrid-predictive target_replicas=5 upper_forecasts=None
2026-09-12 13:42:05 [info     ] k8s_scale_executed             deployment=test-app-warm replicas=5
2026-09-12 13:42:05 [debug    ] Decision loop completed        action=REACTIVE latency_ms=128.14 p99=154.64285714285714
2026-09-12 13:42:20 [info     ] controller_decision_v3         action=RECOVERY available_replicas=5 budget_remaining=1000 burn_adjustment=0 burst_ratio=0 capacity_deficit=False confidence=0 current_load=81.26666666666667 decision_id=f633a9e4 k8s_capacity=83.2 k8s_weight=100 knative_weight=0 p99=199.0 predicted_load=0 r_effective=16.6 serverless_enabled=False total_load=81.3 weights_after={'k3s': 100, 'knative': 0} weights_before={'k3s': 90, 'knative': 10}
2026-09-12 13:42:20 [info     ] Weights updated                k3s=100 knative=0
2026-09-12 13:42:20 [info     ] Weights updated                action=RECOVERY reason='load=81RPS | k8s_cap=83RPS | (reducing-serverless)' weights={'k3s': 100, 'knative': 0}
2026-09-12 13:42:20 [info     ] Scale readiness observed       elapsed_sec=15.1 ewma_delay=62.5 samples=2 target=5
2026-09-12 13:42:20 [info     ] algorithm2_scaling_decision    action=MAINTAIN alpha=0.060060060060060066 beta=0.0 buffer=1.0 current_replicas=5 predicted_load=77.36666666666666 required_resources=4.647 target_replicas=5
2026-09-12 13:42:20 [info     ] algorithm2_decision            action=MAINTAIN applied_target=5 current_replicas=5 hold_until=0.0 observed_load=77.37 observed_target=5 point_forecasts=None prediction_age_sec=None predictive_target=3 proactive=False scenario=s4-hybrid-predictive target_replicas=5 upper_forecasts=None
2026-09-12 13:42:20 [debug    ] Decision loop completed        action=RECOVERY latency_ms=128.24 p99=198.9719999999999
2026-09-12 13:42:35 [warning  ] Knative pre-warm non-200       status=404
2026-09-12 13:42:35 [info     ] controller_decision_v3         action=REACTIVE available_replicas=5 budget_remaining=999 burn_adjustment=0 burst_ratio=0.0603 capacity_deficit=False confidence=0 current_load=88.59040888888885 decision_id=bb30c203 k8s_capacity=83.2 k8s_weight=93 knative_weight=7 p99=349.1 predicted_load=0 r_effective=16.6 serverless_enabled=True total_load=88.6 weights_after={'k3s': 93, 'knative': 7} weights_before={'k3s': 100, 'knative': 0}
2026-09-12 13:42:35 [info     ] Weights updated                k3s=93 knative=7
2026-09-12 13:42:35 [info     ] Weights updated                action=REACTIVE reason='load=89RPS | k8s_cap=83RPS | (burst-routing)' weights={'k3s': 93, 'knative': 7}
2026-09-12 13:42:35 [info     ] algorithm2_scaling_decision    action=SCALE_UP alpha=0.060060060060060066 beta=0.0 buffer=1.0 current_replicas=5 predicted_load=84.92853777777776 required_resources=5.101 target_replicas=6
2026-09-12 13:42:35 [info     ] algorithm2_decision            action=SCALE_UP applied_target=6 current_replicas=5 hold_until=0.0 observed_load=84.93 observed_target=6 point_forecasts=None prediction_age_sec=None predictive_target=3 proactive=False scenario=s4-hybrid-predictive target_replicas=6 upper_forecasts=None
2026-09-12 13:42:35 [info     ] k8s_scale_executed             deployment=test-app-warm replicas=6
2026-09-12 13:42:35 [debug    ] Decision loop completed        action=REACTIVE latency_ms=138.83 p99=349.14257777777846
2026-09-12 13:42:50 [info     ] controller_decision_v3         action=RECOVERY available_replicas=6 budget_remaining=998 burn_adjustment=0 burst_ratio=0.0482 capacity_deficit=False confidence=0 current_load=104.95449999999997 decision_id=b5582cdb k8s_capacity=99.9 k8s_weight=95 knative_weight=5 p99=466.2 predicted_load=0 r_effective=16.6 serverless_enabled=True total_load=105.0 weights_after={'k3s': 95, 'knative': 5} weights_before={'k3s': 93, 'knative': 7}
2026-09-12 13:42:50 [info     ] Weights updated                k3s=95 knative=5
2026-09-12 13:42:50 [info     ] Weights updated                action=RECOVERY reason='load=105RPS | k8s_cap=100RPS | (reducing-serverless)' weights={'k3s': 95, 'knative': 5}
2026-09-12 13:42:51 [info     ] Scale readiness observed       elapsed_sec=15.1 ewma_delay=48.3 samples=3 target=6
2026-09-12 13:42:51 [info     ] algorithm2_scaling_decision    action=MAINTAIN alpha=0.060060060060060066 beta=0.0 buffer=1.0 current_replicas=6 predicted_load=96.7724544444444 required_resources=5.812 target_replicas=6
2026-09-12 13:42:51 [info     ] algorithm2_decision            action=MAINTAIN applied_target=6 current_replicas=6 hold_until=0.0 observed_load=96.77 observed_target=6 point_forecasts=None prediction_age_sec=None predictive_target=3 proactive=False scenario=s4-hybrid-predictive target_replicas=6 upper_forecasts=None
2026-09-12 13:42:51 [debug    ] Decision loop completed        action=RECOVERY latency_ms=130.76 p99=466.22972972972946
2026-09-12 13:43:06 [info     ] controller_decision_v3         action=REACTIVE available_replicas=6 budget_remaining=997 burn_adjustment=0 burst_ratio=0.1221 capacity_deficit=False confidence=0 current_load=113.79704222222222 decision_id=7ec07db3 k8s_capacity=99.9 k8s_weight=87 knative_weight=13 p99=474.4 predicted_load=0 r_effective=16.6 serverless_enabled=True total_load=113.8 weights_after={'k3s': 87, 'knative': 13} weights_before={'k3s': 95, 'knative': 5}
2026-09-12 13:43:06 [info     ] Weights updated                k3s=87 knative=13
2026-09-12 13:43:06 [info     ] Weights updated                action=REACTIVE reason='load=114RPS | k8s_cap=100RPS | (burst-routing)' weights={'k3s': 87, 'knative': 13}
2026-09-12 13:43:06 [info     ] algorithm2_scaling_decision    action=MAINTAIN alpha=0.060060060060060066 beta=0.0 buffer=1.0 current_replicas=6 predicted_load=109.37577111111109 required_resources=6.569 target_replicas=6
2026-09-12 13:43:06 [info     ] algorithm2_decision            action=MAINTAIN applied_target=6 current_replicas=6 hold_until=0.0 observed_load=109.38 observed_target=6 point_forecasts=None prediction_age_sec=None predictive_target=3 proactive=False scenario=s4-hybrid-predictive target_replicas=6 upper_forecasts=None
2026-09-12 13:43:06 [debug    ] Decision loop completed        action=REACTIVE latency_ms=95.38 p99=474.43076923076944
2026-09-12 13:43:21 [info     ] algorithm2_scaling_decision    action=MAINTAIN alpha=0.060060060060060066 beta=0.0 buffer=1.0 current_replicas=6 predicted_load=114.16529888888888 required_resources=6.857 target_replicas=6
2026-09-12 13:43:21 [info     ] algorithm2_decision            action=MAINTAIN applied_target=6 current_replicas=6 hold_until=0.0 observed_load=114.17 observed_target=6 point_forecasts=None prediction_age_sec=None predictive_target=3 proactive=False scenario=s4-hybrid-predictive target_replicas=6 upper_forecasts=None
2026-09-12 13:43:21 [debug    ] Decision loop completed        action=MAINTAIN latency_ms=98.91 p99=432.83050847457605
2026-09-12 13:43:36 [info     ] controller_decision_v3         action=RECOVERY available_replicas=6 budget_remaining=996 burn_adjustment=0 burst_ratio=0.0068 capacity_deficit=False confidence=0 current_load=100.58776666666664 decision_id=e9c722a2 k8s_capacity=99.9 k8s_weight=99 knative_weight=1 p99=150.5 predicted_load=0 r_effective=16.6 serverless_enabled=True total_load=100.6 weights_after={'k3s': 99, 'knative': 1} weights_before={'k3s': 87, 'knative': 13}
2026-09-12 13:43:36 [info     ] Weights updated                k3s=99 knative=1
2026-09-12 13:43:36 [info     ] Weights updated                action=RECOVERY reason='load=101RPS | k8s_cap=100RPS | (reducing-serverless)' weights={'k3s': 99, 'knative': 1}
2026-09-12 13:43:36 [info     ] algorithm2_scaling_decision    action=MAINTAIN alpha=0.060060060060060066 beta=0.0 buffer=1.0 current_replicas=6 predicted_load=107.56066111111109 required_resources=6.46 target_replicas=6
2026-09-12 13:43:36 [info     ] algorithm2_decision            action=MAINTAIN applied_target=6 current_replicas=6 hold_until=0.0 observed_load=107.56 observed_target=6 point_forecasts=None prediction_age_sec=None predictive_target=3 proactive=False scenario=s4-hybrid-predictive target_replicas=6 upper_forecasts=None
2026-09-12 13:43:36 [debug    ] Decision loop completed        action=RECOVERY latency_ms=131.77 p99=150.52631578947324
2026-09-12 13:43:51 [info     ] controller_decision_v3         action=RECOVERY available_replicas=6 budget_remaining=996 burn_adjustment=0 burst_ratio=0 capacity_deficit=False confidence=0 current_load=84.3111111111111 decision_id=feb3bbbb k8s_capacity=99.9 k8s_weight=100 knative_weight=0 p99=99.8 predicted_load=0 r_effective=16.6 serverless_enabled=False total_load=84.3 weights_after={'k3s': 100, 'knative': 0} weights_before={'k3s': 99, 'knative': 1}
2026-09-12 13:43:51 [info     ] Weights updated                k3s=100 knative=0
2026-09-12 13:43:51 [info     ] Weights updated                action=RECOVERY reason='load=84RPS | k8s_cap=100RPS | (reducing-serverless)' weights={'k3s': 100, 'knative': 0}
2026-09-12 13:43:51 [info     ] algorithm2_scaling_decision    action=MAINTAIN alpha=0.060060060060060066 beta=0.0 buffer=1.0 current_replicas=6 predicted_load=92.44943888888886 required_resources=5.553 target_replicas=6
2026-09-12 13:43:51 [info     ] algorithm2_decision            action=MAINTAIN applied_target=6 current_replicas=6 hold_until=0.0 observed_load=92.45 observed_target=6 point_forecasts=None prediction_age_sec=None predictive_target=3 proactive=False scenario=s4-hybrid-predictive target_replicas=6 upper_forecasts=None
2026-09-12 13:43:51 [debug    ] Decision loop completed        action=RECOVERY latency_ms=131.89 p99=99.84583333333333
2026-09-12 13:44:06 [debug    ] GRU prediction received        confidence=0.6 latency_ms=3.42 predicted=121
2026-09-12 13:44:06 [debug    ] Using GRU prediction           confidence=0.6 forecast_capacity_signal=54.7 predicted=121 required_steps=5
2026-09-12 13:44:06 [info     ] algorithm2_scaling_decision    action=MAINTAIN alpha=0.060060060060060066 beta=0.0 buffer=1.0 current_replicas=6 predicted_load=78.6222222222222 required_resources=4.722 target_replicas=5
2026-09-12 13:44:06 [info     ] algorithm2_decision            action=MAINTAIN applied_target=5 current_replicas=6 hold_until=0.0 observed_load=78.62 observed_target=5 point_forecasts=[64.63964080810547, 61.69575119018555, 58.06488800048828, 55.202476501464844, 54.698184967041016, 51.67170333862305, 51.31862258911133, 50.85363006591797, 51.14227294921875] prediction_age_sec=0.06 predictive_target=4 proactive=False scenario=s4-hybrid-predictive target_replicas=5 upper_forecasts=[119.5362548828125, 121.41963958740234, 117.16270446777344, 114.41991424560547, 114.37455749511719, 111.41310119628906, 111.4509506225586, 110.75860595703125, 111.2216567993164]
2026-09-12 13:44:06 [debug    ] Decision loop completed        action=MAINTAIN latency_ms=99.98 p99=99.77085377821393
2026-09-12 13:44:21 [debug    ] GRU prediction received        confidence=0.6 latency_ms=4.04 predicted=122
2026-09-12 13:44:21 [debug    ] Using GRU prediction           confidence=0.6 forecast_capacity_signal=56.0 predicted=122 required_steps=5
2026-09-12 13:44:21 [info     ] algorithm2_scaling_decision    action=MAINTAIN alpha=0.060060060060060066 beta=0.0 buffer=1.0 current_replicas=6 predicted_load=70.8222222222222 required_resources=4.254 target_replicas=5
2026-09-12 13:44:21 [info     ] algorithm2_decision            action=MAINTAIN applied_target=5 current_replicas=6 hold_until=0.0 observed_load=70.82 observed_target=5 point_forecasts=[64.03228759765625, 62.0446662902832, 59.37897872924805, 56.2728271484375, 56.018131256103516, 53.91250991821289, 53.95977783203125, 53.91659927368164, 54.22599792480469] prediction_age_sec=0.06 predictive_target=4 proactive=False scenario=s4-hybrid-predictive target_replicas=5 upper_forecasts=[118.92890930175781, 121.7685546875, 118.47679138183594, 115.49026489257812, 115.69450378417969, 113.65391540527344, 114.09210205078125, 113.82157897949219, 114.30538177490234]
2026-09-12 13:44:21 [debug    ] Decision loop completed        action=MAINTAIN latency_ms=98.58 p99=99.58632676709156
2026-09-12 13:44:36 [debug    ] GRU prediction received        confidence=0.6 latency_ms=3.05 predicted=122
2026-09-12 13:44:36 [debug    ] Using GRU prediction           confidence=0.6 forecast_capacity_signal=57.9 predicted=122 required_steps=5
2026-09-12 13:44:36 [info     ] algorithm2_scaling_decision    action=MAINTAIN alpha=0.060060060060060066 beta=0.0 buffer=1.0 current_replicas=6 predicted_load=67.02222222222221 required_resources=4.025 target_replicas=5
2026-09-12 13:44:36 [info     ] algorithm2_decision            action=MAINTAIN applied_target=5 current_replicas=6 hold_until=0.0 observed_load=67.02 observed_target=5 point_forecasts=[63.46149444580078, 62.52120590209961, 60.76172637939453, 57.7974967956543, 57.885459899902344, 56.288089752197266, 56.60220718383789, 56.81679153442383, 57.17689895629883] prediction_age_sec=0.06 predictive_target=4 proactive=False scenario=s4-hybrid-predictive target_replicas=5 upper_forecasts=[118.35810852050781, 122.2450942993164, 119.85954284667969, 117.01493835449219, 117.56183624267578, 116.02949523925781, 116.73453521728516, 116.72177124023438, 117.25628662109375]
2026-09-12 13:44:36 [debug    ] Decision loop completed        action=MAINTAIN latency_ms=101.47 p99=99.63910186199342
2026-09-12 13:44:51 [debug    ] GRU prediction received        confidence=0.6 latency_ms=4.37 predicted=126
2026-09-12 13:44:51 [debug    ] Using GRU prediction           confidence=0.6 forecast_capacity_signal=61.5 predicted=126 required_steps=5
2026-09-12 13:44:51 [info     ] algorithm2_scaling_decision    action=MAINTAIN alpha=0.060060060060060066 beta=0.0 buffer=1.0 current_replicas=6 predicted_load=69.6 required_resources=4.18 target_replicas=5
2026-09-12 13:44:51 [info     ] algorithm2_decision            action=MAINTAIN applied_target=5 current_replicas=6 hold_until=0.0 observed_load=69.6 observed_target=5 point_forecasts=[67.73069763183594, 65.82716369628906, 64.20729064941406, 61.5866584777832, 61.534488677978516, 60.152095794677734, 60.767940521240234, 60.85609817504883, 61.10758590698242] prediction_age_sec=0.06 predictive_target=4 proactive=False scenario=s4-hybrid-predictive target_replicas=5 upper_forecasts=[122.6273193359375, 125.55105590820312, 123.30510711669922, 120.80409240722656, 121.21086120605469, 119.89349365234375, 120.9002685546875, 120.76107788085938, 121.18696594238281]
2026-09-12 13:44:51 [debug    ] Decision loop completed        action=MAINTAIN latency_ms=103.61 p99=184.23287671232865
2026-09-12 13:45:06 [debug    ] GRU prediction received        confidence=0.6 latency_ms=3.14 predicted=135
2026-09-12 13:45:06 [debug    ] Using GRU prediction           confidence=0.6 forecast_capacity_signal=68.7 predicted=135 required_steps=5
2026-09-12 13:45:06 [debug    ] Proactive amplification        amplified=168.1 approach_ratio=1.02 load_trend=7.3 raw_pred=135
2026-09-12 13:45:06 [warning  ] Knative pre-warm non-200       status=404
2026-09-12 13:45:06 [info     ] controller_decision_v3         action=PREDICTIVE available_replicas=6 budget_remaining=996 burn_adjustment=0 burst_ratio=0.0228 capacity_deficit=False confidence=0.6 current_load=102.22625111111108 decision_id=0de5305d k8s_capacity=99.9 k8s_weight=97 knative_weight=3 p99=192.5 predicted_load=135 r_effective=16.6 serverless_enabled=True total_load=102.2 weights_after={'k3s': 97, 'knative': 3} weights_before={'k3s': 100, 'knative': 0}
2026-09-12 13:45:06 [info     ] Weights updated                k3s=97 knative=3
2026-09-12 13:45:06 [info     ] Weights updated                action=PREDICTIVE reason='load=102RPS | k8s_cap=100RPS | (prediction-driven)' weights={'k3s': 97, 'knative': 3}
2026-09-12 13:45:06 [info     ] algorithm2_scaling_decision    action=MAINTAIN alpha=0.060060060060060066 beta=0.0 buffer=1.0 current_replicas=6 predicted_load=88.04645888888886 required_resources=5.288 target_replicas=6
2026-09-12 13:45:06 [info     ] algorithm2_decision            action=MAINTAIN applied_target=6 current_replicas=6 hold_until=0.0 observed_load=88.05 observed_target=6 point_forecasts=[80.22781372070312, 74.15242004394531, 71.70832824707031, 69.45027160644531, 68.74396514892578, 67.35565948486328, 67.66896057128906, 66.79080200195312, 66.87667846679688] prediction_age_sec=0.07 predictive_target=5 proactive=False scenario=s4-hybrid-predictive target_replicas=6 upper_forecasts=[135.1244354248047, 133.87631225585938, 130.80615234375, 128.66770935058594, 128.42034912109375, 127.09706115722656, 127.80128479003906, 126.69578552246094, 126.95606231689453]
2026-09-12 13:45:06 [debug    ] Decision loop completed        action=PREDICTIVE latency_ms=106.22 p99=192.50691244239638
2026-09-12 13:45:22 [debug    ] GRU prediction received        confidence=0.6 latency_ms=4.17 predicted=143
2026-09-12 13:45:22 [debug    ] Using GRU prediction           confidence=0.6 forecast_capacity_signal=75.5 predicted=143 required_steps=5
2026-09-12 13:45:22 [debug    ] Proactive amplification        amplified=213.3 approach_ratio=1.13 load_trend=11.1 raw_pred=143
2026-09-12 13:45:22 [info     ] controller_decision_v3         action=PREDICTIVE available_replicas=6 budget_remaining=996 burn_adjustment=0 burst_ratio=0.1175 capacity_deficit=False confidence=0.6 current_load=113.20078444444441 decision_id=651d8668 k8s_capacity=99.9 k8s_weight=88 knative_weight=12 p99=158.2 predicted_load=143 r_effective=16.6 serverless_enabled=True total_load=113.2 weights_after={'k3s': 88, 'knative': 12} weights_before={'k3s': 97, 'knative': 3}
2026-09-12 13:45:22 [info     ] Weights updated                k3s=88 knative=12
2026-09-12 13:45:22 [info     ] Weights updated                action=PREDICTIVE reason='load=113RPS | k8s_cap=100RPS | (prediction-driven)' weights={'k3s': 88, 'knative': 12}
2026-09-12 13:45:22 [info     ] algorithm2_scaling_decision    action=MAINTAIN alpha=0.060060060060060066 beta=0.0 buffer=1.0 current_replicas=6 predicted_load=107.71351777777775 required_resources=6.469 target_replicas=6
2026-09-12 13:45:22 [info     ] algorithm2_decision            action=MAINTAIN applied_target=6 current_replicas=6 hold_until=0.0 observed_load=107.71 observed_target=6 point_forecasts=[88.07987213134766, 81.01895904541016, 78.02847290039062, 76.38529968261719, 75.5426025390625, 73.54896545410156, 73.58771514892578, 72.48340606689453, 72.002197265625] prediction_age_sec=0.07 predictive_target=5 proactive=False scenario=s4-hybrid-predictive target_replicas=6 upper_forecasts=[142.9764862060547, 140.7428436279297, 137.12628173828125, 135.6027374267578, 135.21897888183594, 133.29037475585938, 133.7200469970703, 132.3883819580078, 132.08157348632812]
2026-09-12 13:45:22 [debug    ] Decision loop completed        action=PREDICTIVE latency_ms=107.98 p99=158.23529411764716
2026-09-12 13:45:37 [debug    ] GRU prediction received        confidence=0.6 latency_ms=3.77 predicted=145
2026-09-12 13:45:37 [debug    ] Using GRU prediction           confidence=0.6 forecast_capacity_signal=79.3 predicted=145 required_steps=5
2026-09-12 13:45:37 [debug    ] Proactive amplification        amplified=207.3 approach_ratio=1.09 load_trend=10.9 raw_pred=145
2026-09-12 13:45:37 [info     ] controller_decision_v3         action=RECOVERY available_replicas=6 budget_remaining=996 burn_adjustment=0 burst_ratio=0.0837 capacity_deficit=False confidence=0.6 current_load=109.0222222222222 decision_id=dfdc9458 k8s_capacity=99.9 k8s_weight=91 knative_weight=9 p99=99.7 predicted_load=145 r_effective=16.6 serverless_enabled=True total_load=109.0 weights_after={'k3s': 91, 'knative': 9} weights_before={'k3s': 88, 'knative': 12}
2026-09-12 13:45:37 [info     ] Weights updated                k3s=91 knative=9
2026-09-12 13:45:37 [info     ] Weights updated                action=RECOVERY reason='load=109RPS | k8s_cap=100RPS | (reducing-serverless)' weights={'k3s': 91, 'knative': 9}
2026-09-12 13:45:37 [info     ] algorithm2_scaling_decision    action=MAINTAIN alpha=0.060060060060060066 beta=0.0 buffer=1.0 current_replicas=6 predicted_load=111.1115033333333 required_resources=6.673 target_replicas=6
2026-09-12 13:45:37 [info     ] algorithm2_decision            action=MAINTAIN applied_target=6 current_replicas=6 hold_until=0.0 observed_load=111.11 observed_target=6 point_forecasts=[90.26386260986328, 84.43167114257812, 81.61040496826172, 80.3948974609375, 79.3359375, 76.93841552734375, 76.87006378173828, 76.41551208496094, 75.30683135986328] prediction_age_sec=0.09 predictive_target=5 proactive=False scenario=s4-hybrid-predictive target_replicas=6 upper_forecasts=[145.1604766845703, 144.1555633544922, 140.70822143554688, 139.61233520507812, 139.01231384277344, 136.6798095703125, 137.0023956298828, 136.32049560546875, 135.38621520996094]
2026-09-12 13:45:37 [debug    ] Decision loop completed        action=RECOVERY latency_ms=134.77 p99=99.67200610221207
2026-09-12 13:45:52 [debug    ] GRU prediction received        confidence=0.6 latency_ms=4.08 predicted=143
2026-09-12 13:45:52 [debug    ] Using GRU prediction           confidence=0.6 forecast_capacity_signal=79.4 predicted=143 required_steps=5
2026-09-12 13:45:52 [debug    ] Proactive amplification        amplified=143 approach_ratio=0.91 load_trend=4.2 raw_pred=143
2026-09-12 13:45:52 [info     ] controller_decision_v3         action=RECOVERY available_replicas=6 budget_remaining=996 burn_adjustment=0 burst_ratio=0 capacity_deficit=False confidence=0.6 current_load=90.84444444444443 decision_id=4d4060f7 k8s_capacity=99.9 k8s_weight=100 knative_weight=0 p99=99.7 predicted_load=143 r_effective=16.6 serverless_enabled=False total_load=90.8 weights_after={'k3s': 100, 'knative': 0} weights_before={'k3s': 91, 'knative': 9}
2026-09-12 13:45:52 [info     ] Weights updated                k3s=100 knative=0
2026-09-12 13:45:52 [info     ] Weights updated                action=RECOVERY reason='load=91RPS | k8s_cap=100RPS | (reducing-serverless)' weights={'k3s': 100, 'knative': 0}
2026-09-12 13:45:52 [info     ] algorithm2_scaling_decision    action=MAINTAIN alpha=0.060060060060060066 beta=0.0 buffer=1.0 current_replicas=6 predicted_load=99.93333333333331 required_resources=6.002 target_replicas=6
2026-09-12 13:45:52 [info     ] algorithm2_decision            action=MAINTAIN applied_target=6 current_replicas=6 hold_until=0.0 observed_load=99.93 observed_target=6 point_forecasts=[85.23462677001953, 83.59093475341797, 81.85691833496094, 80.09693908691406, 79.38990783691406, 77.14179992675781, 77.11149597167969, 77.0829086303711, 76.55075073242188] prediction_age_sec=0.09 predictive_target=5 proactive=False scenario=s4-hybrid-predictive target_replicas=6 upper_forecasts=[140.13124084472656, 143.3148193359375, 140.95474243164062, 139.3143768310547, 139.0662841796875, 136.88320922851562, 137.2438201904297, 136.98788452148438, 136.630126953125]
2026-09-12 13:45:52 [debug    ] Decision loop completed        action=RECOVERY latency_ms=131.27 p99=99.73656845753901
2026-09-12 13:46:07 [debug    ] GRU prediction received        confidence=0.6 latency_ms=3.3 predicted=143
2026-09-12 13:46:07 [debug    ] Using GRU prediction           confidence=0.6 forecast_capacity_signal=79.3 predicted=143 required_steps=5
2026-09-12 13:46:07 [info     ] algorithm2_scaling_decision    action=MAINTAIN alpha=0.060060060060060066 beta=0.0 buffer=1.0 current_replicas=6 predicted_load=88.45555555555555 required_resources=5.313 target_replicas=6
2026-09-12 13:46:07 [info     ] algorithm2_decision            action=MAINTAIN applied_target=6 current_replicas=6 hold_until=0.0 observed_load=88.46 observed_target=6 point_forecasts=[84.79873657226562, 83.64387512207031, 81.8652114868164, 80.05038452148438, 79.28105926513672, 77.21504974365234, 77.526123046875, 77.47599792480469, 77.53655242919922] prediction_age_sec=0.06 predictive_target=5 proactive=False scenario=s4-hybrid-predictive target_replicas=6 upper_forecasts=[139.6953582763672, 143.36776733398438, 140.96302795410156, 139.267822265625, 138.95742797851562, 136.95645141601562, 137.658447265625, 137.3809814453125, 137.61593627929688]
2026-09-12 13:46:07 [debug    ] Decision loop completed        action=MAINTAIN latency_ms=101.44 p99=99.5622028526149
2026-09-12 13:46:22 [debug    ] GRU prediction received        confidence=0.6 latency_ms=6.98 predicted=145
2026-09-12 13:46:22 [debug    ] Using GRU prediction           confidence=0.6 forecast_capacity_signal=80.0 predicted=145 required_steps=5
2026-09-12 13:46:22 [info     ] algorithm2_scaling_decision    action=MAINTAIN alpha=0.060060060060060066 beta=0.0 buffer=1.0 current_replicas=6 predicted_load=89.06666666666663 required_resources=5.349 target_replicas=6
2026-09-12 13:46:22 [info     ] algorithm2_decision            action=MAINTAIN applied_target=6 current_replicas=6 hold_until=0.0 observed_load=89.07 observed_target=6 point_forecasts=[87.54740905761719, 84.86082458496094, 82.61918640136719, 80.91463470458984, 79.99207305908203, 78.24456787109375, 78.80403137207031, 78.41116333007812, 78.69815063476562] prediction_age_sec=0.1 predictive_target=5 proactive=False scenario=s4-hybrid-predictive target_replicas=6 upper_forecasts=[142.44403076171875, 144.584716796875, 141.71701049804688, 140.132080078125, 139.66845703125, 137.9859619140625, 138.9363555908203, 138.31614685058594, 138.77752685546875]
2026-09-12 13:46:22 [debug    ] Decision loop completed        action=MAINTAIN latency_ms=169.8 p99=2877.8947368421013
2026-09-12 13:46:37 [debug    ] GRU prediction received        confidence=0.6 latency_ms=4.27 predicted=149
2026-09-12 13:46:37 [debug    ] Using GRU prediction           confidence=0.6 forecast_capacity_signal=83.0 predicted=149 required_steps=5
2026-09-12 13:46:37 [warning  ] Knative pre-warm non-200       status=404
2026-09-12 13:46:37 [info     ] controller_decision_v3         action=PREDICTIVE available_replicas=5 budget_remaining=994 burn_adjustment=0 burst_ratio=0.2248 capacity_deficit=False confidence=0.6 current_load=107.38888888888886 decision_id=06d693c1 k8s_capacity=83.2 k8s_weight=77 knative_weight=23 p99=4913.4 predicted_load=149 r_effective=16.6 serverless_enabled=True total_load=107.4 weights_after={'k3s': 77, 'knative': 23} weights_before={'k3s': 100, 'knative': 0}
2026-09-12 13:46:37 [info     ] Weights updated                k3s=77 knative=23
2026-09-12 13:46:37 [info     ] Weights updated                action=PREDICTIVE reason='load=107RPS | k8s_cap=83RPS | (prediction-driven)' weights={'k3s': 77, 'knative': 23}
2026-09-12 13:46:37 [info     ] algorithm2_scaling_decision    action=MAINTAIN alpha=0.060060060060060066 beta=0.0 buffer=1.0 current_replicas=6 predicted_load=99.72777777777773 required_resources=5.99 target_replicas=6
2026-09-12 13:46:37 [info     ] algorithm2_decision            action=MAINTAIN applied_target=6 current_replicas=6 hold_until=0.0 observed_load=99.73 observed_target=6 point_forecasts=[94.01973724365234, 88.57453918457031, 85.55901336669922, 83.98734283447266, 82.99079132080078, 81.42325592041016, 81.79742431640625, 80.88115692138672, 80.99270629882812] prediction_age_sec=0.12 predictive_target=5 proactive=False scenario=s4-hybrid-predictive target_replicas=6 upper_forecasts=[148.91635131835938, 148.29843139648438, 144.65682983398438, 143.20477294921875, 142.66717529296875, 141.16465759277344, 141.92974853515625, 140.7861328125, 141.07208251953125]
2026-09-12 13:46:37 [debug    ] Decision loop completed        action=PREDICTIVE latency_ms=163.33 p99=4913.4357541899435
2026-09-12 13:46:52 [debug    ] GRU prediction received        confidence=0.6 latency_ms=3.71 predicted=154
2026-09-12 13:46:52 [debug    ] Using GRU prediction           confidence=0.6 forecast_capacity_signal=87.1 predicted=154 required_steps=5
2026-09-12 13:46:52 [debug    ] Proactive amplification        amplified=179.2 approach_ratio=1.18 load_trend=6.8 raw_pred=154
2026-09-12 13:46:52 [info     ] controller_decision_v3         action=RECOVERY available_replicas=6 budget_remaining=993 burn_adjustment=0 burst_ratio=0.1536 capacity_deficit=False confidence=0.6 current_load=118.03255388888887 decision_id=edd8c21b k8s_capacity=99.9 k8s_weight=84 knative_weight=16 p99=4991.1 predicted_load=154 r_effective=16.6 serverless_enabled=True total_load=118.0 weights_after={'k3s': 84, 'knative': 16} weights_before={'k3s': 77, 'knative': 23}
2026-09-12 13:46:52 [info     ] Weights updated                k3s=84 knative=16
2026-09-12 13:46:52 [info     ] Weights updated                action=RECOVERY reason='load=118RPS | k8s_cap=100RPS | (reducing-serverless)' weights={'k3s': 84, 'knative': 16}
2026-09-12 13:46:52 [info     ] algorithm2_scaling_decision    action=MAINTAIN alpha=0.060060060060060066 beta=0.0 buffer=1.0 current_replicas=6 predicted_load=112.71072138888886 required_resources=6.769 target_replicas=6
2026-09-12 13:46:52 [info     ] algorithm2_decision            action=MAINTAIN applied_target=6 current_replicas=6 hold_until=0.0 observed_load=112.71 observed_target=6 point_forecasts=[99.45252227783203, 92.69451904296875, 89.59737396240234, 87.95442199707031, 87.09122467041016, 85.66022491455078, 85.36712646484375, 84.67549896240234, 83.74945831298828] prediction_age_sec=0.1 predictive_target=6 proactive=False scenario=s4-hybrid-predictive target_replicas=6 upper_forecasts=[154.34913635253906, 152.4184112548828, 148.6951904296875, 147.17185974121094, 146.76760864257812, 145.40162658691406, 145.49945068359375, 144.58047485351562, 143.82884216308594]
2026-09-12 13:46:52 [debug    ] Decision loop completed        action=RECOVERY latency_ms=134.74 p99=4991.1082474226805
2026-09-12 13:47:07 [debug    ] GRU prediction received        confidence=0.6 latency_ms=3.19 predicted=162
2026-09-12 13:47:07 [debug    ] Using GRU prediction           confidence=0.6 forecast_capacity_signal=92.4 predicted=162 required_steps=5
2026-09-12 13:47:07 [debug    ] Proactive amplification        amplified=241.7 approach_ratio=1.34 load_trend=12.0 raw_pred=162
2026-09-12 13:47:07 [info     ] controller_decision_v3         action=PREDICTIVE available_replicas=6 budget_remaining=992 burn_adjustment=0 burst_ratio=0.2542 capacity_deficit=False confidence=0.6 current_load=133.94515277777782 decision_id=ac831070 k8s_capacity=99.9 k8s_weight=74 knative_weight=26 p99=4056.6 predicted_load=162 r_effective=16.6 serverless_enabled=True total_load=133.9 weights_after={'k3s': 74, 'knative': 26} weights_before={'k3s': 84, 'knative': 16}
2026-09-12 13:47:07 [info     ] Weights updated                k3s=74 knative=26
2026-09-12 13:47:07 [info     ] Weights updated                action=PREDICTIVE reason='load=134RPS | k8s_cap=100RPS | (prediction-driven)' weights={'k3s': 74, 'knative': 26}
2026-09-12 13:47:08 [info     ] algorithm2_scaling_decision    action=MAINTAIN alpha=0.060060060060060066 beta=0.0 buffer=1.0 current_replicas=6 predicted_load=125.98885333333334 required_resources=7.567 target_replicas=6
2026-09-12 13:47:08 [info     ] algorithm2_decision            action=MAINTAIN applied_target=6 current_replicas=6 hold_until=0.0 observed_load=125.99 observed_target=6 point_forecasts=[107.25798797607422, 98.55387115478516, 95.02592468261719, 93.64690399169922, 92.35287475585938, 91.18321990966797, 89.93090057373047, 89.7269515991211, 87.64692687988281] prediction_age_sec=0.07 predictive_target=6 proactive=False scenario=s4-hybrid-predictive target_replicas=6 upper_forecasts=[162.15460205078125, 158.2777557373047, 154.12374877929688, 152.86434936523438, 152.0292510986328, 150.92462158203125, 150.063232421875, 149.63192749023438, 147.726318359375]
2026-09-12 13:47:08 [debug    ] Decision loop completed        action=PREDICTIVE latency_ms=107.98 p99=4056.583462686567
2026-09-12 13:47:23 [debug    ] GRU prediction received        confidence=0.6 latency_ms=4.12 predicted=167
2026-09-12 13:47:23 [debug    ] Using GRU prediction           confidence=0.6 forecast_capacity_signal=97.1 predicted=167 required_steps=5
2026-09-12 13:47:23 [debug    ] Proactive amplification        amplified=253.1 approach_ratio=1.42 load_trend=12.4 raw_pred=167
2026-09-12 13:47:23 [info     ] controller_decision_v3         action=PREDICTIVE available_replicas=6 budget_remaining=991 burn_adjustment=0 burst_ratio=0.2945 capacity_deficit=False confidence=0.6 current_load=141.60547555555559 decision_id=ddfc6d39 k8s_capacity=99.9 k8s_weight=70 knative_weight=30 p99=944.9 predicted_load=167 r_effective=16.6 serverless_enabled=True total_load=141.6 weights_after={'k3s': 70, 'knative': 30} weights_before={'k3s': 74, 'knative': 26}
2026-09-12 13:47:23 [info     ] Weights updated                k3s=70 knative=30
2026-09-12 13:47:23 [info     ] Weights updated                action=PREDICTIVE reason='load=142RPS | k8s_cap=100RPS | (prediction-driven)' weights={'k3s': 70, 'knative': 30}
2026-09-12 13:47:23 [info     ] algorithm2_scaling_decision    action=MAINTAIN alpha=0.060060060060060066 beta=0.0 buffer=1.0 current_replicas=6 predicted_load=137.7753141666667 required_resources=8.275 target_replicas=6
2026-09-12 13:47:23 [info     ] algorithm2_decision            action=MAINTAIN applied_target=6 current_replicas=6 hold_until=0.0 observed_load=137.78 observed_target=6 point_forecasts=[112.47220611572266, 103.61507415771484, 100.2530517578125, 98.9846420288086, 97.09895324707031, 96.41825103759766, 94.75657653808594, 94.41443634033203, 91.82487487792969] prediction_age_sec=0.06 predictive_target=6 proactive=False scenario=s4-hybrid-predictive target_replicas=6 upper_forecasts=[167.3688201904297, 163.33895874023438, 159.35086059570312, 158.20208740234375, 156.77532958984375, 156.15965270996094, 154.88890075683594, 154.3194122314453, 151.90426635742188]
2026-09-12 13:47:23 [debug    ] Decision loop completed        action=PREDICTIVE latency_ms=105.45 p99=944.8863636363604
2026-09-12 13:47:38 [debug    ] GRU prediction received        confidence=0.6 latency_ms=4.53 predicted=168
2026-09-12 13:47:38 [debug    ] Using GRU prediction           confidence=0.6 forecast_capacity_signal=100.3 predicted=168 required_steps=5
2026-09-12 13:47:38 [debug    ] Proactive amplification        amplified=202.9 approach_ratio=1.37 load_trend=7.3 raw_pred=168
2026-09-12 13:47:38 [info     ] controller_decision_v3         action=RECOVERY available_replicas=6 budget_remaining=991 burn_adjustment=0 burst_ratio=0.2697 capacity_deficit=False confidence=0.6 current_load=136.78729481481483 decision_id=378e8e53 k8s_capacity=99.9 k8s_weight=73 knative_weight=27 p99=99.7 predicted_load=168 r_effective=16.6 serverless_enabled=True total_load=136.8 weights_after={'k3s': 73, 'knative': 27} weights_before={'k3s': 70, 'knative': 30}
2026-09-12 13:47:38 [info     ] Weights updated                k3s=73 knative=27
2026-09-12 13:47:38 [info     ] Weights updated                action=RECOVERY reason='load=137RPS | k8s_cap=100RPS | (reducing-serverless)' weights={'k3s': 73, 'knative': 27}
2026-09-12 13:47:38 [info     ] algorithm2_scaling_decision    action=MAINTAIN alpha=0.060060060060060066 beta=0.0 buffer=1.0 current_replicas=6 predicted_load=139.1963851851852 required_resources=8.36 target_replicas=6
2026-09-12 13:47:38 [info     ] algorithm2_decision            action=MAINTAIN applied_target=6 current_replicas=6 hold_until=0.0 observed_load=139.2 observed_target=6 point_forecasts=[113.52618408203125, 106.79122924804688, 103.83358001708984, 102.48436737060547, 100.3000717163086, 99.7410659790039, 98.19883728027344, 97.70561218261719, 94.6412353515625] prediction_age_sec=0.09 predictive_target=6 proactive=False scenario=s4-hybrid-predictive target_replicas=6 upper_forecasts=[168.4228057861328, 166.51512145996094, 162.931396484375, 161.70181274414062, 159.9764404296875, 159.4824676513672, 158.33116149902344, 157.610595703125, 154.72061157226562]
2026-09-12 13:47:38 [debug    ] Decision loop completed        action=RECOVERY latency_ms=132.31 p99=99.73218201754388
2026-09-12 13:47:53 [debug    ] GRU prediction received        confidence=0.6 latency_ms=4.82 predicted=169
2026-09-12 13:47:53 [debug    ] Using GRU prediction           confidence=0.6 forecast_capacity_signal=102.1 predicted=169 required_steps=5
2026-09-12 13:47:53 [debug    ] Proactive amplification        amplified=169 approach_ratio=1.31 load_trend=3.1 raw_pred=169
2026-09-12 13:47:53 [info     ] controller_decision_v3         action=RECOVERY available_replicas=6 budget_remaining=991 burn_adjustment=0 burst_ratio=0.2351 capacity_deficit=False confidence=0.6 current_load=130.60000000000002 decision_id=0f3deaea k8s_capacity=99.9 k8s_weight=76 knative_weight=24 p99=99.7 predicted_load=169 r_effective=16.6 serverless_enabled=True total_load=130.6 weights_after={'k3s': 76, 'knative': 24} weights_before={'k3s': 73, 'knative': 27}
2026-09-12 13:47:53 [info     ] Weights updated                k3s=76 knative=24
2026-09-12 13:47:53 [info     ] Weights updated                action=RECOVERY reason='load=131RPS | k8s_cap=100RPS | (reducing-serverless)' weights={'k3s': 76, 'knative': 24}
2026-09-12 13:47:53 [info     ] algorithm2_scaling_decision    action=MAINTAIN alpha=0.060060060060060066 beta=0.0 buffer=1.0 current_replicas=6 predicted_load=133.6936474074074 required_resources=8.03 target_replicas=6
2026-09-12 13:47:53 [info     ] algorithm2_decision            action=MAINTAIN applied_target=6 current_replicas=6 hold_until=0.0 observed_load=133.69 observed_target=6 point_forecasts=[113.98865509033203, 108.99992370605469, 106.06116485595703, 104.32622528076172, 102.12110137939453, 101.96682739257812, 100.33820343017578, 99.9151611328125, 96.42778778076172] prediction_age_sec=0.1 predictive_target=6 proactive=False scenario=s4-hybrid-predictive target_replicas=6 upper_forecasts=[168.88526916503906, 168.72381591796875, 165.1589813232422, 163.54367065429688, 161.7974853515625, 161.70822143554688, 160.4705352783203, 159.8201446533203, 156.50717163085938]
2026-09-12 13:47:53 [debug    ] Decision loop completed        action=RECOVERY latency_ms=137.44 p99=99.72715053763442
2026-09-12 13:48:08 [debug    ] GRU prediction received        confidence=0.6 latency_ms=3.29 predicted=170
2026-09-12 13:48:08 [debug    ] Using GRU prediction           confidence=0.6 forecast_capacity_signal=103.1 predicted=170 required_steps=5
2026-09-12 13:48:08 [info     ] controller_decision_v3         action=RECOVERY available_replicas=6 budget_remaining=991 burn_adjustment=0 burst_ratio=0.1958 capacity_deficit=False confidence=0.6 current_load=124.2222222222222 decision_id=c7e6c81a k8s_capacity=99.9 k8s_weight=80 knative_weight=20 p99=99.8 predicted_load=170 r_effective=16.6 serverless_enabled=True total_load=124.2 weights_after={'k3s': 80, 'knative': 20} weights_before={'k3s': 76, 'knative': 24}
2026-09-12 13:48:08 [info     ] Weights updated                k3s=80 knative=20
2026-09-12 13:48:08 [info     ] Weights updated                action=RECOVERY reason='load=124RPS | k8s_cap=100RPS | (reducing-serverless)' weights={'k3s': 80, 'knative': 20}
2026-09-12 13:48:08 [info     ] algorithm2_scaling_decision    action=MAINTAIN alpha=0.060060060060060066 beta=0.0 buffer=1.0 current_replicas=6 predicted_load=127.41111111111111 required_resources=7.652 target_replicas=6
2026-09-12 13:48:08 [info     ] algorithm2_decision            action=MAINTAIN applied_target=6 current_replicas=6 hold_until=0.0 observed_load=127.41 observed_target=6 point_forecasts=[113.56074523925781, 110.00347137451172, 107.16749572753906, 105.22467803955078, 103.08943176269531, 103.25825500488281, 101.61846160888672, 101.24588012695312, 97.64781188964844] prediction_age_sec=0.1 predictive_target=6 proactive=False scenario=s4-hybrid-predictive target_replicas=6 upper_forecasts=[168.45736694335938, 169.72735595703125, 166.26531982421875, 164.44210815429688, 162.76580810546875, 162.99966430664062, 161.75079345703125, 161.15086364746094, 157.72720336914062]
2026-09-12 13:48:08 [debug    ] Decision loop completed        action=RECOVERY latency_ms=139.64 p99=99.77147766323024
2026-09-12 13:48:23 [debug    ] GRU prediction received        confidence=0.6 latency_ms=4.06 predicted=171
2026-09-12 13:48:23 [debug    ] Using GRU prediction           confidence=0.6 forecast_capacity_signal=104.1 predicted=171 required_steps=5
2026-09-12 13:48:23 [info     ] algorithm2_scaling_decision    action=MAINTAIN alpha=0.060060060060060066 beta=0.0 buffer=1.0 current_replicas=6 predicted_load=124.29999999999998 required_resources=7.465 target_replicas=6
2026-09-12 13:48:23 [info     ] algorithm2_decision            action=MAINTAIN applied_target=6 current_replicas=6 hold_until=0.0 observed_load=124.3 observed_target=6 point_forecasts=[114.47398376464844, 110.88893127441406, 107.83036041259766, 106.46576690673828, 104.13780212402344, 104.4384536743164, 102.80210876464844, 102.58901977539062, 99.04117584228516] prediction_age_sec=0.06 predictive_target=6 proactive=False scenario=s4-hybrid-predictive target_replicas=6 upper_forecasts=[169.37060546875, 170.61282348632812, 166.9281768798828, 165.68319702148438, 163.81417846679688, 164.1798553466797, 162.93443298339844, 162.49400329589844, 159.1205596923828]
2026-09-12 13:48:23 [debug    ] Decision loop completed        action=MAINTAIN latency_ms=98.37 p99=99.8397365532382
2026-09-12 13:48:38 [debug    ] GRU prediction received        confidence=0.6 latency_ms=3.42 predicted=170
2026-09-12 13:48:38 [debug    ] Using GRU prediction           confidence=0.6 forecast_capacity_signal=104.6 predicted=170 required_steps=5
2026-09-12 13:48:38 [info     ] controller_decision_v3         action=RECOVERY available_replicas=6 budget_remaining=991 burn_adjustment=0 burst_ratio=0.1639 capacity_deficit=False confidence=0.6 current_load=119.48888888888888 decision_id=e70bd2b8 k8s_capacity=99.9 k8s_weight=83 knative_weight=17 p99=99.9 predicted_load=170 r_effective=16.6 serverless_enabled=True total_load=119.5 weights_after={'k3s': 83, 'knative': 17} weights_before={'k3s': 80, 'knative': 20}
2026-09-12 13:48:38 [info     ] Weights updated                k3s=83 knative=17
2026-09-12 13:48:38 [info     ] Weights updated                action=RECOVERY reason='load=119RPS | k8s_cap=100RPS | (reducing-serverless)' weights={'k3s': 83, 'knative': 17}
2026-09-12 13:48:38 [info     ] algorithm2_scaling_decision    action=MAINTAIN alpha=0.060060060060060066 beta=0.0 buffer=1.0 current_replicas=6 predicted_load=121.93333333333334 required_resources=7.323 target_replicas=6
2026-09-12 13:48:38 [info     ] algorithm2_decision            action=MAINTAIN applied_target=6 current_replicas=6 hold_until=0.0 observed_load=121.93 observed_target=6 point_forecasts=[113.10545349121094, 110.53868103027344, 107.87847900390625, 106.94256591796875, 104.5942611694336, 104.85472869873047, 103.4642105102539, 103.32128143310547, 99.90003204345703] prediction_age_sec=0.1 predictive_target=6 proactive=False scenario=s4-hybrid-predictive target_replicas=6 upper_forecasts=[168.0020751953125, 170.2625732421875, 166.97628784179688, 166.16000366210938, 164.2706298828125, 164.59613037109375, 163.59654235839844, 163.22625732421875, 159.9794158935547]
2026-09-12 13:48:38 [debug    ] Decision loop completed        action=RECOVERY latency_ms=140.41 p99=99.91000610128128
2026-09-12 13:48:53 [debug    ] GRU prediction received        confidence=0.6 latency_ms=5.12 predicted=169
2026-09-12 13:48:53 [debug    ] Using GRU prediction           confidence=0.6 forecast_capacity_signal=104.5 predicted=169 required_steps=5
2026-09-12 13:48:53 [info     ] controller_decision_v3         action=RECOVERY available_replicas=6 budget_remaining=991 burn_adjustment=0 burst_ratio=0.0856 capacity_deficit=False confidence=0.6 current_load=109.24986666666662 decision_id=bc0baf62 k8s_capacity=99.9 k8s_weight=91 knative_weight=9 p99=99.7 predicted_load=169 r_effective=16.6 serverless_enabled=True total_load=109.2 weights_after={'k3s': 91, 'knative': 9} weights_before={'k3s': 83, 'knative': 17}
2026-09-12 13:48:53 [info     ] Weights updated                k3s=91 knative=9
2026-09-12 13:48:53 [info     ] Weights updated                action=RECOVERY reason='load=109RPS | k8s_cap=100RPS | (reducing-serverless)' weights={'k3s': 91, 'knative': 9}
2026-09-12 13:48:53 [info     ] algorithm2_scaling_decision    action=MAINTAIN alpha=0.060060060060060066 beta=0.0 buffer=1.0 current_replicas=6 predicted_load=114.36937777777774 required_resources=6.869 target_replicas=6
2026-09-12 13:48:53 [info     ] algorithm2_decision            action=MAINTAIN applied_target=6 current_replicas=6 hold_until=0.0 observed_load=114.37 observed_target=6 point_forecasts=[109.85246276855469, 109.12284088134766, 107.37681579589844, 106.37263488769531, 104.51380920410156, 104.60343170166016, 103.51042938232422, 103.6907958984375, 100.38129425048828] prediction_age_sec=0.09 predictive_target=6 proactive=False scenario=s4-hybrid-predictive target_replicas=6 upper_forecasts=[164.74908447265625, 168.8467254638672, 166.47463989257812, 165.59007263183594, 164.190185546875, 164.34483337402344, 163.64276123046875, 163.5957794189453, 160.46067810058594]
2026-09-12 13:48:53 [debug    ] Decision loop completed        action=RECOVERY latency_ms=131.94 p99=99.67088016780484
2026-09-12 13:49:08 [debug    ] GRU prediction received        confidence=0.6 latency_ms=4.26 predicted=166
2026-09-12 13:49:08 [debug    ] Using GRU prediction           confidence=0.6 forecast_capacity_signal=103.9 predicted=166 required_steps=5
2026-09-12 13:49:08 [info     ] controller_decision_v3         action=RECOVERY available_replicas=6 budget_remaining=991 burn_adjustment=0 burst_ratio=0 capacity_deficit=False confidence=0.6 current_load=95.16742222222221 decision_id=634f92f1 k8s_capacity=99.9 k8s_weight=100 knative_weight=0 p99=99.6 predicted_load=166 r_effective=16.6 serverless_enabled=False total_load=95.2 weights_after={'k3s': 100, 'knative': 0} weights_before={'k3s': 91, 'knative': 9}
2026-09-12 13:49:09 [info     ] Weights updated                k3s=100 knative=0
2026-09-12 13:49:09 [info     ] Weights updated                action=RECOVERY reason='load=95RPS | k8s_cap=100RPS | (reducing-serverless)' weights={'k3s': 100, 'knative': 0}
2026-09-12 13:49:09 [info     ] algorithm2_scaling_decision    action=MAINTAIN alpha=0.060060060060060066 beta=0.0 buffer=1.0 current_replicas=6 predicted_load=102.20864444444442 required_resources=6.139 target_replicas=6
2026-09-12 13:49:09 [info     ] algorithm2_decision            action=MAINTAIN applied_target=6 current_replicas=6 hold_until=0.0 observed_load=102.21 observed_target=6 point_forecasts=[104.43870544433594, 106.2303237915039, 106.04737091064453, 104.89717864990234, 103.9275131225586, 103.49195861816406, 103.25494384765625, 103.15670013427734, 100.9725112915039] prediction_age_sec=0.09 predictive_target=6 proactive=False scenario=s4-hybrid-predictive target_replicas=6 upper_forecasts=[159.3353271484375, 165.95420837402344, 165.1451873779297, 164.1146240234375, 163.6038818359375, 163.23336791992188, 163.38726806640625, 163.06167602539062, 161.05189514160156]
2026-09-12 13:49:09 [debug    ] Decision loop completed        action=RECOVERY latency_ms=131.28 p99=99.64337641357027
2026-09-12 13:49:24 [debug    ] GRU prediction received        confidence=0.6 latency_ms=3.69 predicted=162
2026-09-12 13:49:24 [debug    ] Using GRU prediction           confidence=0.6 forecast_capacity_signal=102.2 predicted=162 required_steps=5
2026-09-12 13:49:24 [info     ] algorithm2_scaling_decision    action=MAINTAIN alpha=0.060060060060060066 beta=0.0 buffer=1.0 current_replicas=6 predicted_load=88.25570666666665 required_resources=5.301 target_replicas=6
2026-09-12 13:49:24 [info     ] algorithm2_decision            action=MAINTAIN applied_target=6 current_replicas=6 hold_until=0.0 observed_load=88.26 observed_target=6 point_forecasts=[97.07864379882812, 101.7734375, 103.08905792236328, 102.46033477783203, 102.17816162109375, 101.86717224121094, 101.56837463378906, 102.28073120117188, 101.41204071044922] prediction_age_sec=0.06 predictive_target=6 proactive=False scenario=s4-hybrid-predictive target_replicas=6 upper_forecasts=[151.9752655029297, 161.49732971191406, 162.18687438964844, 161.67776489257812, 161.8545379638672, 161.60858154296875, 161.70069885253906, 162.1857147216797, 161.49142456054688]
2026-09-12 13:49:24 [debug    ] Decision loop completed        action=MAINTAIN latency_ms=99.86 p99=99.75948766603415
2026-09-12 13:49:39 [debug    ] GRU prediction received        confidence=0.6 latency_ms=3.13 predicted=162
2026-09-12 13:49:39 [debug    ] Using GRU prediction           confidence=0.6 forecast_capacity_signal=100.8 predicted=162 required_steps=5
2026-09-12 13:49:39 [info     ] algorithm2_scaling_decision    action=MAINTAIN alpha=0.060060060060060066 beta=0.0 buffer=1.0 current_replicas=6 predicted_load=100.78895568847656 required_resources=6.053 target_replicas=6
2026-09-12 13:49:39 [info     ] algorithm2_decision            action=MAINTAIN applied_target=6 current_replicas=6 hold_until=1789195869.2 observed_load=79.84 observed_target=5 point_forecasts=[93.55801391601562, 98.80354309082031, 100.62760162353516, 100.63929748535156, 100.78895568847656, 100.77452087402344, 100.79003143310547, 102.31940460205078, 101.53659057617188] prediction_age_sec=0.06 predictive_target=6 proactive=True scenario=s4-hybrid-predictive target_replicas=6 upper_forecasts=[148.4546356201172, 158.52743530273438, 159.7254180908203, 159.8567352294922, 160.46533203125, 160.51593017578125, 160.92236328125, 162.22438049316406, 161.615966796875]
2026-09-12 13:49:39 [debug    ] Decision loop completed        action=MAINTAIN latency_ms=98.95 p99=99.52566452795601
2026-09-12 13:49:54 [debug    ] GRU prediction received        confidence=0.6 latency_ms=3.72 predicted=162
2026-09-12 13:49:54 [debug    ] Using GRU prediction           confidence=0.6 forecast_capacity_signal=99.6 predicted=162 required_steps=5
2026-09-12 13:49:54 [info     ] algorithm2_scaling_decision    action=MAINTAIN alpha=0.060060060060060066 beta=0.0 buffer=1.0 current_replicas=6 predicted_load=99.56983184814453 required_resources=5.98 target_replicas=6
2026-09-12 13:49:54 [info     ] algorithm2_decision            action=MAINTAIN applied_target=6 current_replicas=6 hold_until=1789195884.3 observed_load=77.03 observed_target=5 point_forecasts=[90.9253921508789, 96.3611068725586, 98.53463745117188, 99.0627670288086, 99.56983184814453, 99.90727233886719, 100.25700378417969, 102.02539825439453, 101.4958267211914] prediction_age_sec=0.06 predictive_target=6 proactive=True scenario=s4-hybrid-predictive target_replicas=6 upper_forecasts=[145.82200622558594, 156.08499145507812, 157.6324462890625, 158.28021240234375, 159.2462158203125, 159.648681640625, 160.3893280029297, 161.9303741455078, 161.57521057128906]
2026-09-12 13:49:54 [debug    ] Decision loop completed        action=MAINTAIN latency_ms=104.65 p99=99.56759176365264
2026-09-12 13:50:09 [debug    ] GRU prediction received        confidence=0.6 latency_ms=3.61 predicted=162
2026-09-12 13:50:09 [debug    ] Using GRU prediction           confidence=0.6 forecast_capacity_signal=99.2 predicted=162 required_steps=5
2026-09-12 13:50:09 [info     ] algorithm2_scaling_decision    action=MAINTAIN alpha=0.060060060060060066 beta=0.0 buffer=1.0 current_replicas=6 predicted_load=99.24492645263672 required_resources=5.961 target_replicas=6
2026-09-12 13:50:09 [info     ] algorithm2_decision            action=MAINTAIN applied_target=6 current_replicas=6 hold_until=1789195899.4 observed_load=77.93 observed_target=5 point_forecasts=[91.6202621459961, 96.07514953613281, 97.95222473144531, 98.74726867675781, 99.24492645263672, 99.97335052490234, 100.51422882080078, 102.090087890625, 101.49112701416016] prediction_age_sec=0.06 predictive_target=6 proactive=True scenario=s4-hybrid-predictive target_replicas=6 upper_forecasts=[146.51687622070312, 155.79904174804688, 157.050048828125, 157.96470642089844, 158.92129516601562, 159.71475219726562, 160.6465606689453, 161.9950714111328, 161.5705108642578]
2026-09-12 13:50:09 [debug    ] Decision loop completed        action=MAINTAIN latency_ms=98.72 p99=99.87819488817892
2026-09-12 13:50:24 [debug    ] GRU prediction received        confidence=0.6 latency_ms=4.09 predicted=161
2026-09-12 13:50:24 [debug    ] Using GRU prediction           confidence=0.6 forecast_capacity_signal=98.3 predicted=161 required_steps=5
2026-09-12 13:50:24 [info     ] algorithm2_scaling_decision    action=MAINTAIN alpha=0.060060060060060066 beta=0.0 buffer=1.0 current_replicas=6 predicted_load=98.34190368652344 required_resources=5.906 target_replicas=6
2026-09-12 13:50:24 [info     ] algorithm2_decision            action=MAINTAIN applied_target=6 current_replicas=6 hold_until=1789195914.6 observed_load=79.06 observed_target=5 point_forecasts=[90.29071807861328, 94.72023010253906, 96.81593322753906, 97.6460189819336, 98.34190368652344, 99.02473449707031, 99.49022674560547, 100.98834991455078, 100.63319396972656] prediction_age_sec=0.06 predictive_target=6 proactive=True scenario=s4-hybrid-predictive target_replicas=6 upper_forecasts=[145.1873321533203, 154.44412231445312, 155.91375732421875, 156.86346435546875, 158.01828002929688, 158.76614379882812, 159.62255859375, 160.89332580566406, 160.71258544921875]
2026-09-12 13:50:24 [debug    ] Decision loop completed        action=MAINTAIN latency_ms=122.93 p99=99.47489082969432
2026-09-12 13:50:39 [debug    ] GRU prediction received        confidence=0.6 latency_ms=3.84 predicted=159
2026-09-12 13:50:39 [debug    ] Using GRU prediction           confidence=0.6 forecast_capacity_signal=96.2 predicted=159 required_steps=5
2026-09-12 13:50:39 [info     ] algorithm2_scaling_decision    action=MAINTAIN alpha=0.060060060060060066 beta=0.0 buffer=1.0 current_replicas=6 predicted_load=96.18677520751953 required_resources=5.777 target_replicas=6
2026-09-12 13:50:39 [info     ] algorithm2_decision            action=MAINTAIN applied_target=6 current_replicas=6 hold_until=1789195929.7 observed_load=71.22 observed_target=5 point_forecasts=[84.83267211914062, 90.59898376464844, 93.76586151123047, 95.0347900390625, 96.18677520751953, 96.61775207519531, 96.56732940673828, 98.85243225097656, 98.8088607788086] prediction_age_sec=0.06 predictive_target=6 proactive=True scenario=s4-hybrid-predictive target_replicas=6 upper_forecasts=[139.7292938232422, 150.3228759765625, 152.86367797851562, 154.25222778320312, 155.8631591796875, 156.35916137695312, 156.6996612548828, 158.75741577148438, 158.88824462890625]
2026-09-12 13:50:39 [debug    ] Decision loop completed        action=MAINTAIN latency_ms=101.36 p99=99.4671052631579
2026-09-12 13:50:54 [debug    ] GRU prediction received        confidence=0.6 latency_ms=4.56 predicted=156
2026-09-12 13:50:54 [debug    ] Using GRU prediction           confidence=0.6 forecast_capacity_signal=93.0 predicted=156 required_steps=5
2026-09-12 13:50:54 [info     ] algorithm2_scaling_decision    action=MAINTAIN alpha=0.060060060060060066 beta=0.0 buffer=1.0 current_replicas=6 predicted_load=93.04718780517578 required_resources=5.588 target_replicas=6
2026-09-12 13:50:54 [info     ] algorithm2_decision            action=MAINTAIN applied_target=6 current_replicas=6 hold_until=1789195944.8 observed_load=59.22 observed_target=4 point_forecasts=[79.2297592163086, 86.11259460449219, 90.15913391113281, 91.1837387084961, 93.04718780517578, 93.17584228515625, 93.2885513305664, 96.07705688476562, 96.12739562988281] prediction_age_sec=0.06 predictive_target=6 proactive=True scenario=s4-hybrid-predictive target_replicas=6 upper_forecasts=[134.12637329101562, 145.83648681640625, 149.2569580078125, 150.40118408203125, 152.72357177734375, 152.917236328125, 153.42088317871094, 155.98204040527344, 156.206787109375]
2026-09-12 13:50:54 [debug    ] Decision loop completed        action=MAINTAIN latency_ms=104.73 p99=99.46906474820145
2026-09-12 13:51:09 [debug    ] GRU prediction received        confidence=0.6 latency_ms=3.47 predicted=153
2026-09-12 13:51:09 [debug    ] Using GRU prediction           confidence=0.6 forecast_capacity_signal=89.8 predicted=153 required_steps=5
2026-09-12 13:51:09 [info     ] algorithm2_scaling_decision    action=MAINTAIN alpha=0.060060060060060066 beta=0.0 buffer=1.0 current_replicas=6 predicted_load=89.8056869506836 required_resources=5.394 target_replicas=6
2026-09-12 13:51:09 [info     ] algorithm2_decision            action=MAINTAIN applied_target=6 current_replicas=6 hold_until=1789195959.9 observed_load=51.43 observed_target=4 point_forecasts=[75.3959732055664, 82.10810089111328, 86.49491119384766, 87.5405502319336, 89.8056869506836, 89.8046646118164, 90.47627258300781, 93.18238067626953, 93.10228729248047] prediction_age_sec=0.06 predictive_target=6 proactive=True scenario=s4-hybrid-predictive target_replicas=6 upper_forecasts=[130.29258728027344, 141.8319854736328, 145.5927276611328, 146.75799560546875, 149.4820556640625, 149.5460662841797, 150.6085968017578, 153.0873565673828, 153.18167114257812]
2026-09-12 13:51:09 [debug    ] Decision loop completed        action=MAINTAIN latency_ms=105.12 p99=99.46496350364964
2026-09-12 13:51:24 [debug    ] GRU prediction received        confidence=0.6 latency_ms=3.58 predicted=151
2026-09-12 13:51:24 [debug    ] Using GRU prediction           confidence=0.6 forecast_capacity_signal=87.4 predicted=151 required_steps=5
2026-09-12 13:51:24 [info     ] algorithm2_scaling_decision    action=MAINTAIN alpha=0.060060060060060066 beta=0.0 buffer=1.0 current_replicas=6 predicted_load=87.3718032836914 required_resources=5.248 target_replicas=6
2026-09-12 13:51:24 [info     ] algorithm2_decision            action=MAINTAIN applied_target=6 current_replicas=6 hold_until=1789195975.0 observed_load=47.37 observed_target=3 point_forecasts=[72.79681396484375, 79.23176574707031, 83.76734924316406, 84.74610900878906, 87.3718032836914, 87.55716705322266, 88.56987762451172, 91.07733154296875, 90.91507720947266] prediction_age_sec=0.06 predictive_target=6 proactive=True scenario=s4-hybrid-predictive target_replicas=6 upper_forecasts=[127.69343566894531, 138.95565795898438, 142.86517333984375, 143.9635467529297, 147.04818725585938, 147.29856872558594, 148.70220947265625, 150.98231506347656, 150.9944610595703]
2026-09-12 13:51:24 [debug    ] Decision loop completed        action=MAINTAIN latency_ms=99.92 p99=99.4608378870674
2026-09-12 13:51:40 [debug    ] GRU prediction received        confidence=0.6 latency_ms=3.29 predicted=150
2026-09-12 13:51:40 [debug    ] Using GRU prediction           confidence=0.6 forecast_capacity_signal=86.0 predicted=150 required_steps=5
2026-09-12 13:51:40 [info     ] algorithm2_scaling_decision    action=MAINTAIN alpha=0.060060060060060066 beta=0.0 buffer=1.0 current_replicas=6 predicted_load=85.96552276611328 required_resources=5.163 target_replicas=6
2026-09-12 13:51:40 [info     ] algorithm2_decision            action=MAINTAIN applied_target=6 current_replicas=6 hold_until=1789195990.1 observed_load=45.34 observed_target=3 point_forecasts=[71.38919067382812, 77.591064453125, 82.12443542480469, 83.16749572753906, 85.96552276611328, 86.40315246582031, 87.71893310546875, 89.96099853515625, 89.87176513671875] prediction_age_sec=0.06 predictive_target=6 proactive=True scenario=s4-hybrid-predictive target_replicas=6 upper_forecasts=[126.28581237792969, 137.31495666503906, 141.22225952148438, 142.3849334716797, 145.64190673828125, 146.14456176757812, 147.85125732421875, 149.86598205566406, 149.95114135742188]
2026-09-12 13:51:40 [debug    ] Decision loop completed        action=MAINTAIN latency_ms=103.04 p99=99.54173106646058
2026-09-12 13:51:55 [debug    ] GRU prediction received        confidence=0.6 latency_ms=3.54 predicted=151
2026-09-12 13:51:55 [debug    ] Using GRU prediction           confidence=0.6 forecast_capacity_signal=86.8 predicted=151 required_steps=5
2026-09-12 13:51:55 [info     ] algorithm2_scaling_decision    action=MAINTAIN alpha=0.060060060060060066 beta=0.0 buffer=1.0 current_replicas=6 predicted_load=86.8440933227539 required_resources=5.216 target_replicas=6
2026-09-12 13:51:55 [info     ] algorithm2_decision            action=MAINTAIN applied_target=6 current_replicas=6 hold_until=1789196005.2 observed_load=49.49 observed_target=3 point_forecasts=[74.30912780761719, 79.281982421875, 83.32398986816406, 84.14334869384766, 86.8440933227539, 87.30086517333984, 88.95925903320312, 90.62857818603516, 90.39904022216797] prediction_age_sec=0.06 predictive_target=6 proactive=True scenario=s4-hybrid-predictive target_replicas=6 upper_forecasts=[129.20574951171875, 139.00587463378906, 142.42181396484375, 143.36077880859375, 146.52047729492188, 147.04226684570312, 149.09158325195312, 150.53355407714844, 150.47842407226562]
2026-09-12 13:51:55 [debug    ] Decision loop completed        action=MAINTAIN latency_ms=98.76 p99=99.56890299184045
2026-09-12 13:52:10 [debug    ] GRU prediction received        confidence=0.6 latency_ms=3.13 predicted=153
2026-09-12 13:52:10 [debug    ] Using GRU prediction           confidence=0.6 forecast_capacity_signal=89.5 predicted=153 required_steps=5
2026-09-12 13:52:10 [info     ] algorithm2_scaling_decision    action=MAINTAIN alpha=0.060060060060060066 beta=0.0 buffer=1.0 current_replicas=6 predicted_load=89.53065490722656 required_resources=5.377 target_replicas=6
2026-09-12 13:52:10 [info     ] algorithm2_decision            action=MAINTAIN applied_target=6 current_replicas=6 hold_until=1789196020.3 observed_load=59.67 observed_target=4 point_forecasts=[78.98138427734375, 82.7547607421875, 86.45692443847656, 86.8604965209961, 89.53065490722656, 89.88861846923828, 91.43047332763672, 92.64472961425781, 92.2816162109375] prediction_age_sec=0.06 predictive_target=6 proactive=True scenario=s4-hybrid-predictive target_replicas=6 upper_forecasts=[133.8780059814453, 142.47865295410156, 145.55474853515625, 146.07794189453125, 149.20703125, 149.63002014160156, 151.56280517578125, 152.54971313476562, 152.36099243164062]
2026-09-12 13:52:10 [debug    ] Decision loop completed        action=MAINTAIN latency_ms=100.29 p99=99.66858789625361
2026-09-12 13:52:25 [debug    ] GRU prediction received        confidence=0.6 latency_ms=3.54 predicted=154
2026-09-12 13:52:25 [debug    ] Using GRU prediction           confidence=0.6 forecast_capacity_signal=92.0 predicted=154 required_steps=5
2026-09-12 13:52:25 [info     ] algorithm2_scaling_decision    action=MAINTAIN alpha=0.060060060060060066 beta=0.0 buffer=1.0 current_replicas=6 predicted_load=92.00263214111328 required_resources=5.526 target_replicas=6
2026-09-12 13:52:25 [info     ] algorithm2_decision            action=MAINTAIN applied_target=6 current_replicas=6 hold_until=1789196035.4 observed_load=68.89 observed_target=5 point_forecasts=[82.83294677734375, 85.85855865478516, 89.33025360107422, 89.53207397460938, 92.00263214111328, 92.2267837524414, 93.30398559570312, 94.38358306884766, 94.1601791381836] prediction_age_sec=0.06 predictive_target=6 proactive=True scenario=s4-hybrid-predictive target_replicas=6 upper_forecasts=[137.7295684814453, 145.5824432373047, 148.42807006835938, 148.74951171875, 151.67901611328125, 151.9681854248047, 153.43630981445312, 154.28855895996094, 154.23956298828125]
2026-09-12 13:52:25 [debug    ] Decision loop completed        action=MAINTAIN latency_ms=99.98 p99=99.83316221765915
2026-09-12 13:52:40 [debug    ] GRU prediction received        confidence=0.6 latency_ms=3.23 predicted=154
2026-09-12 13:52:40 [debug    ] Using GRU prediction           confidence=0.6 forecast_capacity_signal=92.1 predicted=154 required_steps=5
2026-09-12 13:52:40 [info     ] algorithm2_scaling_decision    action=MAINTAIN alpha=0.060060060060060066 beta=0.0 buffer=1.0 current_replicas=6 predicted_load=92.11571502685547 required_resources=5.532 target_replicas=6
2026-09-12 13:52:40 [info     ] algorithm2_decision            action=MAINTAIN applied_target=6 current_replicas=6 hold_until=1789196050.5 observed_load=72.48 observed_target=5 point_forecasts=[83.20472717285156, 86.04356384277344, 89.37657928466797, 89.9372787475586, 92.11571502685547, 91.87535858154297, 92.39009857177734, 93.66107177734375, 93.75802612304688] prediction_age_sec=0.06 predictive_target=6 proactive=True scenario=s4-hybrid-predictive target_replicas=6 upper_forecasts=[138.10134887695312, 145.7674560546875, 148.47439575195312, 149.15472412109375, 151.79208374023438, 151.61676025390625, 152.52243041992188, 153.56605529785156, 153.83740234375]
2026-09-12 13:52:40 [debug    ] Decision loop completed        action=MAINTAIN latency_ms=102.75 p99=99.66025641025641
2026-09-12 13:52:55 [debug    ] GRU prediction received        confidence=0.6 latency_ms=4.12 predicted=153
2026-09-12 13:52:55 [debug    ] Using GRU prediction           confidence=0.6 forecast_capacity_signal=91.6 predicted=153 required_steps=5
2026-09-12 13:52:55 [info     ] algorithm2_scaling_decision    action=MAINTAIN alpha=0.060060060060060066 beta=0.0 buffer=1.0 current_replicas=6 predicted_load=91.5896987915039 required_resources=5.501 target_replicas=6
2026-09-12 13:52:55 [info     ] algorithm2_decision            action=MAINTAIN applied_target=6 current_replicas=6 hold_until=1789196065.6 observed_load=72.98 observed_target=5 point_forecasts=[83.48878479003906, 86.04437255859375, 88.93798828125, 89.92249298095703, 91.5896987915039, 90.95319366455078, 91.1951904296875, 92.53929138183594, 92.83110046386719] prediction_age_sec=0.06 predictive_target=6 proactive=True scenario=s4-hybrid-predictive target_replicas=6 upper_forecasts=[138.38540649414062, 145.7682647705078, 148.03579711914062, 149.13992309570312, 151.26608276367188, 150.69459533691406, 151.3275146484375, 152.44427490234375, 152.91049194335938]
2026-09-12 13:52:55 [debug    ] Decision loop completed        action=MAINTAIN latency_ms=102.28 p99=99.75091575091575
2026-09-12 13:53:10 [debug    ] GRU prediction received        confidence=0.6 latency_ms=3.08 predicted=153
2026-09-12 13:53:10 [debug    ] Using GRU prediction           confidence=0.6 forecast_capacity_signal=91.8 predicted=153 required_steps=5
2026-09-12 13:53:10 [debug    ] Proactive amplification        amplified=153 approach_ratio=0.81 load_trend=4.0 raw_pred=153
2026-09-12 13:53:10 [info     ] algorithm2_scaling_decision    action=MAINTAIN alpha=0.060060060060060066 beta=0.0 buffer=1.0 current_replicas=6 predicted_load=91.81987762451172 required_resources=5.515 target_replicas=6
2026-09-12 13:53:10 [info     ] algorithm2_decision            action=MAINTAIN applied_target=6 current_replicas=6 hold_until=1789196080.7 observed_load=77.43 observed_target=5 point_forecasts=[86.25518798828125, 87.74176025390625, 89.94737243652344, 90.81622314453125, 91.81987762451172, 90.99281311035156, 91.20323944091797, 92.28970336914062, 92.68894958496094] prediction_age_sec=0.06 predictive_target=6 proactive=True scenario=s4-hybrid-predictive target_replicas=6 upper_forecasts=[141.1518096923828, 147.4656524658203, 149.04519653320312, 150.03366088867188, 151.49624633789062, 150.73422241210938, 151.3355712890625, 152.19468688964844, 152.76834106445312]
2026-09-12 13:53:10 [debug    ] Decision loop completed        action=MAINTAIN latency_ms=99.59 p99=99.59547169811323
2026-09-12 13:53:25 [debug    ] GRU prediction received        confidence=0.6 latency_ms=4.33 predicted=154
2026-09-12 13:53:25 [debug    ] Using GRU prediction           confidence=0.6 forecast_capacity_signal=93.8 predicted=154 required_steps=5
2026-09-12 13:53:25 [debug    ] Proactive amplification        amplified=154 approach_ratio=0.9 load_trend=4.2 raw_pred=154
2026-09-12 13:53:25 [info     ] algorithm2_scaling_decision    action=MAINTAIN alpha=0.060060060060060066 beta=0.0 buffer=1.0 current_replicas=6 predicted_load=85.41111111111108 required_resources=5.13 target_replicas=6
2026-09-12 13:53:25 [info     ] algorithm2_decision            action=MAINTAIN applied_target=6 current_replicas=6 hold_until=1789196080.7 observed_load=85.41 observed_target=6 point_forecasts=[90.33979034423828, 90.76398468017578, 92.60264587402344, 93.09828186035156, 93.75983428955078, 92.7691650390625, 92.84443664550781, 93.7568130493164, 94.1355972290039] prediction_age_sec=0.06 predictive_target=6 proactive=False scenario=s4-hybrid-predictive target_replicas=6 upper_forecasts=[145.2364044189453, 150.4878692626953, 151.70046997070312, 152.3157196044922, 153.43621826171875, 152.51055908203125, 152.9767608642578, 153.6617889404297, 154.21498107910156]
2026-09-12 13:53:25 [debug    ] Decision loop completed        action=MAINTAIN latency_ms=100.41 p99=149.56666666666683
2026-09-12 13:53:40 [debug    ] GRU prediction received        confidence=0.6 latency_ms=3.95 predicted=157
2026-09-12 13:53:40 [debug    ] Using GRU prediction           confidence=0.6 forecast_capacity_signal=96.9 predicted=157 required_steps=5
2026-09-12 13:53:40 [debug    ] Proactive amplification        amplified=164.7 approach_ratio=1.01 load_trend=7.1 raw_pred=157
2026-09-12 13:53:40 [warning  ] Knative pre-warm non-200       status=404
2026-09-12 13:53:40 [info     ] controller_decision_v3         action=PREDICTIVE available_replicas=6 budget_remaining=991 burn_adjustment=0 burst_ratio=0.0089 capacity_deficit=False confidence=0.6 current_load=100.79999999999997 decision_id=25073688 k8s_capacity=99.9 k8s_weight=99 knative_weight=1 p99=167.0 predicted_load=157 r_effective=16.6 serverless_enabled=True total_load=100.8 weights_after={'k3s': 99, 'knative': 1} weights_before={'k3s': 100, 'knative': 0}
2026-09-12 13:53:40 [info     ] Weights updated                k3s=99 knative=1
2026-09-12 13:53:40 [info     ] Weights updated                action=PREDICTIVE reason='load=101RPS | k8s_cap=100RPS | (prediction-driven)' weights={'k3s': 99, 'knative': 1}
2026-09-12 13:53:40 [info     ] algorithm2_scaling_decision    action=MAINTAIN alpha=0.060060060060060066 beta=0.0 buffer=1.0 current_replicas=6 predicted_load=95.16666666666664 required_resources=5.716 target_replicas=6
2026-09-12 13:53:40 [info     ] algorithm2_decision            action=MAINTAIN applied_target=6 current_replicas=6 hold_until=1789196080.7 observed_load=95.17 observed_target=6 point_forecasts=[96.04854583740234, 94.94989013671875, 96.11761474609375, 96.9471664428711, 96.87909698486328, 95.73680114746094, 95.47865295410156, 96.57499694824219, 96.31282806396484] prediction_age_sec=0.06 predictive_target=6 proactive=False scenario=s4-hybrid-predictive target_replicas=6 upper_forecasts=[150.94515991210938, 154.6737823486328, 155.21542358398438, 156.16461181640625, 156.55548095703125, 155.47821044921875, 155.61097717285156, 156.47998046875, 156.3922119140625]
2026-09-12 13:53:40 [debug    ] Decision loop completed        action=PREDICTIVE latency_ms=107.44 p99=166.9799999999999
2026-09-12 13:53:55 [debug    ] GRU prediction received        confidence=0.6 latency_ms=4.04 predicted=158
2026-09-12 13:53:55 [debug    ] Using GRU prediction           confidence=0.6 forecast_capacity_signal=98.6 predicted=158 required_steps=5
2026-09-12 13:53:55 [debug    ] Proactive amplification        amplified=158 approach_ratio=0.98 load_trend=6.2 raw_pred=158
2026-09-12 13:53:55 [info     ] controller_decision_v3         action=RECOVERY available_replicas=6 budget_remaining=991 burn_adjustment=0 burst_ratio=0 capacity_deficit=False confidence=0.6 current_load=98.24444444444441 decision_id=e89b604f k8s_capacity=99.9 k8s_weight=100 knative_weight=0 p99=151.8 predicted_load=158 r_effective=16.6 serverless_enabled=False total_load=98.2 weights_after={'k3s': 100, 'knative': 0} weights_before={'k3s': 99, 'knative': 1}
2026-09-12 13:53:55 [info     ] Weights updated                k3s=100 knative=0
2026-09-12 13:53:55 [info     ] Weights updated                action=RECOVERY reason='load=98RPS | k8s_cap=100RPS | (reducing-serverless)' weights={'k3s': 100, 'knative': 0}
2026-09-12 13:53:56 [info     ] algorithm2_scaling_decision    action=MAINTAIN alpha=0.060060060060060066 beta=0.0 buffer=1.0 current_replicas=6 predicted_load=99.52222222222218 required_resources=5.977 target_replicas=6
2026-09-12 13:53:56 [info     ] algorithm2_decision            action=MAINTAIN applied_target=6 current_replicas=6 hold_until=1789196080.7 observed_load=99.52 observed_target=6 point_forecasts=[97.3406982421875, 96.98065948486328, 98.11160278320312, 98.92311096191406, 98.57606506347656, 97.60942840576172, 96.83805084228516, 98.09423065185547, 97.4267578125] prediction_age_sec=0.09 predictive_target=6 proactive=False scenario=s4-hybrid-predictive target_replicas=6 upper_forecasts=[152.23731994628906, 156.7045440673828, 157.20941162109375, 158.1405487060547, 158.25244140625, 157.350830078125, 156.9703826904297, 157.99920654296875, 157.50613403320312]
2026-09-12 13:53:56 [debug    ] Decision loop completed        action=RECOVERY latency_ms=130.94 p99=151.79166666666666
2026-09-12 13:54:11 [debug    ] GRU prediction received        confidence=0.6 latency_ms=3.06 predicted=157
2026-09-12 13:54:11 [debug    ] Using GRU prediction           confidence=0.6 forecast_capacity_signal=97.8 predicted=157 required_steps=5
2026-09-12 13:54:11 [info     ] algorithm2_scaling_decision    action=MAINTAIN alpha=0.060060060060060066 beta=0.0 buffer=1.0 current_replicas=6 predicted_load=92.49999999999999 required_resources=5.556 target_replicas=6
2026-09-12 13:54:11 [info     ] algorithm2_decision            action=MAINTAIN applied_target=6 current_replicas=6 hold_until=1789196080.7 observed_load=92.5 observed_target=6 point_forecasts=[94.10391235351562, 95.99053192138672, 97.44832611083984, 97.85862731933594, 97.75190734863281, 97.03076171875, 95.7230453491211, 97.18976593017578, 97.08209228515625] prediction_age_sec=0.06 predictive_target=6 proactive=False scenario=s4-hybrid-predictive target_replicas=6 upper_forecasts=[149.0005340576172, 155.71441650390625, 156.546142578125, 157.07606506347656, 157.42828369140625, 156.77215576171875, 155.85537719726562, 157.09474182128906, 157.16146850585938]
2026-09-12 13:54:11 [debug    ] Decision loop completed        action=MAINTAIN latency_ms=102.67 p99=117.00000000000101
2026-09-12 13:54:26 [debug    ] GRU prediction received        confidence=0.6 latency_ms=3.65 predicted=155
2026-09-12 13:54:26 [debug    ] Using GRU prediction           confidence=0.6 forecast_capacity_signal=94.4 predicted=155 required_steps=5
2026-09-12 13:54:26 [info     ] algorithm2_scaling_decision    action=MAINTAIN alpha=0.060060060060060066 beta=0.0 buffer=1.0 current_replicas=6 predicted_load=94.40560913085938 required_resources=5.67 target_replicas=6
2026-09-12 13:54:26 [info     ] algorithm2_decision            action=MAINTAIN applied_target=6 current_replicas=6 hold_until=1789196156.2 observed_load=78.03 observed_target=5 point_forecasts=[86.607421875, 90.70410919189453, 93.09622955322266, 93.75499725341797, 94.40560913085938, 93.46576690673828, 92.32740020751953, 94.44412231445312, 95.32437896728516] prediction_age_sec=0.06 predictive_target=6 proactive=True scenario=s4-hybrid-predictive target_replicas=6 upper_forecasts=[141.50404357910156, 150.42799377441406, 152.1940460205078, 152.97244262695312, 154.0819854736328, 153.20716857910156, 152.45973205566406, 154.34910583496094, 155.4037628173828]
2026-09-12 13:54:26 [debug    ] Decision loop completed        action=MAINTAIN latency_ms=97.91 p99=99.89815950920246
2026-09-12 13:54:41 [debug    ] GRU prediction received        confidence=0.6 latency_ms=4.67 predicted=152
2026-09-12 13:54:41 [debug    ] Using GRU prediction           confidence=0.6 forecast_capacity_signal=89.8 predicted=152 required_steps=5
2026-09-12 13:54:41 [info     ] algorithm2_scaling_decision    action=MAINTAIN alpha=0.060060060060060066 beta=0.0 buffer=1.0 current_replicas=6 predicted_load=89.82878875732422 required_resources=5.395 target_replicas=6
2026-09-12 13:54:41 [info     ] algorithm2_decision            action=MAINTAIN applied_target=6 current_replicas=6 hold_until=1789196171.3 observed_load=63.54 observed_target=4 point_forecasts=[80.0210952758789, 84.76324462890625, 87.84215545654297, 88.9949722290039, 89.82878875732422, 89.22759246826172, 88.511962890625, 91.16828155517578, 91.57357025146484] prediction_age_sec=0.06 predictive_target=6 proactive=True scenario=s4-hybrid-predictive target_replicas=6 upper_forecasts=[134.91770935058594, 144.4871368408203, 146.93997192382812, 148.21240234375, 149.50515747070312, 148.968994140625, 148.644287109375, 151.07325744628906, 151.6529541015625]
2026-09-12 13:54:41 [debug    ] Decision loop completed        action=MAINTAIN latency_ms=106.06 p99=99.6835260115607
2026-09-12 13:54:56 [debug    ] GRU prediction received        confidence=0.6 latency_ms=4.06 predicted=148
2026-09-12 13:54:56 [debug    ] Using GRU prediction           confidence=0.6 forecast_capacity_signal=84.8 predicted=148 required_steps=5
2026-09-12 13:54:56 [info     ] algorithm2_scaling_decision    action=MAINTAIN alpha=0.060060060060060066 beta=0.0 buffer=1.0 current_replicas=6 predicted_load=84.76872253417969 required_resources=5.091 target_replicas=6
2026-09-12 13:54:56 [info     ] algorithm2_decision            action=MAINTAIN applied_target=6 current_replicas=6 hold_until=1789196186.4 observed_load=53.91 observed_target=4 point_forecasts=[74.31212615966797, 79.14704895019531, 82.33687591552734, 83.72041320800781, 84.76872253417969, 84.54601287841797, 84.91262817382812, 86.99639129638672, 87.56454467773438] prediction_age_sec=0.06 predictive_target=6 proactive=True scenario=s4-hybrid-predictive target_replicas=6 upper_forecasts=[129.208740234375, 138.87094116210938, 141.4346923828125, 142.93785095214844, 144.44509887695312, 144.28741455078125, 145.04495239257812, 146.9013671875, 147.6439208984375]
2026-09-12 13:54:56 [debug    ] Decision loop completed        action=MAINTAIN latency_ms=100.9 p99=99.68918918918921
2026-09-12 13:55:11 [debug    ] GRU prediction received        confidence=0.6 latency_ms=3.18 predicted=144
2026-09-12 13:55:11 [debug    ] Using GRU prediction           confidence=0.6 forecast_capacity_signal=80.6 predicted=144 required_steps=5
2026-09-12 13:55:11 [info     ] algorithm2_scaling_decision    action=MAINTAIN alpha=0.060060060060060066 beta=0.0 buffer=1.0 current_replicas=6 predicted_load=80.57760620117188 required_resources=4.839 target_replicas=5
2026-09-12 13:55:11 [info     ] algorithm2_decision            action=MAINTAIN applied_target=5 current_replicas=6 hold_until=1789196201.5 observed_load=49.62 observed_target=3 point_forecasts=[71.24285888671875, 75.19270324707031, 77.9576187133789, 79.33685302734375, 80.57760620117188, 80.79624938964844, 81.7365493774414, 83.25908660888672, 84.07581329345703] prediction_age_sec=0.06 predictive_target=5 proactive=True scenario=s4-hybrid-predictive target_replicas=5 upper_forecasts=[126.13948059082031, 134.91659545898438, 137.05543518066406, 138.55429077148438, 140.2539825439453, 140.53765869140625, 141.86888122558594, 143.1640625, 144.1551971435547]
2026-09-12 13:55:11 [debug    ] Decision loop completed        action=MAINTAIN latency_ms=101.63 p99=99.60365853658537
2026-09-12 13:55:26 [debug    ] GRU prediction received        confidence=0.6 latency_ms=3.86 predicted=141
2026-09-12 13:55:26 [debug    ] Using GRU prediction           confidence=0.6 forecast_capacity_signal=77.5 predicted=141 required_steps=5
2026-09-12 13:55:26 [info     ] algorithm2_scaling_decision    action=MAINTAIN alpha=0.060060060060060066 beta=0.0 buffer=1.0 current_replicas=6 predicted_load=77.4758529663086 required_resources=4.653 target_replicas=5
2026-09-12 13:55:26 [info     ] algorithm2_decision            action=MAINTAIN applied_target=5 current_replicas=6 hold_until=1789196216.6 observed_load=51.09 observed_target=4 point_forecasts=[69.55506896972656, 72.66239166259766, 75.02960205078125, 76.08294677734375, 77.4758529663086, 77.60786437988281, 79.02095031738281, 80.00093841552734, 81.0023193359375] prediction_age_sec=0.06 predictive_target=5 proactive=True scenario=s4-hybrid-predictive target_replicas=5 upper_forecasts=[124.45169067382812, 132.3862762451172, 134.12741088867188, 135.30038452148438, 137.1522216796875, 137.34927368164062, 139.1532745361328, 139.90591430664062, 141.08169555664062]
2026-09-12 13:55:26 [debug    ] Decision loop completed        action=MAINTAIN latency_ms=102.75 p99=99.47321428571429
2026-09-12 13:55:41 [debug    ] GRU prediction received        confidence=0.6 latency_ms=3.84 predicted=138
2026-09-12 13:55:41 [debug    ] Using GRU prediction           confidence=0.6 forecast_capacity_signal=74.8 predicted=138 required_steps=5
2026-09-12 13:55:41 [info     ] algorithm2_scaling_decision    action=MAINTAIN alpha=0.060060060060060066 beta=0.0 buffer=1.0 current_replicas=6 predicted_load=74.78656768798828 required_resources=4.492 target_replicas=5
2026-09-12 13:55:41 [info     ] algorithm2_decision            action=MAINTAIN applied_target=5 current_replicas=6 hold_until=1789196231.7 observed_load=53.76 observed_target=4 point_forecasts=[67.4161376953125, 70.33499145507812, 72.39838409423828, 73.26024627685547, 74.78656768798828, 74.8155517578125, 76.15811157226562, 76.88618469238281, 77.8788833618164] prediction_age_sec=0.06 predictive_target=5 proactive=True scenario=s4-hybrid-predictive target_replicas=5 upper_forecasts=[122.31275939941406, 130.0588836669922, 131.49620056152344, 132.47769165039062, 134.46295166015625, 134.55694580078125, 136.29043579101562, 136.79116821289062, 137.95826721191406]
2026-09-12 13:55:41 [debug    ] Decision loop completed        action=MAINTAIN latency_ms=100.82 p99=99.46883468834689
2026-09-12 13:55:56 [debug    ] GRU prediction received        confidence=0.6 latency_ms=3.8 predicted=134
2026-09-12 13:55:56 [debug    ] Using GRU prediction           confidence=0.6 forecast_capacity_signal=71.6 predicted=134 required_steps=5
2026-09-12 13:55:56 [info     ] algorithm2_scaling_decision    action=MAINTAIN alpha=0.060060060060060066 beta=0.0 buffer=1.0 current_replicas=6 predicted_load=71.62553405761719 required_resources=4.302 target_replicas=5
2026-09-12 13:55:56 [info     ] algorithm2_decision            action=MAINTAIN applied_target=5 current_replicas=6 hold_until=1789196246.8 observed_load=52.76 observed_target=4 point_forecasts=[63.78334045410156, 67.1795883178711, 69.04147338867188, 69.8857650756836, 71.62553405761719, 71.42769622802734, 72.45436096191406, 73.26786804199219, 74.28678131103516] prediction_age_sec=0.06 predictive_target=5 proactive=True scenario=s4-hybrid-predictive target_replicas=5 upper_forecasts=[118.67996215820312, 126.90347290039062, 128.1392822265625, 129.10321044921875, 131.30191040039062, 131.16909790039062, 132.58668518066406, 133.1728515625, 134.3661651611328]
2026-09-12 13:55:56 [debug    ] Decision loop completed        action=MAINTAIN latency_ms=97.06 p99=99.54819277108435
2026-09-12 13:56:11 [debug    ] GRU prediction received        confidence=0.6 latency_ms=3.32 predicted=130
2026-09-12 13:56:11 [debug    ] Using GRU prediction           confidence=0.6 forecast_capacity_signal=67.9 predicted=130 required_steps=5
2026-09-12 13:56:11 [info     ] algorithm2_scaling_decision    action=MAINTAIN alpha=0.060060060060060066 beta=0.0 buffer=1.0 current_replicas=6 predicted_load=67.86184692382812 required_resources=4.076 target_replicas=5
2026-09-12 13:56:11 [info     ] algorithm2_decision            action=MAINTAIN applied_target=5 current_replicas=6 hold_until=1789196261.9 observed_load=47.43 observed_target=3 point_forecasts=[58.92259216308594, 63.112083435058594, 64.89596557617188, 65.82859802246094, 67.86184692382812, 67.37107849121094, 68.15951538085938, 69.22927856445312, 70.3733901977539] prediction_age_sec=0.06 predictive_target=5 proactive=True scenario=s4-hybrid-predictive target_replicas=5 upper_forecasts=[113.8192138671875, 122.83596801757812, 123.99378204345703, 125.04603576660156, 127.53822326660156, 127.11248016357422, 128.29183959960938, 129.13426208496094, 130.45277404785156]
2026-09-12 13:56:11 [debug    ] Decision loop completed        action=MAINTAIN latency_ms=100.41 p99=99.55192307692309
2026-09-12 13:56:26 [debug    ] GRU prediction received        confidence=0.6 latency_ms=4.02 predicted=127
2026-09-12 13:56:26 [debug    ] Using GRU prediction           confidence=0.6 forecast_capacity_signal=64.4 predicted=127 required_steps=5
2026-09-12 13:56:27 [info     ] algorithm2_scaling_decision    action=SCALE_DOWN alpha=0.060060060060060066 beta=0.0 buffer=1.0 current_replicas=6 predicted_load=64.35423278808594 required_resources=3.865 target_replicas=4
2026-09-12 13:56:27 [info     ] algorithm2_decision            action=SCALE_DOWN applied_target=4 current_replicas=6 hold_until=1789196277.0 observed_load=42.49 observed_target=3 point_forecasts=[55.588775634765625, 59.6848030090332, 61.33235168457031, 62.192405700683594, 64.35423278808594, 63.60298538208008, 64.54898834228516, 65.71435546875, 66.94544982910156] prediction_age_sec=0.06 predictive_target=4 proactive=True scenario=s4-hybrid-predictive target_replicas=4 upper_forecasts=[110.48539733886719, 119.40869140625, 120.43016815185547, 121.40984344482422, 124.03060913085938, 123.34439086914062, 124.68132019042969, 125.61933898925781, 127.02483367919922]
2026-09-12 13:56:27 [info     ] k8s_scale_executed             deployment=test-app-warm replicas=4
2026-09-12 13:56:27 [debug    ] Decision loop completed        action=MAINTAIN latency_ms=133.64 p99=99.4624183006536
2026-09-12 13:56:42 [debug    ] GRU prediction received        confidence=0.6 latency_ms=4.1 predicted=125
2026-09-12 13:56:42 [debug    ] Using GRU prediction           confidence=0.6 forecast_capacity_signal=62.0 predicted=125 required_steps=5
2026-09-12 13:56:42 [info     ] algorithm2_scaling_decision    action=MAINTAIN alpha=0.060060060060060066 beta=0.0 buffer=1.0 current_replicas=4 predicted_load=61.96315002441406 required_resources=3.722 target_replicas=4
2026-09-12 13:56:42 [info     ] algorithm2_decision            action=MAINTAIN applied_target=4 current_replicas=4 hold_until=1789196292.2 observed_load=42.11 observed_target=3 point_forecasts=[54.41854476928711, 57.77083969116211, 59.23297882080078, 59.83164596557617, 61.96315002441406, 61.14748764038086, 62.34054946899414, 63.38336181640625, 64.59857177734375] prediction_age_sec=0.06 predictive_target=4 proactive=True scenario=s4-hybrid-predictive target_replicas=4 upper_forecasts=[109.3151626586914, 117.4947280883789, 118.33079528808594, 119.04908752441406, 121.6395263671875, 120.88888549804688, 122.4728775024414, 123.28834533691406, 124.6779556274414]
2026-09-12 13:56:42 [debug    ] Decision loop completed        action=MAINTAIN latency_ms=100.76 p99=99.5764705882353
2026-09-12 13:56:57 [debug    ] GRU prediction received        confidence=0.6 latency_ms=3.84 predicted=123
2026-09-12 13:56:57 [debug    ] Using GRU prediction           confidence=0.6 forecast_capacity_signal=60.9 predicted=123 required_steps=5
2026-09-12 13:56:57 [info     ] algorithm2_scaling_decision    action=MAINTAIN alpha=0.060060060060060066 beta=0.0 buffer=1.0 current_replicas=4 predicted_load=60.928340911865234 required_resources=3.659 target_replicas=4
2026-09-12 13:56:57 [info     ] algorithm2_decision            action=MAINTAIN applied_target=4 current_replicas=4 hold_until=1789196307.3 observed_load=44.73 observed_target=3 point_forecasts=[54.432369232177734, 57.18614959716797, 58.48860549926758, 58.84322738647461, 60.928340911865234, 60.15408706665039, 61.41065216064453, 62.27444076538086, 63.41801834106445] prediction_age_sec=0.06 predictive_target=4 proactive=True scenario=s4-hybrid-predictive target_replicas=4 upper_forecasts=[109.32898712158203, 116.9100341796875, 117.58642578125, 118.0606689453125, 120.60472106933594, 119.89549255371094, 121.54298400878906, 122.1794204711914, 123.49740600585938]
2026-09-12 13:56:57 [debug    ] Decision loop completed        action=MAINTAIN latency_ms=97.56 p99=99.62442040185474
2026-09-12 13:57:12 [debug    ] GRU prediction received        confidence=0.6 latency_ms=3.17 predicted=122
2026-09-12 13:57:12 [debug    ] Using GRU prediction           confidence=0.6 forecast_capacity_signal=59.6 predicted=122 required_steps=5
2026-09-12 13:57:12 [info     ] algorithm2_scaling_decision    action=MAINTAIN alpha=0.060060060060060066 beta=0.0 buffer=1.0 current_replicas=4 predicted_load=59.556697845458984 required_resources=3.577 target_replicas=4
2026-09-12 13:57:12 [info     ] algorithm2_decision            action=MAINTAIN applied_target=4 current_replicas=4 hold_until=1789196322.4 observed_load=43.56 observed_target=3 point_forecasts=[51.712730407714844, 55.3316764831543, 56.716732025146484, 57.23239517211914, 59.556697845458984, 58.78216552734375, 59.64081954956055, 60.69762420654297, 61.897621154785156] prediction_age_sec=0.06 predictive_target=4 proactive=True scenario=s4-hybrid-predictive target_replicas=4 upper_forecasts=[106.60934448242188, 115.0555648803711, 115.81454467773438, 116.4498291015625, 119.23307800292969, 118.52356719970703, 119.77314758300781, 120.60260009765625, 121.97700500488281]
2026-09-12 13:57:12 [debug    ] Decision loop completed        action=MAINTAIN latency_ms=101.58 p99=99.54754601226993
2026-09-12 13:57:27 [debug    ] GRU prediction received        confidence=0.6 latency_ms=3.4 predicted=122
2026-09-12 13:57:27 [debug    ] Using GRU prediction           confidence=0.6 forecast_capacity_signal=59.2 predicted=122 required_steps=5
2026-09-12 13:57:27 [info     ] algorithm2_scaling_decision    action=MAINTAIN alpha=0.060060060060060066 beta=0.0 buffer=1.0 current_replicas=4 predicted_load=59.23324203491211 required_resources=3.558 target_replicas=4
2026-09-12 13:57:27 [info     ] algorithm2_decision            action=MAINTAIN applied_target=4 current_replicas=4 hold_until=1789196337.5 observed_load=43.81 observed_target=3 point_forecasts=[53.19816970825195, 55.73566436767578, 56.84772491455078, 57.09370803833008, 59.23324203491211, 58.22980499267578, 59.50129699707031, 60.296348571777344, 61.439754486083984] prediction_age_sec=0.06 predictive_target=4 proactive=True scenario=s4-hybrid-predictive target_replicas=4 upper_forecasts=[108.09478759765625, 115.45954895019531, 115.94554138183594, 116.31114196777344, 118.90962219238281, 117.97120666503906, 119.63362121582031, 120.20132446289062, 121.51913452148438]
2026-09-12 13:57:27 [debug    ] Decision loop completed        action=MAINTAIN latency_ms=102.69 p99=99.54604316546762
2026-09-12 13:57:42 [debug    ] GRU prediction received        confidence=0.6 latency_ms=3.12 predicted=119
2026-09-12 13:57:42 [debug    ] Using GRU prediction           confidence=0.6 forecast_capacity_signal=56.8 predicted=119 required_steps=5
2026-09-12 13:57:42 [info     ] algorithm2_scaling_decision    action=MAINTAIN alpha=0.060060060060060066 beta=0.0 buffer=1.0 current_replicas=4 predicted_load=56.8071174621582 required_resources=3.412 target_replicas=4
2026-09-12 13:57:42 [info     ] algorithm2_decision            action=MAINTAIN applied_target=4 current_replicas=4 hold_until=1789196352.6 observed_load=40.02 observed_target=3 point_forecasts=[47.566226959228516, 52.12679672241211, 53.545127868652344, 54.2089729309082, 56.8071174621582, 55.908897399902344, 56.37995529174805, 57.71773910522461, 59.04044723510742] prediction_age_sec=0.06 predictive_target=4 proactive=True scenario=s4-hybrid-predictive target_replicas=4 upper_forecasts=[102.46284484863281, 111.8506851196289, 112.6429443359375, 113.42640686035156, 116.48348999023438, 115.65029907226562, 116.51228332519531, 117.62271881103516, 119.11982727050781]
2026-09-12 13:57:42 [debug    ] Decision loop completed        action=MAINTAIN latency_ms=103.43 p99=125.99999999999989
2026-09-12 13:57:57 [debug    ] GRU prediction received        confidence=0.6 latency_ms=3.9 predicted=116
2026-09-12 13:57:57 [debug    ] Using GRU prediction           confidence=0.6 forecast_capacity_signal=53.0 predicted=116 required_steps=5
2026-09-12 13:57:57 [info     ] algorithm2_scaling_decision    action=MAINTAIN alpha=0.060060060060060066 beta=0.0 buffer=1.0 current_replicas=4 predicted_load=52.98737335205078 required_resources=3.182 target_replicas=4
2026-09-12 13:57:57 [info     ] algorithm2_decision            action=MAINTAIN applied_target=4 current_replicas=4 hold_until=1789196367.7 observed_load=25.96 observed_target=3 point_forecasts=[40.6909294128418, 46.847618103027344, 48.57307434082031, 49.88420867919922, 52.98737335205078, 51.706539154052734, 52.11210632324219, 54.04963302612305, 55.670875549316406] prediction_age_sec=0.06 predictive_target=4 proactive=True scenario=s4-hybrid-predictive target_replicas=4 upper_forecasts=[95.5875473022461, 106.57150268554688, 107.67089080810547, 109.10164642333984, 112.66374969482422, 111.44793701171875, 112.24443054199219, 113.9546127319336, 115.75025939941406]
2026-09-12 13:57:57 [debug    ] Decision loop completed        action=MAINTAIN latency_ms=99.93 p99=0.99
2026-09-12 13:58:12 [debug    ] GRU prediction received        confidence=0.6 latency_ms=3.3 predicted=112
2026-09-12 13:58:12 [debug    ] Using GRU prediction           confidence=0.6 forecast_capacity_signal=48.4 predicted=112 required_steps=5
2026-09-12 13:58:12 [info     ] algorithm2_scaling_decision    action=MAINTAIN alpha=0.060060060060060066 beta=0.0 buffer=1.0 current_replicas=4 predicted_load=52.98737335205078 required_resources=3.182 target_replicas=4
2026-09-12 13:58:12 [info     ] algorithm2_decision            action=MAINTAIN applied_target=4 current_replicas=4 hold_until=1789196367.7 observed_load=10.96 observed_target=3 point_forecasts=[33.01343536376953, 40.45022964477539, 42.658939361572266, 44.697383880615234, 48.44424819946289, 46.94049835205078, 47.349613189697266, 50.09681701660156, 51.802284240722656] prediction_age_sec=0.07 predictive_target=3 proactive=True scenario=s4-hybrid-predictive target_replicas=4 upper_forecasts=[87.91004943847656, 100.17411804199219, 101.75675964355469, 103.91482543945312, 108.12062072753906, 106.68190002441406, 107.48194122314453, 110.00180053710938, 111.88166809082031]
2026-09-12 13:58:12 [debug    ] Decision loop completed        action=MAINTAIN latency_ms=108.94 p99=0.99
2026-09-12 13:58:20 [info     ] Received shutdown signal
2026-09-12 13:58:20 [info     ] Stopping routing daemon...
2026-09-12 13:58:20 [info     ] Routing daemon stopped
