2026-09-14 04:52:32 [info     ] SLOMonitor initialized         threshold_ms=200.0 violation_window=30
2026-09-14 04:52:32 [info     ] Algorithm1ControllerV3 initialized max_knative=50 r_saturation=33.3 target_cpu_util=0.5 total_budget=1000
2026-09-14 04:52:32 [info     ] controller_selected            kind=Algorithm1ControllerV3 scenario=s4-hybrid-predictive version=v3
2026-09-14 04:52:32 [info     ] HAProxyWeightAdjuster initialized backend=servers host=localhost port=19999
2026-09-14 04:52:32 [info     ] GRUClient initialized          base_url=http://localhost:8090
2026-09-14 04:52:32 [info     ] K8sScaler initialized          deployment=test-app-warm namespace=default
2026-09-14 04:52:32 [info     ] RoutingDaemon initialized      decision_interval=15 description='Algorithm 1 with GRU predictions (Algorithm 2)' scenario=s4-hybrid-predictive use_algorithm=True use_predictions=True
2026-09-14 04:52:32 [info     ] Starting routing daemon        interval=15 scenario=s4-hybrid-predictive
2026-09-14 04:52:32 [info     ] Weights updated                k3s=80 knative=20
2026-09-14 04:52:32 [info     ] Initial weights applied        k3s=80 knative=20
2026-09-14 04:52:32 [info     ] Model status validated         prediction_horizon=9 sample_interval_sec=15 sequence_length=30
2026-09-14 04:52:32 [info     ] Model status validated on first eligible cycle prediction_horizon=9 sequence_length=30
2026-09-14 04:52:32 [info     ] controller_decision_v3         action=RECOVERY available_replicas=3 budget_remaining=1000 burn_adjustment=0 burst_ratio=0 capacity_deficit=False confidence=0 current_load=3.222143333333334 decision_id=2d07fff0 k8s_capacity=49.9 k8s_weight=100 knative_weight=0 p99=1.0 predicted_load=0 r_effective=16.6 serverless_enabled=False total_load=3.2 weights_after={'k3s': 100, 'knative': 0} weights_before={'k3s': 80, 'knative': 20}
2026-09-14 04:52:32 [info     ] Weights updated                k3s=100 knative=0
2026-09-14 04:52:32 [info     ] Weights updated                action=RECOVERY reason='load=3RPS | k8s_cap=50RPS | (reducing-serverless)' weights={'k3s': 100, 'knative': 0}
2026-09-14 04:52:32 [info     ] algorithm2_scaling_decision    action=MAINTAIN alpha=0.060060060060060066 beta=0.0 buffer=1.0 current_replicas=3 predicted_load=3.222143333333334 required_resources=0.194 target_replicas=3
2026-09-14 04:52:32 [info     ] algorithm2_decision            action=MAINTAIN applied_target=3 current_replicas=3 hold_until=0.0 observed_load=3.22 observed_target=3 point_forecasts=None prediction_age_sec=None predictive_target=3 proactive=False scenario=s4-hybrid-predictive target_replicas=3 upper_forecasts=None
2026-09-14 04:52:32 [debug    ] Decision loop completed        action=RECOVERY latency_ms=138.58 p99=0.99
2026-09-14 04:52:48 [info     ] algorithm2_scaling_decision    action=MAINTAIN alpha=0.060060060060060066 beta=0.0 buffer=1.0 current_replicas=3 predicted_load=3.0474161111111115 required_resources=0.183 target_replicas=3
2026-09-14 04:52:48 [info     ] algorithm2_decision            action=MAINTAIN applied_target=3 current_replicas=3 hold_until=0.0 observed_load=3.05 observed_target=3 point_forecasts=None prediction_age_sec=None predictive_target=3 proactive=False scenario=s4-hybrid-predictive target_replicas=3 upper_forecasts=None
2026-09-14 04:52:48 [debug    ] Decision loop completed        action=MAINTAIN latency_ms=97.58 p99=92.00000000000007
2026-09-14 04:53:03 [info     ] algorithm2_scaling_decision    action=MAINTAIN alpha=0.060060060060060066 beta=0.0 buffer=1.0 current_replicas=3 predicted_load=2.5774155555555556 required_resources=0.155 target_replicas=3
2026-09-14 04:53:03 [info     ] algorithm2_decision            action=MAINTAIN applied_target=3 current_replicas=3 hold_until=0.0 observed_load=2.58 observed_target=3 point_forecasts=None prediction_age_sec=None predictive_target=3 proactive=False scenario=s4-hybrid-predictive target_replicas=3 upper_forecasts=None
2026-09-14 04:53:03 [debug    ] Decision loop completed        action=MAINTAIN latency_ms=109.7 p99=0.99
2026-09-14 04:53:18 [info     ] algorithm2_scaling_decision    action=MAINTAIN alpha=0.060060060060060066 beta=0.0 buffer=1.0 current_replicas=3 predicted_load=4.896626666666665 required_resources=0.294 target_replicas=3
2026-09-14 04:53:18 [info     ] algorithm2_decision            action=MAINTAIN applied_target=3 current_replicas=3 hold_until=0.0 observed_load=4.9 observed_target=3 point_forecasts=None prediction_age_sec=None predictive_target=3 proactive=False scenario=s4-hybrid-predictive target_replicas=3 upper_forecasts=None
2026-09-14 04:53:18 [debug    ] Decision loop completed        action=MAINTAIN latency_ms=105.71 p99=99.850622406639
2026-09-14 04:53:33 [info     ] algorithm2_scaling_decision    action=MAINTAIN alpha=0.060060060060060066 beta=0.0 buffer=1.0 current_replicas=3 predicted_load=17.58888888888888 required_resources=1.056 target_replicas=3
2026-09-14 04:53:33 [info     ] algorithm2_decision            action=MAINTAIN applied_target=3 current_replicas=3 hold_until=0.0 observed_load=17.59 observed_target=3 point_forecasts=None prediction_age_sec=None predictive_target=3 proactive=False scenario=s4-hybrid-predictive target_replicas=3 upper_forecasts=None
2026-09-14 04:53:33 [debug    ] Decision loop completed        action=MAINTAIN latency_ms=107.95 p99=99.70703125000001
2026-09-14 04:53:48 [info     ] algorithm2_scaling_decision    action=MAINTAIN alpha=0.060060060060060066 beta=0.0 buffer=1.0 current_replicas=3 predicted_load=35.355555555555554 required_resources=2.123 target_replicas=3
2026-09-14 04:53:48 [info     ] algorithm2_decision            action=MAINTAIN applied_target=3 current_replicas=3 hold_until=0.0 observed_load=35.36 observed_target=3 point_forecasts=None prediction_age_sec=None predictive_target=3 proactive=False scenario=s4-hybrid-predictive target_replicas=3 upper_forecasts=None
2026-09-14 04:53:48 [debug    ] Decision loop completed        action=MAINTAIN latency_ms=119.1 p99=127.6999999999991
2026-09-14 04:54:03 [info     ] algorithm2_scaling_decision    action=MAINTAIN alpha=0.060060060060060066 beta=0.0 buffer=1.0 current_replicas=3 predicted_load=46.17777777777778 required_resources=2.773 target_replicas=3
2026-09-14 04:54:03 [info     ] algorithm2_decision            action=MAINTAIN applied_target=3 current_replicas=3 hold_until=0.0 observed_load=46.18 observed_target=3 point_forecasts=None prediction_age_sec=None predictive_target=3 proactive=False scenario=s4-hybrid-predictive target_replicas=3 upper_forecasts=None
2026-09-14 04:54:03 [debug    ] Decision loop completed        action=MAINTAIN latency_ms=106.66 p99=145.2666666666662
2026-09-14 04:54:18 [warning  ] Knative pre-warm non-200       status=404
2026-09-14 04:54:18 [info     ] controller_decision_v3         action=REACTIVE available_replicas=3 budget_remaining=1000 burn_adjustment=0 burst_ratio=0.0556 capacity_deficit=False confidence=0 current_load=52.888888888888886 decision_id=961cfbb7 k8s_capacity=49.9 k8s_weight=94 knative_weight=6 p99=162.0 predicted_load=0 r_effective=16.6 serverless_enabled=True total_load=52.9 weights_after={'k3s': 94, 'knative': 6} weights_before={'k3s': 100, 'knative': 0}
2026-09-14 04:54:18 [info     ] Weights updated                k3s=94 knative=6
2026-09-14 04:54:18 [info     ] Weights updated                action=REACTIVE reason='load=53RPS | k8s_cap=50RPS | (burst-routing)' weights={'k3s': 94, 'knative': 6}
2026-09-14 04:54:18 [info     ] algorithm2_scaling_decision    action=SCALE_UP alpha=0.060060060060060066 beta=0.0 buffer=1.0 current_replicas=3 predicted_load=51.099999999999994 required_resources=3.069 target_replicas=4
2026-09-14 04:54:18 [info     ] algorithm2_decision            action=SCALE_UP applied_target=4 current_replicas=3 hold_until=0.0 observed_load=51.1 observed_target=4 point_forecasts=None prediction_age_sec=None predictive_target=3 proactive=False scenario=s4-hybrid-predictive target_replicas=4 upper_forecasts=None
2026-09-14 04:54:18 [info     ] k8s_scale_executed             deployment=test-app-warm replicas=4
2026-09-14 04:54:18 [debug    ] Decision loop completed        action=REACTIVE latency_ms=149.7 p99=161.99999999999994
2026-09-14 04:54:33 [info     ] controller_decision_v3         action=RECOVERY available_replicas=3 budget_remaining=1000 burn_adjustment=0 burst_ratio=0.0253 capacity_deficit=False confidence=0 current_load=51.24444444444445 decision_id=eeac1e94 k8s_capacity=49.9 k8s_weight=97 knative_weight=3 p99=99.9 predicted_load=0 r_effective=16.6 serverless_enabled=True total_load=51.2 weights_after={'k3s': 97, 'knative': 3} weights_before={'k3s': 94, 'knative': 6}
2026-09-14 04:54:33 [info     ] Weights updated                k3s=97 knative=3
2026-09-14 04:54:33 [info     ] Weights updated                action=RECOVERY reason='load=51RPS | k8s_cap=50RPS | (reducing-serverless)' weights={'k3s': 97, 'knative': 3}
2026-09-14 04:54:33 [info     ] algorithm2_scaling_decision    action=MAINTAIN alpha=0.060060060060060066 beta=0.0 buffer=1.0 current_replicas=4 predicted_load=52.06666666666666 required_resources=3.127 target_replicas=4
2026-09-14 04:54:33 [info     ] algorithm2_decision            action=MAINTAIN applied_target=4 current_replicas=4 hold_until=0.0 observed_load=52.07 observed_target=4 point_forecasts=None prediction_age_sec=None predictive_target=3 proactive=False scenario=s4-hybrid-predictive target_replicas=4 upper_forecasts=None
2026-09-14 04:54:33 [debug    ] Decision loop completed        action=RECOVERY latency_ms=143.82 p99=99.87826797385621
2026-09-14 04:54:48 [info     ] controller_decision_v3         action=RECOVERY available_replicas=3 budget_remaining=1000 burn_adjustment=0 burst_ratio=0 capacity_deficit=False confidence=0 current_load=43.844444444444456 decision_id=283be1ef k8s_capacity=49.9 k8s_weight=100 knative_weight=0 p99=99.7 predicted_load=0 r_effective=16.6 serverless_enabled=False total_load=43.8 weights_after={'k3s': 100, 'knative': 0} weights_before={'k3s': 97, 'knative': 3}
2026-09-14 04:54:48 [info     ] Weights updated                k3s=100 knative=0
2026-09-14 04:54:48 [info     ] Weights updated                action=RECOVERY reason='load=44RPS | k8s_cap=50RPS | (reducing-serverless)' weights={'k3s': 100, 'knative': 0}
2026-09-14 04:54:49 [info     ] algorithm2_scaling_decision    action=MAINTAIN alpha=0.060060060060060066 beta=0.0 buffer=1.0 current_replicas=4 predicted_load=47.54444444444445 required_resources=2.856 target_replicas=3
2026-09-14 04:54:49 [info     ] algorithm2_decision            action=MAINTAIN applied_target=3 current_replicas=4 hold_until=0.0 observed_load=47.54 observed_target=3 point_forecasts=None prediction_age_sec=None predictive_target=3 proactive=False scenario=s4-hybrid-predictive target_replicas=3 upper_forecasts=None
2026-09-14 04:54:49 [debug    ] Decision loop completed        action=RECOVERY latency_ms=134.09 p99=99.68351648351648
2026-09-14 04:55:04 [info     ] algorithm2_scaling_decision    action=MAINTAIN alpha=0.060060060060060066 beta=0.0 buffer=1.0 current_replicas=4 predicted_load=39.000000000000014 required_resources=2.342 target_replicas=3
2026-09-14 04:55:04 [info     ] algorithm2_decision            action=MAINTAIN applied_target=3 current_replicas=4 hold_until=0.0 observed_load=39.0 observed_target=3 point_forecasts=None prediction_age_sec=None predictive_target=3 proactive=False scenario=s4-hybrid-predictive target_replicas=3 upper_forecasts=None
2026-09-14 04:55:04 [debug    ] Decision loop completed        action=MAINTAIN latency_ms=113.88 p99=99.72677595628416
2026-09-14 04:55:19 [info     ] algorithm2_scaling_decision    action=MAINTAIN alpha=0.060060060060060066 beta=0.0 buffer=1.0 current_replicas=4 predicted_load=32.388888888888886 required_resources=1.945 target_replicas=3
2026-09-14 04:55:19 [info     ] algorithm2_decision            action=MAINTAIN applied_target=3 current_replicas=4 hold_until=0.0 observed_load=32.39 observed_target=3 point_forecasts=None prediction_age_sec=None predictive_target=3 proactive=False scenario=s4-hybrid-predictive target_replicas=3 upper_forecasts=None
2026-09-14 04:55:19 [debug    ] Decision loop completed        action=MAINTAIN latency_ms=109.77 p99=99.79166666666667
2026-09-14 04:55:34 [info     ] algorithm2_scaling_decision    action=MAINTAIN alpha=0.060060060060060066 beta=0.0 buffer=1.0 current_replicas=4 predicted_load=33.388888888888886 required_resources=2.005 target_replicas=3
2026-09-14 04:55:34 [info     ] algorithm2_decision            action=MAINTAIN applied_target=3 current_replicas=4 hold_until=0.0 observed_load=33.39 observed_target=3 point_forecasts=None prediction_age_sec=None predictive_target=3 proactive=False scenario=s4-hybrid-predictive target_replicas=3 upper_forecasts=None
2026-09-14 04:55:34 [debug    ] Decision loop completed        action=MAINTAIN latency_ms=104.96 p99=132.9999999999996
2026-09-14 04:55:49 [info     ] algorithm2_scaling_decision    action=MAINTAIN alpha=0.060060060060060066 beta=0.0 buffer=1.0 current_replicas=4 predicted_load=40.7 required_resources=2.444 target_replicas=3
2026-09-14 04:55:49 [info     ] algorithm2_decision            action=MAINTAIN applied_target=3 current_replicas=4 hold_until=0.0 observed_load=40.7 observed_target=3 point_forecasts=None prediction_age_sec=None predictive_target=3 proactive=False scenario=s4-hybrid-predictive target_replicas=3 upper_forecasts=None
2026-09-14 04:55:49 [debug    ] Decision loop completed        action=MAINTAIN latency_ms=107.18 p99=152.41176470588218
2026-09-14 04:56:04 [warning  ] Knative pre-warm non-200       status=404
2026-09-14 04:56:04 [info     ] controller_decision_v3         action=REACTIVE available_replicas=3 budget_remaining=1000 burn_adjustment=0 burst_ratio=0.0006 capacity_deficit=False confidence=0 current_load=49.97777777777779 decision_id=54a4b396 k8s_capacity=49.9 k8s_weight=99 knative_weight=1 p99=99.8 predicted_load=0 r_effective=16.6 serverless_enabled=True total_load=50.0 weights_after={'k3s': 99, 'knative': 1} weights_before={'k3s': 100, 'knative': 0}
2026-09-14 04:56:04 [info     ] Weights updated                k3s=99 knative=1
2026-09-14 04:56:04 [info     ] Weights updated                action=REACTIVE reason='load=50RPS | k8s_cap=50RPS | (burst-routing)' weights={'k3s': 99, 'knative': 1}
2026-09-14 04:56:04 [info     ] algorithm2_scaling_decision    action=MAINTAIN alpha=0.060060060060060066 beta=0.0 buffer=1.0 current_replicas=4 predicted_load=47.611111111111114 required_resources=2.86 target_replicas=3
2026-09-14 04:56:04 [info     ] algorithm2_decision            action=MAINTAIN applied_target=3 current_replicas=4 hold_until=0.0 observed_load=47.61 observed_target=3 point_forecasts=None prediction_age_sec=None predictive_target=3 proactive=False scenario=s4-hybrid-predictive target_replicas=3 upper_forecasts=None
2026-09-14 04:56:04 [debug    ] Decision loop completed        action=REACTIVE latency_ms=108.19 p99=99.84759759759761
2026-09-14 04:56:19 [info     ] controller_decision_v3         action=RECOVERY available_replicas=3 budget_remaining=1000 burn_adjustment=0 burst_ratio=0 capacity_deficit=False confidence=0 current_load=47.933333333333344 decision_id=ce39f3e5 k8s_capacity=49.9 k8s_weight=100 knative_weight=0 p99=99.9 predicted_load=0 r_effective=16.6 serverless_enabled=False total_load=47.9 weights_after={'k3s': 100, 'knative': 0} weights_before={'k3s': 99, 'knative': 1}
2026-09-14 04:56:19 [info     ] Weights updated                k3s=100 knative=0
2026-09-14 04:56:19 [info     ] Weights updated                action=RECOVERY reason='load=48RPS | k8s_cap=50RPS | (reducing-serverless)' weights={'k3s': 100, 'knative': 0}
2026-09-14 04:56:19 [info     ] algorithm2_scaling_decision    action=MAINTAIN alpha=0.060060060060060066 beta=0.0 buffer=1.0 current_replicas=4 predicted_load=48.95555555555556 required_resources=2.94 target_replicas=3
2026-09-14 04:56:19 [info     ] algorithm2_decision            action=MAINTAIN applied_target=3 current_replicas=4 hold_until=0.0 observed_load=48.96 observed_target=3 point_forecasts=None prediction_age_sec=None predictive_target=3 proactive=False scenario=s4-hybrid-predictive target_replicas=3 upper_forecasts=None
2026-09-14 04:56:19 [debug    ] Decision loop completed        action=RECOVERY latency_ms=139.48 p99=99.88114754098362
2026-09-14 04:56:34 [info     ] Scale readiness observed       elapsed_sec=136.1 ewma_delay=60.0 samples=0 target=4
2026-09-14 04:56:34 [info     ] algorithm2_scaling_decision    action=MAINTAIN alpha=0.060060060060060066 beta=0.0 buffer=1.0 current_replicas=4 predicted_load=47.82222222222224 required_resources=2.872 target_replicas=3
2026-09-14 04:56:34 [info     ] algorithm2_decision            action=MAINTAIN applied_target=3 current_replicas=4 hold_until=0.0 observed_load=47.82 observed_target=3 point_forecasts=None prediction_age_sec=None predictive_target=3 proactive=False scenario=s4-hybrid-predictive target_replicas=3 upper_forecasts=None
2026-09-14 04:56:34 [debug    ] Decision loop completed        action=MAINTAIN latency_ms=107.33 p99=127.36363636363684
2026-09-14 04:56:49 [info     ] algorithm2_scaling_decision    action=MAINTAIN alpha=0.060060060060060066 beta=0.0 buffer=1.0 current_replicas=4 predicted_load=50.04444444444446 required_resources=3.006 target_replicas=4
2026-09-14 04:56:49 [info     ] algorithm2_decision            action=MAINTAIN applied_target=4 current_replicas=4 hold_until=0.0 observed_load=50.04 observed_target=4 point_forecasts=None prediction_age_sec=None predictive_target=3 proactive=False scenario=s4-hybrid-predictive target_replicas=4 upper_forecasts=None
2026-09-14 04:56:49 [debug    ] Decision loop completed        action=MAINTAIN latency_ms=112.7 p99=172.3333333333334
2026-09-14 04:57:05 [info     ] algorithm2_scaling_decision    action=MAINTAIN alpha=0.060060060060060066 beta=0.0 buffer=1.0 current_replicas=4 predicted_load=55.87917666666668 required_resources=3.356 target_replicas=4
2026-09-14 04:57:05 [info     ] algorithm2_decision            action=MAINTAIN applied_target=4 current_replicas=4 hold_until=0.0 observed_load=55.88 observed_target=4 point_forecasts=None prediction_age_sec=None predictive_target=3 proactive=False scenario=s4-hybrid-predictive target_replicas=4 upper_forecasts=None
2026-09-14 04:57:05 [debug    ] Decision loop completed        action=MAINTAIN latency_ms=114.27 p99=172.59999999999997
2026-09-14 04:57:20 [info     ] algorithm2_scaling_decision    action=MAINTAIN alpha=0.060060060060060066 beta=0.0 buffer=1.0 current_replicas=4 predicted_load=61.46186694444445 required_resources=3.691 target_replicas=4
2026-09-14 04:57:20 [info     ] algorithm2_decision            action=MAINTAIN applied_target=4 current_replicas=4 hold_until=0.0 observed_load=61.46 observed_target=4 point_forecasts=None prediction_age_sec=None predictive_target=3 proactive=False scenario=s4-hybrid-predictive target_replicas=4 upper_forecasts=None
2026-09-14 04:57:20 [debug    ] Decision loop completed        action=MAINTAIN latency_ms=109.32 p99=174.7806461538457
2026-09-14 04:57:35 [warning  ] Knative pre-warm non-200       status=404
2026-09-14 04:57:35 [info     ] controller_decision_v3         action=REACTIVE available_replicas=4 budget_remaining=1000 burn_adjustment=0 burst_ratio=0.0203 capacity_deficit=False confidence=0 current_load=67.97767925925923 decision_id=348f56ed k8s_capacity=66.6 k8s_weight=97 knative_weight=3 p99=179.7 predicted_load=0 r_effective=16.6 serverless_enabled=True total_load=68.0 weights_after={'k3s': 97, 'knative': 3} weights_before={'k3s': 100, 'knative': 0}
2026-09-14 04:57:35 [info     ] Weights updated                k3s=97 knative=3
2026-09-14 04:57:35 [info     ] Weights updated                action=REACTIVE reason='load=68RPS | k8s_cap=67RPS | (burst-routing)' weights={'k3s': 97, 'knative': 3}
2026-09-14 04:57:35 [info     ] algorithm2_scaling_decision    action=MAINTAIN alpha=0.060060060060060066 beta=0.0 buffer=1.0 current_replicas=4 predicted_load=65.76041879629628 required_resources=3.95 target_replicas=4
2026-09-14 04:57:35 [info     ] algorithm2_decision            action=MAINTAIN applied_target=4 current_replicas=4 hold_until=0.0 observed_load=65.76 observed_target=4 point_forecasts=None prediction_age_sec=None predictive_target=3 proactive=False scenario=s4-hybrid-predictive target_replicas=4 upper_forecasts=None
2026-09-14 04:57:35 [debug    ] Decision loop completed        action=REACTIVE latency_ms=115.52 p99=179.7020946666666
2026-09-14 04:57:50 [info     ] controller_decision_v3         action=REACTIVE available_replicas=4 budget_remaining=1000 burn_adjustment=0 burst_ratio=0.0918 capacity_deficit=False confidence=0 current_load=73.33110814814813 decision_id=9018297d k8s_capacity=66.6 k8s_weight=90 knative_weight=10 p99=191.9 predicted_load=0 r_effective=16.6 serverless_enabled=True total_load=73.3 weights_after={'k3s': 90, 'knative': 10} weights_before={'k3s': 97, 'knative': 3}
2026-09-14 04:57:50 [info     ] Weights updated                k3s=90 knative=10
2026-09-14 04:57:50 [info     ] Weights updated                action=REACTIVE reason='load=73RPS | k8s_cap=67RPS | (burst-routing)' weights={'k3s': 90, 'knative': 10}
2026-09-14 04:57:50 [info     ] algorithm2_scaling_decision    action=SCALE_UP alpha=0.060060060060060066 beta=0.0 buffer=1.0 current_replicas=4 predicted_load=70.65439370370368 required_resources=4.244 target_replicas=5
2026-09-14 04:57:50 [info     ] algorithm2_decision            action=SCALE_UP applied_target=5 current_replicas=4 hold_until=0.0 observed_load=70.65 observed_target=5 point_forecasts=None prediction_age_sec=None predictive_target=3 proactive=False scenario=s4-hybrid-predictive target_replicas=5 upper_forecasts=None
2026-09-14 04:57:50 [info     ] k8s_scale_executed             deployment=test-app-warm replicas=5
2026-09-14 04:57:50 [debug    ] Decision loop completed        action=REACTIVE latency_ms=165.77 p99=191.92307692307708
2026-09-14 04:58:05 [info     ] controller_decision_v3         action=RECOVERY available_replicas=5 budget_remaining=999 burn_adjustment=0 burst_ratio=0 capacity_deficit=False confidence=0 current_load=81.08414666666665 decision_id=8f6457fb k8s_capacity=83.2 k8s_weight=100 knative_weight=0 p99=463.7 predicted_load=0 r_effective=16.6 serverless_enabled=False total_load=81.1 weights_after={'k3s': 100, 'knative': 0} weights_before={'k3s': 90, 'knative': 10}
2026-09-14 04:58:05 [info     ] Weights updated                k3s=100 knative=0
2026-09-14 04:58:05 [info     ] Weights updated                action=RECOVERY reason='load=81RPS | k8s_cap=83RPS | (reducing-serverless)' weights={'k3s': 100, 'knative': 0}
2026-09-14 04:58:05 [info     ] Scale readiness observed       elapsed_sec=15.2 ewma_delay=60.0 samples=0 target=5
2026-09-14 04:58:05 [info     ] algorithm2_scaling_decision    action=MAINTAIN alpha=0.060060060060060066 beta=0.0 buffer=1.0 current_replicas=5 predicted_load=77.20762740740739 required_resources=4.637 target_replicas=5
2026-09-14 04:58:05 [info     ] algorithm2_decision            action=MAINTAIN applied_target=5 current_replicas=5 hold_until=0.0 observed_load=77.21 observed_target=5 point_forecasts=None prediction_age_sec=None predictive_target=3 proactive=False scenario=s4-hybrid-predictive target_replicas=5 upper_forecasts=None
2026-09-14 04:58:05 [debug    ] Decision loop completed        action=RECOVERY latency_ms=158.4 p99=463.7058823529408
2026-09-14 04:58:20 [warning  ] Knative pre-warm non-200       status=404
2026-09-14 04:58:20 [info     ] controller_decision_v3         action=REACTIVE available_replicas=5 budget_remaining=998 burn_adjustment=0 burst_ratio=0.125 capacity_deficit=False confidence=0 current_load=95.14344777777777 decision_id=26cbc8bf k8s_capacity=83.2 k8s_weight=87 knative_weight=13 p99=475.4 predicted_load=0 r_effective=16.6 serverless_enabled=True total_load=95.1 weights_after={'k3s': 87, 'knative': 13} weights_before={'k3s': 100, 'knative': 0}
2026-09-14 04:58:20 [info     ] Weights updated                k3s=87 knative=13
2026-09-14 04:58:20 [info     ] Weights updated                action=REACTIVE reason='load=95RPS | k8s_cap=83RPS | (burst-routing)' weights={'k3s': 87, 'knative': 13}
2026-09-14 04:58:20 [info     ] algorithm2_scaling_decision    action=SCALE_UP alpha=0.060060060060060066 beta=0.0 buffer=1.0 current_replicas=5 predicted_load=88.11379722222222 required_resources=5.292 target_replicas=6
2026-09-14 04:58:20 [info     ] algorithm2_decision            action=SCALE_UP applied_target=6 current_replicas=5 hold_until=0.0 observed_load=88.11 observed_target=6 point_forecasts=None prediction_age_sec=None predictive_target=3 proactive=False scenario=s4-hybrid-predictive target_replicas=6 upper_forecasts=None
2026-09-14 04:58:20 [info     ] k8s_scale_executed             deployment=test-app-warm replicas=6
2026-09-14 04:58:20 [debug    ] Decision loop completed        action=REACTIVE latency_ms=156.18 p99=475.37424999999985
2026-09-14 04:58:35 [info     ] controller_decision_v3         action=RECOVERY available_replicas=6 budget_remaining=997 burn_adjustment=0 burst_ratio=0.074 capacity_deficit=False confidence=0 current_load=107.88897499999997 decision_id=28844273 k8s_capacity=99.9 k8s_weight=92 knative_weight=8 p99=424.1 predicted_load=0 r_effective=16.6 serverless_enabled=True total_load=107.9 weights_after={'k3s': 92, 'knative': 8} weights_before={'k3s': 87, 'knative': 13}
2026-09-14 04:58:35 [info     ] Weights updated                k3s=92 knative=8
2026-09-14 04:58:35 [info     ] Weights updated                action=RECOVERY reason='load=108RPS | k8s_cap=100RPS | (reducing-serverless)' weights={'k3s': 92, 'knative': 8}
2026-09-14 04:58:35 [info     ] Scale readiness observed       elapsed_sec=15.2 ewma_delay=60.0 samples=0 target=6
2026-09-14 04:58:35 [info     ] algorithm2_scaling_decision    action=SCALE_UP alpha=0.060060060060060066 beta=0.0 buffer=1.0 current_replicas=6 predicted_load=101.51621138888888 required_resources=6.097 target_replicas=7
2026-09-14 04:58:35 [info     ] algorithm2_decision            action=SCALE_UP applied_target=7 current_replicas=6 hold_until=0.0 observed_load=101.52 observed_target=7 point_forecasts=None prediction_age_sec=None predictive_target=3 proactive=False scenario=s4-hybrid-predictive target_replicas=7 upper_forecasts=None
2026-09-14 04:58:35 [info     ] k8s_scale_executed             deployment=test-app-warm replicas=7
2026-09-14 04:58:35 [debug    ] Decision loop completed        action=RECOVERY latency_ms=199.22 p99=424.1176470588236
2026-09-14 04:58:51 [info     ] controller_decision_v3         action=REACTIVE available_replicas=6 budget_remaining=997 burn_adjustment=0 burst_ratio=0.1631 capacity_deficit=False confidence=0 current_load=119.36699999999999 decision_id=76ad1c16 k8s_capacity=99.9 k8s_weight=83 knative_weight=17 p99=198.0 predicted_load=0 r_effective=16.6 serverless_enabled=True total_load=119.4 weights_after={'k3s': 83, 'knative': 17} weights_before={'k3s': 92, 'knative': 8}
2026-09-14 04:58:51 [info     ] Weights updated                k3s=83 knative=17
2026-09-14 04:58:51 [info     ] Weights updated                action=REACTIVE reason='load=119RPS | k8s_cap=100RPS | (burst-routing)' weights={'k3s': 83, 'knative': 17}
2026-09-14 04:58:51 [info     ] algorithm2_scaling_decision    action=MAINTAIN alpha=0.060060060060060066 beta=0.0 buffer=1.0 current_replicas=7 predicted_load=113.62798749999999 required_resources=6.825 target_replicas=7
2026-09-14 04:58:51 [info     ] algorithm2_decision            action=MAINTAIN applied_target=7 current_replicas=7 hold_until=0.0 observed_load=113.63 observed_target=7 point_forecasts=None prediction_age_sec=None predictive_target=3 proactive=False scenario=s4-hybrid-predictive target_replicas=7 upper_forecasts=None
2026-09-14 04:58:51 [debug    ] Decision loop completed        action=REACTIVE latency_ms=113.2 p99=198.03535353535355
2026-09-14 04:59:06 [info     ] controller_decision_v3         action=RECOVERY available_replicas=6 budget_remaining=997 burn_adjustment=0 burst_ratio=0.1377 capacity_deficit=False confidence=0 current_load=115.85739555555554 decision_id=bde699ea k8s_capacity=99.9 k8s_weight=86 knative_weight=14 p99=111.8 predicted_load=0 r_effective=16.6 serverless_enabled=True total_load=115.9 weights_after={'k3s': 86, 'knative': 14} weights_before={'k3s': 83, 'knative': 17}
2026-09-14 04:59:06 [info     ] Weights updated                k3s=86 knative=14
2026-09-14 04:59:06 [info     ] Weights updated                action=RECOVERY reason='load=116RPS | k8s_cap=100RPS | (reducing-serverless)' weights={'k3s': 86, 'knative': 14}
2026-09-14 04:59:06 [info     ] algorithm2_scaling_decision    action=SCALE_UP alpha=0.060060060060060066 beta=0.0 buffer=1.0 current_replicas=7 predicted_load=117.61219777777777 required_resources=7.064 target_replicas=8
2026-09-14 04:59:06 [info     ] algorithm2_decision            action=SCALE_UP applied_target=8 current_replicas=7 hold_until=0.0 observed_load=117.61 observed_target=8 point_forecasts=None prediction_age_sec=None predictive_target=3 proactive=False scenario=s4-hybrid-predictive target_replicas=8 upper_forecasts=None
2026-09-14 04:59:06 [info     ] k8s_scale_executed             deployment=test-app-warm replicas=8
2026-09-14 04:59:06 [debug    ] Decision loop completed        action=RECOVERY latency_ms=190.61 p99=111.76470588235345
2026-09-14 04:59:21 [info     ] controller_decision_v3         action=RECOVERY available_replicas=6 budget_remaining=997 burn_adjustment=0 burst_ratio=0.0293 capacity_deficit=False confidence=0 current_load=102.91369999999999 decision_id=8b1ea7e8 k8s_capacity=99.9 k8s_weight=97 knative_weight=3 p99=104.7 predicted_load=0 r_effective=16.6 serverless_enabled=True total_load=102.9 weights_after={'k3s': 97, 'knative': 3} weights_before={'k3s': 86, 'knative': 14}
2026-09-14 04:59:21 [info     ] Weights updated                k3s=97 knative=3
2026-09-14 04:59:21 [info     ] Weights updated                action=RECOVERY reason='load=103RPS | k8s_cap=100RPS | (reducing-serverless)' weights={'k3s': 97, 'knative': 3}
2026-09-14 04:59:21 [info     ] algorithm2_scaling_decision    action=MAINTAIN alpha=0.060060060060060066 beta=0.0 buffer=1.0 current_replicas=8 predicted_load=109.38554777777776 required_resources=6.57 target_replicas=7
2026-09-14 04:59:21 [info     ] algorithm2_decision            action=MAINTAIN applied_target=7 current_replicas=8 hold_until=0.0 observed_load=109.39 observed_target=7 point_forecasts=None prediction_age_sec=None predictive_target=3 proactive=False scenario=s4-hybrid-predictive target_replicas=7 upper_forecasts=None
2026-09-14 04:59:21 [debug    ] Decision loop completed        action=RECOVERY latency_ms=150.82 p99=104.69230769230765
2026-09-14 04:59:36 [info     ] controller_decision_v3         action=RECOVERY available_replicas=6 budget_remaining=997 burn_adjustment=0 burst_ratio=0 capacity_deficit=False confidence=0 current_load=86.93333333333331 decision_id=ac189fb2 k8s_capacity=99.9 k8s_weight=100 knative_weight=0 p99=121.8 predicted_load=0 r_effective=16.6 serverless_enabled=False total_load=86.9 weights_after={'k3s': 100, 'knative': 0} weights_before={'k3s': 97, 'knative': 3}
2026-09-14 04:59:36 [info     ] Weights updated                k3s=100 knative=0
2026-09-14 04:59:36 [info     ] Weights updated                action=RECOVERY reason='load=87RPS | k8s_cap=100RPS | (reducing-serverless)' weights={'k3s': 100, 'knative': 0}
2026-09-14 04:59:36 [info     ] algorithm2_scaling_decision    action=MAINTAIN alpha=0.060060060060060066 beta=0.0 buffer=1.0 current_replicas=8 predicted_load=94.92351666666664 required_resources=5.701 target_replicas=6
2026-09-14 04:59:36 [info     ] algorithm2_decision            action=MAINTAIN applied_target=6 current_replicas=8 hold_until=0.0 observed_load=94.92 observed_target=6 point_forecasts=None prediction_age_sec=None predictive_target=3 proactive=False scenario=s4-hybrid-predictive target_replicas=6 upper_forecasts=None
2026-09-14 04:59:36 [debug    ] Decision loop completed        action=RECOVERY latency_ms=153.42 p99=121.80000000000146
2026-09-14 04:59:51 [debug    ] GRU prediction received        confidence=0.6 latency_ms=9.05 predicted=123
2026-09-14 04:59:51 [debug    ] Using GRU prediction           confidence=0.6 forecast_capacity_signal=123.0 predicted=123 required_steps=9
2026-09-14 04:59:51 [info     ] algorithm2_scaling_decision    action=MAINTAIN alpha=0.060060060060060066 beta=0.0 buffer=1.0 current_replicas=8 predicted_load=123.0 required_resources=7.387 target_replicas=8
2026-09-14 04:59:51 [info     ] algorithm2_decision            action=MAINTAIN applied_target=8 current_replicas=8 hold_until=1789336881.7 observed_load=81.6 observed_target=5 point_forecasts=[67.13227081298828, 63.656944274902344, 59.813941955566406, 57.13715362548828, 56.39070129394531, 53.140838623046875, 52.96073913574219, 52.36174011230469, 52.71098327636719] prediction_age_sec=0.08 predictive_target=8 proactive=True scenario=s4-hybrid-predictive target_replicas=8 upper_forecasts=[122.02888488769531, 123.38082885742188, 118.91175842285156, 116.3545913696289, 116.06707763671875, 112.88224029541016, 113.09306335449219, 112.2667236328125, 112.79036712646484]
2026-09-14 04:59:51 [debug    ] Decision loop completed        action=MAINTAIN latency_ms=128.36 p99=99.73223480947476
2026-09-14 05:00:06 [debug    ] GRU prediction received        confidence=0.6 latency_ms=9.51 predicted=123
2026-09-14 05:00:06 [debug    ] Using GRU prediction           confidence=0.6 forecast_capacity_signal=123.0 predicted=123 required_steps=9
2026-09-14 05:00:06 [info     ] algorithm2_scaling_decision    action=MAINTAIN alpha=0.060060060060060066 beta=0.0 buffer=1.0 current_replicas=8 predicted_load=123.0 required_resources=7.387 target_replicas=8
2026-09-14 05:00:06 [info     ] algorithm2_decision            action=MAINTAIN applied_target=8 current_replicas=8 hold_until=1789336896.8 observed_load=71.77 observed_target=5 point_forecasts=[64.5604248046875, 63.097755432128906, 60.6328239440918, 57.48126220703125, 57.2417106628418, 55.07240295410156, 55.18045425415039, 55.103092193603516, 55.417301177978516] prediction_age_sec=0.07 predictive_target=8 proactive=True scenario=s4-hybrid-predictive target_replicas=8 upper_forecasts=[119.45704650878906, 122.82164001464844, 119.73063659667969, 116.69869995117188, 116.9180908203125, 114.81380462646484, 115.31278228759766, 115.00807189941406, 115.49668884277344]
2026-09-14 05:00:06 [debug    ] Decision loop completed        action=MAINTAIN latency_ms=115.78 p99=99.66030534351145
2026-09-14 05:00:21 [debug    ] GRU prediction received        confidence=0.6 latency_ms=9.22 predicted=123
2026-09-14 05:00:21 [debug    ] Using GRU prediction           confidence=0.6 forecast_capacity_signal=123.0 predicted=123 required_steps=9
2026-09-14 05:00:21 [info     ] algorithm2_scaling_decision    action=MAINTAIN alpha=0.060060060060060066 beta=0.0 buffer=1.0 current_replicas=8 predicted_load=123.0 required_resources=7.387 target_replicas=8
2026-09-14 05:00:21 [info     ] algorithm2_decision            action=MAINTAIN applied_target=8 current_replicas=8 hold_until=1789336911.9 observed_load=65.4 observed_target=4 point_forecasts=[63.86854553222656, 63.263526916503906, 61.60154342651367, 58.68390655517578, 58.78950881958008, 57.13543701171875, 57.54201126098633, 57.82330322265625, 58.251651763916016] prediction_age_sec=0.07 predictive_target=8 proactive=True scenario=s4-hybrid-predictive target_replicas=8 upper_forecasts=[118.76516723632812, 122.98741149902344, 120.69935607910156, 117.9013442993164, 118.46588134765625, 116.87683868408203, 117.6743392944336, 117.72828674316406, 118.33103942871094]
2026-09-14 05:00:21 [debug    ] Decision loop completed        action=MAINTAIN latency_ms=128.08 p99=99.84014675052411
2026-09-14 05:00:36 [debug    ] GRU prediction received        confidence=0.6 latency_ms=9.79 predicted=125
2026-09-14 05:00:36 [debug    ] Using GRU prediction           confidence=0.6 forecast_capacity_signal=125.0 predicted=125 required_steps=9
2026-09-14 05:00:37 [info     ] algorithm2_scaling_decision    action=MAINTAIN alpha=0.060060060060060066 beta=0.0 buffer=1.0 current_replicas=8 predicted_load=125.0 required_resources=7.508 target_replicas=8
2026-09-14 05:00:37 [info     ] algorithm2_decision            action=MAINTAIN applied_target=8 current_replicas=8 hold_until=1789336927.0 observed_load=65.98 observed_target=4 point_forecasts=[66.36074829101562, 65.27217102050781, 63.9922981262207, 61.42704391479492, 61.55515670776367, 60.247135162353516, 60.962127685546875, 61.178646087646484, 61.59821701049805] prediction_age_sec=0.08 predictive_target=8 proactive=True scenario=s4-hybrid-predictive target_replicas=8 upper_forecasts=[121.25736999511719, 124.99606323242188, 123.09011840820312, 120.64448547363281, 121.23153686523438, 119.98854064941406, 121.09445190429688, 121.08362579345703, 121.67759704589844]
2026-09-14 05:00:37 [debug    ] Decision loop completed        action=MAINTAIN latency_ms=129.42 p99=140.9523809523811
2026-09-14 05:00:52 [debug    ] GRU prediction received        confidence=0.6 latency_ms=9.08 predicted=134
2026-09-14 05:00:52 [debug    ] Using GRU prediction           confidence=0.6 forecast_capacity_signal=134.0 predicted=134 required_steps=9
2026-09-14 05:00:52 [debug    ] Proactive amplification        amplified=151.0 approach_ratio=0.99 load_trend=5.8 raw_pred=134
2026-09-14 05:00:52 [info     ] algorithm2_scaling_decision    action=SCALE_UP alpha=0.060060060060060066 beta=0.0 buffer=1.0 current_replicas=8 predicted_load=134.0 required_resources=8.048 target_replicas=9
2026-09-14 05:00:52 [info     ] algorithm2_decision            action=SCALE_UP applied_target=9 current_replicas=8 hold_until=1789336942.2 observed_load=83.85 observed_target=6 point_forecasts=[79.24369812011719, 73.65786743164062, 71.5440673828125, 69.37245178222656, 68.72782897949219, 67.52778625488281, 68.04168701171875, 67.37908935546875, 67.50853729248047] prediction_age_sec=0.08 predictive_target=9 proactive=True scenario=s4-hybrid-predictive target_replicas=9 upper_forecasts=[134.14031982421875, 133.3817596435547, 130.64187622070312, 128.5898895263672, 128.40420532226562, 127.2691879272461, 128.17401123046875, 127.28407287597656, 127.58792114257812]
2026-09-14 05:00:52 [info     ] k8s_scale_executed             deployment=test-app-warm replicas=9
2026-09-14 05:00:52 [debug    ] Decision loop completed        action=MAINTAIN latency_ms=177.91 p99=393.44642857143117
2026-09-14 05:01:07 [debug    ] GRU prediction received        confidence=0.6 latency_ms=9.69 predicted=142
2026-09-14 05:01:07 [debug    ] Using GRU prediction           confidence=0.6 forecast_capacity_signal=142.0 predicted=142 required_steps=9
2026-09-14 05:01:07 [info     ] Scale readiness observed       elapsed_sec=15.1 ewma_delay=60.0 samples=0 target=9
2026-09-14 05:01:07 [info     ] algorithm2_scaling_decision    action=MAINTAIN alpha=0.060060060060060066 beta=0.0 buffer=1.0 current_replicas=9 predicted_load=142.0 required_resources=8.529 target_replicas=9
2026-09-14 05:01:07 [info     ] algorithm2_decision            action=MAINTAIN applied_target=9 current_replicas=9 hold_until=1789336957.3 observed_load=105.11 observed_target=7 point_forecasts=[86.94766998291016, 80.3919448852539, 77.67143249511719, 75.95013427734375, 75.26589965820312, 73.6032485961914, 73.67790222167969, 72.56615447998047, 72.16810607910156] prediction_age_sec=0.07 predictive_target=9 proactive=True scenario=s4-hybrid-predictive target_replicas=9 upper_forecasts=[141.8442840576172, 140.11582946777344, 136.76925659179688, 135.16757202148438, 134.94227600097656, 133.3446502685547, 133.8102264404297, 132.47113037109375, 132.24749755859375]
2026-09-14 05:01:07 [debug    ] Decision loop completed        action=MAINTAIN latency_ms=119.21 p99=171.421052631579
2026-09-14 05:01:22 [debug    ] GRU prediction received        confidence=0.6 latency_ms=8.69 predicted=145
2026-09-14 05:01:22 [debug    ] Using GRU prediction           confidence=0.6 forecast_capacity_signal=145.0 predicted=145 required_steps=9
2026-09-14 05:01:22 [info     ] algorithm2_scaling_decision    action=MAINTAIN alpha=0.060060060060060066 beta=0.0 buffer=1.0 current_replicas=9 predicted_load=145.0 required_resources=8.709 target_replicas=9
2026-09-14 05:01:22 [info     ] algorithm2_decision            action=MAINTAIN applied_target=9 current_replicas=9 hold_until=1789336972.5 observed_load=110.76 observed_target=7 point_forecasts=[90.48518371582031, 84.33265686035156, 81.48885345458984, 80.3203353881836, 79.31390380859375, 77.02113342285156, 77.00814819335938, 76.39307403564453, 75.38905334472656] prediction_age_sec=0.07 predictive_target=9 proactive=True scenario=s4-hybrid-predictive target_replicas=9 upper_forecasts=[145.38180541992188, 144.05654907226562, 140.586669921875, 139.53778076171875, 138.9902801513672, 136.76254272460938, 137.14047241210938, 136.2980499267578, 135.46844482421875]
2026-09-14 05:01:22 [debug    ] Decision loop completed        action=MAINTAIN latency_ms=120.71 p99=99.78615622583139
2026-09-14 05:01:37 [debug    ] GRU prediction received        confidence=0.6 latency_ms=9.58 predicted=144
2026-09-14 05:01:37 [debug    ] Using GRU prediction           confidence=0.6 forecast_capacity_signal=144.0 predicted=144 required_steps=9
2026-09-14 05:01:37 [info     ] algorithm2_scaling_decision    action=MAINTAIN alpha=0.060060060060060066 beta=0.0 buffer=1.0 current_replicas=9 predicted_load=144.0 required_resources=8.649 target_replicas=9
2026-09-14 05:01:37 [info     ] algorithm2_decision            action=MAINTAIN applied_target=9 current_replicas=9 hold_until=1789336987.6 observed_load=102.69 observed_target=7 point_forecasts=[86.78338623046875, 84.29694366455078, 82.40616607666016, 80.80947875976562, 80.08650970458984, 77.81843566894531, 77.8058090209961, 77.65033721923828, 76.95941925048828] prediction_age_sec=0.07 predictive_target=9 proactive=True scenario=s4-hybrid-predictive target_replicas=9 upper_forecasts=[141.6800079345703, 144.0208282470703, 141.5039825439453, 140.02691650390625, 139.76287841796875, 137.55984497070312, 137.93814086914062, 137.55531311035156, 137.03880310058594]
2026-09-14 05:01:37 [debug    ] Decision loop completed        action=MAINTAIN latency_ms=128.46 p99=99.84382767191384
2026-09-14 05:01:52 [debug    ] GRU prediction received        confidence=0.6 latency_ms=9.03 predicted=143
2026-09-14 05:01:52 [debug    ] Using GRU prediction           confidence=0.6 forecast_capacity_signal=143.0 predicted=143 required_steps=9
2026-09-14 05:01:52 [info     ] algorithm2_scaling_decision    action=MAINTAIN alpha=0.060060060060060066 beta=0.0 buffer=1.0 current_replicas=9 predicted_load=143.0 required_resources=8.589 target_replicas=9
2026-09-14 05:01:52 [info     ] algorithm2_decision            action=MAINTAIN applied_target=9 current_replicas=9 hold_until=1789337002.7 observed_load=89.98 observed_target=6 point_forecasts=[84.43880462646484, 83.76129150390625, 82.24202728271484, 80.38655853271484, 79.71331787109375, 77.74705505371094, 77.92710876464844, 77.90837097167969, 77.88706970214844] prediction_age_sec=0.07 predictive_target=9 proactive=True scenario=s4-hybrid-predictive target_replicas=9 upper_forecasts=[139.33541870117188, 143.4851837158203, 141.33984375, 139.60400390625, 139.3896942138672, 137.48846435546875, 138.05943298339844, 137.8133544921875, 137.96646118164062]
2026-09-14 05:01:52 [debug    ] Decision loop completed        action=MAINTAIN latency_ms=120.74 p99=99.64951627088828
2026-09-14 05:02:07 [debug    ] GRU prediction received        confidence=0.6 latency_ms=9.23 predicted=146
2026-09-14 05:02:07 [debug    ] Using GRU prediction           confidence=0.6 forecast_capacity_signal=146.0 predicted=146 required_steps=9
2026-09-14 05:02:07 [info     ] algorithm2_scaling_decision    action=MAINTAIN alpha=0.060060060060060066 beta=0.0 buffer=1.0 current_replicas=9 predicted_load=146.0 required_resources=8.769 target_replicas=9
2026-09-14 05:02:07 [info     ] algorithm2_decision            action=MAINTAIN applied_target=9 current_replicas=9 hold_until=1789337017.8 observed_load=90.65 observed_target=6 point_forecasts=[89.7735366821289, 86.49522399902344, 83.97526550292969, 82.25299072265625, 81.28817749023438, 79.56234741210938, 80.13434600830078, 79.55776977539062, 79.86741638183594] prediction_age_sec=0.08 predictive_target=9 proactive=True scenario=s4-hybrid-predictive target_replicas=9 upper_forecasts=[144.67015075683594, 146.2191162109375, 143.07308959960938, 141.47042846679688, 140.9645538330078, 139.30374145507812, 140.2666778564453, 139.46275329589844, 139.94680786132812]
2026-09-14 05:02:07 [debug    ] Decision loop completed        action=MAINTAIN latency_ms=130.27 p99=99.86958717747021
2026-09-14 05:02:22 [debug    ] GRU prediction received        confidence=0.6 latency_ms=9.01 predicted=152
2026-09-14 05:02:22 [debug    ] Using GRU prediction           confidence=0.6 forecast_capacity_signal=152.0 predicted=152 required_steps=9
2026-09-14 05:02:22 [info     ] algorithm2_scaling_decision    action=SCALE_UP alpha=0.060060060060060066 beta=0.0 buffer=1.0 current_replicas=9 predicted_load=152.0 required_resources=9.129 target_replicas=10
2026-09-14 05:02:22 [info     ] algorithm2_decision            action=SCALE_UP applied_target=10 current_replicas=9 hold_until=1789337033.0 observed_load=104.75 observed_target=7 point_forecasts=[97.10945892333984, 90.77224731445312, 87.5935287475586, 85.9959487915039, 85.00501251220703, 83.52836608886719, 83.59405517578125, 82.66999053955078, 82.49484252929688] prediction_age_sec=0.07 predictive_target=10 proactive=True scenario=s4-hybrid-predictive target_replicas=10 upper_forecasts=[152.00607299804688, 150.4961395263672, 146.69134521484375, 145.21337890625, 144.681396484375, 143.269775390625, 143.72637939453125, 142.57496643066406, 142.57421875]
2026-09-14 05:02:23 [info     ] k8s_scale_executed             deployment=test-app-warm replicas=10
2026-09-14 05:02:23 [debug    ] Decision loop completed        action=MAINTAIN latency_ms=166.26 p99=154.84782608695622
2026-09-14 05:02:38 [debug    ] GRU prediction received        confidence=0.6 latency_ms=9.57 predicted=163
2026-09-14 05:02:38 [debug    ] Using GRU prediction           confidence=0.6 forecast_capacity_signal=163.0 predicted=163 required_steps=9
2026-09-14 05:02:38 [debug    ] Proactive amplification        amplified=247.5 approach_ratio=0.95 load_trend=11.7 raw_pred=163
2026-09-14 05:02:38 [info     ] algorithm2_scaling_decision    action=MAINTAIN alpha=0.060060060060060066 beta=0.0 buffer=1.0 current_replicas=10 predicted_load=163.0 required_resources=9.79 target_replicas=10
2026-09-14 05:02:38 [info     ] algorithm2_decision            action=MAINTAIN applied_target=10 current_replicas=10 hold_until=1789337048.1 observed_load=127.57 observed_target=8 point_forecasts=[107.95050811767578, 97.43807983398438, 93.30235290527344, 91.821044921875, 90.73319244384766, 89.38902282714844, 88.07746887207031, 87.8446044921875, 86.1075439453125] prediction_age_sec=0.08 predictive_target=10 proactive=True scenario=s4-hybrid-predictive target_replicas=10 upper_forecasts=[162.8471221923828, 157.16197204589844, 152.40017700195312, 151.03848266601562, 150.40957641601562, 149.13043212890625, 148.2097930908203, 147.7495880126953, 146.18692016601562]
2026-09-14 05:02:38 [debug    ] Decision loop completed        action=MAINTAIN latency_ms=133.65 p99=177.11764705882334
2026-09-14 05:02:53 [debug    ] GRU prediction received        confidence=0.6 latency_ms=9.18 predicted=170
2026-09-14 05:02:53 [debug    ] Using GRU prediction           confidence=0.6 forecast_capacity_signal=170.0 predicted=170 required_steps=9
2026-09-14 05:02:53 [debug    ] Proactive amplification        amplified=313.6 approach_ratio=1.04 load_trend=17.6 raw_pred=170
2026-09-14 05:02:53 [warning  ] Knative pre-warm non-200       status=404
2026-09-14 05:02:53 [info     ] controller_decision_v3         action=PREDICTIVE available_replicas=9 budget_remaining=996 burn_adjustment=0 burst_ratio=0.036 capacity_deficit=False confidence=0.6 current_load=155.45299444444444 decision_id=149fcd6a k8s_capacity=149.8 k8s_weight=96 knative_weight=4 p99=187.2 predicted_load=170 r_effective=16.6 serverless_enabled=True total_load=155.5 weights_after={'k3s': 96, 'knative': 4} weights_before={'k3s': 100, 'knative': 0}
2026-09-14 05:02:53 [info     ] Weights updated                k3s=96 knative=4
2026-09-14 05:02:53 [info     ] Weights updated                action=PREDICTIVE reason='load=155RPS | k8s_cap=150RPS | (prediction-driven)' weights={'k3s': 96, 'knative': 4}
2026-09-14 05:02:53 [info     ] algorithm2_scaling_decision    action=MAINTAIN alpha=0.060060060060060066 beta=0.0 buffer=1.0 current_replicas=10 predicted_load=170.0 required_resources=10.21 target_replicas=10
2026-09-14 05:02:53 [info     ] algorithm2_decision            action=MAINTAIN applied_target=10 current_replicas=10 hold_until=1789337063.3 observed_load=148.63 observed_target=9 point_forecasts=[115.01344299316406, 103.4371337890625, 99.48473358154297, 98.04135131835938, 96.0159912109375, 95.47267150878906, 93.10636901855469, 93.24217987060547, 90.5333480834961] prediction_age_sec=0.08 predictive_target=10 proactive=True scenario=s4-hybrid-predictive target_replicas=10 upper_forecasts=[169.91006469726562, 163.16102600097656, 158.58255004882812, 157.2587890625, 155.69236755371094, 155.21408081054688, 153.2386932373047, 153.14715576171875, 150.61273193359375]
2026-09-14 05:02:53 [debug    ] Decision loop completed        action=PREDICTIVE latency_ms=129.86 p99=187.18064516129033
2026-09-14 05:03:08 [debug    ] GRU prediction received        confidence=0.6 latency_ms=9.21 predicted=172
2026-09-14 05:03:08 [debug    ] Using GRU prediction           confidence=0.6 forecast_capacity_signal=172.0 predicted=172 required_steps=9
2026-09-14 05:03:08 [debug    ] Proactive amplification        amplified=274.9 approach_ratio=1.01 load_trend=13.7 raw_pred=172
2026-09-14 05:03:08 [info     ] controller_decision_v3         action=RECOVERY available_replicas=9 budget_remaining=996 burn_adjustment=0 burst_ratio=0.0086 capacity_deficit=False confidence=0.6 current_load=151.1555555555556 decision_id=2ed75dd7 k8s_capacity=149.8 k8s_weight=99 knative_weight=1 p99=172.1 predicted_load=172 r_effective=16.6 serverless_enabled=True total_load=151.2 weights_after={'k3s': 99, 'knative': 1} weights_before={'k3s': 96, 'knative': 4}
2026-09-14 05:03:08 [info     ] Weights updated                k3s=99 knative=1
2026-09-14 05:03:08 [info     ] Weights updated                action=RECOVERY reason='load=151RPS | k8s_cap=150RPS | (reducing-serverless)' weights={'k3s': 99, 'knative': 1}
2026-09-14 05:03:08 [info     ] algorithm2_scaling_decision    action=MAINTAIN alpha=0.060060060060060066 beta=0.0 buffer=1.0 current_replicas=10 predicted_load=153.30427500000002 required_resources=9.207 target_replicas=10
2026-09-14 05:03:08 [info     ] algorithm2_decision            action=MAINTAIN applied_target=10 current_replicas=10 hold_until=1789337063.3 observed_load=153.3 observed_target=10 point_forecasts=[116.90836334228516, 107.74639129638672, 104.45887756347656, 102.81845092773438, 100.2035903930664, 99.8145523071289, 97.86492156982422, 97.68854522705078, 94.36306762695312] prediction_age_sec=0.11 predictive_target=10 proactive=False scenario=s4-hybrid-predictive target_replicas=10 upper_forecasts=[171.8049774169922, 167.47027587890625, 163.55670166015625, 162.035888671875, 159.87997436523438, 159.5559539794922, 157.99725341796875, 157.59352111816406, 154.44244384765625]
2026-09-14 05:03:08 [debug    ] Decision loop completed        action=RECOVERY latency_ms=161.52 p99=172.09859154929606
2026-09-14 05:03:23 [debug    ] GRU prediction received        confidence=0.6 latency_ms=9.14 predicted=171
2026-09-14 05:03:23 [debug    ] Using GRU prediction           confidence=0.6 forecast_capacity_signal=171.0 predicted=171 required_steps=9
2026-09-14 05:03:23 [debug    ] Proactive amplification        amplified=196.0 approach_ratio=0.93 load_trend=6.4 raw_pred=171
2026-09-14 05:03:23 [info     ] controller_decision_v3         action=RECOVERY available_replicas=9 budget_remaining=996 burn_adjustment=0 burst_ratio=0 capacity_deficit=False confidence=0.6 current_load=138.77777777777774 decision_id=210c0f04 k8s_capacity=149.8 k8s_weight=100 knative_weight=0 p99=146.2 predicted_load=171 r_effective=16.6 serverless_enabled=False total_load=138.8 weights_after={'k3s': 100, 'knative': 0} weights_before={'k3s': 99, 'knative': 1}
2026-09-14 05:03:23 [info     ] Weights updated                k3s=100 knative=0
2026-09-14 05:03:23 [info     ] Weights updated                action=RECOVERY reason='load=139RPS | k8s_cap=150RPS | (reducing-serverless)' weights={'k3s': 100, 'knative': 0}
2026-09-14 05:03:23 [info     ] algorithm2_scaling_decision    action=MAINTAIN alpha=0.060060060060060066 beta=0.0 buffer=1.0 current_replicas=10 predicted_load=171.0 required_resources=10.27 target_replicas=10
2026-09-14 05:03:23 [info     ] algorithm2_decision            action=MAINTAIN applied_target=10 current_replicas=10 hold_until=1789337093.6 observed_load=144.97 observed_target=9 point_forecasts=[116.34758758544922, 110.47581481933594, 107.28518676757812, 105.47731018066406, 102.7538833618164, 102.82606506347656, 101.00108337402344, 100.82850646972656, 96.8595199584961] prediction_age_sec=0.11 predictive_target=10 proactive=True scenario=s4-hybrid-predictive target_replicas=10 upper_forecasts=[171.24420166015625, 170.19970703125, 166.38299560546875, 164.6947479248047, 162.43026733398438, 162.56747436523438, 161.13340759277344, 160.73348999023438, 156.93890380859375]
2026-09-14 05:03:23 [debug    ] Decision loop completed        action=RECOVERY latency_ms=165.97 p99=146.15151515151533
2026-09-14 05:03:38 [debug    ] GRU prediction received        confidence=0.6 latency_ms=9.28 predicted=171
2026-09-14 05:03:38 [debug    ] Using GRU prediction           confidence=0.6 forecast_capacity_signal=171.0 predicted=171 required_steps=9
2026-09-14 05:03:38 [info     ] algorithm2_scaling_decision    action=MAINTAIN alpha=0.060060060060060066 beta=0.0 buffer=1.0 current_replicas=10 predicted_load=171.0 required_resources=10.27 target_replicas=10
2026-09-14 05:03:38 [info     ] algorithm2_decision            action=MAINTAIN applied_target=10 current_replicas=10 hold_until=1789337108.7 observed_load=132.96 observed_target=8 point_forecasts=[115.1893539428711, 111.44189453125, 108.44979858398438, 106.16019439697266, 103.66565704345703, 104.04521179199219, 102.35401153564453, 102.0406265258789, 97.96499633789062] prediction_age_sec=0.07 predictive_target=10 proactive=True scenario=s4-hybrid-predictive target_replicas=10 upper_forecasts=[170.08596801757812, 171.16578674316406, 167.547607421875, 165.37762451171875, 163.342041015625, 163.78662109375, 162.48634338378906, 161.9456024169922, 158.04437255859375]
2026-09-14 05:03:38 [debug    ] Decision loop completed        action=MAINTAIN latency_ms=126.58 p99=151.08823529411805
2026-09-14 05:03:53 [debug    ] GRU prediction received        confidence=0.6 latency_ms=9.72 predicted=171
2026-09-14 05:03:53 [debug    ] Using GRU prediction           confidence=0.6 forecast_capacity_signal=171.0 predicted=171 required_steps=9
2026-09-14 05:03:53 [info     ] algorithm2_scaling_decision    action=MAINTAIN alpha=0.060060060060060066 beta=0.0 buffer=1.0 current_replicas=10 predicted_load=171.0 required_resources=10.27 target_replicas=10
2026-09-14 05:03:53 [info     ] algorithm2_decision            action=MAINTAIN applied_target=10 current_replicas=10 hold_until=1789337123.8 observed_load=125.47 observed_target=8 point_forecasts=[115.24043273925781, 111.75147247314453, 108.69599914550781, 106.70358276367188, 104.19458770751953, 104.72872924804688, 103.05604553222656, 102.8045654296875, 98.84593963623047] prediction_age_sec=0.07 predictive_target=10 proactive=True scenario=s4-hybrid-predictive target_replicas=10 upper_forecasts=[170.13705444335938, 171.47535705566406, 167.7938232421875, 165.9210205078125, 163.8709716796875, 164.47012329101562, 163.18836975097656, 162.7095489501953, 158.92532348632812]
2026-09-14 05:03:53 [debug    ] Decision loop completed        action=MAINTAIN latency_ms=121.1 p99=132.1851851851842
2026-09-14 05:04:08 [debug    ] GRU prediction received        confidence=0.6 latency_ms=9.73 predicted=172
2026-09-14 05:04:08 [debug    ] Using GRU prediction           confidence=0.6 forecast_capacity_signal=172.0 predicted=172 required_steps=9
2026-09-14 05:04:08 [info     ] algorithm2_scaling_decision    action=MAINTAIN alpha=0.060060060060060066 beta=0.0 buffer=1.0 current_replicas=10 predicted_load=172.0 required_resources=10.33 target_replicas=10
2026-09-14 05:04:08 [info     ] algorithm2_decision            action=MAINTAIN applied_target=10 current_replicas=10 hold_until=1789337139.0 observed_load=124.4 observed_target=8 point_forecasts=[115.89542388916016, 112.12660217285156, 108.97618103027344, 107.66130828857422, 105.10875701904297, 105.60601806640625, 103.99464416503906, 103.75652313232422, 100.20258331298828] prediction_age_sec=0.07 predictive_target=10 proactive=True scenario=s4-hybrid-predictive target_replicas=10 upper_forecasts=[170.7920379638672, 171.85049438476562, 168.07400512695312, 166.87875366210938, 164.78512573242188, 165.347412109375, 164.12696838378906, 163.6614990234375, 160.28196716308594]
2026-09-14 05:04:08 [debug    ] Decision loop completed        action=MAINTAIN latency_ms=124.17 p99=135.6333333333341
2026-09-14 05:04:24 [debug    ] GRU prediction received        confidence=0.6 latency_ms=9.1 predicted=172
2026-09-14 05:04:24 [debug    ] Using GRU prediction           confidence=0.6 forecast_capacity_signal=172.0 predicted=172 required_steps=9
2026-09-14 05:04:24 [info     ] algorithm2_scaling_decision    action=MAINTAIN alpha=0.060060060060060066 beta=0.0 buffer=1.0 current_replicas=10 predicted_load=172.0 required_resources=10.33 target_replicas=10
2026-09-14 05:04:24 [info     ] algorithm2_decision            action=MAINTAIN applied_target=10 current_replicas=10 hold_until=1789337154.1 observed_load=123.79 observed_target=8 point_forecasts=[115.281982421875, 111.99896240234375, 109.33454895019531, 108.39752197265625, 105.94827270507812, 106.25938415527344, 104.88414001464844, 104.88290405273438, 101.59459686279297] prediction_age_sec=0.07 predictive_target=10 proactive=True scenario=s4-hybrid-predictive target_replicas=10 upper_forecasts=[170.17860412597656, 171.7228546142578, 168.432373046875, 167.61495971679688, 165.62464904785156, 166.00079345703125, 165.01646423339844, 164.7878875732422, 161.67398071289062]
2026-09-14 05:04:24 [debug    ] Decision loop completed        action=MAINTAIN latency_ms=125.21 p99=151.27777777777789
2026-09-14 05:04:39 [debug    ] GRU prediction received        confidence=0.6 latency_ms=9.8 predicted=171
2026-09-14 05:04:39 [debug    ] Using GRU prediction           confidence=0.6 forecast_capacity_signal=171.0 predicted=171 required_steps=9
2026-09-14 05:04:39 [info     ] algorithm2_scaling_decision    action=MAINTAIN alpha=0.060060060060060066 beta=0.0 buffer=1.0 current_replicas=10 predicted_load=171.0 required_resources=10.27 target_replicas=10
2026-09-14 05:04:39 [info     ] algorithm2_decision            action=MAINTAIN applied_target=10 current_replicas=10 hold_until=1789337169.2 observed_load=118.4 observed_target=8 point_forecasts=[112.37370300292969, 110.9635009765625, 109.22869873046875, 108.41961669921875, 106.4344253540039, 106.62234497070312, 105.45063018798828, 105.98005676269531, 102.50048065185547] prediction_age_sec=0.07 predictive_target=10 proactive=True scenario=s4-hybrid-predictive target_replicas=10 upper_forecasts=[167.27032470703125, 170.68739318847656, 168.32650756835938, 167.63705444335938, 166.11080932617188, 166.36373901367188, 165.5829620361328, 165.88504028320312, 162.57986450195312]
2026-09-14 05:04:39 [debug    ] Decision loop completed        action=MAINTAIN latency_ms=127.02 p99=109.06250000000101
2026-09-14 05:04:54 [debug    ] GRU prediction received        confidence=0.6 latency_ms=8.69 predicted=168
2026-09-14 05:04:54 [debug    ] Using GRU prediction           confidence=0.6 forecast_capacity_signal=168.0 predicted=168 required_steps=9
2026-09-14 05:04:54 [info     ] algorithm2_scaling_decision    action=MAINTAIN alpha=0.060060060060060066 beta=0.0 buffer=1.0 current_replicas=10 predicted_load=168.0 required_resources=10.09 target_replicas=10
2026-09-14 05:04:54 [info     ] algorithm2_decision            action=MAINTAIN applied_target=10 current_replicas=10 hold_until=1789337184.3 observed_load=106.58 observed_target=7 point_forecasts=[106.86162567138672, 108.45591735839844, 108.31063842773438, 107.47926330566406, 106.00543212890625, 105.98335266113281, 105.72611236572266, 105.8696517944336, 103.4251708984375] prediction_age_sec=0.08 predictive_target=10 proactive=True scenario=s4-hybrid-predictive target_replicas=10 upper_forecasts=[161.75823974609375, 168.1798095703125, 167.408447265625, 166.6967010498047, 165.6818084716797, 165.72476196289062, 165.8584442138672, 165.77462768554688, 163.50454711914062]
2026-09-14 05:04:54 [debug    ] Decision loop completed        action=MAINTAIN latency_ms=127.65 p99=99.76952461799661
2026-09-14 05:05:09 [debug    ] GRU prediction received        confidence=0.6 latency_ms=9.68 predicted=165
2026-09-14 05:05:09 [debug    ] Using GRU prediction           confidence=0.6 forecast_capacity_signal=165.0 predicted=165 required_steps=9
2026-09-14 05:05:09 [info     ] algorithm2_scaling_decision    action=MAINTAIN alpha=0.060060060060060066 beta=0.0 buffer=1.0 current_replicas=10 predicted_load=165.0 required_resources=9.91 target_replicas=10
2026-09-14 05:05:09 [info     ] algorithm2_decision            action=MAINTAIN applied_target=10 current_replicas=10 hold_until=1789337199.5 observed_load=92.38 observed_target=6 point_forecasts=[100.43893432617188, 104.77095031738281, 105.84555053710938, 105.74942016601562, 104.79057312011719, 104.8133544921875, 104.85831451416016, 105.24008178710938, 104.1249771118164] prediction_age_sec=0.07 predictive_target=10 proactive=True scenario=s4-hybrid-predictive target_replicas=10 upper_forecasts=[155.33555603027344, 164.49484252929688, 164.943359375, 164.96685791015625, 164.46694946289062, 164.55474853515625, 164.9906463623047, 165.1450653076172, 164.20436096191406]
2026-09-14 05:05:09 [debug    ] Decision loop completed        action=MAINTAIN latency_ms=125.09 p99=99.78832116788323
2026-09-14 05:05:24 [debug    ] GRU prediction received        confidence=0.6 latency_ms=8.62 predicted=165
2026-09-14 05:05:24 [debug    ] Using GRU prediction           confidence=0.6 forecast_capacity_signal=165.0 predicted=165 required_steps=9
2026-09-14 05:05:24 [info     ] algorithm2_scaling_decision    action=MAINTAIN alpha=0.060060060060060066 beta=0.0 buffer=1.0 current_replicas=10 predicted_load=165.0 required_resources=9.91 target_replicas=10
2026-09-14 05:05:24 [info     ] algorithm2_decision            action=MAINTAIN applied_target=10 current_replicas=10 hold_until=1789337214.6 observed_load=81.63 observed_target=5 point_forecasts=[94.55654907226562, 100.61697387695312, 102.60497283935547, 103.36593627929688, 103.02420043945312, 103.47077941894531, 103.44051361083984, 104.91292572021484, 104.17933654785156] prediction_age_sec=0.07 predictive_target=10 proactive=True scenario=s4-hybrid-predictive target_replicas=10 upper_forecasts=[149.4531707763672, 160.3408660888672, 161.70278930664062, 162.5833740234375, 162.70057678222656, 163.21218872070312, 163.57284545898438, 164.81790161132812, 164.25872802734375]
2026-09-14 05:05:24 [debug    ] Decision loop completed        action=MAINTAIN latency_ms=120.47 p99=99.66732090284594
2026-09-14 05:05:39 [debug    ] GRU prediction received        confidence=0.6 latency_ms=9.81 predicted=165
2026-09-14 05:05:39 [debug    ] Using GRU prediction           confidence=0.6 forecast_capacity_signal=165.0 predicted=165 required_steps=9
2026-09-14 05:05:39 [info     ] algorithm2_scaling_decision    action=MAINTAIN alpha=0.060060060060060066 beta=0.0 buffer=1.0 current_replicas=10 predicted_load=165.0 required_resources=9.91 target_replicas=10
2026-09-14 05:05:39 [info     ] algorithm2_decision            action=MAINTAIN applied_target=10 current_replicas=10 hold_until=1789337229.7 observed_load=77.71 observed_target=5 point_forecasts=[92.9937744140625, 98.7547836303711, 100.79757690429688, 102.1894302368164, 102.11412048339844, 102.91661834716797, 103.36026000976562, 105.09013366699219, 104.25690460205078] prediction_age_sec=0.07 predictive_target=10 proactive=True scenario=s4-hybrid-predictive target_replicas=10 upper_forecasts=[147.89039611816406, 158.47866821289062, 159.8953857421875, 161.4068603515625, 161.79049682617188, 162.65802001953125, 163.49258422851562, 164.9951171875, 164.33628845214844]
2026-09-14 05:05:39 [debug    ] Decision loop completed        action=MAINTAIN latency_ms=124.74 p99=99.8050918196995
2026-09-14 05:05:54 [debug    ] GRU prediction received        confidence=0.6 latency_ms=9.0 predicted=165
2026-09-14 05:05:54 [debug    ] Using GRU prediction           confidence=0.6 forecast_capacity_signal=165.0 predicted=165 required_steps=9
2026-09-14 05:05:54 [info     ] algorithm2_scaling_decision    action=MAINTAIN alpha=0.060060060060060066 beta=0.0 buffer=1.0 current_replicas=10 predicted_load=165.0 required_resources=9.91 target_replicas=10
2026-09-14 05:05:54 [info     ] algorithm2_decision            action=MAINTAIN applied_target=10 current_replicas=10 hold_until=1789337244.8 observed_load=80.88 observed_target=5 point_forecasts=[94.48668670654297, 98.699462890625, 100.41427612304688, 101.91024780273438, 101.87818908691406, 102.96684265136719, 103.70491790771484, 105.21320343017578, 104.16586303710938] prediction_age_sec=0.07 predictive_target=10 proactive=True scenario=s4-hybrid-predictive target_replicas=10 upper_forecasts=[149.38330078125, 158.42335510253906, 159.5120849609375, 161.127685546875, 161.5545654296875, 162.708251953125, 163.83724975585938, 165.11817932128906, 164.2452392578125]
2026-09-14 05:05:54 [debug    ] Decision loop completed        action=MAINTAIN latency_ms=125.62 p99=99.84351988217968
2026-09-14 05:06:09 [debug    ] GRU prediction received        confidence=0.6 latency_ms=9.2 predicted=164
2026-09-14 05:06:09 [debug    ] Using GRU prediction           confidence=0.6 forecast_capacity_signal=164.0 predicted=164 required_steps=9
2026-09-14 05:06:09 [info     ] algorithm2_scaling_decision    action=MAINTAIN alpha=0.060060060060060066 beta=0.0 buffer=1.0 current_replicas=10 predicted_load=164.0 required_resources=9.85 target_replicas=10
2026-09-14 05:06:09 [info     ] algorithm2_decision            action=MAINTAIN applied_target=10 current_replicas=10 hold_until=1789337260.0 observed_load=83.54 observed_target=6 point_forecasts=[93.64273834228516, 97.67010498046875, 99.4055404663086, 100.78572082519531, 100.88646697998047, 102.0728759765625, 102.67062377929688, 103.99774169921875, 103.27086639404297] prediction_age_sec=0.07 predictive_target=10 proactive=True scenario=s4-hybrid-predictive target_replicas=10 upper_forecasts=[148.5393524169922, 157.3939971923828, 158.50335693359375, 160.00315856933594, 160.56283569335938, 161.81427001953125, 162.80294799804688, 163.90272521972656, 163.35025024414062]
2026-09-14 05:06:09 [debug    ] Decision loop completed        action=MAINTAIN latency_ms=118.51 p99=99.51957831325304
2026-09-14 05:06:25 [debug    ] GRU prediction received        confidence=0.6 latency_ms=9.58 predicted=161
2026-09-14 05:06:25 [debug    ] Using GRU prediction           confidence=0.6 forecast_capacity_signal=161.3 predicted=161 required_steps=9
2026-09-14 05:06:25 [info     ] algorithm2_scaling_decision    action=MAINTAIN alpha=0.060060060060060066 beta=0.0 buffer=1.0 current_replicas=10 predicted_load=161.28900146484375 required_resources=9.687 target_replicas=10
2026-09-14 05:06:25 [info     ] algorithm2_decision            action=MAINTAIN applied_target=10 current_replicas=10 hold_until=1789337275.1 observed_load=77.9 observed_target=5 point_forecasts=[88.64834594726562, 94.0324478149414, 96.6915054321289, 97.764892578125, 98.57369995117188, 99.08634185791016, 99.52129364013672, 101.15193939208984, 101.20960998535156] prediction_age_sec=0.07 predictive_target=10 proactive=True scenario=s4-hybrid-predictive target_replicas=10 upper_forecasts=[143.5449676513672, 153.75633239746094, 155.78932189941406, 156.98233032226562, 158.2500762939453, 158.82774353027344, 159.65362548828125, 161.05691528320312, 161.28900146484375]
2026-09-14 05:06:25 [debug    ] Decision loop completed        action=MAINTAIN latency_ms=124.07 p99=99.5297783933518
2026-09-14 05:06:40 [debug    ] GRU prediction received        confidence=0.6 latency_ms=9.04 predicted=159
2026-09-14 05:06:40 [debug    ] Using GRU prediction           confidence=0.6 forecast_capacity_signal=159.0 predicted=159 required_steps=9
2026-09-14 05:06:40 [info     ] algorithm2_scaling_decision    action=MAINTAIN alpha=0.060060060060060066 beta=0.0 buffer=1.0 current_replicas=10 predicted_load=159.0 required_resources=9.55 target_replicas=10
2026-09-14 05:06:40 [info     ] algorithm2_decision            action=MAINTAIN applied_target=10 current_replicas=10 hold_until=1789337290.2 observed_load=65.04 observed_target=4 point_forecasts=[82.0338134765625, 88.97132873535156, 92.7624282836914, 94.27246856689453, 95.6821060180664, 95.83518981933594, 95.80796813964844, 98.53404235839844, 98.75695037841797] prediction_age_sec=0.07 predictive_target=10 proactive=True scenario=s4-hybrid-predictive target_replicas=10 upper_forecasts=[136.93043518066406, 148.69522094726562, 151.86024475097656, 153.48989868164062, 155.35848999023438, 155.57659912109375, 155.94029235839844, 158.43902587890625, 158.83633422851562]
2026-09-14 05:06:40 [debug    ] Decision loop completed        action=MAINTAIN latency_ms=122.06 p99=99.52737752161384
2026-09-14 05:06:55 [debug    ] GRU prediction received        confidence=0.6 latency_ms=9.48 predicted=156
2026-09-14 05:06:55 [debug    ] Using GRU prediction           confidence=0.6 forecast_capacity_signal=156.4 predicted=156 required_steps=9
2026-09-14 05:06:55 [info     ] algorithm2_scaling_decision    action=MAINTAIN alpha=0.060060060060060066 beta=0.0 buffer=1.0 current_replicas=10 predicted_load=156.44729614257812 required_resources=9.396 target_replicas=10
2026-09-14 05:06:55 [info     ] algorithm2_decision            action=MAINTAIN applied_target=10 current_replicas=10 hold_until=1789337305.3 observed_load=54.04 observed_target=4 point_forecasts=[77.57015991210938, 85.18263244628906, 89.59883117675781, 90.78022003173828, 92.74879455566406, 92.86268615722656, 93.34959411621094, 96.3875732421875, 96.36790466308594] prediction_age_sec=0.08 predictive_target=10 proactive=True scenario=s4-hybrid-predictive target_replicas=10 upper_forecasts=[132.46678161621094, 144.90652465820312, 148.6966552734375, 149.99765014648438, 152.4251708984375, 152.60409545898438, 153.48191833496094, 156.2925567626953, 156.44729614257812]
2026-09-14 05:06:55 [debug    ] Decision loop completed        action=MAINTAIN latency_ms=135.39 p99=99.53092783505153
2026-09-14 05:07:10 [debug    ] GRU prediction received        confidence=0.6 latency_ms=9.23 predicted=154
2026-09-14 05:07:10 [debug    ] Using GRU prediction           confidence=0.6 forecast_capacity_signal=154.3 predicted=154 required_steps=9
2026-09-14 05:07:10 [info     ] algorithm2_scaling_decision    action=MAINTAIN alpha=0.060060060060060066 beta=0.0 buffer=1.0 current_replicas=10 predicted_load=154.306396484375 required_resources=9.268 target_replicas=10
2026-09-14 05:07:10 [info     ] algorithm2_decision            action=MAINTAIN applied_target=10 current_replicas=10 hold_until=1789337320.5 observed_load=49.47 observed_target=3 point_forecasts=[75.21855163574219, 82.47815704345703, 87.02232360839844, 88.10284423828125, 90.43492126464844, 90.62654876708984, 91.73918151855469, 94.45194244384766, 94.22701263427734] prediction_age_sec=0.07 predictive_target=10 proactive=True scenario=s4-hybrid-predictive target_replicas=10 upper_forecasts=[130.11517333984375, 142.20204162597656, 146.12014770507812, 147.32028198242188, 150.11129760742188, 150.36795043945312, 151.8715057373047, 154.35691833496094, 154.306396484375]
2026-09-14 05:07:10 [debug    ] Decision loop completed        action=MAINTAIN latency_ms=121.04 p99=99.45215311004785
2026-09-14 05:07:25 [debug    ] GRU prediction received        confidence=0.6 latency_ms=9.29 predicted=153
2026-09-14 05:07:25 [debug    ] Using GRU prediction           confidence=0.6 forecast_capacity_signal=153.0 predicted=153 required_steps=9
2026-09-14 05:07:25 [info     ] algorithm2_scaling_decision    action=MAINTAIN alpha=0.060060060060060066 beta=0.0 buffer=1.0 current_replicas=10 predicted_load=153.0 required_resources=9.189 target_replicas=10
2026-09-14 05:07:25 [info     ] algorithm2_decision            action=MAINTAIN applied_target=10 current_replicas=10 hold_until=1789337335.6 observed_load=48.49 observed_target=3 point_forecasts=[74.2215576171875, 80.99114990234375, 85.53077697753906, 86.45015716552734, 89.1149673461914, 89.56590270996094, 90.86575317382812, 93.24871063232422, 92.87158966064453] prediction_age_sec=0.08 predictive_target=10 proactive=True scenario=s4-hybrid-predictive target_replicas=10 upper_forecasts=[129.11817932128906, 140.7150421142578, 144.62860107421875, 145.6676025390625, 148.79135131835938, 149.30731201171875, 150.99807739257812, 153.1536865234375, 152.9509735107422]
2026-09-14 05:07:25 [debug    ] Decision loop completed        action=MAINTAIN latency_ms=130.14 p99=99.46022727272727
2026-09-14 05:07:40 [debug    ] GRU prediction received        confidence=0.6 latency_ms=10.29 predicted=154
2026-09-14 05:07:40 [debug    ] Using GRU prediction           confidence=0.6 forecast_capacity_signal=154.0 predicted=154 required_steps=9
2026-09-14 05:07:40 [info     ] algorithm2_scaling_decision    action=MAINTAIN alpha=0.060060060060060066 beta=0.0 buffer=1.0 current_replicas=10 predicted_load=154.0 required_resources=9.249 target_replicas=10
2026-09-14 05:07:40 [info     ] algorithm2_decision            action=MAINTAIN applied_target=10 current_replicas=10 hold_until=1789337350.7 observed_load=52.04 observed_target=4 point_forecasts=[76.5426254272461, 82.22332000732422, 86.34544372558594, 87.00700378417969, 89.81157684326172, 90.43460083007812, 91.82234191894531, 93.69574737548828, 93.19965362548828] prediction_age_sec=0.07 predictive_target=10 proactive=True scenario=s4-hybrid-predictive target_replicas=10 upper_forecasts=[131.43923950195312, 141.94720458984375, 145.44326782226562, 146.2244415283203, 149.48794555664062, 150.17599487304688, 151.9546661376953, 153.60072326660156, 153.27903747558594]
2026-09-14 05:07:40 [debug    ] Decision loop completed        action=MAINTAIN latency_ms=128.5 p99=99.61919191919192
2026-09-14 05:07:55 [debug    ] GRU prediction received        confidence=0.6 latency_ms=9.27 predicted=156
2026-09-14 05:07:55 [debug    ] Using GRU prediction           confidence=0.6 forecast_capacity_signal=156.0 predicted=156 required_steps=9
2026-09-14 05:07:55 [info     ] algorithm2_scaling_decision    action=MAINTAIN alpha=0.060060060060060066 beta=0.0 buffer=1.0 current_replicas=10 predicted_load=156.0 required_resources=9.369 target_replicas=10
2026-09-14 05:07:55 [info     ] algorithm2_decision            action=MAINTAIN applied_target=10 current_replicas=10 hold_until=1789337365.8 observed_load=60.62 observed_target=4 point_forecasts=[80.8711166381836, 85.41558837890625, 89.21619415283203, 89.44794464111328, 92.1491470336914, 92.81178283691406, 94.15984344482422, 95.62633514404297, 95.12496185302734] prediction_age_sec=0.07 predictive_target=10 proactive=True scenario=s4-hybrid-predictive target_replicas=10 upper_forecasts=[135.76773071289062, 145.1394805908203, 148.3140106201172, 148.66537475585938, 151.82553100585938, 152.55319213867188, 154.29217529296875, 155.53131103515625, 155.204345703125]
2026-09-14 05:07:55 [debug    ] Decision loop completed        action=MAINTAIN latency_ms=124.21 p99=99.47373271889401
2026-09-14 05:08:10 [debug    ] GRU prediction received        confidence=0.6 latency_ms=15.34 predicted=157
2026-09-14 05:08:10 [debug    ] Using GRU prediction           confidence=0.6 forecast_capacity_signal=157.0 predicted=157 required_steps=9
2026-09-14 05:08:10 [info     ] algorithm2_scaling_decision    action=MAINTAIN alpha=0.060060060060060066 beta=0.0 buffer=1.0 current_replicas=10 predicted_load=157.0311279296875 required_resources=9.431 target_replicas=10
2026-09-14 05:08:10 [info     ] algorithm2_decision            action=MAINTAIN applied_target=10 current_replicas=10 hold_until=1789337381.0 observed_load=69.19 observed_target=5 point_forecasts=[84.53399658203125, 88.34341430664062, 91.79703521728516, 92.1305923461914, 94.3485336303711, 95.09130096435547, 96.01923370361328, 97.49749755859375, 96.95174407958984] prediction_age_sec=0.07 predictive_target=10 proactive=True scenario=s4-hybrid-predictive target_replicas=10 upper_forecasts=[139.4306182861328, 148.0673065185547, 150.8948516845703, 151.3480224609375, 154.02490234375, 154.83270263671875, 156.1515655517578, 157.40248107910156, 157.0311279296875]
2026-09-14 05:08:10 [debug    ] Decision loop completed        action=MAINTAIN latency_ms=127.62 p99=99.86386138613862
2026-09-14 05:08:26 [debug    ] GRU prediction received        confidence=0.6 latency_ms=8.84 predicted=157
2026-09-14 05:08:26 [debug    ] Using GRU prediction           confidence=0.6 forecast_capacity_signal=157.0 predicted=157 required_steps=9
2026-09-14 05:08:26 [info     ] algorithm2_scaling_decision    action=MAINTAIN alpha=0.060060060060060066 beta=0.0 buffer=1.0 current_replicas=10 predicted_load=157.0 required_resources=9.429 target_replicas=10
2026-09-14 05:08:26 [info     ] algorithm2_decision            action=MAINTAIN applied_target=10 current_replicas=10 hold_until=1789337396.1 observed_load=73.18 observed_target=5 point_forecasts=[85.19374084472656, 88.6941146850586, 91.95347595214844, 92.50999450683594, 94.50900268554688, 94.86071014404297, 95.28517150878906, 96.88666534423828, 96.62255096435547] prediction_age_sec=0.07 predictive_target=10 proactive=True scenario=s4-hybrid-predictive target_replicas=10 upper_forecasts=[140.09036254882812, 148.41799926757812, 151.05130004882812, 151.72743225097656, 154.1853790283203, 154.60211181640625, 155.41749572753906, 156.79164123535156, 156.70193481445312]
2026-09-14 05:08:26 [debug    ] Decision loop completed        action=MAINTAIN latency_ms=124.91 p99=99.80758017492712
2026-09-14 05:08:41 [debug    ] GRU prediction received        confidence=0.6 latency_ms=9.5 predicted=156
2026-09-14 05:08:41 [debug    ] Using GRU prediction           confidence=0.6 forecast_capacity_signal=156.0 predicted=156 required_steps=9
2026-09-14 05:08:41 [info     ] algorithm2_scaling_decision    action=MAINTAIN alpha=0.060060060060060066 beta=0.0 buffer=1.0 current_replicas=10 predicted_load=156.037109375 required_resources=9.372 target_replicas=10
2026-09-14 05:08:41 [info     ] algorithm2_decision            action=MAINTAIN applied_target=10 current_replicas=10 hold_until=1789337411.2 observed_load=74.1 observed_target=5 point_forecasts=[85.47686004638672, 88.63512420654297, 91.7148666381836, 92.44219207763672, 94.26828002929688, 94.05007934570312, 94.17871856689453, 95.84037780761719, 95.95772552490234] prediction_age_sec=0.08 predictive_target=10 proactive=True scenario=s4-hybrid-predictive target_replicas=10 upper_forecasts=[140.37347412109375, 148.3590087890625, 150.81268310546875, 151.65963745117188, 153.9446563720703, 153.79147338867188, 154.31105041503906, 155.745361328125, 156.037109375]
2026-09-14 05:08:41 [debug    ] Decision loop completed        action=MAINTAIN latency_ms=135.46 p99=99.65106951871658
2026-09-14 05:08:56 [debug    ] GRU prediction received        confidence=0.6 latency_ms=9.04 predicted=156
2026-09-14 05:08:56 [debug    ] Using GRU prediction           confidence=0.6 forecast_capacity_signal=156.0 predicted=156 required_steps=9
2026-09-14 05:08:56 [info     ] algorithm2_scaling_decision    action=MAINTAIN alpha=0.060060060060060066 beta=0.0 buffer=1.0 current_replicas=10 predicted_load=156.0 required_resources=9.369 target_replicas=10
2026-09-14 05:08:56 [info     ] algorithm2_decision            action=MAINTAIN applied_target=10 current_replicas=10 hold_until=1789337426.4 observed_load=77.74 observed_target=5 point_forecasts=[87.75714111328125, 89.83940124511719, 92.42035675048828, 93.19595336914062, 94.55583953857422, 93.83778381347656, 94.0444564819336, 95.44048309326172, 95.75682067871094] prediction_age_sec=0.07 predictive_target=10 proactive=True scenario=s4-hybrid-predictive target_replicas=10 upper_forecasts=[142.6537628173828, 149.56329345703125, 151.51817321777344, 152.41339111328125, 154.23220825195312, 153.57919311523438, 154.17678833007812, 155.345458984375, 155.83621215820312]
2026-09-14 05:08:56 [debug    ] Decision loop completed        action=MAINTAIN latency_ms=128.02 p99=99.55333844973141
2026-09-14 05:09:11 [debug    ] GRU prediction received        confidence=0.6 latency_ms=9.78 predicted=157
2026-09-14 05:09:11 [debug    ] Using GRU prediction           confidence=0.6 forecast_capacity_signal=157.2 predicted=157 required_steps=9
2026-09-14 05:09:11 [info     ] algorithm2_scaling_decision    action=MAINTAIN alpha=0.060060060060060066 beta=0.0 buffer=1.0 current_replicas=10 predicted_load=157.16864013671875 required_resources=9.44 target_replicas=10
2026-09-14 05:09:11 [info     ] algorithm2_decision            action=MAINTAIN applied_target=10 current_replicas=10 hold_until=1789337441.5 observed_load=87.72 observed_target=6 point_forecasts=[93.77494812011719, 93.75100708007812, 95.57035827636719, 96.28706359863281, 96.66202545166016, 95.7714614868164, 96.0665054321289, 97.26012420654297, 97.0892562866211] prediction_age_sec=0.07 predictive_target=10 proactive=True scenario=s4-hybrid-predictive target_replicas=10 upper_forecasts=[148.67156982421875, 153.4748992919922, 154.66818237304688, 155.50450134277344, 156.33840942382812, 155.5128631591797, 156.19883728027344, 157.16510009765625, 157.16864013671875]
2026-09-14 05:09:11 [debug    ] Decision loop completed        action=MAINTAIN latency_ms=125.03 p99=99.87607099143206
2026-09-14 05:09:26 [debug    ] GRU prediction received        confidence=0.6 latency_ms=8.89 predicted=160
2026-09-14 05:09:26 [debug    ] Using GRU prediction           confidence=0.6 forecast_capacity_signal=160.0 predicted=160 required_steps=9
2026-09-14 05:09:26 [info     ] algorithm2_scaling_decision    action=MAINTAIN alpha=0.060060060060060066 beta=0.0 buffer=1.0 current_replicas=10 predicted_load=160.0 required_resources=9.61 target_replicas=10
2026-09-14 05:09:26 [info     ] algorithm2_decision            action=MAINTAIN applied_target=10 current_replicas=10 hold_until=1789337456.6 observed_load=99.57 observed_target=6 point_forecasts=[99.64685821533203, 98.30419921875, 98.80891418457031, 100.2523422241211, 99.67068481445312, 98.94110107421875, 98.80550384521484, 100.01824188232422, 99.09981536865234] prediction_age_sec=0.07 predictive_target=10 proactive=True scenario=s4-hybrid-predictive target_replicas=10 upper_forecasts=[154.54347229003906, 158.02809143066406, 157.90673828125, 159.46978759765625, 159.34706115722656, 158.6824951171875, 158.93783569335938, 159.9232177734375, 159.17919921875]
2026-09-14 05:09:26 [debug    ] Decision loop completed        action=MAINTAIN latency_ms=120.13 p99=99.73282442748092
2026-09-14 05:09:41 [debug    ] GRU prediction received        confidence=0.6 latency_ms=9.44 predicted=162
2026-09-14 05:09:41 [debug    ] Using GRU prediction           confidence=0.6 forecast_capacity_signal=162.0 predicted=162 required_steps=9
2026-09-14 05:09:41 [info     ] algorithm2_scaling_decision    action=MAINTAIN alpha=0.060060060060060066 beta=0.0 buffer=1.0 current_replicas=10 predicted_load=162.0 required_resources=9.73 target_replicas=10
2026-09-14 05:09:41 [info     ] algorithm2_decision            action=MAINTAIN applied_target=10 current_replicas=10 hold_until=1789337471.7 observed_load=103.9 observed_target=7 point_forecasts=[101.36339569091797, 100.72196960449219, 101.02281188964844, 102.47236633300781, 101.7986068725586, 100.8670654296875, 100.12024688720703, 101.57593536376953, 100.40653991699219] prediction_age_sec=0.08 predictive_target=10 proactive=True scenario=s4-hybrid-predictive target_replicas=10 upper_forecasts=[156.260009765625, 160.44586181640625, 160.12063598632812, 161.68980407714844, 161.4749755859375, 160.60845947265625, 160.25257873535156, 161.4809112548828, 160.48593139648438]
2026-09-14 05:09:41 [debug    ] Decision loop completed        action=MAINTAIN latency_ms=127.04 p99=99.55658852061438
2026-09-14 05:09:56 [debug    ] GRU prediction received        confidence=0.6 latency_ms=9.97 predicted=161
2026-09-14 05:09:56 [debug    ] Using GRU prediction           confidence=0.6 forecast_capacity_signal=161.0 predicted=161 required_steps=9
2026-09-14 05:09:56 [info     ] algorithm2_scaling_decision    action=MAINTAIN alpha=0.060060060060060066 beta=0.0 buffer=1.0 current_replicas=10 predicted_load=161.0 required_resources=9.67 target_replicas=10
2026-09-14 05:09:56 [info     ] algorithm2_decision            action=MAINTAIN applied_target=10 current_replicas=10 hold_until=1789337486.9 observed_load=95.94 observed_target=6 point_forecasts=[97.19657897949219, 99.0826644897461, 100.36701965332031, 100.93404388427734, 101.00255584716797, 100.35193634033203, 98.90826416015625, 100.52729034423828, 100.19098663330078] prediction_age_sec=0.07 predictive_target=10 proactive=True scenario=s4-hybrid-predictive target_replicas=10 upper_forecasts=[152.09320068359375, 158.80654907226562, 159.46484375, 160.1514892578125, 160.67892456054688, 160.0933380126953, 159.04058837890625, 160.43226623535156, 160.27037048339844]
2026-09-14 05:09:56 [debug    ] Decision loop completed        action=MAINTAIN latency_ms=125.66 p99=99.61933534743203
2026-09-14 05:10:11 [debug    ] GRU prediction received        confidence=0.6 latency_ms=9.02 predicted=158
2026-09-14 05:10:11 [debug    ] Using GRU prediction           confidence=0.6 forecast_capacity_signal=158.0 predicted=158 required_steps=9
2026-09-14 05:10:11 [info     ] algorithm2_scaling_decision    action=MAINTAIN alpha=0.060060060060060066 beta=0.0 buffer=1.0 current_replicas=10 predicted_load=158.0 required_resources=9.489 target_replicas=10
2026-09-14 05:10:11 [info     ] algorithm2_decision            action=MAINTAIN applied_target=10 current_replicas=10 hold_until=1789337502.0 observed_load=78.68 observed_target=5 point_forecasts=[87.88352966308594, 92.87438201904297, 95.45944213867188, 96.06546783447266, 96.95140075683594, 96.1410903930664, 94.6883544921875, 97.0551986694336, 97.86833953857422] prediction_age_sec=0.07 predictive_target=10 proactive=True scenario=s4-hybrid-predictive target_replicas=10 upper_forecasts=[142.7801513671875, 152.5982666015625, 154.5572509765625, 155.28289794921875, 156.62777709960938, 155.8824920654297, 154.8206787109375, 156.96017456054688, 157.94772338867188]
2026-09-14 05:10:11 [debug    ] Decision loop completed        action=MAINTAIN latency_ms=117.92 p99=99.45876288659794
2026-09-14 05:10:27 [debug    ] GRU prediction received        confidence=0.6 latency_ms=8.98 predicted=153
2026-09-14 05:10:27 [debug    ] Using GRU prediction           confidence=0.6 forecast_capacity_signal=153.5 predicted=153 required_steps=9
2026-09-14 05:10:27 [info     ] algorithm2_scaling_decision    action=MAINTAIN alpha=0.060060060060060066 beta=0.0 buffer=1.0 current_replicas=10 predicted_load=153.47674560546875 required_resources=9.218 target_replicas=10
2026-09-14 05:10:27 [info     ] algorithm2_decision            action=MAINTAIN applied_target=10 current_replicas=10 hold_until=1789337517.1 observed_load=62.43 observed_target=4 point_forecasts=[80.2578125, 85.77784729003906, 88.99421691894531, 90.3372573852539, 91.361572265625, 90.5602035522461, 89.89085388183594, 93.00853729248047, 93.39735412597656] prediction_age_sec=0.08 predictive_target=10 proactive=True scenario=s4-hybrid-predictive target_replicas=10 upper_forecasts=[135.15443420410156, 145.50173950195312, 148.092041015625, 149.5546875, 151.03794860839844, 150.30160522460938, 150.02317810058594, 152.91351318359375, 153.47674560546875]
2026-09-14 05:10:27 [debug    ] Decision loop completed        action=MAINTAIN latency_ms=128.2 p99=99.60176991150443
2026-09-14 05:10:42 [debug    ] GRU prediction received        confidence=0.6 latency_ms=9.45 predicted=149
2026-09-14 05:10:42 [debug    ] Using GRU prediction           confidence=0.6 forecast_capacity_signal=149.0 predicted=149 required_steps=9
2026-09-14 05:10:42 [info     ] algorithm2_scaling_decision    action=MAINTAIN alpha=0.060060060060060066 beta=0.0 buffer=1.0 current_replicas=10 predicted_load=149.0 required_resources=8.949 target_replicas=9
2026-09-14 05:10:42 [info     ] algorithm2_decision            action=MAINTAIN applied_target=9 current_replicas=10 hold_until=1789337532.2 observed_load=53.02 observed_target=4 point_forecasts=[74.89350891113281, 80.10528564453125, 83.50867462158203, 84.77845764160156, 86.01116943359375, 85.78153991699219, 86.17481994628906, 88.55882263183594, 88.8862075805664] prediction_age_sec=0.08 predictive_target=9 proactive=True scenario=s4-hybrid-predictive target_replicas=9 upper_forecasts=[129.79013061523438, 139.8291778564453, 142.6064910888672, 143.9958953857422, 145.6875457763672, 145.52294921875, 146.30714416503906, 148.46380615234375, 148.96559143066406]
2026-09-14 05:10:42 [debug    ] Decision loop completed        action=MAINTAIN latency_ms=128.4 p99=99.53032440056418
2026-09-14 05:10:57 [debug    ] GRU prediction received        confidence=0.6 latency_ms=8.74 predicted=146
2026-09-14 05:10:57 [debug    ] Using GRU prediction           confidence=0.6 forecast_capacity_signal=146.0 predicted=146 required_steps=9
2026-09-14 05:10:57 [info     ] algorithm2_scaling_decision    action=MAINTAIN alpha=0.060060060060060066 beta=0.0 buffer=1.0 current_replicas=10 predicted_load=146.0 required_resources=8.769 target_replicas=9
2026-09-14 05:10:57 [info     ] algorithm2_decision            action=MAINTAIN applied_target=9 current_replicas=10 hold_until=1789337547.4 observed_load=51.01 observed_target=4 point_forecasts=[73.24935150146484, 77.09856414794922, 79.95358276367188, 81.20062255859375, 82.344482421875, 82.73600006103516, 83.95904541015625, 85.318603515625, 85.90032196044922] prediction_age_sec=0.07 predictive_target=9 proactive=True scenario=s4-hybrid-predictive target_replicas=9 upper_forecasts=[128.14596557617188, 136.82244873046875, 139.0513916015625, 140.41806030273438, 142.02085876464844, 142.47740173339844, 144.09136962890625, 145.2235870361328, 145.97970581054688]
2026-09-14 05:10:57 [debug    ] Decision loop completed        action=MAINTAIN latency_ms=122.62 p99=99.46104725415071
2026-09-14 05:11:12 [debug    ] GRU prediction received        confidence=0.6 latency_ms=9.38 predicted=144
2026-09-14 05:11:12 [debug    ] Using GRU prediction           confidence=0.6 forecast_capacity_signal=144.0 predicted=144 required_steps=9
2026-09-14 05:11:12 [info     ] algorithm2_scaling_decision    action=MAINTAIN alpha=0.060060060060060066 beta=0.0 buffer=1.0 current_replicas=10 predicted_load=144.0 required_resources=8.649 target_replicas=9
2026-09-14 05:11:12 [info     ] algorithm2_decision            action=MAINTAIN applied_target=9 current_replicas=10 hold_until=1789337562.5 observed_load=53.46 observed_target=4 point_forecasts=[71.89696502685547, 74.99337768554688, 77.48082733154297, 78.7129898071289, 79.95610046386719, 80.32562255859375, 81.71726989746094, 82.68000793457031, 83.4794692993164] prediction_age_sec=0.08 predictive_target=9 proactive=True scenario=s4-hybrid-predictive target_replicas=9 upper_forecasts=[126.7935791015625, 134.71726989746094, 136.57864379882812, 137.930419921875, 139.63247680664062, 140.0670166015625, 141.84959411621094, 142.58499145507812, 143.55885314941406]
2026-09-14 05:11:12 [debug    ] Decision loop completed        action=MAINTAIN latency_ms=130.43 p99=99.46410579345088
2026-09-14 05:11:27 [debug    ] GRU prediction received        confidence=0.6 latency_ms=8.99 predicted=141
2026-09-14 05:11:27 [debug    ] Using GRU prediction           confidence=0.6 forecast_capacity_signal=141.0 predicted=141 required_steps=9
2026-09-14 05:11:27 [info     ] algorithm2_scaling_decision    action=MAINTAIN alpha=0.060060060060060066 beta=0.0 buffer=1.0 current_replicas=10 predicted_load=141.0 required_resources=8.468 target_replicas=9
2026-09-14 05:11:27 [info     ] algorithm2_decision            action=MAINTAIN applied_target=9 current_replicas=10 hold_until=1789337577.6 observed_load=55.38 observed_target=4 point_forecasts=[69.97889709472656, 72.9435043334961, 75.13249969482422, 76.17549896240234, 77.57508087158203, 77.78726959228516, 79.1137924194336, 79.77399444580078, 80.75448608398438] prediction_age_sec=0.07 predictive_target=9 proactive=True scenario=s4-hybrid-predictive target_replicas=9 upper_forecasts=[124.87551879882812, 132.66738891601562, 134.23031616210938, 135.3929443359375, 137.25146484375, 137.52867126464844, 139.24612426757812, 139.67897033691406, 140.8338623046875]
2026-09-14 05:11:27 [debug    ] Decision loop completed        action=MAINTAIN latency_ms=123.85 p99=99.52542372881356
2026-09-14 05:11:42 [debug    ] GRU prediction received        confidence=0.6 latency_ms=10.06 predicted=137
2026-09-14 05:11:42 [debug    ] Using GRU prediction           confidence=0.6 forecast_capacity_signal=137.2 predicted=137 required_steps=9
2026-09-14 05:11:42 [info     ] algorithm2_scaling_decision    action=MAINTAIN alpha=0.060060060060060066 beta=0.0 buffer=1.0 current_replicas=10 predicted_load=137.19192504882812 required_resources=8.24 target_replicas=9
2026-09-14 05:11:42 [info     ] algorithm2_decision            action=MAINTAIN applied_target=9 current_replicas=10 hold_until=1789337592.7 observed_load=53.96 observed_target=4 point_forecasts=[66.0332260131836, 69.62726593017578, 71.63653564453125, 72.70558166503906, 74.37110137939453, 74.29115295410156, 75.30774688720703, 76.08625030517578, 77.112548828125] prediction_age_sec=0.08 predictive_target=9 proactive=True scenario=s4-hybrid-predictive target_replicas=9 upper_forecasts=[120.92984008789062, 129.3511505126953, 130.73434448242188, 131.9230194091797, 134.0474853515625, 134.03256225585938, 135.44007873535156, 135.99122619628906, 137.19192504882812]
2026-09-14 05:11:42 [debug    ] Decision loop completed        action=MAINTAIN latency_ms=127.03 p99=99.53523489932884
2026-09-14 05:11:57 [debug    ] GRU prediction received        confidence=0.6 latency_ms=8.8 predicted=133
2026-09-14 05:11:57 [debug    ] Using GRU prediction           confidence=0.6 forecast_capacity_signal=133.4 predicted=133 required_steps=9
2026-09-14 05:11:57 [info     ] algorithm2_scaling_decision    action=MAINTAIN alpha=0.060060060060060066 beta=0.0 buffer=1.0 current_replicas=10 predicted_load=133.390380859375 required_resources=8.011 target_replicas=9
2026-09-14 05:11:57 [info     ] algorithm2_decision            action=MAINTAIN applied_target=9 current_replicas=10 hold_until=1789337607.9 observed_load=49.66 observed_target=3 point_forecasts=[62.04254150390625, 66.00291442871094, 67.85073852539062, 68.89187622070312, 70.75482940673828, 70.35772705078125, 71.26412963867188, 72.21232604980469, 73.31100463867188] prediction_age_sec=0.07 predictive_target=9 proactive=True scenario=s4-hybrid-predictive target_replicas=9 upper_forecasts=[116.93916320800781, 125.726806640625, 126.94855499267578, 128.10931396484375, 130.43121337890625, 130.09912109375, 131.39645385742188, 132.1173095703125, 133.390380859375]
2026-09-14 05:11:57 [debug    ] Decision loop completed        action=MAINTAIN latency_ms=124.2 p99=99.61720067453626
2026-09-14 05:12:12 [debug    ] GRU prediction received        confidence=0.6 latency_ms=9.81 predicted=130
2026-09-14 05:12:12 [debug    ] Using GRU prediction           confidence=0.6 forecast_capacity_signal=130.0 predicted=130 required_steps=9
2026-09-14 05:12:12 [info     ] algorithm2_scaling_decision    action=MAINTAIN alpha=0.060060060060060066 beta=0.0 buffer=1.0 current_replicas=10 predicted_load=130.0 required_resources=7.808 target_replicas=8
2026-09-14 05:12:12 [info     ] algorithm2_decision            action=MAINTAIN applied_target=8 current_replicas=10 hold_until=1789337623.0 observed_load=45.48 observed_target=3 point_forecasts=[58.2375373840332, 62.33544921875, 64.06678771972656, 65.02294921875, 67.05119323730469, 66.44810485839844, 67.36549377441406, 68.44613647460938, 69.62936401367188] prediction_age_sec=0.07 predictive_target=8 proactive=True scenario=s4-hybrid-predictive target_replicas=8 upper_forecasts=[113.1341552734375, 122.05934143066406, 123.16460418701172, 124.24038696289062, 126.72756958007812, 126.18950653076172, 127.49781799316406, 128.3511199951172, 129.708740234375]
2026-09-14 05:12:12 [debug    ] Decision loop completed        action=MAINTAIN latency_ms=123.28 p99=99.53474576271188
2026-09-14 05:12:28 [debug    ] GRU prediction received        confidence=0.6 latency_ms=9.2 predicted=127
2026-09-14 05:12:28 [debug    ] Using GRU prediction           confidence=0.6 forecast_capacity_signal=127.0 predicted=127 required_steps=9
2026-09-14 05:12:28 [info     ] algorithm2_scaling_decision    action=MAINTAIN alpha=0.060060060060060066 beta=0.0 buffer=1.0 current_replicas=10 predicted_load=127.01876068115234 required_resources=7.629 target_replicas=8
2026-09-14 05:12:28 [info     ] algorithm2_decision            action=MAINTAIN applied_target=8 current_replicas=10 hold_until=1789337638.1 observed_load=43.42 observed_target=3 point_forecasts=[56.17548751831055, 59.851341247558594, 61.44488525390625, 62.22495651245117, 64.29774475097656, 63.5829963684082, 64.68209838867188, 65.7344970703125, 66.93937683105469] prediction_age_sec=0.08 predictive_target=8 proactive=True scenario=s4-hybrid-predictive target_replicas=8 upper_forecasts=[111.07210540771484, 119.57522583007812, 120.5427017211914, 121.44239807128906, 123.97412109375, 123.32440185546875, 124.81442260742188, 125.63948059082031, 127.01876068115234]
2026-09-14 05:12:28 [debug    ] Decision loop completed        action=MAINTAIN latency_ms=133.07 p99=99.53321976149915
2026-09-14 05:12:43 [debug    ] GRU prediction received        confidence=0.6 latency_ms=9.12 predicted=125
2026-09-14 05:12:43 [debug    ] Using GRU prediction           confidence=0.6 forecast_capacity_signal=125.3 predicted=125 required_steps=9
2026-09-14 05:12:43 [info     ] algorithm2_scaling_decision    action=MAINTAIN alpha=0.060060060060060066 beta=0.0 buffer=1.0 current_replicas=10 predicted_load=125.32389068603516 required_resources=7.527 target_replicas=8
2026-09-14 05:12:43 [info     ] algorithm2_decision            action=MAINTAIN applied_target=8 current_replicas=10 hold_until=1789337653.3 observed_load=43.98 observed_target=3 point_forecasts=[55.20452117919922, 58.46171569824219, 59.94351577758789, 60.553524017333984, 62.63761520385742, 61.92203140258789, 63.104270935058594, 64.06326293945312, 65.2445068359375] prediction_age_sec=0.07 predictive_target=8 proactive=True scenario=s4-hybrid-predictive target_replicas=8 upper_forecasts=[110.10113525390625, 118.18560791015625, 119.04133605957031, 119.77096557617188, 122.31399536132812, 121.66343688964844, 123.23660278320312, 123.96824645996094, 125.32389068603516]
2026-09-14 05:12:43 [debug    ] Decision loop completed        action=MAINTAIN latency_ms=125.15 p99=99.4571865443425
2026-09-14 05:12:58 [debug    ] GRU prediction received        confidence=0.6 latency_ms=9.09 predicted=125
2026-09-14 05:12:58 [debug    ] Using GRU prediction           confidence=0.6 forecast_capacity_signal=125.0 predicted=125 required_steps=9
2026-09-14 05:12:58 [info     ] algorithm2_scaling_decision    action=MAINTAIN alpha=0.060060060060060066 beta=0.0 buffer=1.0 current_replicas=10 predicted_load=125.0 required_resources=7.508 target_replicas=8
2026-09-14 05:12:58 [info     ] algorithm2_decision            action=MAINTAIN applied_target=8 current_replicas=10 hold_until=1789337668.4 observed_load=45.67 observed_target=3 point_forecasts=[55.18539047241211, 58.082889556884766, 59.45134353637695, 59.92106246948242, 61.98975372314453, 61.26536560058594, 62.46771240234375, 63.30828094482422, 64.44288635253906] prediction_age_sec=0.07 predictive_target=8 proactive=True scenario=s4-hybrid-predictive target_replicas=8 upper_forecasts=[110.0820083618164, 117.80677795410156, 118.54916381835938, 119.13850402832031, 121.66613006591797, 121.00676727294922, 122.60003662109375, 123.2132568359375, 124.52227020263672]
2026-09-14 05:12:58 [debug    ] Decision loop completed        action=MAINTAIN latency_ms=126.81 p99=99.45620437956204
2026-09-14 05:13:13 [debug    ] GRU prediction received        confidence=0.6 latency_ms=9.82 predicted=124
2026-09-14 05:13:13 [debug    ] Using GRU prediction           confidence=0.6 forecast_capacity_signal=124.0 predicted=124 required_steps=9
2026-09-14 05:13:13 [info     ] algorithm2_scaling_decision    action=MAINTAIN alpha=0.060060060060060066 beta=0.0 buffer=1.0 current_replicas=10 predicted_load=124.0 required_resources=7.447 target_replicas=8
2026-09-14 05:13:13 [info     ] algorithm2_decision            action=MAINTAIN applied_target=8 current_replicas=10 hold_until=1789337683.5 observed_load=47.72 observed_target=3 point_forecasts=[55.44265365600586, 58.07308578491211, 59.298038482666016, 59.60980987548828, 61.649391174316406, 60.88230895996094, 62.026920318603516, 62.76808166503906, 63.85509490966797] prediction_age_sec=0.06 predictive_target=8 proactive=True scenario=s4-hybrid-predictive target_replicas=8 upper_forecasts=[110.33927154541016, 117.7969741821289, 118.39585876464844, 118.8272476196289, 121.32576751708984, 120.62371063232422, 122.15924835205078, 122.67306518554688, 123.93447875976562]
2026-09-14 05:13:13 [debug    ] Decision loop completed        action=MAINTAIN latency_ms=111.65 p99=99.45808823529411
2026-09-14 05:13:28 [debug    ] GRU prediction received        confidence=0.6 latency_ms=8.8 predicted=122
2026-09-14 05:13:28 [debug    ] Using GRU prediction           confidence=0.6 forecast_capacity_signal=122.0 predicted=122 required_steps=9
2026-09-14 05:13:28 [info     ] algorithm2_scaling_decision    action=MAINTAIN alpha=0.060060060060060066 beta=0.0 buffer=1.0 current_replicas=10 predicted_load=122.0 required_resources=7.327 target_replicas=8
2026-09-14 05:13:28 [info     ] algorithm2_decision            action=MAINTAIN applied_target=8 current_replicas=10 hold_until=1789337698.6 observed_load=42.83 observed_target=3 point_forecasts=[50.49939727783203, 54.8685302734375, 56.31019973754883, 56.99901580810547, 59.4412727355957, 58.61380386352539, 59.137733459472656, 60.34602737426758, 61.60806655883789] prediction_age_sec=0.07 predictive_target=8 proactive=True scenario=s4-hybrid-predictive target_replicas=8 upper_forecasts=[105.39601135253906, 114.59242248535156, 115.40802001953125, 116.2164535522461, 119.11764526367188, 118.35520935058594, 119.27006530761719, 120.25100708007812, 121.68745422363281]
2026-09-14 05:13:28 [debug    ] Decision loop completed        action=MAINTAIN latency_ms=114.07 p99=99.23949579831934
2026-09-14 05:13:43 [debug    ] GRU prediction received        confidence=0.6 latency_ms=9.96 predicted=118
2026-09-14 05:13:43 [debug    ] Using GRU prediction           confidence=0.6 forecast_capacity_signal=118.1 predicted=118 required_steps=9
2026-09-14 05:13:43 [info     ] algorithm2_scaling_decision    action=MAINTAIN alpha=0.060060060060060066 beta=0.0 buffer=1.0 current_replicas=10 predicted_load=118.14421844482422 required_resources=7.096 target_replicas=8
2026-09-14 05:13:43 [info     ] algorithm2_decision            action=MAINTAIN applied_target=8 current_replicas=10 hold_until=1789337713.7 observed_load=29.3 observed_target=3 point_forecasts=[43.286712646484375, 49.406002044677734, 51.16167449951172, 52.482765197753906, 55.43354797363281, 54.28413009643555, 54.65111541748047, 56.4783935546875, 58.06483459472656] prediction_age_sec=0.07 predictive_target=8 proactive=True scenario=s4-hybrid-predictive target_replicas=8 upper_forecasts=[98.18333435058594, 109.12989044189453, 110.25949096679688, 111.70020294189453, 115.10992431640625, 114.02552795410156, 114.783447265625, 116.38337707519531, 118.14421844482422]
2026-09-14 05:13:43 [debug    ] Decision loop completed        action=MAINTAIN latency_ms=113.03 p99=0.99
2026-09-14 05:13:58 [debug    ] GRU prediction received        confidence=0.6 latency_ms=8.96 predicted=114
2026-09-14 05:13:58 [debug    ] Using GRU prediction           confidence=0.6 forecast_capacity_signal=114.0 predicted=114 required_steps=9
2026-09-14 05:13:58 [info     ] algorithm2_scaling_decision    action=SCALE_DOWN alpha=0.060060060060060066 beta=0.0 buffer=1.0 current_replicas=10 predicted_load=114.0 required_resources=6.847 target_replicas=7
2026-09-14 05:13:58 [info     ] algorithm2_decision            action=SCALE_DOWN applied_target=7 current_replicas=10 hold_until=1789337728.8 observed_load=14.11 observed_target=3 point_forecasts=[35.43550491333008, 42.746131896972656, 44.94752502441406, 46.90672302246094, 50.4892463684082, 49.07168197631836, 49.49027633666992, 52.11268997192383, 53.8223991394043] prediction_age_sec=0.07 predictive_target=7 proactive=True scenario=s4-hybrid-predictive target_replicas=7 upper_forecasts=[90.33212280273438, 102.47001647949219, 104.04534149169922, 106.12416076660156, 110.16561889648438, 108.81307983398438, 109.62260437011719, 112.01766967773438, 113.90177917480469]
2026-09-14 05:13:58 [info     ] k8s_scale_executed             deployment=test-app-warm replicas=7
2026-09-14 05:13:58 [debug    ] Decision loop completed        action=MAINTAIN latency_ms=153.54 p99=0.99
2026-09-14 05:14:05 [info     ] Received shutdown signal
2026-09-14 05:14:05 [info     ] Stopping routing daemon...
2026-09-14 05:14:05 [info     ] Routing daemon stopped
