2026-07-12 17:43:15 [info     ] SLOMonitor initialized         threshold_ms=200.0 violation_window=30
2026-07-12 17:43:15 [info     ] Algorithm1ControllerV3 initialized max_knative=50 r_saturation=33.3 target_cpu_util=0.5 total_budget=1000
2026-07-12 17:43:15 [info     ] Using V3 controller (Capacity-Driven) scenario=s4-hybrid-predictive version=v3
2026-07-12 17:43:15 [info     ] HAProxyWeightAdjuster initialized backend=servers host=localhost port=19999
2026-07-12 17:43:15 [info     ] GRUClient initialized          base_url=http://localhost:8090
2026-07-12 17:43:15 [info     ] K8sScaler initialized          deployment=test-app-warm namespace=default
2026-07-12 17:43:15 [info     ] RoutingDaemon initialized      decision_interval=15 description='Algorithm 1 with GRU predictions (Algorithm 2)' scenario=s4-hybrid-predictive use_algorithm=True use_predictions=True
2026-07-12 17:43:15 [info     ] Starting routing daemon        interval=15 scenario=s4-hybrid-predictive
2026-07-12 17:43:15 [info     ] Weights updated                k3s=80 knative=20
2026-07-12 17:43:15 [info     ] Initial weights applied        k3s=80 knative=20
2026-07-12 17:43:15 [debug    ] HAProxy fallback primed        total_requests=0
2026-07-12 17:43:15 [info     ] Model status validated         prediction_horizon=5 sample_interval_sec=15 sequence_length=30
2026-07-12 17:43:15 [info     ] Model status validated on first eligible cycle prediction_horizon=5 sequence_length=30
2026-07-12 17:43:16 [info     ] algorithm2_scaling_decision    action=MAINTAIN alpha=0.060060060060060066 beta=0.0 buffer=1.0 current_replicas=3 predicted_load=0.0 required_resources=0.0 target_replicas=3
2026-07-12 17:43:16 [info     ] algorithm2_decision            action=MAINTAIN applied_target=3 current_replicas=3 hold_until=0.0 observed_load=0.0 observed_target=3 point_forecasts=None prediction_age_sec=None predictive_target=3 proactive=False scenario=s4-hybrid-predictive target_replicas=3 upper_forecasts=None
2026-07-12 17:43:16 [debug    ] Decision loop completed        action=MAINTAIN latency_ms=111.72 p99=0.0
2026-07-12 17:43:31 [info     ] algorithm2_scaling_decision    action=MAINTAIN alpha=0.060060060060060066 beta=0.0 buffer=1.0 current_replicas=3 predicted_load=0.0 required_resources=0.0 target_replicas=3
2026-07-12 17:43:31 [info     ] algorithm2_decision            action=MAINTAIN applied_target=3 current_replicas=3 hold_until=0.0 observed_load=0.0 observed_target=3 point_forecasts=None prediction_age_sec=None predictive_target=3 proactive=False scenario=s4-hybrid-predictive target_replicas=3 upper_forecasts=None
2026-07-12 17:43:31 [debug    ] Decision loop completed        action=MAINTAIN latency_ms=116.02 p99=0.0
2026-07-12 17:43:46 [info     ] algorithm2_scaling_decision    action=MAINTAIN alpha=0.060060060060060066 beta=0.0 buffer=1.0 current_replicas=3 predicted_load=0.0 required_resources=0.0 target_replicas=3
2026-07-12 17:43:46 [info     ] algorithm2_decision            action=MAINTAIN applied_target=3 current_replicas=3 hold_until=0.0 observed_load=0.0 observed_target=3 point_forecasts=None prediction_age_sec=None predictive_target=3 proactive=False scenario=s4-hybrid-predictive target_replicas=3 upper_forecasts=None
2026-07-12 17:43:46 [debug    ] Decision loop completed        action=MAINTAIN latency_ms=111.31 p99=0.0
2026-07-12 17:44:01 [debug    ] HAProxy fallback latency       delta_requests=641 interval_avg_ms=64.0 max_rtime_ms=75.0 p99_est=75.0
2026-07-12 17:44:01 [info     ] controller_decision_v3         action=RECOVERY available_replicas=3 budget_remaining=1000 burn_adjustment=0 burst_ratio=0 capacity_deficit=False confidence=0 current_load=42.285829848050696 decision_id=1b9c528f k8s_capacity=49.9 k8s_weight=100 knative_weight=0 p99=75.0 predicted_load=0 r_effective=16.6 serverless_enabled=False total_load=42.3 weights_after={'k3s': 100, 'knative': 0} weights_before={'k3s': 80, 'knative': 20}
2026-07-12 17:44:01 [info     ] Weights updated                k3s=100 knative=0
2026-07-12 17:44:01 [info     ] Weights updated                action=RECOVERY reason='load=42RPS | k8s_cap=50RPS | (reducing-serverless)' weights={'k3s': 100, 'knative': 0}
2026-07-12 17:44:01 [info     ] algorithm2_scaling_decision    action=MAINTAIN alpha=0.060060060060060066 beta=0.0 buffer=1.0 current_replicas=3 predicted_load=21.142914924025348 required_resources=1.27 target_replicas=3
2026-07-12 17:44:01 [info     ] algorithm2_decision            action=MAINTAIN applied_target=3 current_replicas=3 hold_until=0.0 observed_load=21.14 observed_target=3 point_forecasts=None prediction_age_sec=None predictive_target=3 proactive=False scenario=s4-hybrid-predictive target_replicas=3 upper_forecasts=None
2026-07-12 17:44:01 [debug    ] Decision loop completed        action=RECOVERY latency_ms=145.52 p99=75.0
2026-07-12 17:44:16 [debug    ] HAProxy fallback latency       delta_requests=666 interval_avg_ms=64.0 max_rtime_ms=102.0 p99_est=102.0
2026-07-12 17:44:16 [info     ] algorithm2_scaling_decision    action=MAINTAIN alpha=0.060060060060060066 beta=0.0 buffer=1.0 current_replicas=3 predicted_load=43.16267105387639 required_resources=2.592 target_replicas=3
2026-07-12 17:44:16 [info     ] algorithm2_decision            action=MAINTAIN applied_target=3 current_replicas=3 hold_until=0.0 observed_load=43.16 observed_target=3 point_forecasts=None prediction_age_sec=None predictive_target=3 proactive=False scenario=s4-hybrid-predictive target_replicas=3 upper_forecasts=None
2026-07-12 17:44:16 [debug    ] Decision loop completed        action=MAINTAIN latency_ms=100.43 p99=102.0
2026-07-12 17:44:31 [debug    ] HAProxy fallback latency       delta_requests=716 interval_avg_ms=66.83 max_rtime_ms=111.0 p99_est=111.0
2026-07-12 17:44:31 [info     ] algorithm2_scaling_decision    action=MAINTAIN alpha=0.060060060060060066 beta=0.0 buffer=1.0 current_replicas=3 predicted_load=45.694565159747704 required_resources=2.744 target_replicas=3
2026-07-12 17:44:31 [info     ] algorithm2_decision            action=MAINTAIN applied_target=3 current_replicas=3 hold_until=0.0 observed_load=45.69 observed_target=3 point_forecasts=None prediction_age_sec=None predictive_target=3 proactive=False scenario=s4-hybrid-predictive target_replicas=3 upper_forecasts=None
2026-07-12 17:44:31 [debug    ] Decision loop completed        action=MAINTAIN latency_ms=112.36 p99=111.0
2026-07-12 17:44:46 [debug    ] HAProxy fallback latency       delta_requests=822 interval_avg_ms=65.0 max_rtime_ms=111.0 p99_est=111.0
2026-07-12 17:44:46 [info     ] Knative pre-warm OK            cold_start_ms=2.1
2026-07-12 17:44:46 [info     ] controller_decision_v3         action=REACTIVE available_replicas=3 budget_remaining=1000 burn_adjustment=0 burst_ratio=0.0817 capacity_deficit=False confidence=0 current_load=54.39230085290888 decision_id=eb74c5ff k8s_capacity=49.9 k8s_weight=91 knative_weight=9 p99=111.0 predicted_load=0 r_effective=16.6 serverless_enabled=True total_load=54.4 weights_after={'k3s': 91, 'knative': 9} weights_before={'k3s': 100, 'knative': 0}
2026-07-12 17:44:46 [info     ] Weights updated                k3s=91 knative=9
2026-07-12 17:44:46 [info     ] Weights updated                action=REACTIVE reason='load=54RPS | k8s_cap=50RPS | (burst-routing)' weights={'k3s': 91, 'knative': 9}
2026-07-12 17:44:46 [info     ] algorithm2_scaling_decision    action=SCALE_UP alpha=0.060060060060060066 beta=0.0 buffer=1.0 current_replicas=3 predicted_load=50.8709594563511 required_resources=3.055 target_replicas=4
2026-07-12 17:44:46 [info     ] algorithm2_decision            action=SCALE_UP applied_target=4 current_replicas=3 hold_until=0.0 observed_load=50.87 observed_target=4 point_forecasts=None prediction_age_sec=None predictive_target=3 proactive=False scenario=s4-hybrid-predictive target_replicas=4 upper_forecasts=None
2026-07-12 17:44:46 [info     ] k8s_scale_executed             deployment=test-app-warm replicas=4
2026-07-12 17:44:46 [debug    ] Decision loop completed        action=REACTIVE latency_ms=146.7 p99=111.0
2026-07-12 17:45:01 [debug    ] HAProxy fallback latency       delta_requests=769 interval_avg_ms=65.0 max_rtime_ms=111.0 p99_est=111.0
2026-07-12 17:45:01 [info     ] controller_decision_v3         action=RECOVERY available_replicas=4 budget_remaining=1000 burn_adjustment=0 burst_ratio=0 capacity_deficit=False confidence=0 current_load=50.83521343786554 decision_id=7f4c6d7e k8s_capacity=66.6 k8s_weight=100 knative_weight=0 p99=111.0 predicted_load=0 r_effective=16.6 serverless_enabled=False total_load=50.8 weights_after={'k3s': 100, 'knative': 0} weights_before={'k3s': 91, 'knative': 9}
2026-07-12 17:45:01 [info     ] Weights updated                k3s=100 knative=0
2026-07-12 17:45:01 [info     ] Weights updated                action=RECOVERY reason='load=51RPS | k8s_cap=67RPS | (reducing-serverless)' weights={'k3s': 100, 'knative': 0}
2026-07-12 17:45:01 [info     ] Scale readiness observed       elapsed_sec=15.1 ewma_delay=46.5 samples=1 target=4
2026-07-12 17:45:01 [info     ] algorithm2_scaling_decision    action=MAINTAIN alpha=0.060060060060060066 beta=0.0 buffer=1.0 current_replicas=4 predicted_load=52.61375714538721 required_resources=3.16 target_replicas=4
2026-07-12 17:45:01 [info     ] algorithm2_decision            action=MAINTAIN applied_target=4 current_replicas=4 hold_until=0.0 observed_load=52.61 observed_target=4 point_forecasts=None prediction_age_sec=None predictive_target=3 proactive=False scenario=s4-hybrid-predictive target_replicas=4 upper_forecasts=None
2026-07-12 17:45:01 [debug    ] Decision loop completed        action=RECOVERY latency_ms=143.0 p99=111.0
2026-07-12 17:45:16 [debug    ] HAProxy fallback latency       delta_requests=547 interval_avg_ms=65.0 max_rtime_ms=112.0 p99_est=112.0
2026-07-12 17:45:17 [info     ] algorithm2_scaling_decision    action=MAINTAIN alpha=0.060060060060060066 beta=0.0 buffer=1.0 current_replicas=4 predicted_load=43.47817116585692 required_resources=2.611 target_replicas=3
2026-07-12 17:45:17 [info     ] algorithm2_decision            action=MAINTAIN applied_target=3 current_replicas=4 hold_until=0.0 observed_load=43.48 observed_target=3 point_forecasts=None prediction_age_sec=None predictive_target=3 proactive=False scenario=s4-hybrid-predictive target_replicas=3 upper_forecasts=None
2026-07-12 17:45:17 [debug    ] Decision loop completed        action=MAINTAIN latency_ms=108.69 p99=112.0
2026-07-12 17:45:32 [debug    ] HAProxy fallback latency       delta_requests=411 interval_avg_ms=65.0 max_rtime_ms=130.0 p99_est=130.0
2026-07-12 17:45:32 [info     ] algorithm2_scaling_decision    action=MAINTAIN alpha=0.060060060060060066 beta=0.0 buffer=1.0 current_replicas=4 predicted_load=31.66211932969646 required_resources=1.902 target_replicas=3
2026-07-12 17:45:32 [info     ] algorithm2_decision            action=MAINTAIN applied_target=3 current_replicas=4 hold_until=0.0 observed_load=31.66 observed_target=3 point_forecasts=None prediction_age_sec=None predictive_target=3 proactive=False scenario=s4-hybrid-predictive target_replicas=3 upper_forecasts=None
2026-07-12 17:45:32 [debug    ] Decision loop completed        action=MAINTAIN latency_ms=103.56 p99=130.0
2026-07-12 17:45:47 [debug    ] HAProxy fallback latency       delta_requests=358 interval_avg_ms=65.0 max_rtime_ms=130.0 p99_est=130.0
2026-07-12 17:45:47 [info     ] algorithm2_scaling_decision    action=MAINTAIN alpha=0.060060060060060066 beta=0.0 buffer=1.0 current_replicas=4 predicted_load=25.452789282278367 required_resources=1.529 target_replicas=3
2026-07-12 17:45:47 [info     ] algorithm2_decision            action=MAINTAIN applied_target=3 current_replicas=4 hold_until=0.0 observed_load=25.45 observed_target=3 point_forecasts=None prediction_age_sec=None predictive_target=3 proactive=False scenario=s4-hybrid-predictive target_replicas=3 upper_forecasts=None
2026-07-12 17:45:47 [debug    ] Decision loop completed        action=MAINTAIN latency_ms=107.51 p99=130.0
2026-07-12 17:46:02 [debug    ] HAProxy fallback latency       delta_requests=485 interval_avg_ms=65.0 max_rtime_ms=130.0 p99_est=130.0
2026-07-12 17:46:02 [info     ] algorithm2_scaling_decision    action=MAINTAIN alpha=0.060060060060060066 beta=0.0 buffer=1.0 current_replicas=4 predicted_load=27.86932097572417 required_resources=1.674 target_replicas=3
2026-07-12 17:46:02 [info     ] algorithm2_decision            action=MAINTAIN applied_target=3 current_replicas=4 hold_until=0.0 observed_load=27.87 observed_target=3 point_forecasts=None prediction_age_sec=None predictive_target=3 proactive=False scenario=s4-hybrid-predictive target_replicas=3 upper_forecasts=None
2026-07-12 17:46:02 [debug    ] Decision loop completed        action=MAINTAIN latency_ms=110.62 p99=130.0
2026-07-12 17:46:17 [debug    ] HAProxy fallback latency       delta_requests=774 interval_avg_ms=65.0 max_rtime_ms=145.0 p99_est=130.0
2026-07-12 17:46:17 [info     ] algorithm2_scaling_decision    action=MAINTAIN alpha=0.060060060060060066 beta=0.0 buffer=1.0 current_replicas=4 predicted_load=41.597182734364004 required_resources=2.498 target_replicas=3
2026-07-12 17:46:17 [info     ] algorithm2_decision            action=MAINTAIN applied_target=3 current_replicas=4 hold_until=0.0 observed_load=41.6 observed_target=3 point_forecasts=None prediction_age_sec=None predictive_target=3 proactive=False scenario=s4-hybrid-predictive target_replicas=3 upper_forecasts=None
2026-07-12 17:46:17 [debug    ] Decision loop completed        action=MAINTAIN latency_ms=108.81 p99=130.0
2026-07-12 17:46:32 [debug    ] HAProxy fallback latency       delta_requests=811 interval_avg_ms=73.63 max_rtime_ms=145.0 p99_est=145.0
2026-07-12 17:46:32 [info     ] algorithm2_scaling_decision    action=MAINTAIN alpha=0.060060060060060066 beta=0.0 buffer=1.0 current_replicas=4 predicted_load=52.4495208661044 required_resources=3.15 target_replicas=4
2026-07-12 17:46:32 [info     ] algorithm2_decision            action=MAINTAIN applied_target=4 current_replicas=4 hold_until=0.0 observed_load=52.45 observed_target=4 point_forecasts=None prediction_age_sec=None predictive_target=3 proactive=False scenario=s4-hybrid-predictive target_replicas=4 upper_forecasts=None
2026-07-12 17:46:32 [debug    ] Decision loop completed        action=MAINTAIN latency_ms=106.24 p99=145.0
2026-07-12 17:46:47 [debug    ] HAProxy fallback latency       delta_requests=637 interval_avg_ms=54.01 max_rtime_ms=145.0 p99_est=108.02
2026-07-12 17:46:47 [info     ] algorithm2_scaling_decision    action=MAINTAIN alpha=0.060060060060060066 beta=0.0 buffer=1.0 current_replicas=4 predicted_load=47.987214652425536 required_resources=2.882 target_replicas=3
2026-07-12 17:46:47 [info     ] algorithm2_decision            action=MAINTAIN applied_target=3 current_replicas=4 hold_until=0.0 observed_load=47.99 observed_target=3 point_forecasts=None prediction_age_sec=None predictive_target=3 proactive=False scenario=s4-hybrid-predictive target_replicas=3 upper_forecasts=None
2026-07-12 17:46:47 [debug    ] Decision loop completed        action=MAINTAIN latency_ms=114.44 p99=108.02197802197803
2026-07-12 17:47:02 [debug    ] HAProxy fallback latency       delta_requests=657 interval_avg_ms=65.0 max_rtime_ms=145.0 p99_est=130.0
2026-07-12 17:47:02 [info     ] algorithm2_scaling_decision    action=MAINTAIN alpha=0.060060060060060066 beta=0.0 buffer=1.0 current_replicas=4 predicted_load=42.818139907052505 required_resources=2.572 target_replicas=3
2026-07-12 17:47:02 [info     ] algorithm2_decision            action=MAINTAIN applied_target=3 current_replicas=4 hold_until=0.0 observed_load=42.82 observed_target=3 point_forecasts=None prediction_age_sec=None predictive_target=3 proactive=False scenario=s4-hybrid-predictive target_replicas=3 upper_forecasts=None
2026-07-12 17:47:02 [debug    ] Decision loop completed        action=MAINTAIN latency_ms=108.65 p99=130.0
2026-07-12 17:47:17 [debug    ] HAProxy fallback latency       delta_requests=831 interval_avg_ms=54.02 max_rtime_ms=145.0 p99_est=108.04
2026-07-12 17:47:17 [info     ] algorithm2_scaling_decision    action=MAINTAIN alpha=0.060060060060060066 beta=0.0 buffer=1.0 current_replicas=4 predicted_load=49.20153544760952 required_resources=2.955 target_replicas=3
2026-07-12 17:47:17 [info     ] algorithm2_decision            action=MAINTAIN applied_target=3 current_replicas=4 hold_until=0.0 observed_load=49.2 observed_target=3 point_forecasts=None prediction_age_sec=None predictive_target=3 proactive=False scenario=s4-hybrid-predictive target_replicas=3 upper_forecasts=None
2026-07-12 17:47:17 [debug    ] Decision loop completed        action=MAINTAIN latency_ms=106.09 p99=108.03850782190132
2026-07-12 17:47:32 [debug    ] HAProxy fallback latency       delta_requests=915 interval_avg_ms=64.0 max_rtime_ms=145.0 p99_est=128.0
2026-07-12 17:47:33 [info     ] algorithm2_scaling_decision    action=MAINTAIN alpha=0.060060060060060066 beta=0.0 buffer=1.0 current_replicas=4 predicted_load=57.78593284271504 required_resources=3.471 target_replicas=4
2026-07-12 17:47:33 [info     ] algorithm2_decision            action=MAINTAIN applied_target=4 current_replicas=4 hold_until=0.0 observed_load=57.79 observed_target=4 point_forecasts=None prediction_age_sec=None predictive_target=3 proactive=False scenario=s4-hybrid-predictive target_replicas=4 upper_forecasts=None
2026-07-12 17:47:33 [debug    ] Decision loop completed        action=MAINTAIN latency_ms=108.63 p99=128.0
2026-07-12 17:47:48 [debug    ] HAProxy fallback latency       delta_requests=931 interval_avg_ms=64.0 max_rtime_ms=145.0 p99_est=128.0
2026-07-12 17:47:48 [info     ] algorithm2_scaling_decision    action=MAINTAIN alpha=0.060060060060060066 beta=0.0 buffer=1.0 current_replicas=4 predicted_load=61.06262262373479 required_resources=3.667 target_replicas=4
2026-07-12 17:47:48 [info     ] algorithm2_decision            action=MAINTAIN applied_target=4 current_replicas=4 hold_until=0.0 observed_load=61.06 observed_target=4 point_forecasts=None prediction_age_sec=None predictive_target=3 proactive=False scenario=s4-hybrid-predictive target_replicas=4 upper_forecasts=None
2026-07-12 17:47:48 [debug    ] Decision loop completed        action=MAINTAIN latency_ms=107.05 p99=128.0
2026-07-12 17:48:03 [debug    ] HAProxy fallback latency       delta_requests=1003 interval_avg_ms=64.0 max_rtime_ms=145.0 p99_est=128.0
2026-07-12 17:48:03 [info     ] algorithm2_scaling_decision    action=MAINTAIN alpha=0.060060060060060066 beta=0.0 buffer=1.0 current_replicas=4 predicted_load=64.00766951579263 required_resources=3.844 target_replicas=4
2026-07-12 17:48:03 [info     ] algorithm2_decision            action=MAINTAIN applied_target=4 current_replicas=4 hold_until=0.0 observed_load=64.01 observed_target=4 point_forecasts=None prediction_age_sec=None predictive_target=3 proactive=False scenario=s4-hybrid-predictive target_replicas=4 upper_forecasts=None
2026-07-12 17:48:03 [debug    ] Decision loop completed        action=MAINTAIN latency_ms=111.28 p99=128.0
2026-07-12 17:48:18 [debug    ] HAProxy fallback latency       delta_requests=1118 interval_avg_ms=64.0 max_rtime_ms=145.0 p99_est=128.0
2026-07-12 17:48:18 [info     ] Knative pre-warm OK            cold_start_ms=2.8
2026-07-12 17:48:18 [info     ] controller_decision_v3         action=REACTIVE available_replicas=4 budget_remaining=1000 burn_adjustment=0 burst_ratio=0.0998 capacity_deficit=False confidence=0 current_load=73.98103105935819 decision_id=37539ae3 k8s_capacity=66.6 k8s_weight=90 knative_weight=10 p99=128.0 predicted_load=0 r_effective=16.6 serverless_enabled=True total_load=74.0 weights_after={'k3s': 90, 'knative': 10} weights_before={'k3s': 100, 'knative': 0}
2026-07-12 17:48:18 [info     ] Weights updated                k3s=90 knative=10
2026-07-12 17:48:18 [info     ] Weights updated                action=REACTIVE reason='load=74RPS | k8s_cap=67RPS | (burst-routing)' weights={'k3s': 90, 'knative': 10}
2026-07-12 17:48:18 [info     ] algorithm2_scaling_decision    action=SCALE_UP alpha=0.060060060060060066 beta=0.0 buffer=1.0 current_replicas=4 predicted_load=70.22130977942794 required_resources=4.217 target_replicas=5
2026-07-12 17:48:18 [info     ] algorithm2_decision            action=SCALE_UP applied_target=5 current_replicas=4 hold_until=0.0 observed_load=70.22 observed_target=5 point_forecasts=None prediction_age_sec=None predictive_target=3 proactive=False scenario=s4-hybrid-predictive target_replicas=5 upper_forecasts=None
2026-07-12 17:48:18 [info     ] k8s_scale_executed             deployment=test-app-warm replicas=5
2026-07-12 17:48:18 [debug    ] Decision loop completed        action=REACTIVE latency_ms=144.65 p99=128.0
2026-07-12 17:48:33 [debug    ] HAProxy fallback latency       delta_requests=1277 interval_avg_ms=75.25 max_rtime_ms=153.0 p99_est=150.5
2026-07-12 17:48:33 [info     ] controller_decision_v3         action=RECOVERY available_replicas=5 budget_remaining=1000 burn_adjustment=0 burst_ratio=0.0111 capacity_deficit=False confidence=0 current_load=84.18556933756969 decision_id=e7899e9a k8s_capacity=83.2 k8s_weight=98 knative_weight=2 p99=150.5 predicted_load=0 r_effective=16.6 serverless_enabled=True total_load=84.2 weights_after={'k3s': 98, 'knative': 2} weights_before={'k3s': 90, 'knative': 10}
2026-07-12 17:48:33 [info     ] Weights updated                k3s=98 knative=2
2026-07-12 17:48:33 [info     ] Weights updated                action=RECOVERY reason='load=84RPS | k8s_cap=83RPS | (reducing-serverless)' weights={'k3s': 98, 'knative': 2}
2026-07-12 17:48:33 [info     ] Scale readiness observed       elapsed_sec=15.1 ewma_delay=37.1 samples=2 target=5
2026-07-12 17:48:33 [info     ] algorithm2_scaling_decision    action=MAINTAIN alpha=0.060060060060060066 beta=0.0 buffer=1.0 current_replicas=5 predicted_load=79.08330019846395 required_resources=4.75 target_replicas=5
2026-07-12 17:48:33 [info     ] algorithm2_decision            action=MAINTAIN applied_target=5 current_replicas=5 hold_until=0.0 observed_load=79.08 observed_target=5 point_forecasts=None prediction_age_sec=None predictive_target=3 proactive=False scenario=s4-hybrid-predictive target_replicas=5 upper_forecasts=None
2026-07-12 17:48:33 [debug    ] Decision loop completed        action=RECOVERY latency_ms=140.66 p99=150.50430696945966
2026-07-12 17:48:48 [debug    ] HAProxy fallback latency       delta_requests=1459 interval_avg_ms=86.7 max_rtime_ms=153.0 p99_est=153.0
2026-07-12 17:48:48 [info     ] controller_decision_v3         action=REACTIVE available_replicas=5 budget_remaining=1000 burn_adjustment=0 burst_ratio=0.1361 capacity_deficit=False confidence=0 current_load=96.36370873692873 decision_id=8ffb63dd k8s_capacity=83.2 k8s_weight=86 knative_weight=14 p99=153.0 predicted_load=0 r_effective=16.6 serverless_enabled=True total_load=96.4 weights_after={'k3s': 86, 'knative': 14} weights_before={'k3s': 98, 'knative': 2}
2026-07-12 17:48:48 [info     ] Weights updated                k3s=86 knative=14
2026-07-12 17:48:48 [info     ] Weights updated                action=REACTIVE reason='load=96RPS | k8s_cap=83RPS | (burst-routing)' weights={'k3s': 86, 'knative': 14}
2026-07-12 17:48:48 [info     ] algorithm2_scaling_decision    action=SCALE_UP alpha=0.060060060060060066 beta=0.0 buffer=1.0 current_replicas=5 predicted_load=90.27463903724922 required_resources=5.422 target_replicas=6
2026-07-12 17:48:48 [info     ] algorithm2_decision            action=SCALE_UP applied_target=6 current_replicas=5 hold_until=0.0 observed_load=90.27 observed_target=6 point_forecasts=None prediction_age_sec=None predictive_target=3 proactive=False scenario=s4-hybrid-predictive target_replicas=6 upper_forecasts=None
2026-07-12 17:48:48 [info     ] k8s_scale_executed             deployment=test-app-warm replicas=6
2026-07-12 17:48:48 [debug    ] Decision loop completed        action=REACTIVE latency_ms=145.48 p99=153.0
2026-07-12 17:49:03 [debug    ] HAProxy fallback latency       delta_requests=1672 interval_avg_ms=67.0 max_rtime_ms=154.0 p99_est=134.0
2026-07-12 17:49:03 [info     ] controller_decision_v3         action=RECOVERY available_replicas=6 budget_remaining=1000 burn_adjustment=0 burst_ratio=0.0945 capacity_deficit=False confidence=0 current_load=110.33174484513751 decision_id=8d43b59c k8s_capacity=99.9 k8s_weight=90 knative_weight=10 p99=134.0 predicted_load=0 r_effective=16.6 serverless_enabled=True total_load=110.3 weights_after={'k3s': 90, 'knative': 10} weights_before={'k3s': 86, 'knative': 14}
2026-07-12 17:49:03 [info     ] Weights updated                k3s=90 knative=10
2026-07-12 17:49:03 [info     ] Weights updated                action=RECOVERY reason='load=110RPS | k8s_cap=100RPS | (reducing-serverless)' weights={'k3s': 90, 'knative': 10}
2026-07-12 17:49:03 [info     ] Scale readiness observed       elapsed_sec=15.1 ewma_delay=30.5 samples=3 target=6
2026-07-12 17:49:03 [info     ] algorithm2_scaling_decision    action=MAINTAIN alpha=0.060060060060060066 beta=0.0 buffer=1.0 current_replicas=6 predicted_load=103.34772679103312 required_resources=6.207 target_replicas=6
2026-07-12 17:49:03 [info     ] algorithm2_decision            action=MAINTAIN applied_target=6 current_replicas=6 hold_until=0.0 observed_load=103.35 observed_target=6 point_forecasts=None prediction_age_sec=None predictive_target=3 proactive=False scenario=s4-hybrid-predictive target_replicas=6 upper_forecasts=None
2026-07-12 17:49:03 [debug    ] Decision loop completed        action=RECOVERY latency_ms=143.36 p99=134.0
2026-07-12 17:49:18 [debug    ] HAProxy fallback latency       delta_requests=1894 interval_avg_ms=77.24 max_rtime_ms=170.0 p99_est=154.48
2026-07-12 17:49:18 [info     ] controller_decision_v3         action=REACTIVE available_replicas=6 budget_remaining=1000 burn_adjustment=0 burst_ratio=0.2016 capacity_deficit=False confidence=0 current_load=125.13286489178036 decision_id=5c87edaa k8s_capacity=99.9 k8s_weight=79 knative_weight=21 p99=154.5 predicted_load=0 r_effective=16.6 serverless_enabled=True total_load=125.1 weights_after={'k3s': 79, 'knative': 21} weights_before={'k3s': 90, 'knative': 10}
2026-07-12 17:49:18 [info     ] Weights updated                k3s=79 knative=21
2026-07-12 17:49:18 [info     ] Weights updated                action=REACTIVE reason='load=125RPS | k8s_cap=100RPS | (burst-routing)' weights={'k3s': 79, 'knative': 21}
2026-07-12 17:49:18 [info     ] algorithm2_scaling_decision    action=MAINTAIN alpha=0.060060060060060066 beta=0.0 buffer=1.0 current_replicas=6 predicted_load=117.73230486845893 required_resources=7.071 target_replicas=6
2026-07-12 17:49:18 [info     ] algorithm2_decision            action=MAINTAIN applied_target=6 current_replicas=6 hold_until=0.0 observed_load=117.73 observed_target=6 point_forecasts=None prediction_age_sec=None predictive_target=3 proactive=False scenario=s4-hybrid-predictive target_replicas=6 upper_forecasts=None
2026-07-12 17:49:18 [debug    ] Decision loop completed        action=REACTIVE latency_ms=200.64 p99=154.47940865892292
2026-07-12 17:49:34 [debug    ] HAProxy fallback latency       delta_requests=1727 interval_avg_ms=43.54 max_rtime_ms=174.0 p99_est=87.08
2026-07-12 17:49:34 [info     ] controller_decision_v3         action=RECOVERY available_replicas=6 budget_remaining=1000 burn_adjustment=0 burst_ratio=0.1207 capacity_deficit=False confidence=0 current_load=113.61291410692156 decision_id=c3a648a4 k8s_capacity=99.9 k8s_weight=87 knative_weight=13 p99=87.1 predicted_load=0 r_effective=16.6 serverless_enabled=True total_load=113.6 weights_after={'k3s': 87, 'knative': 13} weights_before={'k3s': 79, 'knative': 21}
2026-07-12 17:49:34 [info     ] Weights updated                k3s=87 knative=13
2026-07-12 17:49:34 [info     ] Weights updated                action=RECOVERY reason='load=114RPS | k8s_cap=100RPS | (reducing-serverless)' weights={'k3s': 87, 'knative': 13}
2026-07-12 17:49:34 [info     ] algorithm2_scaling_decision    action=MAINTAIN alpha=0.060060060060060066 beta=0.0 buffer=1.0 current_replicas=6 predicted_load=119.37288949935096 required_resources=7.17 target_replicas=6
2026-07-12 17:49:34 [info     ] algorithm2_decision            action=MAINTAIN applied_target=6 current_replicas=6 hold_until=0.0 observed_load=119.37 observed_target=6 point_forecasts=None prediction_age_sec=None predictive_target=3 proactive=False scenario=s4-hybrid-predictive target_replicas=6 upper_forecasts=None
2026-07-12 17:49:34 [debug    ] Decision loop completed        action=RECOVERY latency_ms=144.21 p99=87.0804863925883
2026-07-12 17:49:49 [debug    ] HAProxy fallback latency       delta_requests=1311 interval_avg_ms=48.89 max_rtime_ms=174.0 p99_est=97.78
2026-07-12 17:49:49 [info     ] controller_decision_v3         action=RECOVERY available_replicas=6 budget_remaining=1000 burn_adjustment=0 burst_ratio=0 capacity_deficit=False confidence=0 current_load=86.63543028759803 decision_id=b253fb5b k8s_capacity=99.9 k8s_weight=100 knative_weight=0 p99=97.8 predicted_load=0 r_effective=16.6 serverless_enabled=False total_load=86.6 weights_after={'k3s': 100, 'knative': 0} weights_before={'k3s': 87, 'knative': 13}
2026-07-12 17:49:49 [info     ] Weights updated                k3s=100 knative=0
2026-07-12 17:49:49 [info     ] Weights updated                action=RECOVERY reason='load=87RPS | k8s_cap=100RPS | (reducing-serverless)' weights={'k3s': 100, 'knative': 0}
2026-07-12 17:49:49 [info     ] algorithm2_scaling_decision    action=MAINTAIN alpha=0.060060060060060066 beta=0.0 buffer=1.0 current_replicas=6 predicted_load=100.1241721972598 required_resources=6.013 target_replicas=6
2026-07-12 17:49:49 [info     ] algorithm2_decision            action=MAINTAIN applied_target=6 current_replicas=6 hold_until=0.0 observed_load=100.12 observed_target=6 point_forecasts=None prediction_age_sec=None predictive_target=3 proactive=False scenario=s4-hybrid-predictive target_replicas=6 upper_forecasts=None
2026-07-12 17:49:49 [debug    ] Decision loop completed        action=RECOVERY latency_ms=148.6 p99=97.77879481311976
2026-07-12 17:50:04 [debug    ] HAProxy fallback latency       delta_requests=1131 interval_avg_ms=65.0 max_rtime_ms=174.0 p99_est=130.0
2026-07-12 17:50:04 [info     ] algorithm2_scaling_decision    action=MAINTAIN alpha=0.060060060060060066 beta=0.0 buffer=1.0 current_replicas=6 predicted_load=80.64695250159639 required_resources=4.844 target_replicas=5
2026-07-12 17:50:04 [info     ] algorithm2_decision            action=MAINTAIN applied_target=5 current_replicas=6 hold_until=0.0 observed_load=80.65 observed_target=5 point_forecasts=None prediction_age_sec=None predictive_target=3 proactive=False scenario=s4-hybrid-predictive target_replicas=5 upper_forecasts=None
2026-07-12 17:50:04 [debug    ] Decision loop completed        action=MAINTAIN latency_ms=112.49 p99=130.0
2026-07-12 17:50:19 [debug    ] HAProxy fallback latency       delta_requests=1073 interval_avg_ms=87.96 max_rtime_ms=174.0 p99_est=174.0
2026-07-12 17:50:19 [info     ] algorithm2_scaling_decision    action=MAINTAIN alpha=0.060060060060060066 beta=0.0 buffer=1.0 current_replicas=6 predicted_load=72.8619486242387 required_resources=4.376 target_replicas=5
2026-07-12 17:50:19 [info     ] algorithm2_decision            action=MAINTAIN applied_target=5 current_replicas=6 hold_until=0.0 observed_load=72.86 observed_target=5 point_forecasts=None prediction_age_sec=None predictive_target=3 proactive=False scenario=s4-hybrid-predictive target_replicas=5 upper_forecasts=None
2026-07-12 17:50:19 [debug    ] Decision loop completed        action=MAINTAIN latency_ms=105.09 p99=174.0
2026-07-12 17:50:34 [debug    ] HAProxy fallback latency       delta_requests=944 interval_avg_ms=38.9 max_rtime_ms=174.0 p99_est=77.81
2026-07-12 17:50:34 [info     ] algorithm2_scaling_decision    action=MAINTAIN alpha=0.060060060060060066 beta=0.0 buffer=1.0 current_replicas=6 predicted_load=66.77989417886296 required_resources=4.011 target_replicas=5
2026-07-12 17:50:34 [info     ] algorithm2_decision            action=MAINTAIN applied_target=5 current_replicas=6 hold_until=0.0 observed_load=66.78 observed_target=5 point_forecasts=None prediction_age_sec=None predictive_target=3 proactive=False scenario=s4-hybrid-predictive target_replicas=5 upper_forecasts=None
2026-07-12 17:50:34 [debug    ] Decision loop completed        action=MAINTAIN latency_ms=110.16 p99=77.80508474576271
2026-07-12 17:50:49 [debug    ] HAProxy fallback latency       delta_requests=793 interval_avg_ms=31.74 max_rtime_ms=174.0 p99_est=63.49
2026-07-12 17:50:49 [debug    ] GRU prediction received        confidence=0.8 latency_ms=218.71 predicted=88
2026-07-12 17:50:49 [debug    ] Using GRU prediction           confidence=0.8 forecast_capacity_signal=88.4 predicted=88 required_steps=4
2026-07-12 17:50:49 [info     ] algorithm2_scaling_decision    action=MAINTAIN alpha=0.060060060060060066 beta=0.0 buffer=1.0 current_replicas=6 predicted_load=88.35855102539062 required_resources=5.307 target_replicas=6
2026-07-12 17:50:49 [info     ] algorithm2_decision            action=MAINTAIN applied_target=6 current_replicas=6 hold_until=1783853540.0 observed_load=57.49 observed_target=4 point_forecasts=[74.31169891357422, 73.31103515625, 73.028564453125, 73.99040985107422, 72.23861694335938] prediction_age_sec=0.07 predictive_target=6 proactive=True scenario=s4-hybrid-predictive target_replicas=6 upper_forecasts=[88.37936401367188, 86.93653869628906, 87.18121337890625, 88.35855102539062, 86.91773223876953]
2026-07-12 17:50:49 [debug    ] Decision loop completed        action=MAINTAIN latency_ms=331.01 p99=63.48549810844893
2026-07-12 17:51:04 [debug    ] HAProxy fallback latency       delta_requests=1227 interval_avg_ms=108.99 max_rtime_ms=174.0 p99_est=174.0
2026-07-12 17:51:04 [debug    ] GRU prediction received        confidence=0.8 latency_ms=6.91 predicted=88
2026-07-12 17:51:04 [debug    ] Using GRU prediction           confidence=0.8 forecast_capacity_signal=88.3 predicted=88 required_steps=4
2026-07-12 17:51:05 [info     ] algorithm2_scaling_decision    action=MAINTAIN alpha=0.060060060060060066 beta=0.0 buffer=1.0 current_replicas=6 predicted_load=88.25205993652344 required_resources=5.3 target_replicas=6
2026-07-12 17:51:05 [info     ] algorithm2_decision            action=MAINTAIN applied_target=6 current_replicas=6 hold_until=1783853555.1 observed_load=66.19 observed_target=4 point_forecasts=[73.77481079101562, 73.39327239990234, 73.26581573486328, 73.88391876220703, 72.77748107910156] prediction_age_sec=0.07 predictive_target=6 proactive=True scenario=s4-hybrid-predictive target_replicas=6 upper_forecasts=[87.84247589111328, 87.0187759399414, 87.41845703125, 88.25205993652344, 87.45659637451172]
2026-07-12 17:51:05 [debug    ] Decision loop completed        action=MAINTAIN latency_ms=118.11 p99=174.0
2026-07-12 17:51:20 [debug    ] HAProxy fallback latency       delta_requests=1882 interval_avg_ms=426.3 max_rtime_ms=299.0 p99_est=299.0
2026-07-12 17:51:20 [debug    ] GRU prediction received        confidence=0.8 latency_ms=6.68 predicted=101
2026-07-12 17:51:20 [debug    ] Using GRU prediction           confidence=0.8 forecast_capacity_signal=101.0 predicted=101 required_steps=4
2026-07-12 17:51:20 [debug    ] Proactive amplification        amplified=191.1 approach_ratio=1.25 load_trend=13.3 raw_pred=101
2026-07-12 17:51:20 [info     ] Knative pre-warm OK            cold_start_ms=2.5
2026-07-12 17:51:20 [info     ] controller_decision_v3         action=PREDICTIVE available_replicas=6 budget_remaining=999 burn_adjustment=0 burst_ratio=0.1971 capacity_deficit=False confidence=0.8 current_load=124.41815462762405 decision_id=5a0540e5 k8s_capacity=99.9 k8s_weight=80 knative_weight=20 p99=299.0 predicted_load=101 r_effective=16.6 serverless_enabled=True total_load=124.4 weights_after={'k3s': 80, 'knative': 20} weights_before={'k3s': 100, 'knative': 0}
2026-07-12 17:51:20 [info     ] Weights updated                k3s=80 knative=20
2026-07-12 17:51:20 [info     ] Weights updated                action=PREDICTIVE reason='load=124RPS | k8s_cap=100RPS | (prediction-driven)' weights={'k3s': 80, 'knative': 20}
2026-07-12 17:51:20 [info     ] algorithm2_scaling_decision    action=MAINTAIN alpha=0.060060060060060066 beta=0.0 buffer=1.0 current_replicas=6 predicted_load=102.15844369536472 required_resources=6.136 target_replicas=6
2026-07-12 17:51:20 [info     ] algorithm2_decision            action=MAINTAIN applied_target=6 current_replicas=6 hold_until=1783853555.1 observed_load=102.16 observed_target=6 point_forecasts=[85.9356460571289, 86.02877044677734, 85.89271545410156, 85.54547882080078, 86.34793090820312] prediction_age_sec=0.07 predictive_target=6 proactive=False scenario=s4-hybrid-predictive target_replicas=6 upper_forecasts=[100.00331115722656, 99.6542739868164, 100.04536437988281, 99.91361999511719, 101.02704620361328]
2026-07-12 17:51:20 [debug    ] Decision loop completed        action=PREDICTIVE latency_ms=122.18 p99=299.0
2026-07-12 17:51:35 [debug    ] GRU prediction received        confidence=0.8 latency_ms=6.74 predicted=110
2026-07-12 17:51:35 [debug    ] Using GRU prediction           confidence=0.8 forecast_capacity_signal=110.0 predicted=110 required_steps=4
2026-07-12 17:51:35 [debug    ] Proactive amplification        amplified=191.3 approach_ratio=1.2 load_trend=14.3 raw_pred=110
2026-07-12 17:51:35 [info     ] controller_decision_v3         action=RECOVERY available_replicas=6 budget_remaining=998 burn_adjustment=0 burst_ratio=0.1658 capacity_deficit=False confidence=0.8 current_load=119.75910811343712 decision_id=f36ba017 k8s_capacity=99.9 k8s_weight=83 knative_weight=17 p99=299.0 predicted_load=110 r_effective=16.6 serverless_enabled=True total_load=119.8 weights_after={'k3s': 83, 'knative': 17} weights_before={'k3s': 80, 'knative': 20}
2026-07-12 17:51:35 [info     ] Weights updated                k3s=83 knative=17
2026-07-12 17:51:35 [info     ] Weights updated                action=RECOVERY reason='load=120RPS | k8s_cap=100RPS | (reducing-serverless)' weights={'k3s': 83, 'knative': 17}
2026-07-12 17:51:35 [info     ] algorithm2_scaling_decision    action=MAINTAIN alpha=0.060060060060060066 beta=0.0 buffer=1.0 current_replicas=6 predicted_load=122.08863137053058 required_resources=7.333 target_replicas=6
2026-07-12 17:51:35 [info     ] algorithm2_decision            action=MAINTAIN applied_target=6 current_replicas=6 hold_until=1783853555.1 observed_load=122.09 observed_target=6 point_forecasts=[96.19215393066406, 96.04584503173828, 96.012451171875, 95.54005432128906, 95.78299713134766] prediction_age_sec=0.1 predictive_target=6 proactive=False scenario=s4-hybrid-predictive target_replicas=6 upper_forecasts=[110.25981903076172, 109.67134857177734, 110.16510009765625, 109.90819549560547, 110.46211242675781]
2026-07-12 17:51:35 [debug    ] Decision loop completed        action=RECOVERY latency_ms=152.53 p99=299.0
2026-07-12 17:51:50 [debug    ] HAProxy fallback latency       delta_requests=1418 interval_avg_ms=20.86 max_rtime_ms=299.0 p99_est=41.73
2026-07-12 17:51:50 [debug    ] GRU prediction received        confidence=0.8 latency_ms=6.81 predicted=112
2026-07-12 17:51:50 [debug    ] Using GRU prediction           confidence=0.8 forecast_capacity_signal=112.0 predicted=112 required_steps=4
2026-07-12 17:51:50 [debug    ] Proactive amplification        amplified=145.0 approach_ratio=0.94 load_trend=10.3 raw_pred=112
2026-07-12 17:51:50 [info     ] controller_decision_v3         action=RECOVERY available_replicas=6 budget_remaining=998 burn_adjustment=0 burst_ratio=0 capacity_deficit=False confidence=0.8 current_load=93.58175867851206 decision_id=20c513ae k8s_capacity=99.9 k8s_weight=100 knative_weight=0 p99=41.7 predicted_load=112 r_effective=16.6 serverless_enabled=False total_load=93.6 weights_after={'k3s': 100, 'knative': 0} weights_before={'k3s': 83, 'knative': 17}
2026-07-12 17:51:50 [info     ] Weights updated                k3s=100 knative=0
2026-07-12 17:51:50 [info     ] Weights updated                action=RECOVERY reason='load=94RPS | k8s_cap=100RPS | (reducing-serverless)' weights={'k3s': 100, 'knative': 0}
2026-07-12 17:51:50 [info     ] algorithm2_scaling_decision    action=MAINTAIN alpha=0.060060060060060066 beta=0.0 buffer=1.0 current_replicas=6 predicted_load=106.67043339597458 required_resources=6.407 target_replicas=6
2026-07-12 17:51:50 [info     ] algorithm2_decision            action=MAINTAIN applied_target=6 current_replicas=6 hold_until=1783853555.1 observed_load=106.67 observed_target=6 point_forecasts=[97.35757446289062, 97.52389526367188, 97.06803894042969, 96.88833618164062, 96.8702621459961] prediction_age_sec=0.11 predictive_target=6 proactive=False scenario=s4-hybrid-predictive target_replicas=6 upper_forecasts=[111.42523956298828, 111.14939880371094, 111.22068786621094, 111.25647735595703, 111.54937744140625]
2026-07-12 17:51:50 [debug    ] Decision loop completed        action=RECOVERY latency_ms=156.17 p99=41.72919605077574
2026-07-12 17:52:05 [debug    ] HAProxy fallback latency       delta_requests=1230 interval_avg_ms=65.0 max_rtime_ms=299.0 p99_est=130.0
2026-07-12 17:52:05 [debug    ] GRU prediction received        confidence=0.8 latency_ms=7.1 predicted=109
2026-07-12 17:52:05 [debug    ] Using GRU prediction           confidence=0.8 forecast_capacity_signal=109.0 predicted=109 required_steps=4
2026-07-12 17:52:05 [info     ] algorithm2_scaling_decision    action=MAINTAIN alpha=0.060060060060060066 beta=0.0 buffer=1.0 current_replicas=6 predicted_load=87.40108321109292 required_resources=5.249 target_replicas=6
2026-07-12 17:52:05 [info     ] algorithm2_decision            action=MAINTAIN applied_target=6 current_replicas=6 hold_until=1783853555.1 observed_load=87.4 observed_target=6 point_forecasts=[94.16728210449219, 94.64614868164062, 93.69392395019531, 93.88246154785156, 93.83036804199219] prediction_age_sec=0.07 predictive_target=6 proactive=False scenario=s4-hybrid-predictive target_replicas=6 upper_forecasts=[108.23494720458984, 108.27165222167969, 107.84657287597656, 108.25060272216797, 108.50948333740234]
2026-07-12 17:52:05 [debug    ] Decision loop completed        action=MAINTAIN latency_ms=114.49 p99=130.0
2026-07-12 17:52:20 [debug    ] HAProxy fallback latency       delta_requests=1148 interval_avg_ms=34.44 max_rtime_ms=299.0 p99_est=68.87
2026-07-12 17:52:20 [debug    ] GRU prediction received        confidence=0.8 latency_ms=7.11 predicted=104
2026-07-12 17:52:20 [debug    ] Using GRU prediction           confidence=0.8 forecast_capacity_signal=104.0 predicted=104 required_steps=4
2026-07-12 17:52:20 [info     ] algorithm2_scaling_decision    action=MAINTAIN alpha=0.060060060060060066 beta=0.0 buffer=1.0 current_replicas=6 predicted_load=104.0 required_resources=6.246 target_replicas=6
2026-07-12 17:52:20 [info     ] algorithm2_decision            action=MAINTAIN applied_target=6 current_replicas=6 hold_until=1783853630.7 observed_load=78.59 observed_target=5 point_forecasts=[89.72555541992188, 90.35151672363281, 89.15107727050781, 89.50882720947266, 89.59782409667969] prediction_age_sec=0.07 predictive_target=6 proactive=True scenario=s4-hybrid-predictive target_replicas=6 upper_forecasts=[103.79322052001953, 103.97702026367188, 103.30372619628906, 103.87696838378906, 104.27693939208984]
2026-07-12 17:52:20 [debug    ] Decision loop completed        action=MAINTAIN latency_ms=121.44 p99=68.87108013937282
2026-07-12 17:52:35 [debug    ] HAProxy fallback latency       delta_requests=1502 interval_avg_ms=161.44 max_rtime_ms=299.0 p99_est=299.0
2026-07-12 17:52:35 [debug    ] GRU prediction received        confidence=0.8 latency_ms=7.18 predicted=107
2026-07-12 17:52:35 [debug    ] Using GRU prediction           confidence=0.8 forecast_capacity_signal=107.0 predicted=107 required_steps=4
2026-07-12 17:52:35 [info     ] algorithm2_scaling_decision    action=MAINTAIN alpha=0.060060060060060066 beta=0.0 buffer=1.0 current_replicas=6 predicted_load=87.60648991552578 required_resources=5.262 target_replicas=6
2026-07-12 17:52:35 [info     ] algorithm2_decision            action=MAINTAIN applied_target=6 current_replicas=6 hold_until=1783853630.7 observed_load=87.61 observed_target=6 point_forecasts=[92.34037017822266, 92.65724182128906, 91.71917724609375, 91.93041229248047, 91.97982788085938] prediction_age_sec=0.07 predictive_target=6 proactive=False scenario=s4-hybrid-predictive target_replicas=6 upper_forecasts=[106.40803527832031, 106.28274536132812, 105.871826171875, 106.29855346679688, 106.65894317626953]
2026-07-12 17:52:35 [debug    ] Decision loop completed        action=MAINTAIN latency_ms=115.92 p99=299.0
2026-07-12 17:52:50 [debug    ] HAProxy fallback latency       delta_requests=2014 interval_avg_ms=892.22 max_rtime_ms=494.0 p99_est=494.0
2026-07-12 17:52:50 [debug    ] GRU prediction received        confidence=0.8 latency_ms=6.89 predicted=118
2026-07-12 17:52:50 [debug    ] Using GRU prediction           confidence=0.8 forecast_capacity_signal=118.0 predicted=118 required_steps=4
2026-07-12 17:52:50 [debug    ] Proactive amplification        amplified=182.7 approach_ratio=1.33 load_trend=9.9 raw_pred=118
2026-07-12 17:52:50 [info     ] Knative pre-warm OK            cold_start_ms=2.8
2026-07-12 17:52:50 [info     ] controller_decision_v3         action=PREDICTIVE available_replicas=6 budget_remaining=996 burn_adjustment=0 burst_ratio=0.2498 capacity_deficit=False confidence=0.8 current_load=133.17304585614818 decision_id=3214b0e3 k8s_capacity=99.9 k8s_weight=75 knative_weight=25 p99=494.0 predicted_load=118 r_effective=16.6 serverless_enabled=True total_load=133.2 weights_after={'k3s': 75, 'knative': 25} weights_before={'k3s': 100, 'knative': 0}
2026-07-12 17:52:50 [info     ] Weights updated                k3s=75 knative=25
2026-07-12 17:52:50 [info     ] Weights updated                action=PREDICTIVE reason='load=133RPS | k8s_cap=100RPS | (prediction-driven)' weights={'k3s': 75, 'knative': 25}
2026-07-12 17:52:50 [info     ] algorithm2_scaling_decision    action=MAINTAIN alpha=0.060060060060060066 beta=0.0 buffer=1.0 current_replicas=6 predicted_load=116.2163393274425 required_resources=6.98 target_replicas=6
2026-07-12 17:52:50 [info     ] algorithm2_decision            action=MAINTAIN applied_target=6 current_replicas=6 hold_until=1783853630.7 observed_load=116.22 observed_target=6 point_forecasts=[104.0063705444336, 103.60087585449219, 103.3424072265625, 103.12568664550781, 102.79405212402344] prediction_age_sec=0.08 predictive_target=6 proactive=False scenario=s4-hybrid-predictive target_replicas=6 upper_forecasts=[118.07403564453125, 117.22637939453125, 117.49505615234375, 117.49382781982422, 117.4731674194336]
2026-07-12 17:52:50 [debug    ] Decision loop completed        action=PREDICTIVE latency_ms=130.86 p99=494.0
2026-07-12 17:53:06 [debug    ] GRU prediction received        confidence=0.8 latency_ms=6.95 predicted=133
2026-07-12 17:53:06 [debug    ] Using GRU prediction           confidence=0.8 forecast_capacity_signal=133.0 predicted=133 required_steps=4
2026-07-12 17:53:06 [debug    ] Proactive amplification        amplified=237.2 approach_ratio=1.51 load_trend=17.3 raw_pred=133
2026-07-12 17:53:06 [info     ] controller_decision_v3         action=PREDICTIVE available_replicas=6 budget_remaining=995 burn_adjustment=0 burst_ratio=0.3364 capacity_deficit=False confidence=0.8 current_load=150.5475009661102 decision_id=7c418d87 k8s_capacity=99.9 k8s_weight=66 knative_weight=34 p99=494.0 predicted_load=133 r_effective=16.6 serverless_enabled=True total_load=150.5 weights_after={'k3s': 66, 'knative': 34} weights_before={'k3s': 75, 'knative': 25}
2026-07-12 17:53:06 [info     ] Weights updated                k3s=66 knative=34
2026-07-12 17:53:06 [info     ] Weights updated                action=PREDICTIVE reason='load=151RPS | k8s_cap=100RPS | (prediction-driven)' weights={'k3s': 66, 'knative': 34}
2026-07-12 17:53:06 [info     ] algorithm2_scaling_decision    action=MAINTAIN alpha=0.060060060060060066 beta=0.0 buffer=1.0 current_replicas=6 predicted_load=141.86027341112919 required_resources=8.52 target_replicas=6
2026-07-12 17:53:06 [info     ] algorithm2_decision            action=MAINTAIN applied_target=6 current_replicas=6 hold_until=1783853630.7 observed_load=141.86 observed_target=6 point_forecasts=[119.19383239746094, 118.18336486816406, 118.41844177246094, 117.86065673828125, 116.90376281738281] prediction_age_sec=0.07 predictive_target=6 proactive=False scenario=s4-hybrid-predictive target_replicas=6 upper_forecasts=[133.26150512695312, 131.80886840820312, 132.5710906982422, 132.22879028320312, 131.58287048339844]
2026-07-12 17:53:06 [debug    ] Decision loop completed        action=PREDICTIVE latency_ms=124.03 p99=494.0
2026-07-12 17:53:21 [debug    ] HAProxy fallback latency       delta_requests=2424 interval_avg_ms=122.6 max_rtime_ms=494.0 p99_est=245.2
2026-07-12 17:53:21 [debug    ] GRU prediction received        confidence=0.8 latency_ms=7.0 predicted=149
2026-07-12 17:53:21 [debug    ] Using GRU prediction           confidence=0.8 forecast_capacity_signal=149.0 predicted=149 required_steps=4
2026-07-12 17:53:21 [debug    ] Proactive amplification        amplified=265.5 approach_ratio=1.6 load_trend=21.1 raw_pred=149
2026-07-12 17:53:21 [info     ] controller_decision_v3         action=PREDICTIVE available_replicas=6 budget_remaining=994 burn_adjustment=0 burst_ratio=0.3763 capacity_deficit=False confidence=0.8 current_load=160.18570929775888 decision_id=8d0ca6fc k8s_capacity=99.9 k8s_weight=62 knative_weight=38 p99=245.2 predicted_load=149 r_effective=16.6 serverless_enabled=True total_load=160.2 weights_after={'k3s': 62, 'knative': 38} weights_before={'k3s': 66, 'knative': 34}
2026-07-12 17:53:21 [info     ] Weights updated                k3s=62 knative=38
2026-07-12 17:53:21 [info     ] Weights updated                action=PREDICTIVE reason='load=160RPS | k8s_cap=100RPS | (prediction-driven)' weights={'k3s': 62, 'knative': 38}
2026-07-12 17:53:21 [info     ] algorithm2_scaling_decision    action=MAINTAIN alpha=0.060060060060060066 beta=0.0 buffer=1.0 current_replicas=6 predicted_load=155.36660513193453 required_resources=9.331 target_replicas=6
2026-07-12 17:53:21 [info     ] algorithm2_decision            action=MAINTAIN applied_target=6 current_replicas=6 hold_until=1783853630.7 observed_load=155.37 observed_target=6 point_forecasts=[134.48695373535156, 133.1057891845703, 133.46827697753906, 132.79708862304688, 131.1322021484375] prediction_age_sec=0.07 predictive_target=6 proactive=False scenario=s4-hybrid-predictive target_replicas=6 upper_forecasts=[148.55462646484375, 146.73129272460938, 147.6209259033203, 147.16522216796875, 145.81130981445312]
2026-07-12 17:53:21 [debug    ] Decision loop completed        action=PREDICTIVE latency_ms=132.36 p99=245.19554455445544
2026-07-12 17:53:36 [debug    ] GRU prediction received        confidence=0.8 latency_ms=6.87 predicted=155
2026-07-12 17:53:36 [debug    ] Using GRU prediction           confidence=0.8 forecast_capacity_signal=155.0 predicted=155 required_steps=4
2026-07-12 17:53:36 [debug    ] Proactive amplification        amplified=202.0 approach_ratio=1.45 load_trend=11.4 raw_pred=155
2026-07-12 17:53:36 [info     ] controller_decision_v3         action=RECOVERY available_replicas=6 budget_remaining=993 burn_adjustment=0 burst_ratio=0.3107 capacity_deficit=False confidence=0.8 current_load=144.93659765624588 decision_id=9dac3745 k8s_capacity=99.9 k8s_weight=68 knative_weight=32 p99=245.2 predicted_load=155 r_effective=16.6 serverless_enabled=True total_load=144.9 weights_after={'k3s': 68, 'knative': 32} weights_before={'k3s': 62, 'knative': 38}
2026-07-12 17:53:36 [info     ] Weights updated                k3s=68 knative=32
2026-07-12 17:53:36 [info     ] Weights updated                action=RECOVERY reason='load=145RPS | k8s_cap=100RPS | (reducing-serverless)' weights={'k3s': 68, 'knative': 32}
2026-07-12 17:53:36 [info     ] algorithm2_scaling_decision    action=MAINTAIN alpha=0.060060060060060066 beta=0.0 buffer=1.0 current_replicas=6 predicted_load=152.5611534770024 required_resources=9.163 target_replicas=6
2026-07-12 17:53:36 [info     ] algorithm2_decision            action=MAINTAIN applied_target=6 current_replicas=6 hold_until=1783853630.7 observed_load=152.56 observed_target=6 point_forecasts=[140.86785888671875, 139.70449829101562, 139.56231689453125, 139.19564819335938, 137.135009765625] prediction_age_sec=0.11 predictive_target=6 proactive=False scenario=s4-hybrid-predictive target_replicas=6 upper_forecasts=[154.93553161621094, 153.3300018310547, 153.7149658203125, 153.56378173828125, 151.81411743164062]
2026-07-12 17:53:36 [debug    ] Decision loop completed        action=RECOVERY latency_ms=163.25 p99=245.19554455445544
2026-07-12 17:53:51 [debug    ] HAProxy fallback latency       delta_requests=1848 interval_avg_ms=16.76 max_rtime_ms=494.0 p99_est=33.52
2026-07-12 17:53:51 [debug    ] GRU prediction received        confidence=0.8 latency_ms=6.71 predicted=151
2026-07-12 17:53:51 [debug    ] Using GRU prediction           confidence=0.8 forecast_capacity_signal=151.0 predicted=151 required_steps=4
2026-07-12 17:53:51 [info     ] controller_decision_v3         action=RECOVERY available_replicas=6 budget_remaining=993 burn_adjustment=0 burst_ratio=0.1807 capacity_deficit=False confidence=0.8 current_load=121.93563153272522 decision_id=25cb87f7 k8s_capacity=99.9 k8s_weight=81 knative_weight=19 p99=33.5 predicted_load=151 r_effective=16.6 serverless_enabled=True total_load=121.9 weights_after={'k3s': 81, 'knative': 19} weights_before={'k3s': 68, 'knative': 32}
2026-07-12 17:53:51 [info     ] Weights updated                k3s=81 knative=19
2026-07-12 17:53:51 [info     ] Weights updated                action=RECOVERY reason='load=122RPS | k8s_cap=100RPS | (reducing-serverless)' weights={'k3s': 81, 'knative': 19}
2026-07-12 17:53:51 [info     ] algorithm2_scaling_decision    action=MAINTAIN alpha=0.060060060060060066 beta=0.0 buffer=1.0 current_replicas=6 predicted_load=133.43611459448556 required_resources=8.014 target_replicas=6
2026-07-12 17:53:51 [info     ] algorithm2_decision            action=MAINTAIN applied_target=6 current_replicas=6 hold_until=1783853630.7 observed_load=133.44 observed_target=6 point_forecasts=[136.61448669433594, 135.94171142578125, 135.06320190429688, 135.18580627441406, 133.22726440429688] prediction_age_sec=0.11 predictive_target=6 proactive=False scenario=s4-hybrid-predictive target_replicas=6 upper_forecasts=[150.68215942382812, 149.5672149658203, 149.21585083007812, 149.553955078125, 147.9063720703125]
2026-07-12 17:53:51 [debug    ] Decision loop completed        action=RECOVERY latency_ms=158.09 p99=33.51948051948052
2026-07-12 17:54:06 [debug    ] HAProxy fallback latency       delta_requests=1789 interval_avg_ms=93.47 max_rtime_ms=494.0 p99_est=186.93
2026-07-12 17:54:06 [debug    ] GRU prediction received        confidence=0.8 latency_ms=7.15 predicted=145
2026-07-12 17:54:06 [debug    ] Using GRU prediction           confidence=0.8 forecast_capacity_signal=145.0 predicted=145 required_steps=4
2026-07-12 17:54:06 [info     ] controller_decision_v3         action=RECOVERY available_replicas=6 budget_remaining=993 burn_adjustment=0 burst_ratio=0.1535 capacity_deficit=False confidence=0.8 current_load=118.01939469008421 decision_id=74cc7d22 k8s_capacity=99.9 k8s_weight=84 knative_weight=16 p99=186.9 predicted_load=145 r_effective=16.6 serverless_enabled=True total_load=118.0 weights_after={'k3s': 84, 'knative': 16} weights_before={'k3s': 81, 'knative': 19}
2026-07-12 17:54:06 [info     ] Weights updated                k3s=84 knative=16
2026-07-12 17:54:06 [info     ] Weights updated                action=RECOVERY reason='load=118RPS | k8s_cap=100RPS | (reducing-serverless)' weights={'k3s': 84, 'knative': 16}
2026-07-12 17:54:06 [info     ] algorithm2_scaling_decision    action=MAINTAIN alpha=0.060060060060060066 beta=0.0 buffer=1.0 current_replicas=6 predicted_load=119.97751311140472 required_resources=7.206 target_replicas=6
2026-07-12 17:54:06 [info     ] algorithm2_decision            action=MAINTAIN applied_target=6 current_replicas=6 hold_until=1783853630.7 observed_load=119.98 observed_target=6 point_forecasts=[130.9894256591797, 130.46827697753906, 129.30825805664062, 129.588623046875, 127.97482299804688] prediction_age_sec=0.11 predictive_target=6 proactive=False scenario=s4-hybrid-predictive target_replicas=6 upper_forecasts=[145.05709838867188, 144.09378051757812, 143.46090698242188, 143.95675659179688, 142.6539306640625]
2026-07-12 17:54:06 [debug    ] Decision loop completed        action=RECOVERY latency_ms=152.96 p99=186.93012856344328
2026-07-12 17:54:21 [debug    ] HAProxy fallback latency       delta_requests=1825 interval_avg_ms=94.92 max_rtime_ms=494.0 p99_est=189.85
2026-07-12 17:54:21 [debug    ] GRU prediction received        confidence=0.8 latency_ms=6.44 predicted=141
2026-07-12 17:54:21 [debug    ] Using GRU prediction           confidence=0.8 forecast_capacity_signal=141.0 predicted=141 required_steps=4
2026-07-12 17:54:21 [info     ] controller_decision_v3         action=PREDICTIVE available_replicas=6 budget_remaining=993 burn_adjustment=0 burst_ratio=0.1701 capacity_deficit=False confidence=0.8 current_load=120.37469508483625 decision_id=b816c02d k8s_capacity=99.9 k8s_weight=82 knative_weight=18 p99=189.8 predicted_load=141 r_effective=16.6 serverless_enabled=True total_load=120.4 weights_after={'k3s': 82, 'knative': 18} weights_before={'k3s': 84, 'knative': 16}
2026-07-12 17:54:21 [info     ] Weights updated                k3s=82 knative=18
2026-07-12 17:54:21 [info     ] Weights updated                action=PREDICTIVE reason='load=120RPS | k8s_cap=100RPS | (prediction-driven)' weights={'k3s': 82, 'knative': 18}
2026-07-12 17:54:21 [info     ] algorithm2_scaling_decision    action=MAINTAIN alpha=0.060060060060060066 beta=0.0 buffer=1.0 current_replicas=6 predicted_load=119.19704488746024 required_resources=7.159 target_replicas=6
2026-07-12 17:54:21 [info     ] algorithm2_decision            action=MAINTAIN applied_target=6 current_replicas=6 hold_until=1783853630.7 observed_load=119.2 observed_target=6 point_forecasts=[127.2464599609375, 126.72976684570312, 125.57688903808594, 125.78795623779297, 124.51029968261719] prediction_age_sec=0.07 predictive_target=6 proactive=False scenario=s4-hybrid-predictive target_replicas=6 upper_forecasts=[141.3141326904297, 140.3552703857422, 139.7295379638672, 140.15609741210938, 139.1894073486328]
2026-07-12 17:54:21 [debug    ] Decision loop completed        action=PREDICTIVE latency_ms=121.02 p99=189.84657534246574
2026-07-12 17:54:36 [debug    ] HAProxy fallback latency       delta_requests=1817 interval_avg_ms=97.05 max_rtime_ms=494.0 p99_est=194.09
2026-07-12 17:54:36 [debug    ] GRU prediction received        confidence=0.8 latency_ms=6.73 predicted=139
2026-07-12 17:54:36 [debug    ] Using GRU prediction           confidence=0.8 forecast_capacity_signal=139.0 predicted=139 required_steps=4
2026-07-12 17:54:36 [info     ] controller_decision_v3         action=RECOVERY available_replicas=6 budget_remaining=993 burn_adjustment=0 burst_ratio=0.1686 capacity_deficit=False confidence=0.8 current_load=120.16127027455762 decision_id=e833b2ab k8s_capacity=99.9 k8s_weight=83 knative_weight=17 p99=194.1 predicted_load=139 r_effective=16.6 serverless_enabled=True total_load=120.2 weights_after={'k3s': 83, 'knative': 17} weights_before={'k3s': 82, 'knative': 18}
2026-07-12 17:54:36 [info     ] Weights updated                k3s=83 knative=17
2026-07-12 17:54:36 [info     ] Weights updated                action=RECOVERY reason='load=120RPS | k8s_cap=100RPS | (reducing-serverless)' weights={'k3s': 83, 'knative': 17}
2026-07-12 17:54:36 [info     ] algorithm2_scaling_decision    action=MAINTAIN alpha=0.060060060060060066 beta=0.0 buffer=1.0 current_replicas=6 predicted_load=120.26798267969693 required_resources=7.223 target_replicas=6
2026-07-12 17:54:36 [info     ] algorithm2_decision            action=MAINTAIN applied_target=6 current_replicas=6 hold_until=1783853630.7 observed_load=120.27 observed_target=6 point_forecasts=[124.48309326171875, 124.00286865234375, 122.88484191894531, 123.02027893066406, 121.98529052734375] prediction_age_sec=0.1 predictive_target=6 proactive=False scenario=s4-hybrid-predictive target_replicas=6 upper_forecasts=[138.55076599121094, 137.6283721923828, 137.03749084472656, 137.388427734375, 136.66439819335938]
2026-07-12 17:54:36 [debug    ] Decision loop completed        action=RECOVERY latency_ms=151.54 p99=194.0924600990644
2026-07-12 17:54:52 [debug    ] HAProxy fallback latency       delta_requests=1787 interval_avg_ms=252.2 max_rtime_ms=494.0 p99_est=494.0
2026-07-12 17:54:52 [debug    ] GRU prediction received        confidence=0.8 latency_ms=6.97 predicted=136
2026-07-12 17:54:52 [debug    ] Using GRU prediction           confidence=0.8 forecast_capacity_signal=136.0 predicted=136 required_steps=4
2026-07-12 17:54:52 [info     ] controller_decision_v3         action=RECOVERY available_replicas=6 budget_remaining=992 burn_adjustment=0 burst_ratio=0.1534 capacity_deficit=False confidence=0.8 current_load=118.00606066566426 decision_id=426e0774 k8s_capacity=99.9 k8s_weight=84 knative_weight=16 p99=494.0 predicted_load=136 r_effective=16.6 serverless_enabled=True total_load=118.0 weights_after={'k3s': 84, 'knative': 16} weights_before={'k3s': 83, 'knative': 17}
2026-07-12 17:54:52 [info     ] Weights updated                k3s=84 knative=16
2026-07-12 17:54:52 [info     ] Weights updated                action=RECOVERY reason='load=118RPS | k8s_cap=100RPS | (reducing-serverless)' weights={'k3s': 84, 'knative': 16}
2026-07-12 17:54:52 [info     ] algorithm2_scaling_decision    action=MAINTAIN alpha=0.060060060060060066 beta=0.0 buffer=1.0 current_replicas=6 predicted_load=119.08366547011094 required_resources=7.152 target_replicas=6
2026-07-12 17:54:52 [info     ] algorithm2_decision            action=MAINTAIN applied_target=6 current_replicas=6 hold_until=1783853630.7 observed_load=119.08 observed_target=6 point_forecasts=[121.93197631835938, 121.52173614501953, 120.40538787841797, 120.51785278320312, 119.64659118652344] prediction_age_sec=0.1 predictive_target=6 proactive=False scenario=s4-hybrid-predictive target_replicas=6 upper_forecasts=[135.99964904785156, 135.14723205566406, 134.5580291748047, 134.885986328125, 134.32569885253906]
2026-07-12 17:54:52 [debug    ] Decision loop completed        action=RECOVERY latency_ms=151.3 p99=494.0
2026-07-12 17:55:07 [debug    ] HAProxy fallback latency       delta_requests=1544 interval_avg_ms=2.32 max_rtime_ms=494.0 p99_est=4.64
2026-07-12 17:55:07 [debug    ] GRU prediction received        confidence=0.8 latency_ms=7.24 predicted=129
2026-07-12 17:55:07 [debug    ] Using GRU prediction           confidence=0.8 forecast_capacity_signal=129.0 predicted=129 required_steps=4
2026-07-12 17:55:07 [info     ] controller_decision_v3         action=RECOVERY available_replicas=6 budget_remaining=992 burn_adjustment=0 burst_ratio=0.0197 capacity_deficit=False confidence=0.8 current_load=101.90515231455898 decision_id=9240b454 k8s_capacity=99.9 k8s_weight=98 knative_weight=2 p99=4.6 predicted_load=129 r_effective=16.6 serverless_enabled=True total_load=101.9 weights_after={'k3s': 98, 'knative': 2} weights_before={'k3s': 84, 'knative': 16}
2026-07-12 17:55:07 [info     ] Weights updated                k3s=98 knative=2
2026-07-12 17:55:07 [info     ] Weights updated                action=RECOVERY reason='load=102RPS | k8s_cap=100RPS | (reducing-serverless)' weights={'k3s': 98, 'knative': 2}
2026-07-12 17:55:07 [info     ] algorithm2_scaling_decision    action=MAINTAIN alpha=0.060060060060060066 beta=0.0 buffer=1.0 current_replicas=6 predicted_load=109.95560649011162 required_resources=6.604 target_replicas=6
2026-07-12 17:55:07 [info     ] algorithm2_decision            action=MAINTAIN applied_target=6 current_replicas=6 hold_until=1783853630.7 observed_load=109.96 observed_target=6 point_forecasts=[115.13195037841797, 115.07683563232422, 113.67474365234375, 113.98556518554688, 113.35435485839844] prediction_age_sec=0.1 predictive_target=6 proactive=False scenario=s4-hybrid-predictive target_replicas=6 upper_forecasts=[129.19961547851562, 128.70233154296875, 127.827392578125, 128.35369873046875, 128.03346252441406]
2026-07-12 17:55:07 [debug    ] Decision loop completed        action=RECOVERY latency_ms=153.08 p99=4.642487046632124
2026-07-12 17:55:22 [debug    ] GRU prediction received        confidence=0.8 latency_ms=6.51 predicted=118
2026-07-12 17:55:22 [debug    ] Using GRU prediction           confidence=0.8 forecast_capacity_signal=118.0 predicted=118 required_steps=4
2026-07-12 17:55:22 [info     ] controller_decision_v3         action=RECOVERY available_replicas=6 budget_remaining=992 burn_adjustment=0 burst_ratio=0 capacity_deficit=False confidence=0.8 current_load=82.68914765838667 decision_id=02d38b57 k8s_capacity=99.9 k8s_weight=100 knative_weight=0 p99=4.6 predicted_load=118 r_effective=16.6 serverless_enabled=False total_load=82.7 weights_after={'k3s': 100, 'knative': 0} weights_before={'k3s': 98, 'knative': 2}
2026-07-12 17:55:22 [info     ] Weights updated                k3s=100 knative=0
2026-07-12 17:55:22 [info     ] Weights updated                action=RECOVERY reason='load=83RPS | k8s_cap=100RPS | (reducing-serverless)' weights={'k3s': 100, 'knative': 0}
2026-07-12 17:55:22 [info     ] algorithm2_scaling_decision    action=MAINTAIN alpha=0.060060060060060066 beta=0.0 buffer=1.0 current_replicas=6 predicted_load=92.29714998647282 required_resources=5.543 target_replicas=6
2026-07-12 17:55:22 [info     ] algorithm2_decision            action=MAINTAIN applied_target=6 current_replicas=6 hold_until=1783853630.7 observed_load=92.3 observed_target=6 point_forecasts=[104.23149108886719, 104.61725616455078, 102.80183410644531, 103.53626251220703, 103.17835235595703] prediction_age_sec=0.12 predictive_target=6 proactive=False scenario=s4-hybrid-predictive target_replicas=6 upper_forecasts=[118.29915618896484, 118.24275970458984, 116.95448303222656, 117.90440368652344, 117.85746765136719]
2026-07-12 17:55:22 [debug    ] Decision loop completed        action=RECOVERY latency_ms=167.35 p99=4.642487046632124
2026-07-12 17:55:37 [debug    ] GRU prediction received        confidence=0.8 latency_ms=7.01 predicted=108
2026-07-12 17:55:37 [debug    ] Using GRU prediction           confidence=0.8 forecast_capacity_signal=108.0 predicted=108 required_steps=4
2026-07-12 17:55:37 [info     ] algorithm2_scaling_decision    action=MAINTAIN alpha=0.060060060060060066 beta=0.0 buffer=1.0 current_replicas=6 predicted_load=108.0 required_resources=6.486 target_replicas=6
2026-07-12 17:55:37 [info     ] algorithm2_decision            action=MAINTAIN applied_target=6 current_replicas=6 hold_until=1783853827.6 observed_load=78.23 observed_target=5 point_forecasts=[93.92975616455078, 94.4111557006836, 92.5761947631836, 93.43841552734375, 93.34309387207031] prediction_age_sec=0.07 predictive_target=6 proactive=True scenario=s4-hybrid-predictive target_replicas=6 upper_forecasts=[107.99742126464844, 108.03665924072266, 106.72883605957031, 107.80655670166016, 108.02220916748047]
2026-07-12 17:55:37 [debug    ] Decision loop completed        action=MAINTAIN latency_ms=112.99 p99=4.642487046632124
2026-07-12 17:55:52 [debug    ] HAProxy fallback latency       delta_requests=1044 interval_avg_ms=68.0 max_rtime_ms=494.0 p99_est=136.0
2026-07-12 17:55:52 [debug    ] GRU prediction received        confidence=0.8 latency_ms=6.77 predicted=100
2026-07-12 17:55:52 [debug    ] Using GRU prediction           confidence=0.8 forecast_capacity_signal=100.0 predicted=100 required_steps=4
2026-07-12 17:55:52 [info     ] algorithm2_scaling_decision    action=MAINTAIN alpha=0.060060060060060066 beta=0.0 buffer=1.0 current_replicas=6 predicted_load=100.0 required_resources=6.006 target_replicas=6
2026-07-12 17:55:52 [info     ] algorithm2_decision            action=MAINTAIN applied_target=6 current_replicas=6 hold_until=1783853842.7 observed_load=71.43 observed_target=5 point_forecasts=[85.77368927001953, 86.01982116699219, 84.54296875, 85.05060577392578, 85.28227996826172] prediction_age_sec=0.07 predictive_target=6 proactive=True scenario=s4-hybrid-predictive target_replicas=6 upper_forecasts=[99.84135437011719, 99.64532470703125, 98.69561767578125, 99.41874694824219, 99.96139526367188]
2026-07-12 17:55:52 [debug    ] Decision loop completed        action=MAINTAIN latency_ms=124.48 p99=136.0
2026-07-12 17:56:07 [debug    ] GRU prediction received        confidence=0.8 latency_ms=7.1 predicted=97
2026-07-12 17:56:07 [debug    ] Using GRU prediction           confidence=0.8 forecast_capacity_signal=97.0 predicted=97 required_steps=4
2026-07-12 17:56:07 [info     ] algorithm2_scaling_decision    action=MAINTAIN alpha=0.060060060060060066 beta=0.0 buffer=1.0 current_replicas=6 predicted_load=97.0 required_resources=5.826 target_replicas=6
2026-07-12 17:56:07 [info     ] algorithm2_decision            action=MAINTAIN applied_target=6 current_replicas=6 hold_until=1783853857.8 observed_load=73.61 observed_target=5 point_forecasts=[82.58004760742188, 82.65348815917969, 81.85633850097656, 81.80860137939453, 82.13449096679688] prediction_age_sec=0.07 predictive_target=6 proactive=True scenario=s4-hybrid-predictive target_replicas=6 upper_forecasts=[96.64771270751953, 96.27899169921875, 96.00898742675781, 96.17674255371094, 96.81360626220703]
2026-07-12 17:56:07 [debug    ] Decision loop completed        action=MAINTAIN latency_ms=116.83 p99=136.0
2026-07-12 17:56:22 [debug    ] HAProxy fallback latency       delta_requests=1329 interval_avg_ms=299.39 max_rtime_ms=494.0 p99_est=494.0
2026-07-12 17:56:22 [debug    ] GRU prediction received        confidence=0.8 latency_ms=6.7 predicted=98
2026-07-12 17:56:22 [debug    ] Using GRU prediction           confidence=0.8 forecast_capacity_signal=98.0 predicted=98 required_steps=4
2026-07-12 17:56:22 [info     ] algorithm2_scaling_decision    action=MAINTAIN alpha=0.060060060060060066 beta=0.0 buffer=1.0 current_replicas=6 predicted_load=98.0 required_resources=5.886 target_replicas=6
2026-07-12 17:56:22 [info     ] algorithm2_decision            action=MAINTAIN applied_target=6 current_replicas=6 hold_until=1783853872.9 observed_load=83.03 observed_target=5 point_forecasts=[82.84938049316406, 83.15042877197266, 82.59759521484375, 82.23165893554688, 82.94823455810547] prediction_age_sec=0.08 predictive_target=6 proactive=True scenario=s4-hybrid-predictive target_replicas=6 upper_forecasts=[96.91704559326172, 96.77593231201172, 96.750244140625, 96.59980010986328, 97.62734985351562]
2026-07-12 17:56:22 [debug    ] Decision loop completed        action=MAINTAIN latency_ms=126.29 p99=494.0
2026-07-12 17:56:37 [debug    ] GRU prediction received        confidence=0.8 latency_ms=6.84 predicted=94
2026-07-12 17:56:37 [debug    ] Using GRU prediction           confidence=0.8 forecast_capacity_signal=94.0 predicted=94 required_steps=4
2026-07-12 17:56:38 [info     ] algorithm2_scaling_decision    action=MAINTAIN alpha=0.060060060060060066 beta=0.0 buffer=1.0 current_replicas=6 predicted_load=94.0 required_resources=5.646 target_replicas=6
2026-07-12 17:56:38 [info     ] algorithm2_decision            action=MAINTAIN applied_target=6 current_replicas=6 hold_until=1783853888.1 observed_load=79.72 observed_target=5 point_forecasts=[79.45586395263672, 79.52925872802734, 79.57987213134766, 79.30520629882812, 79.43682861328125] prediction_age_sec=0.07 predictive_target=6 proactive=True scenario=s4-hybrid-predictive target_replicas=6 upper_forecasts=[93.52352905273438, 93.1547622680664, 93.73251342773438, 93.67334747314453, 94.1159439086914]
2026-07-12 17:56:38 [debug    ] Decision loop completed        action=MAINTAIN latency_ms=114.75 p99=494.0
2026-07-12 17:56:53 [debug    ] GRU prediction received        confidence=0.8 latency_ms=6.48 predicted=87
2026-07-12 17:56:53 [debug    ] Using GRU prediction           confidence=0.8 forecast_capacity_signal=87.0 predicted=87 required_steps=4
2026-07-12 17:56:53 [info     ] algorithm2_scaling_decision    action=MAINTAIN alpha=0.060060060060060066 beta=0.0 buffer=1.0 current_replicas=6 predicted_load=87.0 required_resources=5.225 target_replicas=6
2026-07-12 17:56:53 [info     ] algorithm2_decision            action=MAINTAIN applied_target=6 current_replicas=6 hold_until=1783853903.2 observed_load=61.17 observed_target=4 point_forecasts=[72.38973236083984, 71.49287414550781, 71.33802795410156, 72.4476089477539, 70.6864013671875] prediction_age_sec=0.07 predictive_target=6 proactive=True scenario=s4-hybrid-predictive target_replicas=6 upper_forecasts=[86.4573974609375, 85.11837768554688, 85.49067687988281, 86.81575012207031, 85.36551666259766]
2026-07-12 17:56:53 [debug    ] Decision loop completed        action=MAINTAIN latency_ms=117.55 p99=494.0
2026-07-12 17:57:08 [debug    ] GRU prediction received        confidence=0.8 latency_ms=7.13 predicted=81
2026-07-12 17:57:08 [debug    ] Using GRU prediction           confidence=0.8 forecast_capacity_signal=81.3 predicted=81 required_steps=4
2026-07-12 17:57:08 [info     ] algorithm2_scaling_decision    action=MAINTAIN alpha=0.060060060060060066 beta=0.0 buffer=1.0 current_replicas=6 predicted_load=81.27720642089844 required_resources=4.882 target_replicas=5
2026-07-12 17:57:08 [info     ] algorithm2_decision            action=MAINTAIN applied_target=5 current_replicas=6 hold_until=1783853918.3 observed_load=48.69 observed_target=3 point_forecasts=[67.33523559570312, 65.9063720703125, 65.73282623291016, 66.90906524658203, 65.15789794921875] prediction_age_sec=0.07 predictive_target=5 proactive=True scenario=s4-hybrid-predictive target_replicas=5 upper_forecasts=[81.40290069580078, 79.53187561035156, 79.88546752929688, 81.27720642089844, 79.8370132446289]
2026-07-12 17:57:08 [debug    ] Decision loop completed        action=MAINTAIN latency_ms=118.8 p99=494.0
2026-07-12 17:57:23 [debug    ] HAProxy fallback latency       delta_requests=693 interval_avg_ms=64.0 max_rtime_ms=494.0 p99_est=128.0
2026-07-12 17:57:23 [debug    ] GRU prediction received        confidence=0.8 latency_ms=6.65 predicted=77
2026-07-12 17:57:23 [debug    ] Using GRU prediction           confidence=0.8 forecast_capacity_signal=77.3 predicted=77 required_steps=4
2026-07-12 17:57:23 [info     ] algorithm2_scaling_decision    action=MAINTAIN alpha=0.060060060060060066 beta=0.0 buffer=1.0 current_replicas=6 predicted_load=77.25263977050781 required_resources=4.64 target_replicas=5
2026-07-12 17:57:23 [info     ] algorithm2_decision            action=MAINTAIN applied_target=5 current_replicas=6 hold_until=1783853933.4 observed_load=46.17 observed_target=3 point_forecasts=[63.17710876464844, 61.85771179199219, 61.74847412109375, 62.88450241088867, 61.18334197998047] prediction_age_sec=0.07 predictive_target=5 proactive=True scenario=s4-hybrid-predictive target_replicas=5 upper_forecasts=[77.2447738647461, 75.48321533203125, 75.901123046875, 77.25263977050781, 75.86245727539062]
2026-07-12 17:57:23 [debug    ] Decision loop completed        action=MAINTAIN latency_ms=115.38 p99=128.0
2026-07-12 17:57:38 [debug    ] HAProxy fallback latency       delta_requests=652 interval_avg_ms=64.0 max_rtime_ms=494.0 p99_est=128.0
2026-07-12 17:57:38 [debug    ] GRU prediction received        confidence=0.8 latency_ms=6.83 predicted=74
2026-07-12 17:57:38 [debug    ] Using GRU prediction           confidence=0.8 forecast_capacity_signal=74.0 predicted=74 required_steps=4
2026-07-12 17:57:38 [info     ] algorithm2_scaling_decision    action=MAINTAIN alpha=0.060060060060060066 beta=0.0 buffer=1.0 current_replicas=6 predicted_load=74.0 required_resources=4.444 target_replicas=5
2026-07-12 17:57:38 [info     ] algorithm2_decision            action=MAINTAIN applied_target=5 current_replicas=6 hold_until=1783853948.5 observed_load=44.49 observed_target=3 point_forecasts=[59.42609405517578, 58.26844024658203, 58.205718994140625, 59.27119827270508, 57.66621780395508] prediction_age_sec=0.07 predictive_target=5 proactive=True scenario=s4-hybrid-predictive target_replicas=5 upper_forecasts=[73.49375915527344, 71.8939437866211, 72.35836791992188, 73.63934326171875, 72.34532928466797]
2026-07-12 17:57:38 [debug    ] Decision loop completed        action=MAINTAIN latency_ms=110.19 p99=128.0
2026-07-12 17:57:53 [debug    ] HAProxy fallback latency       delta_requests=637 interval_avg_ms=64.0 max_rtime_ms=494.0 p99_est=128.0
2026-07-12 17:57:53 [debug    ] GRU prediction received        confidence=0.8 latency_ms=6.57 predicted=71
2026-07-12 17:57:53 [debug    ] Using GRU prediction           confidence=0.8 forecast_capacity_signal=71.0 predicted=71 required_steps=4
2026-07-12 17:57:53 [info     ] algorithm2_scaling_decision    action=MAINTAIN alpha=0.060060060060060066 beta=0.0 buffer=1.0 current_replicas=6 predicted_load=71.0 required_resources=4.264 target_replicas=5
2026-07-12 17:57:53 [info     ] algorithm2_decision            action=MAINTAIN applied_target=5 current_replicas=6 hold_until=1783853963.6 observed_load=42.65 observed_target=3 point_forecasts=[56.20044708251953, 55.230796813964844, 55.18244934082031, 56.191688537597656, 54.711238861083984] prediction_age_sec=0.07 predictive_target=5 proactive=True scenario=s4-hybrid-predictive target_replicas=5 upper_forecasts=[70.26811218261719, 68.8563003540039, 69.33509826660156, 70.55982971191406, 69.39035034179688]
2026-07-12 17:57:53 [debug    ] Decision loop completed        action=MAINTAIN latency_ms=119.5 p99=128.0
2026-07-12 17:58:08 [debug    ] HAProxy fallback latency       delta_requests=844 interval_avg_ms=64.0 max_rtime_ms=494.0 p99_est=128.0
2026-07-12 17:58:08 [debug    ] GRU prediction received        confidence=0.8 latency_ms=6.92 predicted=70
2026-07-12 17:58:08 [debug    ] Using GRU prediction           confidence=0.8 forecast_capacity_signal=70.0 predicted=70 required_steps=4
2026-07-12 17:58:08 [info     ] algorithm2_scaling_decision    action=MAINTAIN alpha=0.060060060060060066 beta=0.0 buffer=1.0 current_replicas=6 predicted_load=70.0 required_resources=4.204 target_replicas=5
2026-07-12 17:58:08 [info     ] algorithm2_decision            action=MAINTAIN applied_target=5 current_replicas=6 hold_until=1783853978.8 observed_load=48.92 observed_target=3 point_forecasts=[55.305259704589844, 54.72523498535156, 54.59787368774414, 55.52535629272461, 54.27935791015625] prediction_age_sec=0.07 predictive_target=5 proactive=True scenario=s4-hybrid-predictive target_replicas=5 upper_forecasts=[69.3729248046875, 68.35073852539062, 68.75051879882812, 69.89349365234375, 68.9584732055664]
2026-07-12 17:58:08 [debug    ] Decision loop completed        action=MAINTAIN latency_ms=115.54 p99=128.0
2026-07-12 17:58:23 [debug    ] HAProxy fallback latency       delta_requests=1064 interval_avg_ms=192.71 max_rtime_ms=494.0 p99_est=385.43
2026-07-12 17:58:23 [debug    ] GRU prediction received        confidence=0.8 latency_ms=6.75 predicted=72
2026-07-12 17:58:23 [debug    ] Using GRU prediction           confidence=0.8 forecast_capacity_signal=72.0 predicted=72 required_steps=4
2026-07-12 17:58:23 [info     ] algorithm2_scaling_decision    action=MAINTAIN alpha=0.060060060060060066 beta=0.0 buffer=1.0 current_replicas=6 predicted_load=72.0 required_resources=4.324 target_replicas=5
2026-07-12 17:58:23 [info     ] algorithm2_decision            action=MAINTAIN applied_target=5 current_replicas=6 hold_until=1783853993.9 observed_load=63.07 observed_target=4 point_forecasts=[56.70777130126953, 56.609596252441406, 56.26202392578125, 57.235145568847656, 56.20416259765625] prediction_age_sec=0.07 predictive_target=5 proactive=True scenario=s4-hybrid-predictive target_replicas=5 upper_forecasts=[70.77543640136719, 70.23509979248047, 70.4146728515625, 71.60328674316406, 70.8832778930664]
2026-07-12 17:58:23 [debug    ] Decision loop completed        action=MAINTAIN latency_ms=116.96 p99=385.42857142857144
2026-07-12 17:58:38 [debug    ] HAProxy fallback latency       delta_requests=1074 interval_avg_ms=66.0 max_rtime_ms=494.0 p99_est=132.0
2026-07-12 17:58:38 [debug    ] GRU prediction received        confidence=0.8 latency_ms=7.26 predicted=73
2026-07-12 17:58:38 [debug    ] Using GRU prediction           confidence=0.8 forecast_capacity_signal=73.5 predicted=73 required_steps=4
2026-07-12 17:58:38 [info     ] algorithm2_scaling_decision    action=MAINTAIN alpha=0.060060060060060066 beta=0.0 buffer=1.0 current_replicas=6 predicted_load=70.71961660175418 required_resources=4.247 target_replicas=5
2026-07-12 17:58:38 [info     ] algorithm2_decision            action=MAINTAIN applied_target=5 current_replicas=6 hold_until=1783853993.9 observed_load=70.72 observed_target=5 point_forecasts=[58.53762435913086, 58.70568084716797, 58.32026672363281, 59.12117385864258, 58.271522521972656] prediction_age_sec=0.07 predictive_target=5 proactive=False scenario=s4-hybrid-predictive target_replicas=5 upper_forecasts=[72.60529327392578, 72.33118438720703, 72.47291564941406, 73.48931884765625, 72.95063781738281]
2026-07-12 17:58:38 [debug    ] Decision loop completed        action=MAINTAIN latency_ms=117.25 p99=132.0
2026-07-12 17:58:54 [debug    ] HAProxy fallback latency       delta_requests=1051 interval_avg_ms=133.18 max_rtime_ms=494.0 p99_est=266.35
2026-07-12 17:58:54 [debug    ] GRU prediction received        confidence=0.8 latency_ms=6.59 predicted=75
2026-07-12 17:58:54 [debug    ] Using GRU prediction           confidence=0.8 forecast_capacity_signal=75.4 predicted=75 required_steps=4
2026-07-12 17:58:54 [info     ] algorithm2_scaling_decision    action=MAINTAIN alpha=0.060060060060060066 beta=0.0 buffer=1.0 current_replicas=6 predicted_load=70.28442614223103 required_resources=4.221 target_replicas=5
2026-07-12 17:58:54 [info     ] algorithm2_decision            action=MAINTAIN applied_target=5 current_replicas=6 hold_until=1783853993.9 observed_load=70.28 observed_target=5 point_forecasts=[60.2100944519043, 60.613895416259766, 60.259246826171875, 60.9935417175293, 60.190101623535156] prediction_age_sec=0.07 predictive_target=5 proactive=False scenario=s4-hybrid-predictive target_replicas=5 upper_forecasts=[74.27776336669922, 74.23939514160156, 74.41189575195312, 75.36167907714844, 74.86921691894531]
2026-07-12 17:58:54 [debug    ] Decision loop completed        action=MAINTAIN latency_ms=117.48 p99=266.3501427212179
2026-07-12 17:59:09 [debug    ] HAProxy fallback latency       delta_requests=1073 interval_avg_ms=67.0 max_rtime_ms=494.0 p99_est=134.0
2026-07-12 17:59:09 [debug    ] GRU prediction received        confidence=0.8 latency_ms=6.65 predicted=77
2026-07-12 17:59:09 [debug    ] Using GRU prediction           confidence=0.8 forecast_capacity_signal=77.5 predicted=77 required_steps=4
2026-07-12 17:59:09 [info     ] algorithm2_scaling_decision    action=MAINTAIN alpha=0.060060060060060066 beta=0.0 buffer=1.0 current_replicas=6 predicted_load=70.24911648286991 required_resources=4.219 target_replicas=5
2026-07-12 17:59:09 [info     ] algorithm2_decision            action=MAINTAIN applied_target=5 current_replicas=6 hold_until=1783853993.9 observed_load=70.25 observed_target=5 point_forecasts=[62.049407958984375, 62.693172454833984, 62.3856086730957, 63.09408187866211, 62.28007888793945] prediction_age_sec=0.07 predictive_target=5 proactive=False scenario=s4-hybrid-predictive target_replicas=5 upper_forecasts=[76.11707305908203, 76.31867218017578, 76.53825378417969, 77.46221923828125, 76.95919036865234]
2026-07-12 17:59:09 [debug    ] Decision loop completed        action=MAINTAIN latency_ms=120.54 p99=134.0
2026-07-12 17:59:24 [debug    ] HAProxy fallback latency       delta_requests=1137 interval_avg_ms=2.96 max_rtime_ms=494.0 p99_est=5.92
2026-07-12 17:59:24 [debug    ] GRU prediction received        confidence=0.8 latency_ms=7.03 predicted=80
2026-07-12 17:59:24 [debug    ] Using GRU prediction           confidence=0.8 forecast_capacity_signal=80.3 predicted=80 required_steps=4
2026-07-12 17:59:24 [info     ] algorithm2_scaling_decision    action=MAINTAIN alpha=0.060060060060060066 beta=0.0 buffer=1.0 current_replicas=6 predicted_load=73.08512644439807 required_resources=4.389 target_replicas=5
2026-07-12 17:59:24 [info     ] algorithm2_decision            action=MAINTAIN applied_target=5 current_replicas=6 hold_until=1783853993.9 observed_load=73.09 observed_target=5 point_forecasts=[64.55436706542969, 65.28300476074219, 65.13629150390625, 65.95237731933594, 64.95021057128906] prediction_age_sec=0.07 predictive_target=5 proactive=False scenario=s4-hybrid-predictive target_replicas=5 upper_forecasts=[78.62203216552734, 78.90850830078125, 79.2889404296875, 80.32051849365234, 79.62932586669922]
2026-07-12 17:59:24 [debug    ] Decision loop completed        action=MAINTAIN latency_ms=119.54 p99=5.924362357080035
2026-07-12 17:59:39 [debug    ] HAProxy fallback latency       delta_requests=1408 interval_avg_ms=751.26 max_rtime_ms=494.0 p99_est=494.0
2026-07-12 17:59:39 [debug    ] GRU prediction received        confidence=0.8 latency_ms=6.73 predicted=87
2026-07-12 17:59:39 [debug    ] Using GRU prediction           confidence=0.8 forecast_capacity_signal=87.2 predicted=87 required_steps=4
2026-07-12 17:59:39 [debug    ] Proactive amplification        amplified=120.6 approach_ratio=0.93 load_trend=5.5 raw_pred=87
2026-07-12 17:59:39 [info     ] algorithm2_scaling_decision    action=MAINTAIN alpha=0.060060060060060066 beta=0.0 buffer=1.0 current_replicas=6 predicted_load=84.12634167287759 required_resources=5.053 target_replicas=6
2026-07-12 17:59:39 [info     ] algorithm2_decision            action=MAINTAIN applied_target=6 current_replicas=6 hold_until=1783853993.9 observed_load=84.13 observed_target=6 point_forecasts=[70.942626953125, 71.84107208251953, 72.78588104248047, 72.87793731689453, 72.61764526367188] prediction_age_sec=0.07 predictive_target=6 proactive=False scenario=s4-hybrid-predictive target_replicas=6 upper_forecasts=[85.01029205322266, 85.4665756225586, 86.93852233886719, 87.24607849121094, 87.29676055908203]
2026-07-12 17:59:39 [debug    ] Decision loop completed        action=MAINTAIN latency_ms=119.08 p99=494.0
2026-07-12 17:59:54 [debug    ] HAProxy fallback latency       delta_requests=1637 interval_avg_ms=1515.49 max_rtime_ms=494.0 p99_est=494.0
2026-07-12 17:59:54 [debug    ] GRU prediction received        confidence=0.8 latency_ms=6.66 predicted=99
2026-07-12 17:59:54 [debug    ] Using GRU prediction           confidence=0.8 forecast_capacity_signal=99.0 predicted=99 required_steps=4
2026-07-12 17:59:54 [debug    ] Proactive amplification        amplified=156.7 approach_ratio=1.08 load_trend=9.7 raw_pred=99
2026-07-12 17:59:54 [info     ] Knative pre-warm OK            cold_start_ms=2.4
2026-07-12 17:59:54 [info     ] controller_decision_v3         action=PREDICTIVE available_replicas=6 budget_remaining=984 burn_adjustment=0 burst_ratio=0.0773 capacity_deficit=False confidence=0.8 current_load=108.27184720774619 decision_id=e0abe22c k8s_capacity=99.9 k8s_weight=92 knative_weight=8 p99=494.0 predicted_load=99 r_effective=16.6 serverless_enabled=True total_load=108.3 weights_after={'k3s': 92, 'knative': 8} weights_before={'k3s': 100, 'knative': 0}
2026-07-12 17:59:54 [info     ] Weights updated                k3s=92 knative=8
2026-07-12 17:59:54 [info     ] Weights updated                action=PREDICTIVE reason='load=108RPS | k8s_cap=100RPS | (prediction-driven)' weights={'k3s': 92, 'knative': 8}
2026-07-12 17:59:54 [info     ] algorithm2_scaling_decision    action=MAINTAIN alpha=0.060060060060060066 beta=0.0 buffer=1.0 current_replicas=6 predicted_load=100.66476191077814 required_resources=6.046 target_replicas=6
2026-07-12 17:59:54 [info     ] algorithm2_decision            action=MAINTAIN applied_target=6 current_replicas=6 hold_until=1783853993.9 observed_load=100.66 observed_target=6 point_forecasts=[82.94141387939453, 83.30632781982422, 84.26774597167969, 83.7435531616211, 84.75906372070312] prediction_age_sec=0.07 predictive_target=6 proactive=False scenario=s4-hybrid-predictive target_replicas=6 upper_forecasts=[97.00907897949219, 96.93183135986328, 98.42039489746094, 98.1116943359375, 99.43817901611328]
2026-07-12 17:59:54 [debug    ] Decision loop completed        action=PREDICTIVE latency_ms=126.1 p99=494.0
2026-07-12 18:00:09 [debug    ] GRU prediction received        confidence=0.8 latency_ms=6.95 predicted=105
2026-07-12 18:00:09 [debug    ] Using GRU prediction           confidence=0.8 forecast_capacity_signal=105.0 predicted=105 required_steps=4
2026-07-12 18:00:09 [debug    ] Proactive amplification        amplified=125.5 approach_ratio=0.95 load_trend=6.1 raw_pred=105
2026-07-12 18:00:09 [info     ] controller_decision_v3         action=RECOVERY available_replicas=6 budget_remaining=983 burn_adjustment=0 burst_ratio=0 capacity_deficit=False confidence=0.8 current_load=95.1989087822216 decision_id=097afd5f k8s_capacity=99.9 k8s_weight=100 knative_weight=0 p99=494.0 predicted_load=105 r_effective=16.6 serverless_enabled=False total_load=95.2 weights_after={'k3s': 100, 'knative': 0} weights_before={'k3s': 92, 'knative': 8}
2026-07-12 18:00:09 [info     ] Weights updated                k3s=100 knative=0
2026-07-12 18:00:09 [info     ] Weights updated                action=RECOVERY reason='load=95RPS | k8s_cap=100RPS | (reducing-serverless)' weights={'k3s': 100, 'knative': 0}
2026-07-12 18:00:09 [info     ] algorithm2_scaling_decision    action=MAINTAIN alpha=0.060060060060060066 beta=0.0 buffer=1.0 current_replicas=6 predicted_load=101.73537799498389 required_resources=6.11 target_replicas=6
2026-07-12 18:00:09 [info     ] algorithm2_decision            action=MAINTAIN applied_target=6 current_replicas=6 hold_until=1783853993.9 observed_load=101.74 observed_target=6 point_forecasts=[89.26226806640625, 89.4993896484375, 89.82592010498047, 89.06285858154297, 90.01121520996094] prediction_age_sec=0.11 predictive_target=6 proactive=False scenario=s4-hybrid-predictive target_replicas=6 upper_forecasts=[103.3299331665039, 103.12489318847656, 103.97856140136719, 103.43099975585938, 104.6903305053711]
2026-07-12 18:00:09 [debug    ] Decision loop completed        action=RECOVERY latency_ms=153.22 p99=494.0
2026-07-12 18:00:24 [debug    ] GRU prediction received        confidence=0.8 latency_ms=6.57 predicted=103
2026-07-12 18:00:24 [debug    ] Using GRU prediction           confidence=0.8 forecast_capacity_signal=103.0 predicted=103 required_steps=4
2026-07-12 18:00:24 [info     ] algorithm2_scaling_decision    action=MAINTAIN alpha=0.060060060060060066 beta=0.0 buffer=1.0 current_replicas=6 predicted_load=86.40413911622267 required_resources=5.189 target_replicas=6
2026-07-12 18:00:24 [info     ] algorithm2_decision            action=MAINTAIN applied_target=6 current_replicas=6 hold_until=1783853993.9 observed_load=86.4 observed_target=6 point_forecasts=[87.95869445800781, 88.49921417236328, 88.19567108154297, 87.79411315917969, 88.51158142089844] prediction_age_sec=0.07 predictive_target=6 proactive=False scenario=s4-hybrid-predictive target_replicas=6 upper_forecasts=[102.02635955810547, 102.12471771240234, 102.34831237792969, 102.1622543334961, 103.1906967163086]
2026-07-12 18:00:24 [debug    ] Decision loop completed        action=MAINTAIN latency_ms=120.33 p99=494.0
2026-07-12 18:00:39 [debug    ] GRU prediction received        confidence=0.8 latency_ms=6.85 predicted=97
2026-07-12 18:00:39 [debug    ] Using GRU prediction           confidence=0.8 forecast_capacity_signal=97.0 predicted=97 required_steps=4
2026-07-12 18:00:39 [info     ] algorithm2_scaling_decision    action=MAINTAIN alpha=0.060060060060060066 beta=0.0 buffer=1.0 current_replicas=6 predicted_load=97.0 required_resources=5.826 target_replicas=6
2026-07-12 18:00:39 [info     ] algorithm2_decision            action=MAINTAIN applied_target=6 current_replicas=6 hold_until=1783854130.0 observed_load=68.99 observed_target=5 point_forecasts=[81.73712921142578, 82.29427337646484, 82.15019226074219, 81.48843383789062, 82.06061553955078] prediction_age_sec=0.07 predictive_target=6 proactive=True scenario=s4-hybrid-predictive target_replicas=6 upper_forecasts=[95.80479431152344, 95.9197769165039, 96.30284118652344, 95.85657501220703, 96.73973083496094]
2026-07-12 18:00:39 [debug    ] Decision loop completed        action=MAINTAIN latency_ms=117.44 p99=494.0
2026-07-12 18:00:55 [debug    ] HAProxy fallback latency       delta_requests=690 interval_avg_ms=65.0 max_rtime_ms=494.0 p99_est=130.0
2026-07-12 18:00:55 [debug    ] GRU prediction received        confidence=0.8 latency_ms=6.76 predicted=87
2026-07-12 18:00:55 [debug    ] Using GRU prediction           confidence=0.8 forecast_capacity_signal=87.4 predicted=87 required_steps=4
2026-07-12 18:00:55 [info     ] algorithm2_scaling_decision    action=MAINTAIN alpha=0.060060060060060066 beta=0.0 buffer=1.0 current_replicas=6 predicted_load=87.4002456665039 required_resources=5.249 target_replicas=6
2026-07-12 18:00:55 [info     ] algorithm2_decision            action=MAINTAIN applied_target=6 current_replicas=6 hold_until=1783854145.1 observed_load=53.01 observed_target=4 point_forecasts=[73.00927734375, 72.23040008544922, 72.11029815673828, 73.0321044921875, 71.32597351074219] prediction_age_sec=0.07 predictive_target=6 proactive=True scenario=s4-hybrid-predictive target_replicas=6 upper_forecasts=[87.07694244384766, 85.85590362548828, 86.262939453125, 87.4002456665039, 86.00508880615234]
2026-07-12 18:00:55 [debug    ] Decision loop completed        action=MAINTAIN latency_ms=110.52 p99=130.0
2026-07-12 18:01:10 [debug    ] HAProxy fallback latency       delta_requests=657 interval_avg_ms=65.0 max_rtime_ms=494.0 p99_est=130.0
2026-07-12 18:01:10 [debug    ] GRU prediction received        confidence=0.8 latency_ms=7.0 predicted=81
2026-07-12 18:01:10 [debug    ] Using GRU prediction           confidence=0.8 forecast_capacity_signal=81.2 predicted=81 required_steps=4
2026-07-12 18:01:10 [info     ] algorithm2_scaling_decision    action=MAINTAIN alpha=0.060060060060060066 beta=0.0 buffer=1.0 current_replicas=6 predicted_load=81.18548583984375 required_resources=4.876 target_replicas=5
2026-07-12 18:01:10 [info     ] algorithm2_decision            action=MAINTAIN applied_target=5 current_replicas=6 hold_until=1783854160.2 observed_load=44.56 observed_target=3 point_forecasts=[67.35182189941406, 65.80128479003906, 65.680419921875, 66.81734466552734, 65.0107650756836] prediction_age_sec=0.07 predictive_target=5 proactive=True scenario=s4-hybrid-predictive target_replicas=5 upper_forecasts=[81.41948699951172, 79.42678833007812, 79.83306884765625, 81.18548583984375, 79.68988037109375]
2026-07-12 18:01:10 [debug    ] Decision loop completed        action=MAINTAIN latency_ms=118.14 p99=130.0
2026-07-12 18:01:25 [debug    ] GRU prediction received        confidence=0.8 latency_ms=6.68 predicted=77
2026-07-12 18:01:25 [debug    ] Using GRU prediction           confidence=0.8 forecast_capacity_signal=77.0 predicted=77 required_steps=4
2026-07-12 18:01:25 [info     ] algorithm2_scaling_decision    action=MAINTAIN alpha=0.060060060060060066 beta=0.0 buffer=1.0 current_replicas=6 predicted_load=77.0 required_resources=4.625 target_replicas=5
2026-07-12 18:01:25 [info     ] algorithm2_decision            action=MAINTAIN applied_target=5 current_replicas=6 hold_until=1783854175.3 observed_load=43.9 observed_target=3 point_forecasts=[62.952606201171875, 61.52465057373047, 61.457916259765625, 62.573020935058594, 60.823150634765625] prediction_age_sec=0.07 predictive_target=5 proactive=True scenario=s4-hybrid-predictive target_replicas=5 upper_forecasts=[77.02027130126953, 75.15015411376953, 75.61056518554688, 76.941162109375, 75.50226593017578]
2026-07-12 18:01:25 [debug    ] Decision loop completed        action=MAINTAIN latency_ms=114.81 p99=130.0
2026-07-12 18:01:40 [debug    ] HAProxy fallback latency       delta_requests=779 interval_avg_ms=64.0 max_rtime_ms=494.0 p99_est=128.0
2026-07-12 18:01:40 [debug    ] GRU prediction received        confidence=0.8 latency_ms=7.12 predicted=74
2026-07-12 18:01:40 [debug    ] Using GRU prediction           confidence=0.8 forecast_capacity_signal=74.5 predicted=74 required_steps=4
2026-07-12 18:01:40 [info     ] algorithm2_scaling_decision    action=MAINTAIN alpha=0.060060060060060066 beta=0.0 buffer=1.0 current_replicas=6 predicted_load=74.48629760742188 required_resources=4.474 target_replicas=5
2026-07-12 18:01:40 [info     ] algorithm2_decision            action=MAINTAIN applied_target=5 current_replicas=6 hold_until=1783854190.4 observed_load=47.93 observed_target=3 point_forecasts=[60.29145812988281, 59.21704864501953, 59.10185241699219, 60.11815643310547, 58.58195495605469] prediction_age_sec=0.07 predictive_target=5 proactive=True scenario=s4-hybrid-predictive target_replicas=5 upper_forecasts=[74.35912322998047, 72.8425521850586, 73.25450134277344, 74.48629760742188, 73.26107025146484]
2026-07-12 18:01:40 [debug    ] Decision loop completed        action=MAINTAIN latency_ms=112.5 p99=128.0
2026-07-12 18:01:55 [debug    ] HAProxy fallback latency       delta_requests=853 interval_avg_ms=64.0 max_rtime_ms=494.0 p99_est=128.0
2026-07-12 18:01:55 [debug    ] GRU prediction received        confidence=0.8 latency_ms=6.41 predicted=73
2026-07-12 18:01:55 [debug    ] Using GRU prediction           confidence=0.8 forecast_capacity_signal=73.3 predicted=73 required_steps=4
2026-07-12 18:01:55 [info     ] algorithm2_scaling_decision    action=MAINTAIN alpha=0.060060060060060066 beta=0.0 buffer=1.0 current_replicas=6 predicted_load=73.29948425292969 required_resources=4.402 target_replicas=5
2026-07-12 18:01:55 [info     ] algorithm2_decision            action=MAINTAIN applied_target=5 current_replicas=6 hold_until=1783854205.6 observed_load=53.99 observed_target=4 point_forecasts=[58.88034439086914, 58.15827941894531, 57.97467803955078, 58.931339263916016, 57.60360336303711] prediction_age_sec=0.07 predictive_target=5 proactive=True scenario=s4-hybrid-predictive target_replicas=5 upper_forecasts=[72.94801330566406, 71.78378295898438, 72.1273193359375, 73.29948425292969, 72.28271484375]
2026-07-12 18:01:55 [debug    ] Decision loop completed        action=MAINTAIN latency_ms=119.57 p99=128.0
2026-07-12 18:02:10 [debug    ] HAProxy fallback latency       delta_requests=712 interval_avg_ms=64.0 max_rtime_ms=494.0 p99_est=128.0
2026-07-12 18:02:10 [debug    ] GRU prediction received        confidence=0.8 latency_ms=6.91 predicted=71
2026-07-12 18:02:10 [debug    ] Using GRU prediction           confidence=0.8 forecast_capacity_signal=71.2 predicted=71 required_steps=4
2026-07-12 18:02:10 [info     ] algorithm2_scaling_decision    action=MAINTAIN alpha=0.060060060060060066 beta=0.0 buffer=1.0 current_replicas=6 predicted_load=71.20289611816406 required_resources=4.276 target_replicas=5
2026-07-12 18:02:10 [info     ] algorithm2_decision            action=MAINTAIN applied_target=5 current_replicas=6 hold_until=1783854220.7 observed_load=51.77 observed_target=4 point_forecasts=[56.65442657470703, 56.02509307861328, 55.88866424560547, 56.834754943847656, 55.56169891357422] prediction_age_sec=0.07 predictive_target=5 proactive=True scenario=s4-hybrid-predictive target_replicas=5 upper_forecasts=[70.72209167480469, 69.65059661865234, 70.04130554199219, 71.20289611816406, 70.24081420898438]
2026-07-12 18:02:10 [debug    ] Decision loop completed        action=MAINTAIN latency_ms=111.11 p99=128.0
2026-07-12 18:02:25 [debug    ] HAProxy fallback latency       delta_requests=577 interval_avg_ms=64.0 max_rtime_ms=494.0 p99_est=128.0
2026-07-12 18:02:25 [debug    ] GRU prediction received        confidence=0.8 latency_ms=6.85 predicted=68
2026-07-12 18:02:25 [debug    ] Using GRU prediction           confidence=0.8 forecast_capacity_signal=68.3 predicted=68 required_steps=4
2026-07-12 18:02:25 [info     ] algorithm2_scaling_decision    action=MAINTAIN alpha=0.060060060060060066 beta=0.0 buffer=1.0 current_replicas=6 predicted_load=68.27641296386719 required_resources=4.101 target_replicas=5
2026-07-12 18:02:25 [info     ] algorithm2_decision            action=MAINTAIN applied_target=5 current_replicas=6 hold_until=1783854235.8 observed_load=42.64 observed_target=3 point_forecasts=[53.65690994262695, 53.00798034667969, 52.95714569091797, 53.908267974853516, 52.634429931640625] prediction_age_sec=0.07 predictive_target=5 proactive=True scenario=s4-hybrid-predictive target_replicas=5 upper_forecasts=[67.72457885742188, 66.63348388671875, 67.10978698730469, 68.27641296386719, 67.31354522705078]
2026-07-12 18:02:25 [debug    ] Decision loop completed        action=MAINTAIN latency_ms=112.91 p99=128.0
2026-07-12 18:02:40 [debug    ] HAProxy fallback latency       delta_requests=584 interval_avg_ms=64.0 max_rtime_ms=494.0 p99_est=128.0
2026-07-12 18:02:40 [debug    ] GRU prediction received        confidence=0.8 latency_ms=6.96 predicted=66
2026-07-12 18:02:40 [debug    ] Using GRU prediction           confidence=0.8 forecast_capacity_signal=66.0 predicted=66 required_steps=4
2026-07-12 18:02:40 [info     ] algorithm2_scaling_decision    action=MAINTAIN alpha=0.060060060060060066 beta=0.0 buffer=1.0 current_replicas=6 predicted_load=66.0 required_resources=3.964 target_replicas=4
2026-07-12 18:02:40 [info     ] algorithm2_decision            action=MAINTAIN applied_target=4 current_replicas=6 hold_until=1783854250.9 observed_load=38.44 observed_target=3 point_forecasts=[51.15171432495117, 50.6031379699707, 50.54864501953125, 51.479156494140625, 50.30091094970703] prediction_age_sec=0.07 predictive_target=4 proactive=True scenario=s4-hybrid-predictive target_replicas=4 upper_forecasts=[65.2193832397461, 64.2286376953125, 64.7012939453125, 65.84729766845703, 64.98002624511719]
2026-07-12 18:02:40 [debug    ] Decision loop completed        action=MAINTAIN latency_ms=117.88 p99=128.0
2026-07-12 18:02:55 [debug    ] HAProxy fallback latency       delta_requests=607 interval_avg_ms=64.0 max_rtime_ms=494.0 p99_est=128.0
2026-07-12 18:02:55 [debug    ] GRU prediction received        confidence=0.8 latency_ms=6.6 predicted=64
2026-07-12 18:02:55 [debug    ] Using GRU prediction           confidence=0.8 forecast_capacity_signal=64.0 predicted=64 required_steps=4
2026-07-12 18:02:56 [info     ] algorithm2_scaling_decision    action=MAINTAIN alpha=0.060060060060060066 beta=0.0 buffer=1.0 current_replicas=6 predicted_load=64.0 required_resources=3.844 target_replicas=4
2026-07-12 18:02:56 [info     ] algorithm2_decision            action=MAINTAIN applied_target=4 current_replicas=6 hold_until=1783854266.0 observed_load=39.43 observed_target=3 point_forecasts=[49.20293426513672, 48.79022979736328, 48.73935317993164, 49.62765884399414, 48.55713653564453] prediction_age_sec=0.07 predictive_target=4 proactive=True scenario=s4-hybrid-predictive target_replicas=4 upper_forecasts=[63.270599365234375, 62.415733337402344, 62.891998291015625, 63.99580001831055, 63.23625183105469]
2026-07-12 18:02:56 [debug    ] Decision loop completed        action=MAINTAIN latency_ms=111.23 p99=128.0
2026-07-12 18:03:11 [debug    ] HAProxy fallback latency       delta_requests=630 interval_avg_ms=64.0 max_rtime_ms=494.0 p99_est=128.0
2026-07-12 18:03:11 [debug    ] GRU prediction received        confidence=0.8 latency_ms=6.9 predicted=63
2026-07-12 18:03:11 [debug    ] Using GRU prediction           confidence=0.8 forecast_capacity_signal=63.0 predicted=63 required_steps=4
2026-07-12 18:03:11 [info     ] algorithm2_scaling_decision    action=MAINTAIN alpha=0.060060060060060066 beta=0.0 buffer=1.0 current_replicas=6 predicted_load=63.0 required_resources=3.784 target_replicas=4
2026-07-12 18:03:11 [info     ] algorithm2_decision            action=MAINTAIN applied_target=4 current_replicas=6 hold_until=1783854281.1 observed_load=40.89 observed_target=3 point_forecasts=[47.74872589111328, 47.476661682128906, 47.434837341308594, 48.283939361572266, 47.31010055541992] prediction_age_sec=0.07 predictive_target=4 proactive=True scenario=s4-hybrid-predictive target_replicas=4 upper_forecasts=[61.81639099121094, 61.10216522216797, 61.58748245239258, 62.65208053588867, 61.98921203613281]
2026-07-12 18:03:11 [debug    ] Decision loop completed        action=MAINTAIN latency_ms=111.7 p99=128.0
2026-07-12 18:03:26 [debug    ] GRU prediction received        confidence=0.8 latency_ms=6.8 predicted=62
2026-07-12 18:03:26 [debug    ] Using GRU prediction           confidence=0.8 forecast_capacity_signal=62.0 predicted=62 required_steps=4
2026-07-12 18:03:26 [info     ] algorithm2_scaling_decision    action=MAINTAIN alpha=0.060060060060060066 beta=0.0 buffer=1.0 current_replicas=6 predicted_load=62.0 required_resources=3.724 target_replicas=4
2026-07-12 18:03:26 [info     ] algorithm2_decision            action=MAINTAIN applied_target=4 current_replicas=6 hold_until=1783854296.2 observed_load=42.81 observed_target=3 point_forecasts=[46.83223342895508, 46.69236755371094, 46.6552619934082, 47.512725830078125, 46.588043212890625] prediction_age_sec=0.07 predictive_target=4 proactive=True scenario=s4-hybrid-predictive target_replicas=4 upper_forecasts=[60.89990234375, 60.31787109375, 60.80790710449219, 61.88086700439453, 61.26715850830078]
2026-07-12 18:03:26 [debug    ] Decision loop completed        action=MAINTAIN latency_ms=119.48 p99=128.0
2026-07-12 18:03:41 [debug    ] HAProxy fallback latency       delta_requests=745 interval_avg_ms=180.52 max_rtime_ms=494.0 p99_est=361.04
2026-07-12 18:03:41 [debug    ] GRU prediction received        confidence=0.8 latency_ms=7.26 predicted=62
2026-07-12 18:03:41 [debug    ] Using GRU prediction           confidence=0.8 forecast_capacity_signal=62.0 predicted=62 required_steps=4
2026-07-12 18:03:41 [info     ] algorithm2_scaling_decision    action=MAINTAIN alpha=0.060060060060060066 beta=0.0 buffer=1.0 current_replicas=6 predicted_load=62.0 required_resources=3.724 target_replicas=4
2026-07-12 18:03:41 [info     ] algorithm2_decision            action=MAINTAIN applied_target=4 current_replicas=6 hold_until=1783854311.4 observed_load=46.61 observed_target=3 point_forecasts=[46.76664733886719, 46.78887176513672, 46.73004913330078, 47.61200714111328, 46.73371887207031] prediction_age_sec=0.07 predictive_target=4 proactive=True scenario=s4-hybrid-predictive target_replicas=4 upper_forecasts=[60.834312438964844, 60.41437530517578, 60.882694244384766, 61.98014831542969, 61.41283416748047]
2026-07-12 18:03:41 [debug    ] Decision loop completed        action=MAINTAIN latency_ms=112.44 p99=361.0362416107383
2026-07-12 18:03:56 [debug    ] HAProxy fallback latency       delta_requests=289 interval_avg_ms=64.0 max_rtime_ms=494.0 p99_est=128.0
2026-07-12 18:03:56 [debug    ] GRU prediction received        confidence=0.8 latency_ms=6.92 predicted=58
2026-07-12 18:03:56 [debug    ] Using GRU prediction           confidence=0.8 forecast_capacity_signal=58.2 predicted=58 required_steps=4
2026-07-12 18:03:56 [info     ] algorithm2_scaling_decision    action=MAINTAIN alpha=0.060060060060060066 beta=0.0 buffer=1.0 current_replicas=6 predicted_load=58.18079376220703 required_resources=3.494 target_replicas=4
2026-07-12 18:03:56 [info     ] algorithm2_decision            action=MAINTAIN applied_target=4 current_replicas=6 hold_until=1783854326.5 observed_load=34.23 observed_target=3 point_forecasts=[43.152748107910156, 42.98798370361328, 43.00151062011719, 43.812652587890625, 43.005271911621094] prediction_age_sec=0.07 predictive_target=4 proactive=True scenario=s4-hybrid-predictive target_replicas=4 upper_forecasts=[57.22041320800781, 56.613487243652344, 57.15415573120117, 58.18079376220703, 57.68438720703125]
2026-07-12 18:03:56 [debug    ] Decision loop completed        action=MAINTAIN latency_ms=111.54 p99=128.0
2026-07-12 18:04:11 [debug    ] GRU prediction received        confidence=0.8 latency_ms=6.06 predicted=53
2026-07-12 18:04:11 [debug    ] Using GRU prediction           confidence=0.8 forecast_capacity_signal=53.0 predicted=53 required_steps=4
2026-07-12 18:04:11 [info     ] algorithm2_scaling_decision    action=MAINTAIN alpha=0.060060060060060066 beta=0.0 buffer=1.0 current_replicas=6 predicted_load=53.0 required_resources=3.183 target_replicas=4
2026-07-12 18:04:11 [info     ] algorithm2_decision            action=MAINTAIN applied_target=4 current_replicas=6 hold_until=1783854341.6 observed_load=9.63 observed_target=3 point_forecasts=[37.77246856689453, 37.38835906982422, 37.39684295654297, 38.2735481262207, 37.472190856933594] prediction_age_sec=0.07 predictive_target=4 proactive=True scenario=s4-hybrid-predictive target_replicas=4 upper_forecasts=[51.84013366699219, 51.01386260986328, 51.54948806762695, 52.64168930053711, 52.15130615234375]
2026-07-12 18:04:11 [debug    ] Decision loop completed        action=MAINTAIN latency_ms=117.8 p99=128.0
2026-07-12 18:04:26 [debug    ] GRU prediction received        confidence=0.8 latency_ms=5.38 predicted=48
2026-07-12 18:04:26 [debug    ] Using GRU prediction           confidence=0.8 forecast_capacity_signal=48.0 predicted=48 required_steps=4
2026-07-12 18:04:26 [info     ] algorithm2_scaling_decision    action=MAINTAIN alpha=0.060060060060060066 beta=0.0 buffer=1.0 current_replicas=6 predicted_load=53.0 required_resources=3.183 target_replicas=4
2026-07-12 18:04:26 [info     ] algorithm2_decision            action=MAINTAIN applied_target=4 current_replicas=6 hold_until=1783854341.6 observed_load=0.0 observed_target=3 point_forecasts=[33.188636779785156, 32.7761116027832, 32.773956298828125, 33.64594268798828, 32.917110443115234] prediction_age_sec=0.07 predictive_target=3 proactive=True scenario=s4-hybrid-predictive target_replicas=4 upper_forecasts=[47.25630187988281, 46.401611328125, 46.92660140991211, 48.01408386230469, 47.596221923828125]
2026-07-12 18:04:26 [debug    ] Decision loop completed        action=MAINTAIN latency_ms=121.1 p99=128.0
2026-07-12 18:04:41 [debug    ] GRU prediction received        confidence=0.8 latency_ms=6.0 predicted=44
2026-07-12 18:04:41 [debug    ] Using GRU prediction           confidence=0.8 forecast_capacity_signal=44.1 predicted=44 required_steps=4
2026-07-12 18:04:41 [info     ] algorithm2_scaling_decision    action=MAINTAIN alpha=0.060060060060060066 beta=0.0 buffer=1.0 current_replicas=6 predicted_load=53.0 required_resources=3.183 target_replicas=4
2026-07-12 18:04:41 [info     ] algorithm2_decision            action=MAINTAIN applied_target=4 current_replicas=6 hold_until=1783854341.6 observed_load=0.0 observed_target=3 point_forecasts=[29.304649353027344, 28.939781188964844, 28.941329956054688, 29.760902404785156, 29.14202880859375] prediction_age_sec=0.07 predictive_target=3 proactive=True scenario=s4-hybrid-predictive target_replicas=4 upper_forecasts=[43.372314453125, 42.565284729003906, 43.09397506713867, 44.12904357910156, 43.821144104003906]
2026-07-12 18:04:41 [debug    ] Decision loop completed        action=MAINTAIN latency_ms=114.19 p99=128.0
2026-07-12 18:04:49 [info     ] Received shutdown signal
2026-07-12 18:04:49 [info     ] Stopping routing daemon...
2026-07-12 18:04:49 [info     ] Routing daemon stopped
